Name,TID,DescriptionUnearnedTID,Type,Disabled,HideIfNotEarned,SecondaryProgressDescending,HideProgressBar,ShowUpgradePopup,ShowSecondaryProgressInPopup,SortOrder,CustomImageFromSpell,LevelsTemplate,LevelsNameTIDs,LevelsDescriptionTIDs,LevelsAppearScFile,LevelsAppearExportName,LevelsBadgeScFile,LevelsBadgeExportName,CustomCollectAnimExportName,LevelsProgressRequired,LevelsTextFormatOrTID,LevelsCustomImageScFile,LevelsCustomImageExportName,CustomImageOffsetX,CustomImageOffsetY,CustomImageScalePercent
String,String,String,String,boolean,boolean,boolean,boolean,boolean,boolean,int,String,String,StringArray,StringArray,StringArray,StringArray,StringArray,StringArray,StringArray,IntArray,StringArray,StringArray,StringArray,int,int,int
Classic12Wins,TID_BADGE_NAME_CLASSIC_CHALLENGE_0,TID_BADGE_INFO_CLASSIC_CHALLENGE_UNEARNED,Epic,,,,,TRUE,,330,,,TID_BADGE_NAME_CLASSIC_CHALLENGE_1,TID_BADGE_INFO_CLASSIC_CHALLENGE_EARNED,sc/ui_badges.sc,mastery_badge_appear_anim,sc/ui_badges.sc,classic_challengue_badge_lvl1,,1,,,,,,
,,,,,,,,,,,,,TID_BADGE_NAME_CLASSIC_CHALLENGE_2,TID_BADGE_INFO_CLASSIC_CHALLENGE_EARNED,sc/ui_badges.sc,mastery_badge_appear_anim,sc/ui_badges.sc,classic_challengue_badge_lvl2,,10,,,,,,
,,,,,,,,,,,,,TID_BADGE_NAME_CLASSIC_CHALLENGE_3,TID_BADGE_INFO_CLASSIC_CHALLENGE_EARNED,sc/ui_badges.sc,mastery_badge_appear_anim,sc/ui_badges.sc,classic_challengue_badge_lvl3,,25,,,,,,
,,,,,,,,,,,,,TID_BADGE_NAME_CLASSIC_CHALLENGE_4,TID_BADGE_INFO_CLASSIC_CHALLENGE_EARNED,sc/ui_badges.sc,mastery_badge_appear_anim,sc/ui_badges.sc,classic_challengue_badge_lvl4,,50,,,,,,
,,,,,,,,,,,,,TID_BADGE_NAME_CLASSIC_CHALLENGE_5,TID_BADGE_INFO_CLASSIC_CHALLENGE_EARNED,sc/ui_badges.sc,mastery_badge_appear_anim,sc/ui_badges.sc,classic_challengue_badge_lvl5,,100,,,,,,
,,,,,,,,,,,,,TID_BADGE_NAME_CLASSIC_CHALLENGE_6,TID_BADGE_INFO_CLASSIC_CHALLENGE_EARNED,sc/ui_badges.sc,mastery_badge_appear_anim,sc/ui_badges.sc,classic_challengue_badge_lvl6,,250,,,,,,
,,,,,,,,,,,,,TID_BADGE_NAME_CLASSIC_CHALLENGE_7,TID_BADGE_INFO_CLASSIC_CHALLENGE_EARNED,sc/ui_badges.sc,mastery_badge_appear_anim,sc/ui_badges.sc,classic_challengue_badge_lvl7,,500,,,,,,
,,,,,,,,,,,,,TID_BADGE_NAME_CLASSIC_CHALLENGE_8,TID_BADGE_INFO_BADGE_COMPLETE,sc/ui_badges.sc,mastery_badge_appear_anim,sc/ui_badges.sc,classic_challengue_badge_lvl8,,1000,,,,,,
Grand12Wins,TID_BADGE_NAME_GRAND_CHALLENGE_0,TID_BADGE_INFO_GRAND_CHALLENGE_UNEARNED,Epic,,,,,TRUE,,380,,,TID_BADGE_NAME_GRAND_CHALLENGE_1,TID_BADGE_INFO_GRAND_CHALLENGE_EARNED,sc/ui_badges.sc,mastery_badge_appear_anim,sc/ui_badges.sc,grand_challengue_badge_lvl1,,1,,,,,,
,,,,,,,,,,,,,TID_BADGE_NAME_GRAND_CHALLENGE_2,TID_BADGE_INFO_GRAND_CHALLENGE_EARNED,sc/ui_badges.sc,mastery_badge_appear_anim,sc/ui_badges.sc,grand_challengue_badge_lvl2,,10,,,,,,
,,,,,,,,,,,,,TID_BADGE_NAME_GRAND_CHALLENGE_3,TID_BADGE_INFO_GRAND_CHALLENGE_EARNED,sc/ui_badges.sc,mastery_badge_appear_anim,sc/ui_badges.sc,grand_challengue_badge_lvl3,,25,,,,,,
,,,,,,,,,,,,,TID_BADGE_NAME_GRAND_CHALLENGE_4,TID_BADGE_INFO_GRAND_CHALLENGE_EARNED,sc/ui_badges.sc,mastery_badge_appear_anim,sc/ui_badges.sc,grand_challengue_badge_lvl4,,50,,,,,,
,,,,,,,,,,,,,TID_BADGE_NAME_GRAND_CHALLENGE_5,TID_BADGE_INFO_GRAND_CHALLENGE_EARNED,sc/ui_badges.sc,mastery_badge_appear_anim,sc/ui_badges.sc,grand_challengue_badge_lvl5,,100,,,,,,
,,,,,,,,,,,,,TID_BADGE_NAME_GRAND_CHALLENGE_6,TID_BADGE_INFO_GRAND_CHALLENGE_EARNED,sc/ui_badges.sc,mastery_badge_appear_anim,sc/ui_badges.sc,grand_challengue_badge_lvl6,,250,,,,,,
,,,,,,,,,,,,,TID_BADGE_NAME_GRAND_CHALLENGE_7,TID_BADGE_INFO_GRAND_CHALLENGE_EARNED,sc/ui_badges.sc,mastery_badge_appear_anim,sc/ui_badges.sc,grand_challengue_badge_lvl7,,500,,,,,,
,,,,,,,,,,,,,TID_BADGE_NAME_GRAND_CHALLENGE_8,TID_BADGE_INFO_BADGE_COMPLETE,sc/ui_badges.sc,mastery_badge_appear_anim,sc/ui_badges.sc,grand_challengue_badge_lvl8,,1000,,,,,,
Crl20Wins,TID_BADGE_NAME_CRL_2018,TID_BADGE_INFO_CRL_2018,Champion,,TRUE,,,TRUE,,390,,,TID_BADGE_NAME_CRL_2018,TID_BADGE_INFO_CRL_2018,sc/ui_badges.sc,mastery_badge_appear_anim,sc/ui_badges.sc,CRL_badge_2018,,17,,,,,,
Crl20Wins2019,TID_BADGE_NAME_CRL_2019,TID_BADGE_INFO_CRL_2019,Champion,,TRUE,,,TRUE,,380,,,TID_BADGE_NAME_CRL_2019,TID_BADGE_INFO_CRL_2019,sc/ui_badges.sc,mastery_badge_appear_anim,sc/ui_badges.sc,CRL_badge_2019,,17,,,,,,
Crl20Wins2021,TID_BADGE_NAME_CRL_2021,TID_BADGE_INFO_CRL_2021,Champion,,TRUE,,,TRUE,,370,,,TID_BADGE_NAME_CRL_2021,TID_BADGE_INFO_CRL_2021,sc/ui_badges.sc,mastery_badge_appear_anim,sc/ui_badges.sc,CRL_badge_2021,,17,,,,,,
LadderTournamentTop1000,TID_BADGE_NAME_LADDER_TOURNAMENT_TOP_1,TID_BADGE_INFO_LADDER_TOURNAMENT_TOP,Champion,,TRUE,TRUE,,TRUE,TRUE,290,,,TID_BADGE_NAME_LADDER_TOURNAMENT_TOP_1,TID_BADGE_INFO_LADDER_TOURNAMENT_TOP,sc/ui_badges.sc,mastery_badge_appear_anim,sc/ui_badges.sc,tournament_badge_lvl1,,1,#<progress2>,,,,,
,,,,,,,,,,,,,TID_BADGE_NAME_LADDER_TOURNAMENT_TOP_2,TID_BADGE_INFO_LADDER_TOURNAMENT_TOP,sc/ui_badges.sc,mastery_badge_appear_anim,sc/ui_badges.sc,tournament_badge_lvl2,,2,#<progress2>,,,,,
,,,,,,,,,,,,,TID_BADGE_NAME_LADDER_TOURNAMENT_TOP_3,TID_BADGE_INFO_LADDER_TOURNAMENT_TOP,sc/ui_badges.sc,mastery_badge_appear_anim,sc/ui_badges.sc,tournament_badge_lvl3,,3,#<progress2>,,,,,
,,,,,,,,,,,,,TID_BADGE_NAME_LADDER_TOURNAMENT_TOP_4,TID_BADGE_INFO_LADDER_TOURNAMENT_TOP,sc/ui_badges.sc,mastery_badge_appear_anim,sc/ui_badges.sc,tournament_badge_lvl4,,4,#<progress2>,,,,,
,,,,,,,,,,,,,TID_BADGE_NAME_LADDER_TOURNAMENT_TOP_5,TID_BADGE_INFO_LADDER_TOURNAMENT_TOP,sc/ui_badges.sc,mastery_badge_appear_anim,sc/ui_badges.sc,tournament_badge_lvl5,,5,#<progress2>,,,,,
,,,,,,,,,,,,,TID_BADGE_NAME_LADDER_TOURNAMENT_TOP_6,TID_BADGE_INFO_LADDER_TOURNAMENT_TOP,sc/ui_badges.sc,mastery_badge_appear_anim,sc/ui_badges.sc,tournament_badge_lvl6,,6,#<progress2>,,,,,
,,,,,,,,,,,,,TID_BADGE_NAME_LADDER_TOURNAMENT_TOP_7,TID_BADGE_INFO_LADDER_TOURNAMENT_TOP,sc/ui_badges.sc,mastery_badge_appear_anim,sc/ui_badges.sc,tournament_badge_lvl7,,7,#<progress2>,,,,,
,,,,,,,,,,,,,TID_BADGE_NAME_LADDER_TOURNAMENT_TOP_8,TID_BADGE_INFO_LADDER_TOURNAMENT_TOP,sc/ui_badges.sc,mastery_badge_appear_anim,sc/ui_badges.sc,tournament_badge_lvl8,,8,#<progress2>,,,,,
,,,,,,,,,,,,,TID_BADGE_NAME_LADDER_TOURNAMENT_TOP_9,TID_BADGE_INFO_LADDER_TOURNAMENT_TOP,sc/ui_badges.sc,mastery_badge_appear_anim,sc/ui_badges.sc,tournament_badge_lvl9,,9,#<progress2>,,,,,
,,,,,,,,,,,,,TID_BADGE_NAME_LADDER_TOURNAMENT_TOP_10,TID_BADGE_INFO_BADGE_COMPLETE,sc/ui_badges.sc,mastery_badge_appear_anim,sc/ui_badges.sc,tournament_badge_lvl10,,10,#<progress2>,,,,,
LadderTop1000,TID_BADGE_NAME_LADDER_TOP_1,TID_BADGE_INFO_LADDER_TOP,Champion,,TRUE,TRUE,,TRUE,TRUE,280,,,TID_BADGE_NAME_LADDER_TOP_1,TID_BADGE_INFO_LADDER_TOP,sc/ui_badges.sc,mastery_badge_appear_anim,sc/ui_badges.sc,top_ladder_badge_lvl1,,1,#<progress2>,,,,,
,,,,,,,,,,,,,TID_BADGE_NAME_LADDER_TOP_2,TID_BADGE_INFO_LADDER_TOP,sc/ui_badges.sc,mastery_badge_appear_anim,sc/ui_badges.sc,top_ladder_badge_lvl2,,2,#<progress2>,,,,,
,,,,,,,,,,,,,TID_BADGE_NAME_LADDER_TOP_3,TID_BADGE_INFO_LADDER_TOP,sc/ui_badges.sc,mastery_badge_appear_anim,sc/ui_badges.sc,top_ladder_badge_lvl3,,3,#<progress2>,,,,,
,,,,,,,,,,,,,TID_BADGE_NAME_LADDER_TOP_4,TID_BADGE_INFO_LADDER_TOP,sc/ui_badges.sc,mastery_badge_appear_anim,sc/ui_badges.sc,top_ladder_badge_lvl4,,4,#<progress2>,,,,,
,,,,,,,,,,,,,TID_BADGE_NAME_LADDER_TOP_5,TID_BADGE_INFO_LADDER_TOP,sc/ui_badges.sc,mastery_badge_appear_anim,sc/ui_badges.sc,top_ladder_badge_lvl5,,5,#<progress2>,,,,,
,,,,,,,,,,,,,TID_BADGE_NAME_LADDER_TOP_6,TID_BADGE_INFO_LADDER_TOP,sc/ui_badges.sc,mastery_badge_appear_anim,sc/ui_badges.sc,top_ladder_badge_lvl6,,6,#<progress2>,,,,,
,,,,,,,,,,,,,TID_BADGE_NAME_LADDER_TOP_7,TID_BADGE_INFO_LADDER_TOP,sc/ui_badges.sc,mastery_badge_appear_anim,sc/ui_badges.sc,top_ladder_badge_lvl7,,7,#<progress2>,,,,,
,,,,,,,,,,,,,TID_BADGE_NAME_LADDER_TOP_8,TID_BADGE_INFO_LADDER_TOP,sc/ui_badges.sc,mastery_badge_appear_anim,sc/ui_badges.sc,top_ladder_badge_lvl8,,8,#<progress2>,,,,,
,,,,,,,,,,,,,TID_BADGE_NAME_LADDER_TOP_9,TID_BADGE_INFO_LADDER_TOP,sc/ui_badges.sc,mastery_badge_appear_anim,sc/ui_badges.sc,top_ladder_badge_lvl9,,9,#<progress2>,,,,,
,,,,,,,,,,,,,TID_BADGE_NAME_LADDER_TOP_10,TID_BADGE_INFO_BADGE_COMPLETE,sc/ui_badges.sc,mastery_badge_appear_anim,sc/ui_badges.sc,top_ladder_badge_lvl10,,10,#<progress2>,,,,,
BattleWins,TID_BADGE_NAME_BATTLE_WINS_0,TID_BADGE_INFO_BATTLE_WINS_UNEARNED,Rare,,,,,TRUE,,120,,,TID_BADGE_NAME_BATTLE_WINS_1,TID_BADGE_INFO_BATTLE_WINS_EARNED,sc/ui_badges.sc,mastery_badge_appear_anim,sc/ui_badges.sc,battle_wins_badge_lvl1,,50,,,,,,
,,,,,,,,,,,,,TID_BADGE_NAME_BATTLE_WINS_2,TID_BADGE_INFO_BATTLE_WINS_EARNED,sc/ui_badges.sc,mastery_badge_appear_anim,sc/ui_badges.sc,battle_wins_badge_lvl2,,100,,,,,,
,,,,,,,,,,,,,TID_BADGE_NAME_BATTLE_WINS_3,TID_BADGE_INFO_BATTLE_WINS_EARNED,sc/ui_badges.sc,mastery_badge_appear_anim,sc/ui_badges.sc,battle_wins_badge_lvl3,,250,,,,,,
,,,,,,,,,,,,,TID_BADGE_NAME_BATTLE_WINS_4,TID_BADGE_INFO_BATTLE_WINS_EARNED,sc/ui_badges.sc,mastery_badge_appear_anim,sc/ui_badges.sc,battle_wins_badge_lvl4,,500,,,,,,
,,,,,,,,,,,,,TID_BADGE_NAME_BATTLE_WINS_5,TID_BADGE_INFO_BATTLE_WINS_EARNED,sc/ui_badges.sc,mastery_badge_appear_anim,sc/ui_badges.sc,battle_wins_badge_lvl5,,1000,,,,,,
,,,,,,,,,,,,,TID_BADGE_NAME_BATTLE_WINS_6,TID_BADGE_INFO_BATTLE_WINS_EARNED,sc/ui_badges.sc,mastery_badge_appear_anim,sc/ui_badges.sc,battle_wins_badge_lvl6,,2500,,,,,,
,,,,,,,,,,,,,TID_BADGE_NAME_BATTLE_WINS_7,TID_BADGE_INFO_BATTLE_WINS_EARNED,sc/ui_badges.sc,mastery_badge_appear_anim,sc/ui_badges.sc,battle_wins_badge_lvl7,,5000,,,,,,
,,,,,,,,,,,,,TID_BADGE_NAME_BATTLE_WINS_8,TID_BADGE_INFO_BADGE_COMPLETE,sc/ui_badges.sc,mastery_badge_appear_anim,sc/ui_badges.sc,battle_wins_badge_lvl8,,10000,,,,,,
ClanWarWins,TID_BADGE_NAME_CLAN_WAR_WINS_0,TID_BADGE_INFO_CLAN_WAR_WINS_UNEARNED,Rare,,,,,TRUE,,190,,,TID_BADGE_NAME_CLAN_WAR_WINS_1,TID_BADGE_INFO_CLAN_WAR_WINS_EARNED,sc/ui_badges.sc,mastery_badge_appear_anim,sc/ui_badges.sc,clanwars2_wins_badge_lvl1,,10,,,,,,
,,,,,,,,,,,,,TID_BADGE_NAME_CLAN_WAR_WINS_2,TID_BADGE_INFO_CLAN_WAR_WINS_EARNED,sc/ui_badges.sc,mastery_badge_appear_anim,sc/ui_badges.sc,clanwars2_wins_badge_lvl2,,25,,,,,,
,,,,,,,,,,,,,TID_BADGE_NAME_CLAN_WAR_WINS_3,TID_BADGE_INFO_CLAN_WAR_WINS_EARNED,sc/ui_badges.sc,mastery_badge_appear_anim,sc/ui_badges.sc,clanwars2_wins_badge_lvl3,,50,,,,,,
,,,,,,,,,,,,,TID_BADGE_NAME_CLAN_WAR_WINS_4,TID_BADGE_INFO_CLAN_WAR_WINS_EARNED,sc/ui_badges.sc,mastery_badge_appear_anim,sc/ui_badges.sc,clanwars2_wins_badge_lvl4,,100,,,,,,
,,,,,,,,,,,,,TID_BADGE_NAME_CLAN_WAR_WINS_5,TID_BADGE_INFO_CLAN_WAR_WINS_EARNED,sc/ui_badges.sc,mastery_badge_appear_anim,sc/ui_badges.sc,clanwars2_wins_badge_lvl5,,250,,,,,,
,,,,,,,,,,,,,TID_BADGE_NAME_CLAN_WAR_WINS_6,TID_BADGE_INFO_CLAN_WAR_WINS_EARNED,sc/ui_badges.sc,mastery_badge_appear_anim,sc/ui_badges.sc,clanwars2_wins_badge_lvl6,,500,,,,,,
,,,,,,,,,,,,,TID_BADGE_NAME_CLAN_WAR_WINS_7,TID_BADGE_INFO_CLAN_WAR_WINS_EARNED,sc/ui_badges.sc,mastery_badge_appear_anim,sc/ui_badges.sc,clanwars2_wins_badge_lvl7,,1000,,,,,,
,,,,,,,,,,,,,TID_BADGE_NAME_CLAN_WAR_WINS_8,TID_BADGE_INFO_BADGE_COMPLETE,sc/ui_badges.sc,mastery_badge_appear_anim,sc/ui_badges.sc,clanwars2_wins_badge_lvl8,,2500,,,,,,
YearsPlayed,TID_BADGE_NAME_YEARS_PLAYED_0,,Champion,,TRUE,,TRUE,TRUE,,550,,,TID_BADGE_NAME_YEARS_PLAYED_1,TID_BADGE_INFO_YEARS_PLAYED,sc/ui_badges.sc,mastery_badge_appear_anim,sc/ui_badges.sc,years_played_badge_lvl1,,365,,,,,,
,,,,,,,,,,,,,TID_BADGE_NAME_YEARS_PLAYED_2,TID_BADGE_INFO_YEARS_PLAYED,sc/ui_badges.sc,mastery_badge_appear_anim,sc/ui_badges.sc,years_played_badge_lvl2,,730,,,,,,
,,,,,,,,,,,,,TID_BADGE_NAME_YEARS_PLAYED_3,TID_BADGE_INFO_YEARS_PLAYED,sc/ui_badges.sc,mastery_badge_appear_anim,sc/ui_badges.sc,years_played_badge_lvl3,,1095,,,,,,
,,,,,,,,,,,,,TID_BADGE_NAME_YEARS_PLAYED_4,TID_BADGE_INFO_YEARS_PLAYED,sc/ui_badges.sc,mastery_badge_appear_anim,sc/ui_badges.sc,years_played_badge_lvl4,,1460,,,,,,
,,,,,,,,,,,,,TID_BADGE_NAME_YEARS_PLAYED_5,TID_BADGE_INFO_YEARS_PLAYED,sc/ui_badges.sc,mastery_badge_appear_anim,sc/ui_badges.sc,years_played_badge_lvl5,,1825,,,,,,
,,,,,,,,,,,,,TID_BADGE_NAME_YEARS_PLAYED_6,TID_BADGE_INFO_YEARS_PLAYED,sc/ui_badges.sc,mastery_badge_appear_anim,sc/ui_badges.sc,years_played_badge_lvl6,,2190,,,,,,
,,,,,,,,,,,,,TID_BADGE_NAME_YEARS_PLAYED_7,TID_BADGE_INFO_YEARS_PLAYED,sc/ui_badges.sc,mastery_badge_appear_anim,sc/ui_badges.sc,years_played_badge_lvl7,,2555,,,,,,
,,,,,,,,,,,,,TID_BADGE_NAME_YEARS_PLAYED_8,TID_BADGE_INFO_YEARS_PLAYED,sc/ui_badges.sc,mastery_badge_appear_anim,sc/ui_badges.sc,years_played_badge_lvl8,,2920,,,,,,
,,,,,,,,,,,,,TID_BADGE_NAME_YEARS_PLAYED_9,TID_BADGE_INFO_YEARS_PLAYED,sc/ui_badges.sc,mastery_badge_appear_anim,sc/ui_badges.sc,years_played_badge_lvl9,,3285,,,,,,
,,,,,,,,,,,,,TID_BADGE_NAME_YEARS_PLAYED_10,TID_BADGE_INFO_YEARS_PLAYED,sc/ui_badges.sc,mastery_badge_appear_anim,sc/ui_badges.sc,years_played_badge_lvl10,,3650,,,,,,
,,,,,,,,,,,,,TID_BADGE_NAME_YEARS_PLAYED_11,TID_BADGE_INFO_YEARS_PLAYED,sc/ui_badges.sc,mastery_badge_appear_anim,sc/ui_badges.sc,years_played_badge_lvl11,,4015,,,,,,
TemplateMastery10,,TID_BADGE_INFO_MASTERY_UNEARNED,Common,TRUE,,,,,,1000,,,,TID_BADGE_INFO_MASTERY_EARNED,sc/ui_badges.sc,mastery_badge_appear_anim,sc/ui_badges.sc,mastery_badge_lvl1,,1,,,,,,
,,,,,,,,,,,,,,TID_BADGE_INFO_MASTERY_EARNED,sc/ui_badges.sc,mastery_badge_appear_anim,sc/ui_badges.sc,mastery_badge_lvl2,,2,,,,,,
,,,,,,,,,,,,,,TID_BADGE_INFO_MASTERY_EARNED,sc/ui_badges.sc,mastery_badge_appear_anim,sc/ui_badges.sc,mastery_badge_lvl3,,3,,,,,,
,,,,,,,,,,,,,,TID_BADGE_INFO_MASTERY_EARNED,sc/ui_badges.sc,mastery_badge_appear_anim,sc/ui_badges.sc,mastery_badge_lvl4,,4,,,,,,
,,,,,,,,,,,,,,TID_BADGE_INFO_MASTERY_EARNED,sc/ui_badges.sc,mastery_badge_appear_anim,sc/ui_badges.sc,mastery_badge_lvl5,,5,,,,,,
,,,,,,,,,,,,,,TID_BADGE_INFO_MASTERY_EARNED,sc/ui_badges.sc,mastery_badge_appear_anim,sc/ui_badges.sc,mastery_badge_lvl6,,6,,,,,,
,,,,,,,,,,,,,,TID_BADGE_INFO_MASTERY_EARNED,sc/ui_badges.sc,mastery_badge_appear_anim,sc/ui_badges.sc,mastery_badge_lvl7,,7,,,,,,
,,,,,,,,,,,,,,TID_BADGE_INFO_MASTERY_EARNED,sc/ui_badges.sc,mastery_badge_appear_anim,sc/ui_badges.sc,mastery_badge_lvl8,,8,,,,,,
,,,,,,,,,,,,,,TID_BADGE_INFO_MASTERY_EARNED,sc/ui_badges.sc,mastery_badge_appear_anim,sc/ui_badges.sc,mastery_badge_lvl9,,9,,,,,,
,,,,,,,,,,,,,,TID_BADGE_INFO_BADGE_COMPLETE,sc/ui_badges.sc,mastery_badge_appear_anim,sc/ui_badges.sc,mastery_badge_lvl10,,10,,,,,,
MasteryKnight,,,Common,,,,,,,1000,Knight,TemplateMastery10,,,,,,,,,,,,,,87
MasteryArcher,,,Common,,,,,,,1000,Archer,TemplateMastery10,,,,,,,,,,,,,,87
MasteryMinions,,,Common,,,,,,,1000,Minions,TemplateMastery10,,,,,,,,,,,,,,87
MasteryArrows,,,Common,,,,,,,1000,Arrows,TemplateMastery10,,,,,,,,,,,,,,87
MasteryGiant,,,Common,,,,,,,1000,Giant,TemplateMastery10,,,,,,,,,,,,,,87
MasteryMusketeer,,,Common,,,,,,,1000,Musketeer,TemplateMastery10,,,,,,,,,,,,,,87
MasteryMiniPekka,,,Common,,,,,,,1000,MiniPekka,TemplateMastery10,,,,,,,,,,,,,0,87
MasteryFireball,,,Common,,,,,,,1000,Fireball,TemplateMastery10,,,,,,,,,,,,,,87
MasterySkeletonArmy,,,Common,,,,,,,1000,SkeletonArmy,TemplateMastery10,,,,,,,,,,,,,,87
MasteryPrince,,,Common,,,,,,,1000,Prince,TemplateMastery10,,,,,,,,,,,,,,87
MasteryBabyDragon,,,Common,,,,,,,1000,BabyDragon,TemplateMastery10,,,,,,,,,,,,,,87
MasteryWallbreakers,,,Common,,,,,,,1000,Wallbreakers,TemplateMastery10,,,,,,,,,,,,,,87
MasteryGoblins,,,Common,,,,,,,1000,Goblins,TemplateMastery10,,,,,,,,,,,,,,87
MasterySpearGoblins,,,Common,,,,,,,1000,SpearGoblins,TemplateMastery10,,,,,,,,,,,,,,87
MasteryHogRider,,,Common,,,,,,,1000,HogRider,TemplateMastery10,,,,,,,,,,,,,,87
MasteryGoblinHut,,,Common,,,,,,,1000,GoblinHut,TemplateMastery10,,,,,,,,,,,,,,87
MasteryGoblinBarrel,,,Common,,,,,,,1000,GoblinBarrel,TemplateMastery10,,,,,,,,,,,,,,87
MasteryHunter,,,Common,,,,,,,1000,Hunter,TemplateMastery10,,,,,,,,,,,,,,87
MasterySkeletons,,,Common,,,,,,,1000,Skeletons,TemplateMastery10,,,,,,,,,,,,,,87
MasteryBomber,,,Common,,,,,,,1000,Bomber,TemplateMastery10,,,,,,,,,,,,,,87
MasteryValkyrie,,,Common,,,,,,,1000,Valkyrie,TemplateMastery10,,,,,,,,,,,,,,87
MasteryTombstone,,,Common,,,,,,,1000,Tombstone,TemplateMastery10,,,,,,,,,,,,,,87
MasteryWitch,,,Common,,,,,,,1000,Witch,TemplateMastery10,,,,,,,,,,,,,,87
MasteryGiantSkeleton,,,Common,,,,,,,1000,GiantSkeleton,TemplateMastery10,,,,,,,,,,,,,,87
MasteryBarbarians,,,Common,,,,,,,1000,Barbarians,TemplateMastery10,,,,,,,,,,,,,,87
MasteryCannon,,,Common,,,,,,,1000,Cannon,TemplateMastery10,,,,,,,,,,,,,,87
MasteryBarbarianHut,,,Common,,,,,,,1000,BarbarianHut,TemplateMastery10,,,,,,,,,,,,,,87
MasteryBattleRam,,,Common,,,,,,,1000,BattleRam,TemplateMastery10,,,,,,,,,,,,,,87
MasteryBarbLog,,,Common,,,,,,,1000,BarbLog,TemplateMastery10,,,,,,,,,,,,,,87
MasteryGolem,,,Common,,,,,,,1000,Golem,TemplateMastery10,,,,,,,,,,,,,,87
MasteryMinionHorde,,,Common,,,,,,,1000,MinionHorde,TemplateMastery10,,,,,,,,,,,,,,87
MasteryZap,,,Common,,,,,,,1000,Zap,TemplateMastery10,,,,,,,,,,,,,,87
MasteryMegaMinion,,,Common,,,,,,,1000,MegaMinion,TemplateMastery10,,,,,,,,,,,,,,87
MasteryInfernoTower,,,Common,,,,,,,1000,InfernoTower,TemplateMastery10,,,,,,,,,,,,,,87
MasteryPekka,,,Common,,,,,,,1000,Pekka,TemplateMastery10,,,,,,,,,,,,,,87
MasteryLightning,,,Common,,,,,,,1000,Lightning,TemplateMastery10,,,,,,,,,,,,,,87
MasteryMiner,,,Common,,,,,,,1000,Miner,TemplateMastery10,,,,,,,,,,,,,,87
MasteryLavaHound,,,Common,,,,,,,1000,LavaHound,TemplateMastery10,,,,,,,,,,,,,,87
MasteryBats,,,Common,,,,,,,1000,Bats,TemplateMastery10,,,,,,,,,,,,,,87
MasteryFireSpirits,,,Common,,,,,,,1000,FireSpirits,TemplateMastery10,,,,,,,,,,,,,,87
MasteryWizard,,,Common,,,,,,,1000,Wizard,TemplateMastery10,,,,,,,,,,,,,,87
MasteryFirespiritHut,,,Common,,,,,,,1000,FirespiritHut,TemplateMastery10,,,,,,,,,,,,,,87
MasteryTornado,,,Common,,,,,,,1000,Tornado,TemplateMastery10,,,,,,,,,,,,,,87
MasteryPoison,,,Common,,,,,,,1000,Poison,TemplateMastery10,,,,,,,,,,,,,,87
MasteryDarkWitch,,,Common,,,,,,,1000,DarkWitch,TemplateMastery10,,,,,,,,,,,,,,87
MasteryEliteArcher,,,Common,,,,,,,1000,EliteArcher,TemplateMastery10,,,,,,,,,,,,,,87
MasterySkeletonBalloon,,,Common,,,,,,,1000,SkeletonBalloon,TemplateMastery10,,,,,,,,,,,,,,87
MasteryMortar,,,Common,,,,,,,1000,Mortar,TemplateMastery10,,,,,,,,,,,,,,87
MasteryRocket,,,Common,,,,,,,1000,Rocket,TemplateMastery10,,,,,,,,,,,,,,87
MasteryDartBarrell,,,Common,,,,,,,1000,DartBarrell,TemplateMastery10,,,,,,,,,,,,,,87
MasteryBalloon,,,Common,,,,,,,1000,Balloon,TemplateMastery10,,,,,,,,,,,,,,87
MasteryXbow,,,Common,,,,,,,1000,Xbow,TemplateMastery10,,,,,,,,,,,,,,87
MasteryLog,,,Common,,,,,,,1000,Log,TemplateMastery10,,,,,,,,,,,,,,87
MasteryInfernoDragon,,,Common,,,,,,,1000,InfernoDragon,TemplateMastery10,,,,,,,,,,,,,,87
MasteryRoyalGiant,,,Common,,,,,,,1000,RoyalGiant,TemplateMastery10,,,,,,,,,,,,,,87
MasteryRoyalRecruits,,,Common,,,,,,,1000,RoyalRecruits,TemplateMastery10,,,,,,,,,,,,,,87
MasteryRoyalHogs,,,Common,,,,,,,1000,RoyalHogs,TemplateMastery10,,,,,,,,,,,,,,87
MasteryThreeMusketeers,,,Common,,,,,,,1000,ThreeMusketeers,TemplateMastery10,,,,,,,,,,,,,,87
MasteryDarkPrince,,,Common,,,,,,,1000,DarkPrince,TemplateMastery10,,,,,,,,,,,,,,87
MasterySkeletonWarriors,,,Common,,,,,,,1000,SkeletonWarriors,TemplateMastery10,,,,,,,,,,,,,,87
MasteryPrincess,,,Common,,,,,,,1000,Princess,TemplateMastery10,,,,,,,,,,,,,,87
MasteryMegaKnight,,,Common,,,,,,,1000,MegaKnight,TemplateMastery10,,,,,,,,,,,,,,87
MasterySnowball,,,Common,,,,,,,1000,Snowball,TemplateMastery10,,,,,,,,,,,,,,87
MasteryIceSpirits,,,Common,,,,,,,1000,IceSpirits,TemplateMastery10,,,,,,,,,,,,,,87
MasteryIceGolemite,,,Common,,,,,,,1000,IceGolemite,TemplateMastery10,,,,,,,,,,,,,,87
MasteryElixir Collector,,,Common,,,,,,,1000,Elixir Collector,TemplateMastery10,,,,,,,,,,,,,,87
MasteryFreeze,,,Common,,,,,,,1000,Freeze,TemplateMastery10,,,,,,,,,,,,,,87
MasteryBowler,,,Common,,,,,,,1000,Bowler,TemplateMastery10,,,,,,,,,,,,,,87
MasteryIceWizard,,,Common,,,,,,,1000,IceWizard,TemplateMastery10,,,,,,,,,,,,,,87
MasteryRageBarbarian,,,Common,,,,,,,1000,RageBarbarian,TemplateMastery10,,,,,,,,,,,,,,87
MasteryGoblinGang,,,Common,,,,,,,1000,GoblinGang,TemplateMastery10,,,,,,,,,,,,,,87
MasteryRascals,,,Common,,,,,,,1000,Rascals,TemplateMastery10,,,,,,,,,,,,,,87
MasteryBlowdartGoblin,,,Common,,,,,,,1000,BlowdartGoblin,TemplateMastery10,,,,,,,,,,,,,,87
MasteryEarthquake,,,Common,,,,,,,1000,Earthquake,TemplateMastery10,,,,,,,,,,,,,,87
MasteryGoblinGiant,,,Common,,,,,,,1000,GoblinGiant,TemplateMastery10,,,,,,,,,,,,,,87
MasteryAssassin,,,Common,,,,,,,1000,Assassin,TemplateMastery10,,,,,,,,,,,,,,87
MasteryAngryBarbarians,,,Common,,,,,,,1000,AngryBarbarians,TemplateMastery10,,,,,,,,,,,,,,87
MasteryFirecracker,,,Common,,,,,,,1000,Firecracker,TemplateMastery10,,,,,,,,,,,,,,87
MasteryHeal,,,Common,,,,,,,1000,Heal,TemplateMastery10,,,,,,,,,,,,,,87
MasteryBombTower,,,Common,,,,,,,1000,BombTower,TemplateMastery10,,,,,,,,,,,,,,87
MasteryRage,,,Common,,,,,,,1000,Rage,TemplateMastery10,,,,,,,,,,,,,,87
MasteryMovingCannon,,,Common,,,,,,,1000,MovingCannon,TemplateMastery10,,,,,,,,,,,,,,87
MasteryFisherman,,,Common,,,,,,,1000,Fisherman,TemplateMastery10,,,,,,,,,,,,,-10,87
MasteryRamRider,,,Common,,,,,,,1000,RamRider,TemplateMastery10,,,,,,,,,,,,,,87
MasteryBattleHealer,,,Common,,,,,,,1000,BattleHealer,TemplateMastery10,,,,,,,,,,,,,,87
MasteryTesla,,,Common,,,,,,,1000,Tesla,TemplateMastery10,,,,,,,,,,,,,,87
MasteryMiniSparkys,,,Common,,,,,,,1000,MiniSparkys,TemplateMastery10,,,,,,,,,,,,,,87
MasteryElixirGolem,,,Common,,,,,,,1000,ElixirGolem,TemplateMastery10,,,,,,,,,,,,,,87
MasteryClone,,,Common,,,,,,,1000,Clone,TemplateMastery10,,,,,,,,,,,,,3,87
MasteryElectroDragon,,,Common,,,,,,,1000,ElectroDragon,TemplateMastery10,,,,,,,,,,,,,,87
MasteryZapMachine,,,Common,,,,,,,1000,ZapMachine,TemplateMastery10,,,,,,,,,,,,,,87
MasteryElectroWizard,,,Common,,,,,,,1000,ElectroWizard,TemplateMastery10,,,,,,,,,,,,,,87
MasteryGoblinCage,,,Common,,,,,,,1000,GoblinCage,TemplateMastery10,,,,,,,,,,,,,,87
MasteryMirror,,,Common,,,,,,,1000,Mirror,TemplateMastery10,,,,,,,,,,,,,8,87
MasteryAxeMan,,,Common,,,,,,,1000,AxeMan,TemplateMastery10,,,,,,,,,,,,,,87
MasteryGhost,,,Common,,,,,,,1000,Ghost,TemplateMastery10,,,,,,,,,,,,,,87
MasteryGraveyard,,,Common,,,,,,,1000,Graveyard,TemplateMastery10,,,,,,,,,,,,,,87
MasteryRoyalDelivery,,,Common,,,,,,,1000,RoyalDelivery,TemplateMastery10,,,,,,,,,,,,,,87
MasterySkeletonDragons,,,Common,,,,,,,1000,SkeletonDragons,TemplateMastery10,,,,,,,,,,,,,,87
MasteryElectroGiant,,,Common,,,,,,,1000,ElectroGiant,TemplateMastery10,,,,,,,,,,,,,,87
MasteryElectroSpirit,,,Common,,,,,,,1000,ElectroSpirit,TemplateMastery10,,,,,,,,,,,,,-2,87
MasteryWitchMother,,,Common,,,,,,,1000,WitchMother,TemplateMastery10,,,,,,,,,,,,,,87
MasteryGoblinDrill,,,Common,,,,,,,1000,GoblinDrill,TemplateMastery10,,,,,,,,,,,,,,84
MasteryArcherQueen,,,Common,,,,,,,1000,ArcherQueen,TemplateMastery10,,,,,,,,,,,,,-5,87
MasterySkeletonKing,,,Common,,,,,,,1000,SkeletonKing,TemplateMastery10,,,,,,,,,,,,,-3,84
MasteryGoldenKnight,,,Common,,,,,,,1000,GoldenKnight,TemplateMastery10,,,,,,,,,,,,,-5,84
RampUp,TID_BADGE_NAME_RAMP_UP_0,TID_BADGE_INFO_RAMP_UP_UNEARNED,Rare,,TRUE,,,TRUE,,130,,,TID_BADGE_NAME_RAMP_UP_1,TID_BADGE_INFO_RAMP_UP_EARNED,sc/ui_badges.sc,mastery_badge_appear_anim,sc/ui_badges.sc,ramp_up_badge_lvl1,,10,,,,,,
,,,,,,,,,,,,,TID_BADGE_NAME_RAMP_UP_2,TID_BADGE_INFO_RAMP_UP_EARNED,sc/ui_badges.sc,mastery_badge_appear_anim,sc/ui_badges.sc,ramp_up_badge_lvl2,,25,,,,,,
,,,,,,,,,,,,,TID_BADGE_NAME_RAMP_UP_3,TID_BADGE_INFO_RAMP_UP_EARNED,sc/ui_badges.sc,mastery_badge_appear_anim,sc/ui_badges.sc,ramp_up_badge_lvl3,,50,,,,,,
,,,,,,,,,,,,,TID_BADGE_NAME_RAMP_UP_4,TID_BADGE_INFO_RAMP_UP_EARNED,sc/ui_badges.sc,mastery_badge_appear_anim,sc/ui_badges.sc,ramp_up_badge_lvl4,,100,,,,,,
,,,,,,,,,,,,,TID_BADGE_NAME_RAMP_UP_5,TID_BADGE_INFO_RAMP_UP_EARNED,sc/ui_badges.sc,mastery_badge_appear_anim,sc/ui_badges.sc,ramp_up_badge_lvl5,,200,,,,,,
,,,,,,,,,,,,,TID_BADGE_NAME_RAMP_UP_6,TID_BADGE_INFO_RAMP_UP_EARNED,sc/ui_badges.sc,mastery_badge_appear_anim,sc/ui_badges.sc,ramp_up_badge_lvl6,,500,,,,,,
,,,,,,,,,,,,,TID_BADGE_NAME_RAMP_UP_7,TID_BADGE_INFO_BADGE_COMPLETE,sc/ui_badges.sc,mastery_badge_appear_anim,sc/ui_badges.sc,ramp_up_badge_lvl7,,1000,,,,,,
SuddenDeath,TID_BADGE_NAME_SUDDEN_DEATH_0,TID_BADGE_INFO_SUDDEN_DEATH_UNEARNED,Rare,,TRUE,,,TRUE,,140,,,TID_BADGE_NAME_SUDDEN_DEATH_1,TID_BADGE_INFO_SUDDEN_DEATH_EARNED,sc/ui_badges.sc,mastery_badge_appear_anim,sc/ui_badges.sc,sudden_death_badge_lvl1,,10,,,,,,
,,,,,,,,,,,,,TID_BADGE_NAME_SUDDEN_DEATH_2,TID_BADGE_INFO_SUDDEN_DEATH_EARNED,sc/ui_badges.sc,mastery_badge_appear_anim,sc/ui_badges.sc,sudden_death_badge_lvl2,,25,,,,,,
,,,,,,,,,,,,,TID_BADGE_NAME_SUDDEN_DEATH_3,TID_BADGE_INFO_SUDDEN_DEATH_EARNED,sc/ui_badges.sc,mastery_badge_appear_anim,sc/ui_badges.sc,sudden_death_badge_lvl3,,50,,,,,,
,,,,,,,,,,,,,TID_BADGE_NAME_SUDDEN_DEATH_4,TID_BADGE_INFO_SUDDEN_DEATH_EARNED,sc/ui_badges.sc,mastery_badge_appear_anim,sc/ui_badges.sc,sudden_death_badge_lvl4,,100,,,,,,
,,,,,,,,,,,,,TID_BADGE_NAME_SUDDEN_DEATH_5,TID_BADGE_INFO_SUDDEN_DEATH_EARNED,sc/ui_badges.sc,mastery_badge_appear_anim,sc/ui_badges.sc,sudden_death_badge_lvl5,,200,,,,,,
,,,,,,,,,,,,,TID_BADGE_NAME_SUDDEN_DEATH_6,TID_BADGE_INFO_SUDDEN_DEATH_EARNED,sc/ui_badges.sc,mastery_badge_appear_anim,sc/ui_badges.sc,sudden_death_badge_lvl6,,500,,,,,,
,,,,,,,,,,,,,TID_BADGE_NAME_SUDDEN_DEATH_7,TID_BADGE_INFO_BADGE_COMPLETE,sc/ui_badges.sc,mastery_badge_appear_anim,sc/ui_badges.sc,sudden_death_badge_lvl7,,1000,,,,,,
2xElixir,TID_BADGE_NAME_DOUBLE_ELIXIR_0,TID_BADGE_INFO_DOUBLE_ELIXIR_UNEARNED,Rare,,TRUE,,,TRUE,,150,,,TID_BADGE_NAME_DOUBLE_ELIXIR_1,TID_BADGE_INFO_DOUBLE_ELIXIR_EARNED,sc/ui_badges.sc,mastery_badge_appear_anim,sc/ui_badges.sc,elixir_double_badge_lvl1,,10,,,,,,
,,,,,,,,,,,,,TID_BADGE_NAME_DOUBLE_ELIXIR_2,TID_BADGE_INFO_DOUBLE_ELIXIR_EARNED,sc/ui_badges.sc,mastery_badge_appear_anim,sc/ui_badges.sc,elixir_double_badge_lvl2,,25,,,,,,
,,,,,,,,,,,,,TID_BADGE_NAME_DOUBLE_ELIXIR_3,TID_BADGE_INFO_DOUBLE_ELIXIR_EARNED,sc/ui_badges.sc,mastery_badge_appear_anim,sc/ui_badges.sc,elixir_double_badge_lvl3,,50,,,,,,
,,,,,,,,,,,,,TID_BADGE_NAME_DOUBLE_ELIXIR_4,TID_BADGE_INFO_DOUBLE_ELIXIR_EARNED,sc/ui_badges.sc,mastery_badge_appear_anim,sc/ui_badges.sc,elixir_double_badge_lvl4,,100,,,,,,
,,,,,,,,,,,,,TID_BADGE_NAME_DOUBLE_ELIXIR_5,TID_BADGE_INFO_DOUBLE_ELIXIR_EARNED,sc/ui_badges.sc,mastery_badge_appear_anim,sc/ui_badges.sc,elixir_double_badge_lvl5,,200,,,,,,
,,,,,,,,,,,,,TID_BADGE_NAME_DOUBLE_ELIXIR_6,TID_BADGE_INFO_DOUBLE_ELIXIR_EARNED,sc/ui_badges.sc,mastery_badge_appear_anim,sc/ui_badges.sc,elixir_double_badge_lvl6,,500,,,,,,
,,,,,,,,,,,,,TID_BADGE_NAME_DOUBLE_ELIXIR_7,TID_BADGE_INFO_BADGE_COMPLETE,sc/ui_badges.sc,mastery_badge_appear_anim,sc/ui_badges.sc,elixir_double_badge_lvl7,,1000,,,,,,
Draft,TID_BADGE_NAME_DRAFT_0,TID_BADGE_INFO_DRAFT_UNEARNED,Rare,,,,,TRUE,,160,,,TID_BADGE_NAME_DRAFT_1,TID_BADGE_INFO_DRAFT_EARNED,sc/ui_badges.sc,mastery_badge_appear_anim,sc/ui_badges.sc,draft_badge_lvl1,,10,,,,,,
,,,,,,,,,,,,,TID_BADGE_NAME_DRAFT_2,TID_BADGE_INFO_DRAFT_EARNED,sc/ui_badges.sc,mastery_badge_appear_anim,sc/ui_badges.sc,draft_badge_lvl2,,25,,,,,,
,,,,,,,,,,,,,TID_BADGE_NAME_DRAFT_3,TID_BADGE_INFO_DRAFT_EARNED,sc/ui_badges.sc,mastery_badge_appear_anim,sc/ui_badges.sc,draft_badge_lvl3,,50,,,,,,
,,,,,,,,,,,,,TID_BADGE_NAME_DRAFT_4,TID_BADGE_INFO_DRAFT_EARNED,sc/ui_badges.sc,mastery_badge_appear_anim,sc/ui_badges.sc,draft_badge_lvl4,,100,,,,,,
,,,,,,,,,,,,,TID_BADGE_NAME_DRAFT_5,TID_BADGE_INFO_DRAFT_EARNED,sc/ui_badges.sc,mastery_badge_appear_anim,sc/ui_badges.sc,draft_badge_lvl5,,200,,,,,,
,,,,,,,,,,,,,TID_BADGE_NAME_DRAFT_6,TID_BADGE_INFO_DRAFT_EARNED,sc/ui_badges.sc,mastery_badge_appear_anim,sc/ui_badges.sc,draft_badge_lvl6,,500,,,,,,
,,,,,,,,,,,,,TID_BADGE_NAME_DRAFT_7,TID_BADGE_INFO_BADGE_COMPLETE,sc/ui_badges.sc,mastery_badge_appear_anim,sc/ui_badges.sc,draft_badge_lvl7,,1000,,,,,,
MasteryMightyMiner,,,Common,,,,,,,1000,MightyMiner,TemplateMastery10,,,,,,,,,,,,,-5,84
ClanWarsVeteran,TID_BADGE_NAME_CLAN_WARS_VETERAN_1,TID_BADGE_INFO_CLAN_WARS_VETERAN_EARNED,Archived,,TRUE,,TRUE,TRUE,,200,,,TID_BADGE_NAME_CLAN_WARS_VETERAN_1,TID_BADGE_INFO_CLAN_WARS_VETERAN_EARNED,sc/ui_badges.sc,mastery_badge_appear_anim,sc/ui_badges.sc,clanwars_wins_badge_lvl1,,1,,,,,,
,,,,,,,,,,,,,TID_BADGE_NAME_CLAN_WARS_VETERAN_2,TID_BADGE_INFO_CLAN_WARS_VETERAN_EARNED,sc/ui_badges.sc,mastery_badge_appear_anim,sc/ui_badges.sc,clanwars_wins_badge_lvl2,,10,,,,,,
,,,,,,,,,,,,,TID_BADGE_NAME_CLAN_WARS_VETERAN_3,TID_BADGE_INFO_CLAN_WARS_VETERAN_EARNED,sc/ui_badges.sc,mastery_badge_appear_anim,sc/ui_badges.sc,clanwars_wins_badge_lvl3,,100,,,,,,
ClanDonations,TID_BADGE_NAME_CLAN_DONATIONS,TID_BADGE_INFO_CLAN_DONATIONS_UNEARNED,Rare,,,,,TRUE,,200,,,TID_BADGE_NAME_CLAN_DONATIONS_1,TID_BADGE_INFO_CLAN_DONATIONS_EARNED,sc/ui_badges.sc,mastery_badge_appear_anim,sc/ui_badges.sc,donations_badge_lvl1,,100,,,,,,
,,,,,,,,,,,,,TID_BADGE_NAME_CLAN_DONATIONS_2,TID_BADGE_INFO_CLAN_DONATIONS_EARNED,sc/ui_badges.sc,mastery_badge_appear_anim,sc/ui_badges.sc,donations_badge_lvl2,,500,,,,,,
,,,,,,,,,,,,,TID_BADGE_NAME_CLAN_DONATIONS_3,TID_BADGE_INFO_CLAN_DONATIONS_EARNED,sc/ui_badges.sc,mastery_badge_appear_anim,sc/ui_badges.sc,donations_badge_lvl3,,1000,,,,,,
,,,,,,,,,,,,,TID_BADGE_NAME_CLAN_DONATIONS_4,TID_BADGE_INFO_CLAN_DONATIONS_EARNED,sc/ui_badges.sc,mastery_badge_appear_anim,sc/ui_badges.sc,donations_badge_lvl4,,5000,,,,,,
,,,,,,,,,,,,,TID_BADGE_NAME_CLAN_DONATIONS_5,TID_BADGE_INFO_CLAN_DONATIONS_EARNED,sc/ui_badges.sc,mastery_badge_appear_anim,sc/ui_badges.sc,donations_badge_lvl5,,10000,,,,,,
,,,,,,,,,,,,,TID_BADGE_NAME_CLAN_DONATIONS_6,TID_BADGE_INFO_CLAN_DONATIONS_EARNED,sc/ui_badges.sc,mastery_badge_appear_anim,sc/ui_badges.sc,donations_badge_lvl6,,25000,,,,,,
,,,,,,,,,,,,,TID_BADGE_NAME_CLAN_DONATIONS_7,TID_BADGE_INFO_CLAN_DONATIONS_EARNED,sc/ui_badges.sc,mastery_badge_appear_anim,sc/ui_badges.sc,donations_badge_lvl7,,50000,,,,,,
,,,,,,,,,,,,,TID_BADGE_NAME_CLAN_DONATIONS_8,TID_BADGE_INFO_BADGE_COMPLETE,sc/ui_badges.sc,mastery_badge_appear_anim,sc/ui_badges.sc,donations_badge_lvl8,,100000,,,,,,
CollectionLevel,TID_BADGE_NAME_COLLECTION_LEVEL,TID_BADGE_INFO_COLLECTION_LEVEL_UNEARNED,Epic,,,,,TRUE,,230,,,TID_BADGE_NAME_COLLECTION_LEVEL_1,TID_BADGE_INFO_COLLECTION_LEVEL_EARNED,sc/ui_badges.sc,mastery_badge_appear_anim,sc/ui_badges.sc,card_collector_badge_lvl1,,100,,,,,,
,,,,,,,,,,,,,TID_BADGE_NAME_COLLECTION_LEVEL_2,TID_BADGE_INFO_COLLECTION_LEVEL_EARNED,sc/ui_badges.sc,mastery_badge_appear_anim,sc/ui_badges.sc,card_collector_badge_lvl2,,200,,,,,,
,,,,,,,,,,,,,TID_BADGE_NAME_COLLECTION_LEVEL_3,TID_BADGE_INFO_COLLECTION_LEVEL_EARNED,sc/ui_badges.sc,mastery_badge_appear_anim,sc/ui_badges.sc,card_collector_badge_lvl3,,400,,,,,,
,,,,,,,,,,,,,TID_BADGE_NAME_COLLECTION_LEVEL_4,TID_BADGE_INFO_COLLECTION_LEVEL_EARNED,sc/ui_badges.sc,mastery_badge_appear_anim,sc/ui_badges.sc,card_collector_badge_lvl4,,600,,,,,,
,,,,,,,,,,,,,TID_BADGE_NAME_COLLECTION_LEVEL_5,TID_BADGE_INFO_COLLECTION_LEVEL_EARNED,sc/ui_badges.sc,mastery_badge_appear_anim,sc/ui_badges.sc,card_collector_badge_lvl5,,800,,,,,,
,,,,,,,,,,,,,TID_BADGE_NAME_COLLECTION_LEVEL_6,TID_BADGE_INFO_COLLECTION_LEVEL_EARNED,sc/ui_badges.sc,mastery_badge_appear_anim,sc/ui_badges.sc,card_collector_badge_lvl6,,1000,,,,,,
,,,,,,,,,,,,,TID_BADGE_NAME_COLLECTION_LEVEL_7,TID_BADGE_INFO_COLLECTION_LEVEL_EARNED,sc/ui_badges.sc,mastery_badge_appear_anim,sc/ui_badges.sc,card_collector_badge_lvl7,,1200,,,,,,
,,,,,,,,,,,,,TID_BADGE_NAME_COLLECTION_LEVEL_8,TID_BADGE_INFO_BADGE_COMPLETE,sc/ui_badges.sc,mastery_badge_appear_anim,sc/ui_badges.sc,card_collector_badge_lvl8,,1400,,,,,,
BannerCollection,TID_BADGE_NAME_BANNER_COLLECTION,TID_BADGE_INFO_BANNER_COLLECTION_UNEARNED,Epic,,,,,TRUE,,290,,,TID_BADGE_NAME_BANNER_COLLECTION_1,TID_BADGE_INFO_BANNER_COLLECTION_EARNED,sc/ui_badges.sc,mastery_badge_appear_anim,sc/ui_badges.sc,battle_banner_collector_badge_lvl1,,15,,,,,,
,,,,,,,,,,,,,TID_BADGE_NAME_BANNER_COLLECTION_2,TID_BADGE_INFO_BANNER_COLLECTION_EARNED,sc/ui_badges.sc,mastery_badge_appear_anim,sc/ui_badges.sc,battle_banner_collector_badge_lvl2,,30,,,,,,
,,,,,,,,,,,,,TID_BADGE_NAME_BANNER_COLLECTION_3,TID_BADGE_INFO_BANNER_COLLECTION_EARNED,sc/ui_badges.sc,mastery_badge_appear_anim,sc/ui_badges.sc,battle_banner_collector_badge_lvl3,,50,,,,,,
,,,,,,,,,,,,,TID_BADGE_NAME_BANNER_COLLECTION_4,TID_BADGE_INFO_BANNER_COLLECTION_EARNED,sc/ui_badges.sc,mastery_badge_appear_anim,sc/ui_badges.sc,battle_banner_collector_badge_lvl4,,100,,,,,,
,,,,,,,,,,,,,TID_BADGE_NAME_BANNER_COLLECTION_5,TID_BADGE_INFO_BANNER_COLLECTION_EARNED,sc/ui_badges.sc,mastery_badge_appear_anim,sc/ui_badges.sc,battle_banner_collector_badge_lvl5,,150,,,,,,
,,,,,,,,,,,,,TID_BADGE_NAME_BANNER_COLLECTION_6,TID_BADGE_INFO_BANNER_COLLECTION_EARNED,sc/ui_badges.sc,mastery_badge_appear_anim,sc/ui_badges.sc,battle_banner_collector_badge_lvl6,,200,,,,,,
,,,,,,,,,,,,,TID_BADGE_NAME_BANNER_COLLECTION_7,TID_BADGE_INFO_BANNER_COLLECTION_EARNED,sc/ui_badges.sc,mastery_badge_appear_anim,sc/ui_badges.sc,battle_banner_collector_badge_lvl7,,300,,,,,,
,,,,,,,,,,,,,TID_BADGE_NAME_BANNER_COLLECTION_8,TID_BADGE_INFO_BADGE_COMPLETE,sc/ui_badges.sc,mastery_badge_appear_anim,sc/ui_badges.sc,battle_banner_collector_badge_lvl8,,400,,,,,,
2v2,TID_BADGE_NAME_2V2,TID_BADGE_INFO_2V2_UNEARNED,Rare,,TRUE,,,TRUE,,170,,,TID_BADGE_NAME_2V2_1,TID_BADGE_INFO_2V2_EARNED,sc/ui_badges.sc,mastery_badge_appear_anim,sc/ui_badges.sc,2vs2_banner_badge_lvl1,,10,,,,,,
,,,,,,,,,,,,,TID_BADGE_NAME_2V2_2,TID_BADGE_INFO_2V2_EARNED,sc/ui_badges.sc,mastery_badge_appear_anim,sc/ui_badges.sc,2vs2_banner_badge_lvl2,,25,,,,,,
,,,,,,,,,,,,,TID_BADGE_NAME_2V2_3,TID_BADGE_INFO_2V2_EARNED,sc/ui_badges.sc,mastery_badge_appear_anim,sc/ui_badges.sc,2vs2_banner_badge_lvl3,,50,,,,,,
,,,,,,,,,,,,,TID_BADGE_NAME_2V2_4,TID_BADGE_INFO_2V2_EARNED,sc/ui_badges.sc,mastery_badge_appear_anim,sc/ui_badges.sc,2vs2_banner_badge_lvl4,,100,,,,,,
,,,,,,,,,,,,,TID_BADGE_NAME_2V2_5,TID_BADGE_INFO_2V2_EARNED,sc/ui_badges.sc,mastery_badge_appear_anim,sc/ui_badges.sc,2vs2_banner_badge_lvl5,,200,,,,,,
,,,,,,,,,,,,,TID_BADGE_NAME_2V2_6,TID_BADGE_INFO_2V2_EARNED,sc/ui_badges.sc,mastery_badge_appear_anim,sc/ui_badges.sc,2vs2_banner_badge_lvl6,,500,,,,,,
,,,,,,,,,,,,,TID_BADGE_NAME_2V2_7,TID_BADGE_INFO_BADGE_COMPLETE,sc/ui_badges.sc,mastery_badge_appear_anim,sc/ui_badges.sc,2vs2_banner_badge_lvl7,,1000,,,,,,
EmoteCollection,TID_BADGE_NAME_EMOTE_COLLECTION,TID_BADGE_INFO_EMOTE_COLLECTION_UNEARNED,Epic,,,,,TRUE,,260,,,TID_BADGE_NAME_EMOTE_COLLECTION_1,TID_BADGE_INFO_EMOTE_COLLECTION_EARNED,sc/ui_badges.sc,mastery_badge_appear_anim,sc/ui_badges.sc,emotes_collector_badge_lvl1,,10,,,,,,
,,,,,,,,,,,,,TID_BADGE_NAME_EMOTE_COLLECTION_2,TID_BADGE_INFO_EMOTE_COLLECTION_EARNED,sc/ui_badges.sc,mastery_badge_appear_anim,sc/ui_badges.sc,emotes_collector_badge_lvl2,,25,,,,,,
,,,,,,,,,,,,,TID_BADGE_NAME_EMOTE_COLLECTION_3,TID_BADGE_INFO_EMOTE_COLLECTION_EARNED,sc/ui_badges.sc,mastery_badge_appear_anim,sc/ui_badges.sc,emotes_collector_badge_lvl3,,50,,,,,,
,,,,,,,,,,,,,TID_BADGE_NAME_EMOTE_COLLECTION_4,TID_BADGE_INFO_EMOTE_COLLECTION_EARNED,sc/ui_badges.sc,mastery_badge_appear_anim,sc/ui_badges.sc,emotes_collector_badge_lvl4,,100,,,,,,
,,,,,,,,,,,,,TID_BADGE_NAME_EMOTE_COLLECTION_5,TID_BADGE_INFO_EMOTE_COLLECTION_EARNED,sc/ui_badges.sc,mastery_badge_appear_anim,sc/ui_badges.sc,emotes_collector_badge_lvl5,,150,,,,,,
,,,,,,,,,,,,,TID_BADGE_NAME_EMOTE_COLLECTION_6,TID_BADGE_INFO_EMOTE_COLLECTION_EARNED,sc/ui_badges.sc,mastery_badge_appear_anim,sc/ui_badges.sc,emotes_collector_badge_lvl6,,200,,,,,,
,,,,,,,,,,,,,TID_BADGE_NAME_EMOTE_COLLECTION_7,TID_BADGE_INFO_EMOTE_COLLECTION_EARNED,sc/ui_badges.sc,mastery_badge_appear_anim,sc/ui_badges.sc,emotes_collector_badge_lvl7,,250,,,,,,
,,,,,,,,,,,,,TID_BADGE_NAME_EMOTE_COLLECTION_8,TID_BADGE_INFO_BADGE_COMPLETE,sc/ui_badges.sc,mastery_badge_appear_anim,sc/ui_badges.sc,emotes_collector_badge_lvl8,,300,,,,,,
Crl20Wins2022,TID_BADGE_NAME_CRL_2022,TID_BADGE_INFO_CRL_2022,Champion,,TRUE,,,TRUE,,360,,,TID_BADGE_NAME_CRL_2022,TID_BADGE_INFO_CRL_2022,sc/ui_badges.sc,mastery_badge_appear_anim,sc/ui_badges.sc,CRL_badge_2022,,17,,,,,,
CrlCompetitor2022,TID_BADGE_NAME_CRL_COMPETITOR_2022,TID_BADGE_INFO_CRL_COMPETITOR_2022,Champion,,TRUE,,,TRUE,,190,,,TID_BADGE_NAME_CRL_COMPETITOR_2022,TID_BADGE_INFO_CRL_COMPETITOR_2022,sc/ui_badges.sc,mastery_badge_appear_anim,sc/ui_badges.sc,CRL_badge_2022_contender,,1,,,,,,
Creator,TID_BADGE_NAME_CREATOR,TID_BADGE_INFO_CREATOR,Champion,,TRUE,,,TRUE,,450,,,TID_BADGE_NAME_CREATOR,TID_BADGE_INFO_CREATOR,sc/ui_badges.sc,mastery_badge_appear_anim,sc/ui_badges.sc,Creator_badge,,1,,,,,,
EasterEgg,TID_BADGE_NAME_EASTER_EGG,TID_BADGE_INFO_EASTER_EGG,Rare,,TRUE,,,TRUE,,250,,,TID_BADGE_NAME_EASTER_EGG,TID_BADGE_INFO_EASTER_EGG,sc/ui_badges.sc,mastery_badge_appear_anim,sc/ui_badges.sc,EasterEgg_badge,,1,,,,,,
CrlSpectator2022,TID_BADGE_NAME_CRL_SPECTATOR_2022,TID_BADGE_INFO_CRL_SPECTATOR_2022,Common,,TRUE,,,TRUE,,190,,,TID_BADGE_NAME_CRL_SPECTATOR_2022,TID_BADGE_INFO_CRL_SPECTATOR_2022,sc/ui_badges.sc,mastery_badge_appear_anim,sc/ui_badges.sc,CRL_badge_2022_spectator,,1,,,,,,
MasteryMonk,,,Common,,,,,,,1000,Monk,TemplateMastery10,,,,,,,,,,,,,,87
MasteryPhoenix,,,Common,,,,,,,1000,Phoenix,TemplateMastery10,,,,,,,,,,,,,,87
MasteryLittlePrince,,,Common,,,,,,,1000,LittlePrince,TemplateMastery10,,,,,,,,,,,,,,
Crl20Wins2023,TID_BADGE_NAME_CRL_2023,TID_BADGE_INFO_CRL_2023,Champion,,TRUE,,,TRUE,,350,,,TID_BADGE_NAME_CRL_2023,TID_BADGE_INFO_CRL_2023,sc/ui_badges.sc,mastery_badge_appear_anim,sc/ui_badges.sc,CRL_badge_2023,,17,,,,,,
MasteryDarkMagic,,,Common,,,,,,,1000,DarkMagic,TemplateMastery10,,,,,,,,,,,,,-2,86
MasteryGoblinDemolisher,,,Common,,,,,,,1000,GoblinDemolisher,TemplateMastery10,,,,,,,,,,,,,,
MasteryGoblinMachine,,,Common,,,,,,,1000,GoblinMachine,TemplateMastery10,,,,,,,,,,,,,,
MasteryGoblinCurse,,,Common,,,,,,,1000,GoblinCurse,TemplateMastery10,,,,,,,,,,,,,,
MasterySuspiciousBush,,,Common,,,,,,,1000,SuspiciousBush,TemplateMastery10,,,,,,,,,,,,,,
GoblinJourney2024,TID_BADGE_NAME_GOBLIN_JOURNEY,TID_BADGE_INFO_GOBLIN_JOURNEY,Epic,,TRUE,,TRUE,TRUE,TRUE,190,,,TID_BADGE_NAME_GOBLIN_JOURNEY_1,TID_BADGE_INFO_GOBLIN_JOURNEY,sc/ui_badges.sc,mastery_badge_appear_anim,sc/ui_badges.sc,goblin_badge_1,,1,#<progress2>,,,,,
,,,,,,,,,,,,,TID_BADGE_NAME_GOBLIN_JOURNEY_2,TID_BADGE_INFO_GOBLIN_JOURNEY,sc/ui_badges.sc,mastery_badge_appear_anim,sc/ui_badges.sc,goblin_badge_2,,2,#<progress2>,,,,,
,,,,,,,,,,,,,TID_BADGE_NAME_GOBLIN_JOURNEY_3,TID_BADGE_INFO_GOBLIN_JOURNEY,sc/ui_badges.sc,mastery_badge_appear_anim,sc/ui_badges.sc,goblin_badge_3,,3,#<progress2>,,,,,
,,,,,,,,,,,,,TID_BADGE_NAME_GOBLIN_JOURNEY_4,TID_BADGE_INFO_GOBLIN_JOURNEY,sc/ui_badges.sc,mastery_badge_appear_anim,sc/ui_badges.sc,goblin_badge_4,,4,#<progress2>,,,,,
,,,,,,,,,,,,,TID_BADGE_NAME_GOBLIN_JOURNEY_5,TID_BADGE_INFO_GOBLIN_JOURNEY,sc/ui_badges.sc,mastery_badge_appear_anim,sc/ui_badges.sc,goblin_badge_5,,5,#<progress2>,,,,,
Royals2v2_2024,TID_BADGE_NAME_ROYALS_2V2,TID_BADGE_INFO_ROYALS_2V2,Epic,,TRUE,TRUE,TRUE,TRUE,TRUE,180,,,TID_BADGE_NAME_ROYALS_2V2_1,TID_BADGE_INFO_ROYALS_2V2,sc/ui_badges.sc,mastery_badge_appear_anim,sc/ui_badges.sc,royals2v2_badge_silver,,1,#<progress2>,,,,,
,,,,,,,,,,,,,TID_BADGE_NAME_ROYALS_2V2_2,TID_BADGE_INFO_ROYALS_2V2,sc/ui_badges.sc,mastery_badge_appear_anim,sc/ui_badges.sc,royals2v2_badge_gold,,2,#<progress2>,,,,,
MasteryGoblinstein,,,Common,,,,,,,1000,Goblinstein,TemplateMastery10,,,,,,,,,,,,,-7,80
CrlFinalist2024,TID_BADGE_NAME_CRL_FINALIST_2024,TID_BADGE_INFO_CRL_FINALIST_2024,Champion,,TRUE,,,TRUE,,181,,,TID_BADGE_NAME_CRL_FINALIST_2024,TID_BADGE_INFO_CRL_FINALIST_2024,sc/ui_badges.sc,mastery_badge_appear_anim,sc/ui_badges.sc,CRL_badge_2024_finalist,,1,,,,,,
CrlSpectator2024,TID_BADGE_NAME_CRL_SPECTATOR_2024,TID_BADGE_INFO_CRL_SPECTATOR_2024,Common,,TRUE,,,TRUE,,180,,,TID_BADGE_NAME_CRL_SPECTATOR_2024,TID_BADGE_INFO_CRL_SPECTATOR_2024,sc/ui_badges.sc,mastery_badge_appear_anim,sc/ui_badges.sc,CRL_badge_2024_spectator,,1,,,,,,
CrlChampion2024,TID_BADGE_NAME_CRL_CHAMPION_2024,TID_BADGE_INFO_CRL_CHAMPION_2024,Champion,,TRUE,,,TRUE,,180,,,TID_BADGE_NAME_CRL_CHAMPION_2024,TID_BADGE_INFO_CRL_CHAMPION_2024,sc/ui_badges.sc,mastery_badge_appear_anim,sc/ui_badges.sc,CRL_badge_2024_champion,,1,,,,,,
Crl20Wins2024,TID_BADGE_NAME_CRL_2024,TID_BADGE_INFO_CRL_2024,Champion,,TRUE,,,TRUE,,340,,,TID_BADGE_NAME_CRL_2024,TID_BADGE_INFO_CRL_2024,sc/ui_badges.sc,mastery_badge_appear_anim,sc/ui_badges.sc,CRL_badge_2024,,17,,,,,,
MasteryGiantBuffer,,,Common,,,,,,,1000,GiantBuffer,TemplateMastery10,,,,,,,,,,,,,,80
MasteryBerserker,,,Common,,,,,,,1000,Berserker,TemplateMastery10,,,,,,,,,,,,,-7,80
ClassicRoyale_2025,TID_BADGE_NAME_CLASSIC_ROYALE_2025,TID_BADGE_INFO_CLASSIC_ROYALE_2025,Epic,,TRUE,,TRUE,TRUE,TRUE,170,,,TID_BADGE_NAME_CLASSIC_ROYALE_1,TID_BADGE_INFO_CLASSIC_ROYALE_2025,sc/ui_badges.sc,mastery_badge_appear_anim,sc/ui_badges.sc,classictrail_badge_silver,,1,#<progress2>,,,,,
,,,,,,,,,,,,,TID_BADGE_NAME_CLASSIC_ROYALE_2,TID_BADGE_INFO_CLASSIC_ROYALE_2025,sc/ui_badges.sc,mastery_badge_appear_anim,sc/ui_badges.sc,classictrail_badge_gold,,2,#<progress2>,,,,,
MasteryBossBandit,,,Common,,,,,,,1000,BossBandit,TemplateMastery10,,,,,,,,,,,,,-7,80
SeasonalBadge_202507,TID_BADGE_NAME_SEASONAL_202507,TID_BADGE_INFO_SEASONAL_UNEARNED_202507,Legendary,TRUE,TRUE,,TRUE,TRUE,,110,,,TID_BADGE_NAME_SEASONAL_202507_1,TID_BADGE_INFO_SEASONAL_202507_1,sc/ui_badges.sc,mastery_badge_appear_anim,sc/ui_badges.sc,season_badge_lvl1_july,,4,#<progress2>,,,,,
,,,,,,,,,,,,,TID_BADGE_NAME_SEASONAL_202507_2,TID_BADGE_INFO_SEASONAL_202507_2,sc/ui_badges.sc,mastery_badge_appear_anim,sc/ui_badges.sc,season_badge_lvl2_july,,5,#<progress2>,,,,,
,,,,,,,,,,,,,TID_BADGE_NAME_SEASONAL_202507_3,TID_BADGE_INFO_SEASONAL_202507_3,sc/ui_badges.sc,mastery_badge_appear_anim,sc/ui_badges.sc,season_badge_lvl3_july,,6,#<progress2>,,,,,
SeasonalBadge_202508,TID_BADGE_NAME_SEASONAL_202508,TID_BADGE_INFO_SEASONAL_UNEARNED_202508,Legendary,,TRUE,,TRUE,TRUE,,120,,,TID_BADGE_NAME_SEASONAL_202508_1,TID_BADGE_INFO_SEASONAL_202508_1,sc/ui_badges.sc,mastery_badge_appear_anim,sc/ui_badges.sc,season_badge_lvl1_august,,4,#<progress2>,,,,,
,,,,,,,,,,,,,TID_BADGE_NAME_SEASONAL_202508_2,TID_BADGE_INFO_SEASONAL_202508_2,sc/ui_badges.sc,mastery_badge_appear_anim,sc/ui_badges.sc,season_badge_lvl2_august,,5,#<progress2>,,,,,
,,,,,,,,,,,,,TID_BADGE_NAME_SEASONAL_202508_3,TID_BADGE_INFO_SEASONAL_202508_3,sc/ui_badges.sc,mastery_badge_appear_anim,sc/ui_badges.sc,season_badge_lvl3_august,,6,#<progress2>,,,,,
SeasonalBadge_202509,TID_BADGE_NAME_SEASONAL_202509,TID_BADGE_INFO_SEASONAL_UNEARNED_202509,Legendary,,TRUE,,TRUE,TRUE,,130,,,TID_BADGE_NAME_SEASONAL_202509_1,TID_BADGE_INFO_SEASONAL_202509_1,sc/ui_badges.sc,mastery_badge_appear_anim,sc/ui_badges.sc,season_badge_lvl1_september,,4,#<progress2>,,,,,
,,,,,,,,,,,,,TID_BADGE_NAME_SEASONAL_202509_2,TID_BADGE_INFO_SEASONAL_202509_2,sc/ui_badges.sc,mastery_badge_appear_anim,sc/ui_badges.sc,season_badge_lvl2_september,,5,#<progress2>,,,,,
,,,,,,,,,,,,,TID_BADGE_NAME_SEASONAL_202509_3,TID_BADGE_INFO_SEASONAL_202509_3,sc/ui_badges.sc,mastery_badge_appear_anim,sc/ui_badges.sc,season_badge_lvl3_september,,6,#<progress2>,,,,,
MergeTacticsBadge_202506,TID_BADGE_NAME_MERGETACTICS_202506,TID_BADGE_INFO_MERGETACTICS_202506,Epic,,TRUE,TRUE,TRUE,TRUE,TRUE,168,,,TID_BADGE_NAME_MERGETACTICS_202506_5,TID_BADGE_INFO_MERGETACTICS_202506_5,sc/ui_badges.sc,mastery_badge_appear_anim,sc/ui_badges.sc,autochess_league_badge_2,,2,#<progress2>,,,,,
,,,,,,,,,,,,,TID_BADGE_NAME_MERGETACTICS_202506_1,TID_BADGE_INFO_MERGETACTICS_202506_1,sc/ui_badges.sc,mastery_badge_appear_anim,sc/ui_badges.sc,autochess_league_badge_3,,3,#<progress2>,,,,,
,,,,,,,,,,,,,TID_BADGE_NAME_MERGETACTICS_202506_6,TID_BADGE_INFO_MERGETACTICS_202506_6,sc/ui_badges.sc,mastery_badge_appear_anim,sc/ui_badges.sc,autochess_league_badge_4,,4,#<progress2>,,,,,
,,,,,,,,,,,,,TID_BADGE_NAME_MERGETACTICS_202506_7,TID_BADGE_INFO_MERGETACTICS_202506_7,sc/ui_badges.sc,mastery_badge_appear_anim,sc/ui_badges.sc,autochess_league_badge_5,,5,#<progress2>,,,,,
,,,,,,,,,,,,,TID_BADGE_NAME_MERGETACTICS_202506_2,TID_BADGE_INFO_MERGETACTICS_202506_2,sc/ui_badges.sc,mastery_badge_appear_anim,sc/ui_badges.sc,autochess_league_badge_6,,6,#<progress2>,,,,,
,,,,,,,,,,,,,TID_BADGE_NAME_MERGETACTICS_202506_8,TID_BADGE_INFO_MERGETACTICS_202506_8,sc/ui_badges.sc,mastery_badge_appear_anim,sc/ui_badges.sc,autochess_league_badge_7,,7,#<progress2>,,,,,
,,,,,,,,,,,,,TID_BADGE_NAME_MERGETACTICS_202506_9,TID_BADGE_INFO_MERGETACTICS_202506_9,sc/ui_badges.sc,mastery_badge_appear_anim,sc/ui_badges.sc,autochess_league_badge_8,,8,#<progress2>,,,,,
,,,,,,,,,,,,,TID_BADGE_NAME_MERGETACTICS_202506_3,TID_BADGE_INFO_MERGETACTICS_202506_3,sc/ui_badges.sc,mastery_badge_appear_anim,sc/ui_badges.sc,autochess_league_badge_9,,9,#<progress2>,,,,,
,,,,,,,,,,,,,TID_BADGE_NAME_MERGETACTICS_202506_4,TID_BADGE_INFO_MERGETACTICS_202506_4,sc/ui_badges.sc,mastery_badge_appear_anim,sc/ui_badges.sc,autochess_league_badge_10,,10,#<progress2>,,,,,
MasteryVines,,,Common,,,,,,,1000,Vines,TemplateMastery10,,,,,,,,,,,,,-7,80
MasteryMergeMaiden,,,Common,,,,,,,1000,MergeMaiden,TemplateMastery10,,,,,,,,,,,,,,
SeasonalBadge_202507_v2,TID_BADGE_NAME_SEASONAL_202507,TID_BADGE_INFO_SEASONAL_UNEARNED_202507,Legendary,,TRUE,,TRUE,TRUE,,110,,,TID_BADGE_NAME_SEASONAL_202507_1,TID_BADGE_INFO_SEASONAL_202507_1,sc/ui_badges.sc,mastery_badge_appear_anim,sc/ui_badges.sc,season_badge_lvl1_july,,4,#<progress2>,,,,,
,,,,,,,,,,,,,TID_BADGE_NAME_SEASONAL_202507_2,TID_BADGE_INFO_SEASONAL_202507_2,sc/ui_badges.sc,mastery_badge_appear_anim,sc/ui_badges.sc,season_badge_lvl2_july,,5,#<progress2>,,,,,
,,,,,,,,,,,,,TID_BADGE_NAME_SEASONAL_202507_3,TID_BADGE_INFO_SEASONAL_202507_3,sc/ui_badges.sc,mastery_badge_appear_anim,sc/ui_badges.sc,season_badge_lvl3_july,,6,#<progress2>,,,,,
SeasonalBadge_202510,TID_BADGE_NAME_SEASONAL_202510,TID_BADGE_INFO_SEASONAL_UNEARNED_202510,Legendary,,TRUE,,TRUE,TRUE,,120,,,TID_BADGE_NAME_SEASONAL_202510_1,TID_BADGE_INFO_SEASONAL_202510_1,sc/ui_badges.sc,mastery_badge_appear_anim,sc/ui_badges.sc,season_badge_lvl1_october,,4,#<progress2>,,,,,
,,,,,,,,,,,,,TID_BADGE_NAME_SEASONAL_202510_2,TID_BADGE_INFO_SEASONAL_202510_2,sc/ui_badges.sc,mastery_badge_appear_anim,sc/ui_badges.sc,season_badge_lvl2_october,,5,#<progress2>,,,,,
,,,,,,,,,,,,,TID_BADGE_NAME_SEASONAL_202510_3,TID_BADGE_INFO_SEASONAL_202510_3,sc/ui_badges.sc,mastery_badge_appear_anim,sc/ui_badges.sc,season_badge_lvl3_october,,6,#<progress2>,,,,,
SeasonalBadge_202511,TID_BADGE_NAME_SEASONAL_202511,TID_BADGE_INFO_SEASONAL_UNEARNED_202511,Legendary,,TRUE,,TRUE,TRUE,,130,,,TID_BADGE_NAME_SEASONAL_202511_1,TID_BADGE_INFO_SEASONAL_202511_1,sc/ui_badges.sc,mastery_badge_appear_anim,sc/ui_badges.sc,season_badge_lvl1_november,,4,#<progress2>,,,,,
,,,,,,,,,,,,,TID_BADGE_NAME_SEASONAL_202511_2,TID_BADGE_INFO_SEASONAL_202511_2,sc/ui_badges.sc,mastery_badge_appear_anim,sc/ui_badges.sc,season_badge_lvl2_november,,5,#<progress2>,,,,,
,,,,,,,,,,,,,TID_BADGE_NAME_SEASONAL_202511_3,TID_BADGE_INFO_SEASONAL_202511_3,sc/ui_badges.sc,mastery_badge_appear_anim,sc/ui_badges.sc,season_badge_lvl3_november,,6,#<progress2>,,,,,
MergeTacticsBadge_202510,TID_BADGE_NAME_MERGETACTICS_202510,TID_BADGE_INFO_MERGETACTICS_202510,Epic,,TRUE,,TRUE,TRUE,,168,,,TID_BADGE_NAME_MERGETACTICS_202510_1,TID_BADGE_INFO_MERGETACTICS_202510_1,sc/ui_badges.sc,mastery_badge_appear_anim,sc/ui_badges.sc,autochess_league_badge_1,,6,#<progress2>,,,,,
,,,,,,,,,,,,,TID_BADGE_NAME_MERGETACTICS_202510_2,TID_BADGE_INFO_MERGETACTICS_202510_2,sc/ui_badges.sc,mastery_badge_appear_anim,sc/ui_badges.sc,autochess_league_badge_2,,9,#<progress2>,,,,,
,,,,,,,,,,,,,TID_BADGE_NAME_MERGETACTICS_202510_3,TID_BADGE_INFO_MERGETACTICS_202510_3,sc/ui_badges.sc,mastery_badge_appear_anim,sc/ui_badges.sc,autochess_league_badge_3,,10,#<progress2>,,,,,
MergeTacticsBadge_202511,TID_BADGE_NAME_MERGETACTICS_202510,TID_BADGE_INFO_MERGETACTICS_202510,Epic,,TRUE,,TRUE,TRUE,,168,,,TID_BADGE_NAME_MERGETACTICS_202510_1,TID_BADGE_INFO_MERGETACTICS_202510_1,sc/ui_badges.sc,mastery_badge_appear_anim,sc/ui_badges.sc,autochess_league_badge_1,,6,#<progress2>,,,,,
,,,,,,,,,,,,,TID_BADGE_NAME_MERGETACTICS_202510_2,TID_BADGE_INFO_MERGETACTICS_202510_2,sc/ui_badges.sc,mastery_badge_appear_anim,sc/ui_badges.sc,autochess_league_badge_2,,9,#<progress2>,,,,,
,,,,,,,,,,,,,TID_BADGE_NAME_MERGETACTICS_202510_3,TID_BADGE_INFO_MERGETACTICS_202510_3,sc/ui_badges.sc,mastery_badge_appear_anim,sc/ui_badges.sc,autochess_league_badge_3,,10,#<progress2>,,,,,
BeatingDeathBadge,TID_BADGE_NAME_ORGANDON,TID_BADGE_INFO_ORGANDON,Common,,TRUE,,TRUE,,,170,,,TID_BADGE_NAME_ORGANDON,TID_BADGE_INFO_ORGANDON,sc/ui_badges.sc,mastery_badge_appear_anim,sc/ui_badges.sc,beatingDeath_badge,,1,,,,,,
CrlFinalist2025,TID_BADGE_NAME_CRL_FINALIST_2025,TID_BADGE_INFO_CRL_FINALIST_2025,Champion,,TRUE,,,TRUE,,181,,,TID_BADGE_NAME_CRL_FINALIST_2025,TID_BADGE_INFO_CRL_FINALIST_2025,sc/ui_badges.sc,mastery_badge_appear_anim,sc/ui_badges.sc,CRL_badge_2025_finalist,,1,,,,,,
CrlSpectator2025,TID_BADGE_NAME_CRL_SPECTATOR_2025,TID_BADGE_INFO_CRL_SPECTATOR_2025,Common,,TRUE,,,TRUE,,180,,,TID_BADGE_NAME_CRL_SPECTATOR_2025,TID_BADGE_INFO_CRL_SPECTATOR_2025,sc/ui_badges.sc,mastery_badge_appear_anim,sc/ui_badges.sc,CRL_badge_2025_spectator,,1,,,,,,
CrlChampion2025,TID_BADGE_NAME_CRL_CHAMPION_2025,TID_BADGE_INFO_CRL_CHAMPION_2025,Champion,,TRUE,,,TRUE,,180,,,TID_BADGE_NAME_CRL_CHAMPION_2025,TID_BADGE_INFO_CRL_CHAMPION_2025,sc/ui_badges.sc,mastery_badge_appear_anim,sc/ui_badges.sc,CRL_badge_2025_champion,,1,,,,,,
Crl20Wins2025,TID_BADGE_NAME_CRL_2025,TID_BADGE_INFO_CRL_2025,Champion,,TRUE,,,TRUE,,340,,,TID_BADGE_NAME_CRL_2025,TID_BADGE_INFO_CRL_2025,sc/ui_badges.sc,mastery_badge_appear_anim,sc/ui_badges.sc,CRL_badge_2025,,17,,,,,,
2025YearBadge,TID_BADGE_NAME_2025YEAR,TID_BADGE_INFO_2025YEAR,Legendary,,TRUE,,TRUE,,,135,,,TID_BADGE_NAME_2025YEAR,TID_BADGE_INFO_2025YEAR,sc/ui_badges.sc,mastery_badge_appear_anim,sc/ui_badges.sc,2025_played_badge,,1,,,,,,
MegaDraftLeagueBadge,TID_BADGE_NAME_MEGADRAFT_LEAGUE,TID_BADGE_INFO_MEGADRAFT_LEAGUE,Epic,,TRUE,TRUE,TRUE,TRUE,TRUE,180,,,TID_BADGE_NAME_MEGADRAFT_LEAGUE_1,TID_BADGE_INFO_MEGADRAFT_LEAGUE,sc/ui_badges.sc,mastery_badge_appear_anim,sc/ui_badges.sc,mega_draft_badge_01,,1,#<progress2>,,,,,
,,,,,,,,,,,,,TID_BADGE_NAME_MEGADRAFT_LEAGUE_2,TID_BADGE_INFO_MEGADRAFT_LEAGUE,sc/ui_badges.sc,mastery_badge_appear_anim,sc/ui_badges.sc,mega_draft_badge_02,,2,#<progress2>,,,,,
TouchdownLeagueBadge,TID_BADGE_NAME_TOUCHDOWN_LEAGUE,TID_BADGE_INFO_TOUCHDOWN_LEAGUE,Epic,,TRUE,TRUE,TRUE,TRUE,TRUE,180,,,TID_BADGE_NAME_TOUCHDOWN_LEAGUE_1,TID_BADGE_INFO_TOUCHDOWN_LEAGUE,sc/ui_badges.sc,mastery_badge_appear_anim,sc/ui_badges.sc,touchdown_badge_01,,1,#<progress2>,,,,,
,,,,,,,,,,,,,TID_BADGE_NAME_TOUCHDOWN_LEAGUE_2,TID_BADGE_INFO_TOUCHDOWN_LEAGUE,sc/ui_badges.sc,mastery_badge_appear_anim,sc/ui_badges.sc,touchdown_badge_02,,2,#<progress2>,,,,,
CrazyArenaBadge1,TID_BADGE_NAME_CRAZY_ARENA_BADGE1,TID_BADGE_INFO_CRAZY_ARENA_BADGE1,Legendary,,TRUE,,TRUE,TRUE,,140,,,TID_BADGE_NAME_CRAZY_ARENA_BADGE1,TID_BADGE_INFO_CRAZY_ARENA_BADGE1,sc/ui_badges.sc,mastery_badge_appear_anim,sc/ui_badges.sc,crazy_mode_badge_01,,1,,,,,,
CrazyArenaBadge2,TID_BADGE_NAME_CRAZY_ARENA_BADGE1,TID_BADGE_INFO_CRAZY_ARENA_BADGE2,Legendary,,TRUE,,TRUE,TRUE,,150,,,TID_BADGE_NAME_CRAZY_ARENA_BADGE1,TID_BADGE_INFO_CRAZY_ARENA_BADGE2,sc/ui_badges.sc,mastery_badge_appear_anim,sc/ui_badges.sc,crazy_mode_badge_02,,1,,,,,,
CrazyArenaBadge3,TID_BADGE_NAME_CRAZY_ARENA_BADGE1,TID_BADGE_INFO_CRAZY_ARENA_BADGE3,Legendary,,TRUE,,TRUE,TRUE,,160,,,TID_BADGE_NAME_CRAZY_ARENA_BADGE1,TID_BADGE_INFO_CRAZY_ARENA_BADGE3,sc/ui_badges.sc,mastery_badge_appear_anim,sc/ui_badges.sc,crazy_mode_badge_03,,1,,,,,,
CrazyArenaCompletion,TID_BADGE_NAME_CRAZY_ARENA_COMPLETION,TID_BADGE_INFO_CRAZY_ARENA_COMPLETION,Legendary,,TRUE,,TRUE,TRUE,,180,,,TID_BADGE_NAME_CRAZY_ARENA_COMPLETION,TID_BADGE_INFO_CRAZY_ARENA_COMPLETION,sc/ui_badges.sc,mastery_badge_appear_anim,sc/ui_badges.sc,chaos_silver_badge_lvl1,,1,,,,,,
,,,,,,,,,,,,,TID_BADGE_NAME_CRAZY_ARENA_COMPLETION_2,TID_BADGE_INFO_CRAZY_ARENA_COMPLETION,sc/ui_badges.sc,mastery_badge_appear_anim,sc/ui_badges.sc,chaos_silver_badge_lvl2,,2,,,,,,
,,,,,,,,,,,,,TID_BADGE_NAME_CRAZY_ARENA_COMPLETION_3,TID_BADGE_INFO_CRAZY_ARENA_COMPLETION,sc/ui_badges.sc,mastery_badge_appear_anim,sc/ui_badges.sc,chaos_silver_badge_lvl3,,3,,,,,,
,,,,,,,,,,,,,TID_BADGE_NAME_CRAZY_ARENA_COMPLETION_4,TID_BADGE_INFO_CRAZY_ARENA_COMPLETION,sc/ui_badges.sc,mastery_badge_appear_anim,sc/ui_badges.sc,chaos_silver_badge_lvl4,,4,,,,,,
,,,,,,,,,,,,,TID_BADGE_NAME_CRAZY_ARENA_COMPLETION_5,TID_BADGE_INFO_CRAZY_ARENA_COMPLETION,sc/ui_badges.sc,mastery_badge_appear_anim,sc/ui_badges.sc,chaos_silver_badge_lvl5,,5,,,,,,
,,,,,,,,,,,,,TID_BADGE_NAME_CRAZY_ARENA_COMPLETION_6,TID_BADGE_INFO_CRAZY_ARENA_COMPLETION,sc/ui_badges.sc,mastery_badge_appear_anim,sc/ui_badges.sc,chaos_silver_badge_lvl6,,6,,,,,,
,,,,,,,,,,,,,TID_BADGE_NAME_CRAZY_ARENA_COMPLETION_7,TID_BADGE_INFO_CRAZY_ARENA_COMPLETION,sc/ui_badges.sc,mastery_badge_appear_anim,sc/ui_badges.sc,chaos_silver_badge_lvl7,,7,,,,,,
,,,,,,,,,,,,,TID_BADGE_NAME_CRAZY_ARENA_COMPLETION_8,TID_BADGE_INFO_CRAZY_ARENA_COMPLETION,sc/ui_badges.sc,mastery_badge_appear_anim,sc/ui_badges.sc,chaos_silver_badge_lvl8,,8,,,,,,
,,,,,,,,,,,,,TID_BADGE_NAME_CRAZY_ARENA_COMPLETION_9,TID_BADGE_INFO_CRAZY_ARENA_COMPLETION,sc/ui_badges.sc,mastery_badge_appear_anim,sc/ui_badges.sc,chaos_silver_badge_lvl9,,9,,,,,,
,,,,,,,,,,,,,TID_BADGE_NAME_CRAZY_ARENA_COMPLETION_10,TID_BADGE_INFO_CRAZY_ARENA_COMPLETION,sc/ui_badges.sc,mastery_badge_appear_anim,sc/ui_badges.sc,chaos_silver_badge_lvl10,,10,,,,,,
CrazyArenaRank,TID_BADGE_NAME_CRAZY_ARENA_RANK,TID_BADGE_INFO_CRAZY_ARENA_RANK,Champion,,TRUE,TRUE,TRUE,TRUE,TRUE,510,,,TID_BADGE_NAME_CRAZY_ARENA_RANK,TID_BADGE_INFO_CRAZY_ARENA_RANK,sc/ui_badges.sc,mastery_badge_appear_anim,sc/ui_badges.sc,chaos_ranked_badge_lvl1,,1,#<progress2>,,,,,
,,,,,,,,,,,,,TID_BADGE_NAME_CRAZY_ARENA_RANK_2,TID_BADGE_INFO_CRAZY_ARENA_RANK,sc/ui_badges.sc,mastery_badge_appear_anim,sc/ui_badges.sc,chaos_ranked_badge_lvl2,,2,#<progress2>,,,,,
,,,,,,,,,,,,,TID_BADGE_NAME_CRAZY_ARENA_RANK_3,TID_BADGE_INFO_CRAZY_ARENA_RANK,sc/ui_badges.sc,mastery_badge_appear_anim,sc/ui_badges.sc,chaos_ranked_badge_lvl3,,3,#<progress2>,,,,,
,,,,,,,,,,,,,TID_BADGE_NAME_CRAZY_ARENA_RANK_4,TID_BADGE_INFO_CRAZY_ARENA_RANK,sc/ui_badges.sc,mastery_badge_appear_anim,sc/ui_badges.sc,chaos_ranked_badge_lvl4,,4,#<progress2>,,,,,
,,,,,,,,,,,,,TID_BADGE_NAME_CRAZY_ARENA_RANK_5,TID_BADGE_INFO_CRAZY_ARENA_RANK,sc/ui_badges.sc,mastery_badge_appear_anim,sc/ui_badges.sc,chaos_ranked_badge_lvl5,,5,#<progress2>,,,,,
,,,,,,,,,,,,,TID_BADGE_NAME_CRAZY_ARENA_RANK_6,TID_BADGE_INFO_CRAZY_ARENA_RANK,sc/ui_badges.sc,mastery_badge_appear_anim,sc/ui_badges.sc,chaos_ranked_badge_lvl6,,6,#<progress2>,,,,,
,,,,,,,,,,,,,TID_BADGE_NAME_CRAZY_ARENA_RANK_7,TID_BADGE_INFO_CRAZY_ARENA_RANK,sc/ui_badges.sc,mastery_badge_appear_anim,sc/ui_badges.sc,chaos_ranked_badge_lvl7,,7,#<progress2>,,,,,
,,,,,,,,,,,,,TID_BADGE_NAME_CRAZY_ARENA_RANK_8,TID_BADGE_INFO_CRAZY_ARENA_RANK,sc/ui_badges.sc,mastery_badge_appear_anim,sc/ui_badges.sc,chaos_ranked_badge_lvl8,,8,#<progress2>,,,,,
,,,,,,,,,,,,,TID_BADGE_NAME_CRAZY_ARENA_RANK_9,TID_BADGE_INFO_CRAZY_ARENA_RANK,sc/ui_badges.sc,mastery_badge_appear_anim,sc/ui_badges.sc,chaos_ranked_badge_lvl9,,9,#<progress2>,,,,,
,,,,,,,,,,,,,TID_BADGE_NAME_CRAZY_ARENA_RANK_10,TID_BADGE_INFO_CRAZY_ARENA_RANK,sc/ui_badges.sc,mastery_badge_appear_anim,sc/ui_badges.sc,chaos_ranked_badge_lvl10,,10,#<progress2>,,,,,
ClassicRoyaleTournamentCompletion,TID_BADGE_NAME_CLASSIC_ROYALE_TOURNAMENT_COMPLETION,TID_BADGE_INFO_CLASSIC_ROYALE_TOURNAMENT_COMPLETION,Legendary,,TRUE,,TRUE,TRUE,,190,,,TID_BADGE_NAME_CLASSIC_ROYALE_TOURNAMENT_COMPLETION,TID_BADGE_INFO_CLASSIC_ROYALE_TOURNAMENT_COMPLETION,sc/ui_badges.sc,mastery_badge_appear_anim,sc/ui_badges.sc,global_tournament_retro_silver_lvl1,,1,,,,,,
,,,,,,,,,,,,,TID_BADGE_NAME_CLASSIC_ROYALE_TOURNAMENT_COMPLETION_2,TID_BADGE_INFO_CLASSIC_ROYALE_TOURNAMENT_COMPLETION,sc/ui_badges.sc,mastery_badge_appear_anim,sc/ui_badges.sc,global_tournament_retro_silver_lvl2,,2,,,,,,
,,,,,,,,,,,,,TID_BADGE_NAME_CLASSIC_ROYALE_TOURNAMENT_COMPLETION_3,TID_BADGE_INFO_CLASSIC_ROYALE_TOURNAMENT_COMPLETION,sc/ui_badges.sc,mastery_badge_appear_anim,sc/ui_badges.sc,global_tournament_retro_silver_lvl3,,3,,,,,,
,,,,,,,,,,,,,TID_BADGE_NAME_CLASSIC_ROYALE_TOURNAMENT_COMPLETION_4,TID_BADGE_INFO_CLASSIC_ROYALE_TOURNAMENT_COMPLETION,sc/ui_badges.sc,mastery_badge_appear_anim,sc/ui_badges.sc,global_tournament_retro_silver_lvl4,,4,,,,,,
,,,,,,,,,,,,,TID_BADGE_NAME_CLASSIC_ROYALE_TOURNAMENT_COMPLETION_5,TID_BADGE_INFO_CLASSIC_ROYALE_TOURNAMENT_COMPLETION,sc/ui_badges.sc,mastery_badge_appear_anim,sc/ui_badges.sc,global_tournament_retro_silver_lvl5,,5,,,,,,
,,,,,,,,,,,,,TID_BADGE_NAME_CLASSIC_ROYALE_TOURNAMENT_COMPLETION_6,TID_BADGE_INFO_CLASSIC_ROYALE_TOURNAMENT_COMPLETION,sc/ui_badges.sc,mastery_badge_appear_anim,sc/ui_badges.sc,global_tournament_retro_silver_lvl6,,6,,,,,,
,,,,,,,,,,,,,TID_BADGE_NAME_CLASSIC_ROYALE_TOURNAMENT_COMPLETION_7,TID_BADGE_INFO_CLASSIC_ROYALE_TOURNAMENT_COMPLETION,sc/ui_badges.sc,mastery_badge_appear_anim,sc/ui_badges.sc,global_tournament_retro_silver_lvl7,,7,,,,,,
,,,,,,,,,,,,,TID_BADGE_NAME_CLASSIC_ROYALE_TOURNAMENT_COMPLETION_8,TID_BADGE_INFO_CLASSIC_ROYALE_TOURNAMENT_COMPLETION,sc/ui_badges.sc,mastery_badge_appear_anim,sc/ui_badges.sc,global_tournament_retro_silver_lvl8,,8,,,,,,
,,,,,,,,,,,,,TID_BADGE_NAME_CLASSIC_ROYALE_TOURNAMENT_COMPLETION_9,TID_BADGE_INFO_CLASSIC_ROYALE_TOURNAMENT_COMPLETION,sc/ui_badges.sc,mastery_badge_appear_anim,sc/ui_badges.sc,global_tournament_retro_silver_lvl9,,9,,,,,,
,,,,,,,,,,,,,TID_BADGE_NAME_CLASSIC_ROYALE_TOURNAMENT_COMPLETION_10,TID_BADGE_INFO_CLASSIC_ROYALE_TOURNAMENT_COMPLETION,sc/ui_badges.sc,mastery_badge_appear_anim,sc/ui_badges.sc,global_tournament_retro_silver_lvl10,,10,,,,,,
ClassicRoyaleTournamentRank,TID_BADGE_NAME_CLASSIC_ROYALE_TOURNAMENT_RANK,TID_BADGE_INFO_CLASSIC_ROYALE_TOURNAMENT_RANK,Champion,TRUE,TRUE,TRUE,TRUE,TRUE,TRUE,520,,,TID_BADGE_NAME_CLASSIC_ROYALE_TOURNAMENT_RANK,TID_BADGE_INFO_CLASSIC_ROYALE_TOURNAMENT_RANK,sc/ui_badges.sc,mastery_badge_appear_anim,sc/ui_badges.sc,global_tournament_retro_badge_lvl1,,1,#<progress2>,,,,,
,,,,,,,,,,,,,TID_BADGE_NAME_CLASSIC_ROYALE_TOURNAMENT_RANK_2,TID_BADGE_INFO_CLASSIC_ROYALE_TOURNAMENT_RANK,sc/ui_badges.sc,mastery_badge_appear_anim,sc/ui_badges.sc,global_tournament_retro_badge_lvl2,,2,#<progress2>,,,,,
,,,,,,,,,,,,,TID_BADGE_NAME_CLASSIC_ROYALE_TOURNAMENT_RANK_3,TID_BADGE_INFO_CLASSIC_ROYALE_TOURNAMENT_RANK,sc/ui_badges.sc,mastery_badge_appear_anim,sc/ui_badges.sc,global_tournament_retro_badge_lvl3,,3,#<progress2>,,,,,
,,,,,,,,,,,,,TID_BADGE_NAME_CLASSIC_ROYALE_TOURNAMENT_RANK_4,TID_BADGE_INFO_CLASSIC_ROYALE_TOURNAMENT_RANK,sc/ui_badges.sc,mastery_badge_appear_anim,sc/ui_badges.sc,global_tournament_retro_badge_lvl4,,4,#<progress2>,,,,,
,,,,,,,,,,,,,TID_BADGE_NAME_CLASSIC_ROYALE_TOURNAMENT_RANK_5,TID_BADGE_INFO_CLASSIC_ROYALE_TOURNAMENT_RANK,sc/ui_badges.sc,mastery_badge_appear_anim,sc/ui_badges.sc,global_tournament_retro_badge_lvl5,,5,#<progress2>,,,,,
,,,,,,,,,,,,,TID_BADGE_NAME_CLASSIC_ROYALE_TOURNAMENT_RANK_6,TID_BADGE_INFO_CLASSIC_ROYALE_TOURNAMENT_RANK,sc/ui_badges.sc,mastery_badge_appear_anim,sc/ui_badges.sc,global_tournament_retro_badge_lvl6,,6,#<progress2>,,,,,
,,,,,,,,,,,,,TID_BADGE_NAME_CLASSIC_ROYALE_TOURNAMENT_RANK_7,TID_BADGE_INFO_CLASSIC_ROYALE_TOURNAMENT_RANK,sc/ui_badges.sc,mastery_badge_appear_anim,sc/ui_badges.sc,global_tournament_retro_badge_lvl7,,7,#<progress2>,,,,,
,,,,,,,,,,,,,TID_BADGE_NAME_CLASSIC_ROYALE_TOURNAMENT_RANK_8,TID_BADGE_INFO_CLASSIC_ROYALE_TOURNAMENT_RANK,sc/ui_badges.sc,mastery_badge_appear_anim,sc/ui_badges.sc,global_tournament_retro_badge_lvl8,,8,#<progress2>,,,,,
,,,,,,,,,,,,,TID_BADGE_NAME_CLASSIC_ROYALE_TOURNAMENT_RANK_9,TID_BADGE_INFO_CLASSIC_ROYALE_TOURNAMENT_RANK,sc/ui_badges.sc,mastery_badge_appear_anim,sc/ui_badges.sc,global_tournament_retro_badge_lvl9,,9,#<progress2>,,,,,
,,,,,,,,,,,,,TID_BADGE_NAME_CLASSIC_ROYALE_TOURNAMENT_RANK_10,TID_BADGE_INFO_CLASSIC_ROYALE_TOURNAMENT_RANK,sc/ui_badges.sc,mastery_badge_appear_anim,sc/ui_badges.sc,global_tournament_retro_badge_lvl10,,10,#<progress2>,,,,,
TripleDraftLeagueCompletion,TID_BADGE_NAME_TRIPLE_DRAFT_LEAGUE_COMPLETION,TID_BADGE_INFO_TRIPLE_DRAFT_LEAGUE_COMPLETION,Legendary,,TRUE,,TRUE,TRUE,,180,,,TID_BADGE_NAME_TRIPLE_DRAFT_LEAGUE_COMPLETION,TID_BADGE_INFO_TRIPLE_DRAFT_LEAGUE_COMPLETION,sc/ui_badges.sc,mastery_badge_appear_anim,sc/ui_badges.sc,triple_draft_silver_badge_lvl1,,1,,,,,,
,,,,,,,,,,,,,TID_BADGE_NAME_TRIPLE_DRAFT_LEAGUE_COMPLETION_2,TID_BADGE_INFO_TRIPLE_DRAFT_LEAGUE_COMPLETION,sc/ui_badges.sc,mastery_badge_appear_anim,sc/ui_badges.sc,triple_draft_silver_badge_lvl2,,2,,,,,,
,,,,,,,,,,,,,TID_BADGE_NAME_TRIPLE_DRAFT_LEAGUE_COMPLETION_3,TID_BADGE_INFO_TRIPLE_DRAFT_LEAGUE_COMPLETION,sc/ui_badges.sc,mastery_badge_appear_anim,sc/ui_badges.sc,triple_draft_silver_badge_lvl3,,3,,,,,,
,,,,,,,,,,,,,TID_BADGE_NAME_TRIPLE_DRAFT_LEAGUE_COMPLETION_4,TID_BADGE_INFO_TRIPLE_DRAFT_LEAGUE_COMPLETION,sc/ui_badges.sc,mastery_badge_appear_anim,sc/ui_badges.sc,triple_draft_silver_badge_lvl4,,4,,,,,,
,,,,,,,,,,,,,TID_BADGE_NAME_TRIPLE_DRAFT_LEAGUE_COMPLETION_5,TID_BADGE_INFO_TRIPLE_DRAFT_LEAGUE_COMPLETION,sc/ui_badges.sc,mastery_badge_appear_anim,sc/ui_badges.sc,triple_draft_silver_badge_lvl5,,5,,,,,,
,,,,,,,,,,,,,TID_BADGE_NAME_TRIPLE_DRAFT_LEAGUE_COMPLETION_6,TID_BADGE_INFO_TRIPLE_DRAFT_LEAGUE_COMPLETION,sc/ui_badges.sc,mastery_badge_appear_anim,sc/ui_badges.sc,triple_draft_silver_badge_lvl6,,6,,,,,,
,,,,,,,,,,,,,TID_BADGE_NAME_TRIPLE_DRAFT_LEAGUE_COMPLETION_7,TID_BADGE_INFO_TRIPLE_DRAFT_LEAGUE_COMPLETION,sc/ui_badges.sc,mastery_badge_appear_anim,sc/ui_badges.sc,triple_draft_silver_badge_lvl7,,7,,,,,,
,,,,,,,,,,,,,TID_BADGE_NAME_TRIPLE_DRAFT_LEAGUE_COMPLETION_8,TID_BADGE_INFO_TRIPLE_DRAFT_LEAGUE_COMPLETION,sc/ui_badges.sc,mastery_badge_appear_anim,sc/ui_badges.sc,triple_draft_silver_badge_lvl8,,8,,,,,,
,,,,,,,,,,,,,TID_BADGE_NAME_TRIPLE_DRAFT_LEAGUE_COMPLETION_9,TID_BADGE_INFO_TRIPLE_DRAFT_LEAGUE_COMPLETION,sc/ui_badges.sc,mastery_badge_appear_anim,sc/ui_badges.sc,triple_draft_silver_badge_lvl9,,9,,,,,,
,,,,,,,,,,,,,TID_BADGE_NAME_TRIPLE_DRAFT_LEAGUE_COMPLETION_10,TID_BADGE_INFO_TRIPLE_DRAFT_LEAGUE_COMPLETION,sc/ui_badges.sc,mastery_badge_appear_anim,sc/ui_badges.sc,triple_draft_silver_badge_lvl10,,10,,,,,,
TripleDraftLeagueRank,TID_BADGE_NAME_TRIPLE_DRAFT_LEAGUE_RANK,TID_BADGE_INFO_TRIPLE_DRAFT_LEAGUE_RANK,Champion,,TRUE,TRUE,TRUE,TRUE,TRUE,510,,,TID_BADGE_NAME_TRIPLE_DRAFT_LEAGUE_RANK,TID_BADGE_INFO_TRIPLE_DRAFT_LEAGUE_RANK,sc/ui_badges.sc,mastery_badge_appear_anim,sc/ui_badges.sc,triple_draft_ranked_badge_lvl1,,1,#<progress2>,,,,,
,,,,,,,,,,,,,TID_BADGE_NAME_TRIPLE_DRAFT_LEAGUE_RANK_2,TID_BADGE_INFO_TRIPLE_DRAFT_LEAGUE_RANK,sc/ui_badges.sc,mastery_badge_appear_anim,sc/ui_badges.sc,triple_draft_ranked_badge_lvl2,,2,#<progress2>,,,,,
,,,,,,,,,,,,,TID_BADGE_NAME_TRIPLE_DRAFT_LEAGUE_RANK_3,TID_BADGE_INFO_TRIPLE_DRAFT_LEAGUE_RANK,sc/ui_badges.sc,mastery_badge_appear_anim,sc/ui_badges.sc,triple_draft_ranked_badge_lvl3,,3,#<progress2>,,,,,
,,,,,,,,,,,,,TID_BADGE_NAME_TRIPLE_DRAFT_LEAGUE_RANK_4,TID_BADGE_INFO_TRIPLE_DRAFT_LEAGUE_RANK,sc/ui_badges.sc,mastery_badge_appear_anim,sc/ui_badges.sc,triple_draft_ranked_badge_lvl4,,4,#<progress2>,,,,,
,,,,,,,,,,,,,TID_BADGE_NAME_TRIPLE_DRAFT_LEAGUE_RANK_5,TID_BADGE_INFO_TRIPLE_DRAFT_LEAGUE_RANK,sc/ui_badges.sc,mastery_badge_appear_anim,sc/ui_badges.sc,triple_draft_ranked_badge_lvl5,,5,#<progress2>,,,,,
,,,,,,,,,,,,,TID_BADGE_NAME_TRIPLE_DRAFT_LEAGUE_RANK_6,TID_BADGE_INFO_TRIPLE_DRAFT_LEAGUE_RANK,sc/ui_badges.sc,mastery_badge_appear_anim,sc/ui_badges.sc,triple_draft_ranked_badge_lvl6,,6,#<progress2>,,,,,
,,,,,,,,,,,,,TID_BADGE_NAME_TRIPLE_DRAFT_LEAGUE_RANK_7,TID_BADGE_INFO_TRIPLE_DRAFT_LEAGUE_RANK,sc/ui_badges.sc,mastery_badge_appear_anim,sc/ui_badges.sc,triple_draft_ranked_badge_lvl7,,7,#<progress2>,,,,,
,,,,,,,,,,,,,TID_BADGE_NAME_TRIPLE_DRAFT_LEAGUE_RANK_8,TID_BADGE_INFO_TRIPLE_DRAFT_LEAGUE_RANK,sc/ui_badges.sc,mastery_badge_appear_anim,sc/ui_badges.sc,triple_draft_ranked_badge_lvl8,,8,#<progress2>,,,,,
,,,,,,,,,,,,,TID_BADGE_NAME_TRIPLE_DRAFT_LEAGUE_RANK_9,TID_BADGE_INFO_TRIPLE_DRAFT_LEAGUE_RANK,sc/ui_badges.sc,mastery_badge_appear_anim,sc/ui_badges.sc,triple_draft_ranked_badge_lvl9,,9,#<progress2>,,,,,
,,,,,,,,,,,,,TID_BADGE_NAME_TRIPLE_DRAFT_LEAGUE_RANK_10,TID_BADGE_INFO_TRIPLE_DRAFT_LEAGUE_RANK,sc/ui_badges.sc,mastery_badge_appear_anim,sc/ui_badges.sc,triple_draft_ranked_badge_lvl10,,10,#<progress2>,,,,,
RoyalTournamentCompletion,TID_BADGE_NAME_ROYAL_TOURNAMENT_COMPLETION,TID_BADGE_INFO_ROYAL_TOURNAMENT_COMPLETION,Legendary,,TRUE,,TRUE,TRUE,,190,,,TID_BADGE_NAME_ROYAL_TOURNAMENT_COMPLETION,TID_BADGE_INFO_ROYAL_TOURNAMENT_COMPLETION,sc/ui_badges.sc,mastery_badge_appear_anim,sc/ui_badges.sc,global_tournament_silver_lvl1,,1,,,,,,
,,,,,,,,,,,,,TID_BADGE_NAME_ROYAL_TOURNAMENT_COMPLETION_2,TID_BADGE_INFO_ROYAL_TOURNAMENT_COMPLETION,sc/ui_badges.sc,mastery_badge_appear_anim,sc/ui_badges.sc,global_tournament_silver_lvl2,,2,,,,,,
,,,,,,,,,,,,,TID_BADGE_NAME_ROYAL_TOURNAMENT_COMPLETION_3,TID_BADGE_INFO_ROYAL_TOURNAMENT_COMPLETION,sc/ui_badges.sc,mastery_badge_appear_anim,sc/ui_badges.sc,global_tournament_silver_lvl3,,3,,,,,,
,,,,,,,,,,,,,TID_BADGE_NAME_ROYAL_TOURNAMENT_COMPLETION_4,TID_BADGE_INFO_ROYAL_TOURNAMENT_COMPLETION,sc/ui_badges.sc,mastery_badge_appear_anim,sc/ui_badges.sc,global_tournament_silver_lvl4,,4,,,,,,
,,,,,,,,,,,,,TID_BADGE_NAME_ROYAL_TOURNAMENT_COMPLETION_5,TID_BADGE_INFO_ROYAL_TOURNAMENT_COMPLETION,sc/ui_badges.sc,mastery_badge_appear_anim,sc/ui_badges.sc,global_tournament_silver_lvl5,,5,,,,,,
,,,,,,,,,,,,,TID_BADGE_NAME_ROYAL_TOURNAMENT_COMPLETION_6,TID_BADGE_INFO_ROYAL_TOURNAMENT_COMPLETION,sc/ui_badges.sc,mastery_badge_appear_anim,sc/ui_badges.sc,global_tournament_silver_lvl6,,6,,,,,,
,,,,,,,,,,,,,TID_BADGE_NAME_ROYAL_TOURNAMENT_COMPLETION_7,TID_BADGE_INFO_ROYAL_TOURNAMENT_COMPLETION,sc/ui_badges.sc,mastery_badge_appear_anim,sc/ui_badges.sc,global_tournament_silver_lvl7,,7,,,,,,
,,,,,,,,,,,,,TID_BADGE_NAME_ROYAL_TOURNAMENT_COMPLETION_8,TID_BADGE_INFO_ROYAL_TOURNAMENT_COMPLETION,sc/ui_badges.sc,mastery_badge_appear_anim,sc/ui_badges.sc,global_tournament_silver_lvl8,,8,,,,,,
,,,,,,,,,,,,,TID_BADGE_NAME_ROYAL_TOURNAMENT_COMPLETION_9,TID_BADGE_INFO_ROYAL_TOURNAMENT_COMPLETION,sc/ui_badges.sc,mastery_badge_appear_anim,sc/ui_badges.sc,global_tournament_silver_lvl9,,9,,,,,,
,,,,,,,,,,,,,TID_BADGE_NAME_ROYAL_TOURNAMENT_COMPLETION_10,TID_BADGE_INFO_ROYAL_TOURNAMENT_COMPLETION,sc/ui_badges.sc,mastery_badge_appear_anim,sc/ui_badges.sc,global_tournament_silver_lvl10,,10,,,,,,
RoyalTournamentRank,TID_BADGE_NAME_ROYAL_TOURNAMENT_RANK,TID_BADGE_INFO_ROYAL_TOURNAMENT_RANK,Champion,TRUE,TRUE,TRUE,TRUE,TRUE,TRUE,520,,,TID_BADGE_NAME_ROYAL_TOURNAMENT_RANK,TID_BADGE_INFO_ROYAL_TOURNAMENT_RANK,sc/ui_badges.sc,mastery_badge_appear_anim,sc/ui_badges.sc,global_tournament_ranked_lvl1,,1,#<progress2>,,,,,
,,,,,,,,,,,,,TID_BADGE_NAME_ROYAL_TOURNAMENT_RANK_2,TID_BADGE_INFO_ROYAL_TOURNAMENT_RANK,sc/ui_badges.sc,mastery_badge_appear_anim,sc/ui_badges.sc,global_tournament_ranked_lvl2,,2,#<progress2>,,,,,
,,,,,,,,,,,,,TID_BADGE_NAME_ROYAL_TOURNAMENT_RANK_3,TID_BADGE_INFO_ROYAL_TOURNAMENT_RANK,sc/ui_badges.sc,mastery_badge_appear_anim,sc/ui_badges.sc,global_tournament_ranked_lvl3,,3,#<progress2>,,,,,
,,,,,,,,,,,,,TID_BADGE_NAME_ROYAL_TOURNAMENT_RANK_4,TID_BADGE_INFO_ROYAL_TOURNAMENT_RANK,sc/ui_badges.sc,mastery_badge_appear_anim,sc/ui_badges.sc,global_tournament_ranked_lvl4,,4,#<progress2>,,,,,
,,,,,,,,,,,,,TID_BADGE_NAME_ROYAL_TOURNAMENT_RANK_5,TID_BADGE_INFO_ROYAL_TOURNAMENT_RANK,sc/ui_badges.sc,mastery_badge_appear_anim,sc/ui_badges.sc,global_tournament_ranked_lvl5,,5,#<progress2>,,,,,
,,,,,,,,,,,,,TID_BADGE_NAME_ROYAL_TOURNAMENT_RANK_6,TID_BADGE_INFO_ROYAL_TOURNAMENT_RANK,sc/ui_badges.sc,mastery_badge_appear_anim,sc/ui_badges.sc,global_tournament_ranked_lvl6,,6,#<progress2>,,,,,
,,,,,,,,,,,,,TID_BADGE_NAME_ROYAL_TOURNAMENT_RANK_7,TID_BADGE_INFO_ROYAL_TOURNAMENT_RANK,sc/ui_badges.sc,mastery_badge_appear_anim,sc/ui_badges.sc,global_tournament_ranked_lvl7,,7,#<progress2>,,,,,
,,,,,,,,,,,,,TID_BADGE_NAME_ROYAL_TOURNAMENT_RANK_8,TID_BADGE_INFO_ROYAL_TOURNAMENT_RANK,sc/ui_badges.sc,mastery_badge_appear_anim,sc/ui_badges.sc,global_tournament_ranked_lvl8,,8,#<progress2>,,,,,
,,,,,,,,,,,,,TID_BADGE_NAME_ROYAL_TOURNAMENT_RANK_9,TID_BADGE_INFO_ROYAL_TOURNAMENT_RANK,sc/ui_badges.sc,mastery_badge_appear_anim,sc/ui_badges.sc,global_tournament_ranked_lvl9,,9,#<progress2>,,,,,
,,,,,,,,,,,,,TID_BADGE_NAME_ROYAL_TOURNAMENT_RANK_10,TID_BADGE_INFO_ROYAL_TOURNAMENT_RANK,sc/ui_badges.sc,mastery_badge_appear_anim,sc/ui_badges.sc,global_tournament_ranked_lvl10,,10,#<progress2>,,,,,
SuddenDeathTrailCompletion,TID_BADGE_NAME_SUDDEN_DEATH_TRAIL_COMPLETION,TID_BADGE_INFO_SUDDEN_DEATH_TRAIL_COMPLETION,Legendary,,TRUE,,TRUE,TRUE,,180,,,TID_BADGE_NAME_SUDDEN_DEATH_TRAIL_COMPLETION,TID_BADGE_INFO_SUDDEN_DEATH_TRAIL_COMPLETION,sc/ui_badges.sc,mastery_badge_appear_anim,sc/ui_badges.sc,sudden_death_silver_badge_lvl1,,1,,,,,,
,,,,,,,,,,,,,TID_BADGE_NAME_SUDDEN_DEATH_TRAIL_COMPLETION_2,TID_BADGE_INFO_SUDDEN_DEATH_TRAIL_COMPLETION,sc/ui_badges.sc,mastery_badge_appear_anim,sc/ui_badges.sc,sudden_death_silver_badge_lvl2,,2,,,,,,
,,,,,,,,,,,,,TID_BADGE_NAME_SUDDEN_DEATH_TRAIL_COMPLETION_3,TID_BADGE_INFO_SUDDEN_DEATH_TRAIL_COMPLETION,sc/ui_badges.sc,mastery_badge_appear_anim,sc/ui_badges.sc,sudden_death_silver_badge_lvl3,,3,,,,,,
,,,,,,,,,,,,,TID_BADGE_NAME_SUDDEN_DEATH_TRAIL_COMPLETION_4,TID_BADGE_INFO_SUDDEN_DEATH_TRAIL_COMPLETION,sc/ui_badges.sc,mastery_badge_appear_anim,sc/ui_badges.sc,sudden_death_silver_badge_lvl4,,4,,,,,,
,,,,,,,,,,,,,TID_BADGE_NAME_SUDDEN_DEATH_TRAIL_COMPLETION_5,TID_BADGE_INFO_SUDDEN_DEATH_TRAIL_COMPLETION,sc/ui_badges.sc,mastery_badge_appear_anim,sc/ui_badges.sc,sudden_death_silver_badge_lvl5,,5,,,,,,
,,,,,,,,,,,,,TID_BADGE_NAME_SUDDEN_DEATH_TRAIL_COMPLETION_6,TID_BADGE_INFO_SUDDEN_DEATH_TRAIL_COMPLETION,sc/ui_badges.sc,mastery_badge_appear_anim,sc/ui_badges.sc,sudden_death_silver_badge_lvl6,,6,,,,,,
,,,,,,,,,,,,,TID_BADGE_NAME_SUDDEN_DEATH_TRAIL_COMPLETION_7,TID_BADGE_INFO_SUDDEN_DEATH_TRAIL_COMPLETION,sc/ui_badges.sc,mastery_badge_appear_anim,sc/ui_badges.sc,sudden_death_silver_badge_lvl7,,7,,,,,,
,,,,,,,,,,,,,TID_BADGE_NAME_SUDDEN_DEATH_TRAIL_COMPLETION_8,TID_BADGE_INFO_SUDDEN_DEATH_TRAIL_COMPLETION,sc/ui_badges.sc,mastery_badge_appear_anim,sc/ui_badges.sc,sudden_death_silver_badge_lvl8,,8,,,,,,
,,,,,,,,,,,,,TID_BADGE_NAME_SUDDEN_DEATH_TRAIL_COMPLETION_9,TID_BADGE_INFO_SUDDEN_DEATH_TRAIL_COMPLETION,sc/ui_badges.sc,mastery_badge_appear_anim,sc/ui_badges.sc,sudden_death_silver_badge_lvl9,,9,,,,,,
,,,,,,,,,,,,,TID_BADGE_NAME_SUDDEN_DEATH_TRAIL_COMPLETION_10,TID_BADGE_INFO_SUDDEN_DEATH_TRAIL_COMPLETION,sc/ui_badges.sc,mastery_badge_appear_anim,sc/ui_badges.sc,sudden_death_silver_badge_lvl10,,10,,,,,,
SuddenDeathTrailRank,TID_BADGE_NAME_SUDDEN_DEATH_TRAIL_RANK,TID_BADGE_INFO_SUDDEN_DEATH_TRAIL_RANK,Champion,,TRUE,TRUE,TRUE,TRUE,TRUE,510,,,TID_BADGE_NAME_SUDDEN_DEATH_TRAIL_RANK,TID_BADGE_INFO_SUDDEN_DEATH_TRAIL_RANK,sc/ui_badges.sc,mastery_badge_appear_anim,sc/ui_badges.sc,sudden_death_gold_badge_lvl1,,1,#<progress2>,,,,,
,,,,,,,,,,,,,TID_BADGE_NAME_SUDDEN_DEATH_TRAIL_RANK_2,TID_BADGE_INFO_SUDDEN_DEATH_TRAIL_RANK,sc/ui_badges.sc,mastery_badge_appear_anim,sc/ui_badges.sc,sudden_death_gold_badge_lvl2,,2,#<progress2>,,,,,
,,,,,,,,,,,,,TID_BADGE_NAME_SUDDEN_DEATH_TRAIL_RANK_3,TID_BADGE_INFO_SUDDEN_DEATH_TRAIL_RANK,sc/ui_badges.sc,mastery_badge_appear_anim,sc/ui_badges.sc,sudden_death_gold_badge_lvl3,,3,#<progress2>,,,,,
,,,,,,,,,,,,,TID_BADGE_NAME_SUDDEN_DEATH_TRAIL_RANK_4,TID_BADGE_INFO_SUDDEN_DEATH_TRAIL_RANK,sc/ui_badges.sc,mastery_badge_appear_anim,sc/ui_badges.sc,sudden_death_gold_badge_lvl4,,4,#<progress2>,,,,,
,,,,,,,,,,,,,TID_BADGE_NAME_SUDDEN_DEATH_TRAIL_RANK_5,TID_BADGE_INFO_SUDDEN_DEATH_TRAIL_RANK,sc/ui_badges.sc,mastery_badge_appear_anim,sc/ui_badges.sc,sudden_death_gold_badge_lvl5,,5,#<progress2>,,,,,
,,,,,,,,,,,,,TID_BADGE_NAME_SUDDEN_DEATH_TRAIL_RANK_6,TID_BADGE_INFO_SUDDEN_DEATH_TRAIL_RANK,sc/ui_badges.sc,mastery_badge_appear_anim,sc/ui_badges.sc,sudden_death_gold_badge_lvl6,,6,#<progress2>,,,,,
,,,,,,,,,,,,,TID_BADGE_NAME_SUDDEN_DEATH_TRAIL_RANK_7,TID_BADGE_INFO_SUDDEN_DEATH_TRAIL_RANK,sc/ui_badges.sc,mastery_badge_appear_anim,sc/ui_badges.sc,sudden_death_gold_badge_lvl7,,7,#<progress2>,,,,,
,,,,,,,,,,,,,TID_BADGE_NAME_SUDDEN_DEATH_TRAIL_RANK_8,TID_BADGE_INFO_SUDDEN_DEATH_TRAIL_RANK,sc/ui_badges.sc,mastery_badge_appear_anim,sc/ui_badges.sc,sudden_death_gold_badge_lvl8,,8,#<progress2>,,,,,
,,,,,,,,,,,,,TID_BADGE_NAME_SUDDEN_DEATH_TRAIL_RANK_9,TID_BADGE_INFO_SUDDEN_DEATH_TRAIL_RANK,sc/ui_badges.sc,mastery_badge_appear_anim,sc/ui_badges.sc,sudden_death_gold_badge_lvl9,,9,#<progress2>,,,,,
,,,,,,,,,,,,,TID_BADGE_NAME_SUDDEN_DEATH_TRAIL_RANK_10,TID_BADGE_INFO_SUDDEN_DEATH_TRAIL_RANK,sc/ui_badges.sc,mastery_badge_appear_anim,sc/ui_badges.sc,sudden_death_gold_badge_lvl10,,10,#<progress2>,,,,,
Chaos_S2,TID_BADGE_NAME_CHAOS_S2,TID_BADGE_INFO_CHAOS_S2,Legendary,,TRUE,,TRUE,TRUE,,165,,,TID_BADGE_NAME_CHAOS_S2,TID_BADGE_INFO_CHAOS_S2,sc/ui_badges.sc,mastery_badge_appear_anim,sc/ui_badges.sc,crazy_mode_badge_04,,1,,,,,,
2026YearBadge,TID_BADGE_NAME_2026YEAR,TID_BADGE_INFO_2026YEAR,Legendary,,TRUE,,,,,200,,,TID_BADGE_NAME_2026YEAR,TID_BADGE_INFO_2026YEAR,sc/ui_badges.sc,mastery_badge_appear_anim,sc/ui_badges.sc,yearly_badge_2026_silver_lvl1,,1,,,,,,
,,,,,,,,,,,,,TID_BADGE_NAME_2026YEAR,TID_BADGE_INFO_2026YEAR,sc/ui_badges.sc,mastery_badge_appear_anim,sc/ui_badges.sc,yearly_badge_2026_silver_lvl2,,2,,,,,,
,,,,,,,,,,,,,TID_BADGE_NAME_2026YEAR,TID_BADGE_INFO_2026YEAR,sc/ui_badges.sc,mastery_badge_appear_anim,sc/ui_badges.sc,yearly_badge_2026_silver_lvl3,,3,,,,,,
,,,,,,,,,,,,,TID_BADGE_NAME_2026YEAR,TID_BADGE_INFO_2026YEAR,sc/ui_badges.sc,mastery_badge_appear_anim,sc/ui_badges.sc,yearly_badge_2026_silver_lvl4,,4,,,,,,
,,,,,,,,,,,,,TID_BADGE_NAME_2026YEAR,TID_BADGE_INFO_2026YEAR,sc/ui_badges.sc,mastery_badge_appear_anim,sc/ui_badges.sc,yearly_badge_2026_silver_lvl5,,5,,,,,,
,,,,,,,,,,,,,TID_BADGE_NAME_2026YEAR,TID_BADGE_INFO_2026YEAR,sc/ui_badges.sc,mastery_badge_appear_anim,sc/ui_badges.sc,yearly_badge_2026_silver_lvl6,,6,,,,,,
AnarchyLeagueCompletion,TID_BADGE_NAME_ALL_RANDOM_LEAGUE_COMPLETION,TID_BADGE_INFO_ALL_RANDOM_LEAGUE_COMPLETION,Legendary,,TRUE,,,TRUE,,180,,,TID_BADGE_NAME_ALL_RANDOM_LEAGUE_COMPLETION,TID_BADGE_INFO_ALL_RANDOM_LEAGUE_COMPLETION,sc/ui_badges.sc,mastery_badge_appear_anim,sc/ui_badges.sc,princessgambit_silver_badge_lvl1,,1,,,,,,
,,,,,,,,,,,,,TID_BADGE_NAME_ALL_RANDOM_LEAGUE_COMPLETION,TID_BADGE_INFO_ALL_RANDOM_LEAGUE_COMPLETION,sc/ui_badges.sc,mastery_badge_appear_anim,sc/ui_badges.sc,princessgambit_silver_badge_lvl2,,2,,,,,,
,,,,,,,,,,,,,TID_BADGE_NAME_ALL_RANDOM_LEAGUE_COMPLETION,TID_BADGE_INFO_ALL_RANDOM_LEAGUE_COMPLETION,sc/ui_badges.sc,mastery_badge_appear_anim,sc/ui_badges.sc,princessgambit_silver_badge_lvl2,,3,,,,,,
,,,,,,,,,,,,,TID_BADGE_NAME_ALL_RANDOM_LEAGUE_COMPLETION,TID_BADGE_INFO_ALL_RANDOM_LEAGUE_COMPLETION,sc/ui_badges.sc,mastery_badge_appear_anim,sc/ui_badges.sc,princessgambit_silver_badge_lvl2,,4,,,,,,
,,,,,,,,,,,,,TID_BADGE_NAME_ALL_RANDOM_LEAGUE_COMPLETION,TID_BADGE_INFO_ALL_RANDOM_LEAGUE_COMPLETION,sc/ui_badges.sc,mastery_badge_appear_anim,sc/ui_badges.sc,princessgambit_silver_badge_lvl2,,5,,,,,,
,,,,,,,,,,,,,TID_BADGE_NAME_ALL_RANDOM_LEAGUE_COMPLETION,TID_BADGE_INFO_ALL_RANDOM_LEAGUE_COMPLETION,sc/ui_badges.sc,mastery_badge_appear_anim,sc/ui_badges.sc,princessgambit_silver_badge_lvl2,,6,,,,,,
,,,,,,,,,,,,,TID_BADGE_NAME_ALL_RANDOM_LEAGUE_COMPLETION,TID_BADGE_INFO_ALL_RANDOM_LEAGUE_COMPLETION,sc/ui_badges.sc,mastery_badge_appear_anim,sc/ui_badges.sc,princessgambit_silver_badge_lvl2,,7,,,,,,
,,,,,,,,,,,,,TID_BADGE_NAME_ALL_RANDOM_LEAGUE_COMPLETION,TID_BADGE_INFO_ALL_RANDOM_LEAGUE_COMPLETION,sc/ui_badges.sc,mastery_badge_appear_anim,sc/ui_badges.sc,princessgambit_silver_badge_lvl2,,8,,,,,,
,,,,,,,,,,,,,TID_BADGE_NAME_ALL_RANDOM_LEAGUE_COMPLETION,TID_BADGE_INFO_ALL_RANDOM_LEAGUE_COMPLETION,sc/ui_badges.sc,mastery_badge_appear_anim,sc/ui_badges.sc,princessgambit_silver_badge_lvl2,,9,,,,,,
,,,,,,,,,,,,,TID_BADGE_NAME_ALL_RANDOM_LEAGUE_COMPLETION,TID_BADGE_INFO_ALL_RANDOM_LEAGUE_COMPLETION,sc/ui_badges.sc,mastery_badge_appear_anim,sc/ui_badges.sc,princessgambit_silver_badge_lvl2,,10,,,,,,
AnarchyLeagueRank,TID_BADGE_NAME_ALL_RANDOM_LEAGUE_RANK,TID_BADGE_INFO_ALL_RANDOM_LEAGUE_RANK,Champion,,TRUE,TRUE,,TRUE,TRUE,510,,,TID_BADGE_NAME_ALL_RANDOM_LEAGUE_RANK,TID_BADGE_INFO_ALL_RANDOM_LEAGUE_RANK,sc/ui_badges.sc,mastery_badge_appear_anim,sc/ui_badges.sc,princessgambit_ranked_badge_lvl1,,1,#<progress2>,,,,,
,,,,,,,,,,,,,TID_BADGE_NAME_ALL_RANDOM_LEAGUE_RANK,TID_BADGE_INFO_ALL_RANDOM_LEAGUE_RANK,sc/ui_badges.sc,mastery_badge_appear_anim,sc/ui_badges.sc,princessgambit_ranked_badge_lvl2,,2,#<progress2>,,,,,
,,,,,,,,,,,,,TID_BADGE_NAME_ALL_RANDOM_LEAGUE_RANK,TID_BADGE_INFO_ALL_RANDOM_LEAGUE_RANK,sc/ui_badges.sc,mastery_badge_appear_anim,sc/ui_badges.sc,princessgambit_ranked_badge_lvl2,,3,#<progress2>,,,,,
,,,,,,,,,,,,,TID_BADGE_NAME_ALL_RANDOM_LEAGUE_RANK,TID_BADGE_INFO_ALL_RANDOM_LEAGUE_RANK,sc/ui_badges.sc,mastery_badge_appear_anim,sc/ui_badges.sc,princessgambit_ranked_badge_lvl2,,4,#<progress2>,,,,,
,,,,,,,,,,,,,TID_BADGE_NAME_ALL_RANDOM_LEAGUE_RANK,TID_BADGE_INFO_ALL_RANDOM_LEAGUE_RANK,sc/ui_badges.sc,mastery_badge_appear_anim,sc/ui_badges.sc,princessgambit_ranked_badge_lvl2,,5,#<progress2>,,,,,
,,,,,,,,,,,,,TID_BADGE_NAME_ALL_RANDOM_LEAGUE_RANK,TID_BADGE_INFO_ALL_RANDOM_LEAGUE_RANK,sc/ui_badges.sc,mastery_badge_appear_anim,sc/ui_badges.sc,princessgambit_ranked_badge_lvl2,,6,#<progress2>,,,,,
,,,,,,,,,,,,,TID_BADGE_NAME_ALL_RANDOM_LEAGUE_RANK,TID_BADGE_INFO_ALL_RANDOM_LEAGUE_RANK,sc/ui_badges.sc,mastery_badge_appear_anim,sc/ui_badges.sc,princessgambit_ranked_badge_lvl2,,7,#<progress2>,,,,,
,,,,,,,,,,,,,TID_BADGE_NAME_ALL_RANDOM_LEAGUE_RANK,TID_BADGE_INFO_ALL_RANDOM_LEAGUE_RANK,sc/ui_badges.sc,mastery_badge_appear_anim,sc/ui_badges.sc,princessgambit_ranked_badge_lvl2,,8,#<progress2>,,,,,
,,,,,,,,,,,,,TID_BADGE_NAME_ALL_RANDOM_LEAGUE_RANK,TID_BADGE_INFO_ALL_RANDOM_LEAGUE_RANK,sc/ui_badges.sc,mastery_badge_appear_anim,sc/ui_badges.sc,princessgambit_ranked_badge_lvl2,,9,#<progress2>,,,,,
,,,,,,,,,,,,,TID_BADGE_NAME_ALL_RANDOM_LEAGUE_RANK,TID_BADGE_INFO_ALL_RANDOM_LEAGUE_RANK,sc/ui_badges.sc,mastery_badge_appear_anim,sc/ui_badges.sc,princessgambit_ranked_badge_lvl2,,10,#<progress2>,,,,,
MasteryRonin,,,Common,,,,,,,1000,Ronin,TemplateMastery10,,,,,,,,,,,,,,
ClassicRoyaleTournamentRank_v2,TID_BADGE_NAME_CLASSIC_ROYALE_TOURNAMENT_RANK,TID_BADGE_INFO_CLASSIC_ROYALE_TOURNAMENT_RANK,Champion,,TRUE,TRUE,TRUE,TRUE,TRUE,520,,,TID_BADGE_NAME_CLASSIC_ROYALE_TOURNAMENT_RANK,TID_BADGE_INFO_CLASSIC_ROYALE_TOURNAMENT_RANK,sc/ui_badges.sc,mastery_badge_appear_anim,sc/ui_badges.sc,global_tournament_retro_badge_lvl1,,1,#<progress2>,,,,,
,,,,,,,,,,,,,TID_BADGE_NAME_CLASSIC_ROYALE_TOURNAMENT_RANK_2,TID_BADGE_INFO_CLASSIC_ROYALE_TOURNAMENT_RANK,sc/ui_badges.sc,mastery_badge_appear_anim,sc/ui_badges.sc,global_tournament_retro_badge_lvl2,,2,#<progress2>,,,,,
,,,,,,,,,,,,,TID_BADGE_NAME_CLASSIC_ROYALE_TOURNAMENT_RANK_3,TID_BADGE_INFO_CLASSIC_ROYALE_TOURNAMENT_RANK,sc/ui_badges.sc,mastery_badge_appear_anim,sc/ui_badges.sc,global_tournament_retro_badge_lvl3,,3,#<progress2>,,,,,
,,,,,,,,,,,,,TID_BADGE_NAME_CLASSIC_ROYALE_TOURNAMENT_RANK_4,TID_BADGE_INFO_CLASSIC_ROYALE_TOURNAMENT_RANK,sc/ui_badges.sc,mastery_badge_appear_anim,sc/ui_badges.sc,global_tournament_retro_badge_lvl4,,4,#<progress2>,,,,,
,,,,,,,,,,,,,TID_BADGE_NAME_CLASSIC_ROYALE_TOURNAMENT_RANK_5,TID_BADGE_INFO_CLASSIC_ROYALE_TOURNAMENT_RANK,sc/ui_badges.sc,mastery_badge_appear_anim,sc/ui_badges.sc,global_tournament_retro_badge_lvl5,,5,#<progress2>,,,,,
,,,,,,,,,,,,,TID_BADGE_NAME_CLASSIC_ROYALE_TOURNAMENT_RANK_6,TID_BADGE_INFO_CLASSIC_ROYALE_TOURNAMENT_RANK,sc/ui_badges.sc,mastery_badge_appear_anim,sc/ui_badges.sc,global_tournament_retro_badge_lvl6,,6,#<progress2>,,,,,
,,,,,,,,,,,,,TID_BADGE_NAME_CLASSIC_ROYALE_TOURNAMENT_RANK_7,TID_BADGE_INFO_CLASSIC_ROYALE_TOURNAMENT_RANK,sc/ui_badges.sc,mastery_badge_appear_anim,sc/ui_badges.sc,global_tournament_retro_badge_lvl7,,7,#<progress2>,,,,,
,,,,,,,,,,,,,TID_BADGE_NAME_CLASSIC_ROYALE_TOURNAMENT_RANK_8,TID_BADGE_INFO_CLASSIC_ROYALE_TOURNAMENT_RANK,sc/ui_badges.sc,mastery_badge_appear_anim,sc/ui_badges.sc,global_tournament_retro_badge_lvl8,,8,#<progress2>,,,,,
,,,,,,,,,,,,,TID_BADGE_NAME_CLASSIC_ROYALE_TOURNAMENT_RANK_9,TID_BADGE_INFO_CLASSIC_ROYALE_TOURNAMENT_RANK,sc/ui_badges.sc,mastery_badge_appear_anim,sc/ui_badges.sc,global_tournament_retro_badge_lvl9,,9,#<progress2>,,,,,
,,,,,,,,,,,,,TID_BADGE_NAME_CLASSIC_ROYALE_TOURNAMENT_RANK_10,TID_BADGE_INFO_CLASSIC_ROYALE_TOURNAMENT_RANK,sc/ui_badges.sc,mastery_badge_appear_anim,sc/ui_badges.sc,global_tournament_retro_badge_lvl10,,10,#<progress2>,,,,,
RoyalTournamentRank_v2,TID_BADGE_NAME_ROYAL_TOURNAMENT_RANK,TID_BADGE_INFO_ROYAL_TOURNAMENT_RANK,Champion,,TRUE,TRUE,TRUE,TRUE,TRUE,520,,,TID_BADGE_NAME_ROYAL_TOURNAMENT_RANK,TID_BADGE_INFO_ROYAL_TOURNAMENT_RANK,sc/ui_badges.sc,mastery_badge_appear_anim,sc/ui_badges.sc,global_tournament_ranked_lvl1,,1,#<progress2>,,,,,
,,,,,,,,,,,,,TID_BADGE_NAME_ROYAL_TOURNAMENT_RANK_2,TID_BADGE_INFO_ROYAL_TOURNAMENT_RANK,sc/ui_badges.sc,mastery_badge_appear_anim,sc/ui_badges.sc,global_tournament_ranked_lvl2,,2,#<progress2>,,,,,
,,,,,,,,,,,,,TID_BADGE_NAME_ROYAL_TOURNAMENT_RANK_3,TID_BADGE_INFO_ROYAL_TOURNAMENT_RANK,sc/ui_badges.sc,mastery_badge_appear_anim,sc/ui_badges.sc,global_tournament_ranked_lvl3,,3,#<progress2>,,,,,
,,,,,,,,,,,,,TID_BADGE_NAME_ROYAL_TOURNAMENT_RANK_4,TID_BADGE_INFO_ROYAL_TOURNAMENT_RANK,sc/ui_badges.sc,mastery_badge_appear_anim,sc/ui_badges.sc,global_tournament_ranked_lvl4,,4,#<progress2>,,,,,
,,,,,,,,,,,,,TID_BADGE_NAME_ROYAL_TOURNAMENT_RANK_5,TID_BADGE_INFO_ROYAL_TOURNAMENT_RANK,sc/ui_badges.sc,mastery_badge_appear_anim,sc/ui_badges.sc,global_tournament_ranked_lvl5,,5,#<progress2>,,,,,
,,,,,,,,,,,,,TID_BADGE_NAME_ROYAL_TOURNAMENT_RANK_6,TID_BADGE_INFO_ROYAL_TOURNAMENT_RANK,sc/ui_badges.sc,mastery_badge_appear_anim,sc/ui_badges.sc,global_tournament_ranked_lvl6,,6,#<progress2>,,,,,
,,,,,,,,,,,,,TID_BADGE_NAME_ROYAL_TOURNAMENT_RANK_7,TID_BADGE_INFO_ROYAL_TOURNAMENT_RANK,sc/ui_badges.sc,mastery_badge_appear_anim,sc/ui_badges.sc,global_tournament_ranked_lvl7,,7,#<progress2>,,,,,
,,,,,,,,,,,,,TID_BADGE_NAME_ROYAL_TOURNAMENT_RANK_8,TID_BADGE_INFO_ROYAL_TOURNAMENT_RANK,sc/ui_badges.sc,mastery_badge_appear_anim,sc/ui_badges.sc,global_tournament_ranked_lvl8,,8,#<progress2>,,,,,
,,,,,,,,,,,,,TID_BADGE_NAME_ROYAL_TOURNAMENT_RANK_9,TID_BADGE_INFO_ROYAL_TOURNAMENT_RANK,sc/ui_badges.sc,mastery_badge_appear_anim,sc/ui_badges.sc,global_tournament_ranked_lvl9,,9,#<progress2>,,,,,
,,,,,,,,,,,,,TID_BADGE_NAME_ROYAL_TOURNAMENT_RANK_10,TID_BADGE_INFO_ROYAL_TOURNAMENT_RANK,sc/ui_badges.sc,mastery_badge_appear_anim,sc/ui_badges.sc,global_tournament_ranked_lvl10,,10,#<progress2>,,,,,
SupercellPancake,TID_BADGE_NAME_SUPERCELL_PANCAKE,TID_BADGE_INFO_SUPERCELL_PANCAKE,Champion,,TRUE,,,TRUE,,452,,,TID_BADGE_NAME_SUPERCELL_PANCAKE,TID_BADGE_INFO_SUPERCELL_PANCAKE,sc/ui_badges.sc,mastery_badge_appear_anim,sc/ui_badges.sc,supercell_badge_pancake,,1,,,,,,
SupercellEmployee,TID_BADGE_NAME_SUPERCELL_EMPLOYEE,TID_BADGE_INFO_SUPERCELL_EMPLOYEE,Champion,,TRUE,,,TRUE,,451,,,TID_BADGE_NAME_SUPERCELL_EMPLOYEE,TID_BADGE_INFO_SUPERCELL_EMPLOYEE,sc/ui_badges.sc,mastery_badge_appear_anim,sc/ui_badges.sc,supercell_badge,,1,,,,,,
ChaosMegaDraftLeagueCompletion,TID_BADGE_NAME_CRAZY_ARENA_MEGA_DRAFT_LEAGUE_COMPLETION,TID_BADGE_INFO_CRAZY_ARENA_MEGA_DRAFT_COMPLETION,Legendary,,TRUE,,,TRUE,,180,,,TID_BADGE_NAME_CRAZY_ARENA_MEGA_DRAFT_LEAGUE_COMPLETION,TID_BADGE_INFO_CRAZY_ARENA_MEGA_DRAFT_COMPLETION,sc/ui_badges.sc,mastery_badge_appear_anim,sc/ui_badges.sc,chaos_megadraft_silver_badge_lvl1,,1,,,,,,
,,,,,,,,,,,,,TID_BADGE_NAME_CRAZY_ARENA_MEGA_DRAFT_LEAGUE_COMPLETION,TID_BADGE_INFO_CRAZY_ARENA_MEGA_DRAFT_COMPLETION,sc/ui_badges.sc,mastery_badge_appear_anim,sc/ui_badges.sc,chaos_megadraft_silver_badge_lvl2,,2,,,,,,
,,,,,,,,,,,,,TID_BADGE_NAME_CRAZY_ARENA_MEGA_DRAFT_LEAGUE_COMPLETION,TID_BADGE_INFO_CRAZY_ARENA_MEGA_DRAFT_COMPLETION,sc/ui_badges.sc,mastery_badge_appear_anim,sc/ui_badges.sc,chaos_megadraft_silver_badge_lvl3,,3,,,,,,
,,,,,,,,,,,,,TID_BADGE_NAME_CRAZY_ARENA_MEGA_DRAFT_LEAGUE_COMPLETION,TID_BADGE_INFO_CRAZY_ARENA_MEGA_DRAFT_COMPLETION,sc/ui_badges.sc,mastery_badge_appear_anim,sc/ui_badges.sc,chaos_megadraft_silver_badge_lvl4,,4,,,,,,
,,,,,,,,,,,,,TID_BADGE_NAME_CRAZY_ARENA_MEGA_DRAFT_LEAGUE_COMPLETION,TID_BADGE_INFO_CRAZY_ARENA_MEGA_DRAFT_COMPLETION,sc/ui_badges.sc,mastery_badge_appear_anim,sc/ui_badges.sc,chaos_megadraft_silver_badge_lvl5,,5,,,,,,
,,,,,,,,,,,,,TID_BADGE_NAME_CRAZY_ARENA_MEGA_DRAFT_LEAGUE_COMPLETION,TID_BADGE_INFO_CRAZY_ARENA_MEGA_DRAFT_COMPLETION,sc/ui_badges.sc,mastery_badge_appear_anim,sc/ui_badges.sc,chaos_megadraft_silver_badge_lvl6,,6,,,,,,
,,,,,,,,,,,,,TID_BADGE_NAME_CRAZY_ARENA_MEGA_DRAFT_LEAGUE_COMPLETION,TID_BADGE_INFO_CRAZY_ARENA_MEGA_DRAFT_COMPLETION,sc/ui_badges.sc,mastery_badge_appear_anim,sc/ui_badges.sc,chaos_megadraft_silver_badge_lvl7,,7,,,,,,
,,,,,,,,,,,,,TID_BADGE_NAME_CRAZY_ARENA_MEGA_DRAFT_LEAGUE_COMPLETION,TID_BADGE_INFO_CRAZY_ARENA_MEGA_DRAFT_COMPLETION,sc/ui_badges.sc,mastery_badge_appear_anim,sc/ui_badges.sc,chaos_megadraft_silver_badge_lvl8,,8,,,,,,
,,,,,,,,,,,,,TID_BADGE_NAME_CRAZY_ARENA_MEGA_DRAFT_LEAGUE_COMPLETION,TID_BADGE_INFO_CRAZY_ARENA_MEGA_DRAFT_COMPLETION,sc/ui_badges.sc,mastery_badge_appear_anim,sc/ui_badges.sc,chaos_megadraft_silver_badge_lvl9,,9,,,,,,
,,,,,,,,,,,,,TID_BADGE_NAME_CRAZY_ARENA_MEGA_DRAFT_LEAGUE_COMPLETION,TID_BADGE_INFO_CRAZY_ARENA_MEGA_DRAFT_COMPLETION,sc/ui_badges.sc,mastery_badge_appear_anim,sc/ui_badges.sc,chaos_megadraft_silver_badge_lvl10,,10,,,,,,
ChaosMegaDraftLeagueRank,TID_BADGE_NAME_CRAZY_ARENA_MEGA_DRAFT_LEAGUE_RANK,TID_BADGE_INFO_CRAZY_ARENA_MEGA_DRAFT_RANK,Champion,,TRUE,TRUE,,TRUE,TRUE,510,,,TID_BADGE_NAME_CRAZY_ARENA_MEGA_DRAFT_LEAGUE_RANK,TID_BADGE_INFO_CRAZY_ARENA_MEGA_DRAFT_RANK,sc/ui_badges.sc,mastery_badge_appear_anim,sc/ui_badges.sc,chaos_megadraft_ranked_badge_lvl1,,1,#<progress2>,,,,,
,,,,,,,,,,,,,TID_BADGE_NAME_CRAZY_ARENA_MEGA_DRAFT_LEAGUE_RANK,TID_BADGE_INFO_CRAZY_ARENA_MEGA_DRAFT_RANK,sc/ui_badges.sc,mastery_badge_appear_anim,sc/ui_badges.sc,chaos_megadraft_ranked_badge_lvl2,,2,#<progress2>,,,,,
,,,,,,,,,,,,,TID_BADGE_NAME_CRAZY_ARENA_MEGA_DRAFT_LEAGUE_RANK,TID_BADGE_INFO_CRAZY_ARENA_MEGA_DRAFT_RANK,sc/ui_badges.sc,mastery_badge_appear_anim,sc/ui_badges.sc,chaos_megadraft_ranked_badge_lvl3,,3,#<progress2>,,,,,
,,,,,,,,,,,,,TID_BADGE_NAME_CRAZY_ARENA_MEGA_DRAFT_LEAGUE_RANK,TID_BADGE_INFO_CRAZY_ARENA_MEGA_DRAFT_RANK,sc/ui_badges.sc,mastery_badge_appear_anim,sc/ui_badges.sc,chaos_megadraft_ranked_badge_lvl4,,4,#<progress2>,,,,,
,,,,,,,,,,,,,TID_BADGE_NAME_CRAZY_ARENA_MEGA_DRAFT_LEAGUE_RANK,TID_BADGE_INFO_CRAZY_ARENA_MEGA_DRAFT_RANK,sc/ui_badges.sc,mastery_badge_appear_anim,sc/ui_badges.sc,chaos_megadraft_ranked_badge_lvl5,,5,#<progress2>,,,,,
,,,,,,,,,,,,,TID_BADGE_NAME_CRAZY_ARENA_MEGA_DRAFT_LEAGUE_RANK,TID_BADGE_INFO_CRAZY_ARENA_MEGA_DRAFT_RANK,sc/ui_badges.sc,mastery_badge_appear_anim,sc/ui_badges.sc,chaos_megadraft_ranked_badge_lvl6,,6,#<progress2>,,,,,
,,,,,,,,,,,,,TID_BADGE_NAME_CRAZY_ARENA_MEGA_DRAFT_LEAGUE_RANK,TID_BADGE_INFO_CRAZY_ARENA_MEGA_DRAFT_RANK,sc/ui_badges.sc,mastery_badge_appear_anim,sc/ui_badges.sc,chaos_megadraft_ranked_badge_lvl7,,7,#<progress2>,,,,,
,,,,,,,,,,,,,TID_BADGE_NAME_CRAZY_ARENA_MEGA_DRAFT_LEAGUE_RANK,TID_BADGE_INFO_CRAZY_ARENA_MEGA_DRAFT_RANK,sc/ui_badges.sc,mastery_badge_appear_anim,sc/ui_badges.sc,chaos_megadraft_ranked_badge_lvl8,,8,#<progress2>,,,,,
,,,,,,,,,,,,,TID_BADGE_NAME_CRAZY_ARENA_MEGA_DRAFT_LEAGUE_RANK,TID_BADGE_INFO_CRAZY_ARENA_MEGA_DRAFT_RANK,sc/ui_badges.sc,mastery_badge_appear_anim,sc/ui_badges.sc,chaos_megadraft_ranked_badge_lvl9,,9,#<progress2>,,,,,
,,,,,,,,,,,,,TID_BADGE_NAME_CRAZY_ARENA_MEGA_DRAFT_LEAGUE_RANK,TID_BADGE_INFO_CRAZY_ARENA_MEGA_DRAFT_RANK,sc/ui_badges.sc,mastery_badge_appear_anim,sc/ui_badges.sc,chaos_megadraft_ranked_badge_lvl10,,10,#<progress2>,,,,,
ChaosDraftLeagueCompletion,TID_BADGE_NAME_CRAZYARENA_DRAFT_LEAGUE_COMPLETION,TID_BADGE_INFO_CRAZYARENA_DRAFT_LEAGUE_COMPLETION,Legendary,,TRUE,,,TRUE,,180,,,TID_BADGE_NAME_CRAZYARENA_DRAFT_LEAGUE_COMPLETION,TID_BADGE_INFO_CRAZYARENA_DRAFT_LEAGUE_COMPLETION,sc/ui_badges.sc,mastery_badge_appear_anim,sc/ui_badges.sc,chaos_draft_silver_badge_lvl1,,1,,,,,,
,,,,,,,,,,,,,TID_BADGE_NAME_CRAZYARENA_DRAFT_LEAGUE_COMPLETION,TID_BADGE_INFO_CRAZYARENA_DRAFT_LEAGUE_COMPLETION,sc/ui_badges.sc,mastery_badge_appear_anim,sc/ui_badges.sc,chaos_draft_silver_badge_lvl2,,2,,,,,,
,,,,,,,,,,,,,TID_BADGE_NAME_CRAZYARENA_DRAFT_LEAGUE_COMPLETION,TID_BADGE_INFO_CRAZYARENA_DRAFT_LEAGUE_COMPLETION,sc/ui_badges.sc,mastery_badge_appear_anim,sc/ui_badges.sc,chaos_draft_silver_badge_lvl3,,3,,,,,,
,,,,,,,,,,,,,TID_BADGE_NAME_CRAZYARENA_DRAFT_LEAGUE_COMPLETION,TID_BADGE_INFO_CRAZYARENA_DRAFT_LEAGUE_COMPLETION,sc/ui_badges.sc,mastery_badge_appear_anim,sc/ui_badges.sc,chaos_draft_silver_badge_lvl4,,4,,,,,,
,,,,,,,,,,,,,TID_BADGE_NAME_CRAZYARENA_DRAFT_LEAGUE_COMPLETION,TID_BADGE_INFO_CRAZYARENA_DRAFT_LEAGUE_COMPLETION,sc/ui_badges.sc,mastery_badge_appear_anim,sc/ui_badges.sc,chaos_draft_silver_badge_lvl5,,5,,,,,,
,,,,,,,,,,,,,TID_BADGE_NAME_CRAZYARENA_DRAFT_LEAGUE_COMPLETION,TID_BADGE_INFO_CRAZYARENA_DRAFT_LEAGUE_COMPLETION,sc/ui_badges.sc,mastery_badge_appear_anim,sc/ui_badges.sc,chaos_draft_silver_badge_lvl6,,6,,,,,,
,,,,,,,,,,,,,TID_BADGE_NAME_CRAZYARENA_DRAFT_LEAGUE_COMPLETION,TID_BADGE_INFO_CRAZYARENA_DRAFT_LEAGUE_COMPLETION,sc/ui_badges.sc,mastery_badge_appear_anim,sc/ui_badges.sc,chaos_draft_silver_badge_lvl7,,7,,,,,,
,,,,,,,,,,,,,TID_BADGE_NAME_CRAZYARENA_DRAFT_LEAGUE_COMPLETION,TID_BADGE_INFO_CRAZYARENA_DRAFT_LEAGUE_COMPLETION,sc/ui_badges.sc,mastery_badge_appear_anim,sc/ui_badges.sc,chaos_draft_silver_badge_lvl8,,8,,,,,,
,,,,,,,,,,,,,TID_BADGE_NAME_CRAZYARENA_DRAFT_LEAGUE_COMPLETION,TID_BADGE_INFO_CRAZYARENA_DRAFT_LEAGUE_COMPLETION,sc/ui_badges.sc,mastery_badge_appear_anim,sc/ui_badges.sc,chaos_draft_silver_badge_lvl9,,9,,,,,,
,,,,,,,,,,,,,TID_BADGE_NAME_CRAZYARENA_DRAFT_LEAGUE_COMPLETION,TID_BADGE_INFO_CRAZYARENA_DRAFT_LEAGUE_COMPLETION,sc/ui_badges.sc,mastery_badge_appear_anim,sc/ui_badges.sc,chaos_draft_silver_badge_lvl10,,10,,,,,,
MasteryMinionGiant,,,Common,,,,,,,1000,MinionGiant,TemplateMastery10,,,,,,,,,,,,,,
RouletteAllModes,TID_BADGE_NAME_ROULETTE_ALL_MODES,TID_BADGE_INFO_ROULETTE_ALL_MODES_UNEARNED,Epic,,,,TRUE,TRUE,,170,,,TID_BADGE_NAME_ROULETTE_ALL_MODES,TID_BADGE_INFO_ROULETTE_ALL_MODES_EARNED,sc/ui_badges.sc,mastery_badge_appear_anim,sc/ui_badges.sc,royaleshuffle_badge_lvl1,,1,,,,,,
2v2LeagueCompletion,TID_BADGE_NAME_2V2LEAGUE_COMPLETION,TID_BADGE_INFO_2V2LEAGUE_COMPLETION,Legendary,,TRUE,,,TRUE,,180,,,TID_BADGE_NAME_2V2LEAGUE_COMPLETION,TID_BADGE_INFO_2V2LEAGUE_COMPLETION,sc/ui_badges.sc,mastery_badge_appear_anim,sc/ui_badges.sc,2v2_league_ranked_badge_silver_lvl1,,1,,,,,,
,,,,,,,,,,,,,TID_BADGE_NAME_2V2LEAGUE_COMPLETION,TID_BADGE_INFO_2V2LEAGUE_COMPLETION,sc/ui_badges.sc,mastery_badge_appear_anim,sc/ui_badges.sc,2v2_league_ranked_badge_silver_lvl2,,2,,,,,,
,,,,,,,,,,,,,TID_BADGE_NAME_2V2LEAGUE_COMPLETION,TID_BADGE_INFO_2V2LEAGUE_COMPLETION,sc/ui_badges.sc,mastery_badge_appear_anim,sc/ui_badges.sc,2v2_league_ranked_badge_silver_lvl3,,3,,,,,,
,,,,,,,,,,,,,TID_BADGE_NAME_2V2LEAGUE_COMPLETION,TID_BADGE_INFO_2V2LEAGUE_COMPLETION,sc/ui_badges.sc,mastery_badge_appear_anim,sc/ui_badges.sc,2v2_league_ranked_badge_silver_lvl4,,4,,,,,,
,,,,,,,,,,,,,TID_BADGE_NAME_2V2LEAGUE_COMPLETION,TID_BADGE_INFO_2V2LEAGUE_COMPLETION,sc/ui_badges.sc,mastery_badge_appear_anim,sc/ui_badges.sc,2v2_league_ranked_badge_silver_lvl5,,5,,,,,,
,,,,,,,,,,,,,TID_BADGE_NAME_2V2LEAGUE_COMPLETION,TID_BADGE_INFO_2V2LEAGUE_COMPLETION,sc/ui_badges.sc,mastery_badge_appear_anim,sc/ui_badges.sc,2v2_league_ranked_badge_silver_lvl6,,6,,,,,,
,,,,,,,,,,,,,TID_BADGE_NAME_2V2LEAGUE_COMPLETION,TID_BADGE_INFO_2V2LEAGUE_COMPLETION,sc/ui_badges.sc,mastery_badge_appear_anim,sc/ui_badges.sc,2v2_league_ranked_badge_silver_lvl7,,7,,,,,,
,,,,,,,,,,,,,TID_BADGE_NAME_2V2LEAGUE_COMPLETION,TID_BADGE_INFO_2V2LEAGUE_COMPLETION,sc/ui_badges.sc,mastery_badge_appear_anim,sc/ui_badges.sc,2v2_league_ranked_badge_silver_lvl8,,8,,,,,,
,,,,,,,,,,,,,TID_BADGE_NAME_2V2LEAGUE_COMPLETION,TID_BADGE_INFO_2V2LEAGUE_COMPLETION,sc/ui_badges.sc,mastery_badge_appear_anim,sc/ui_badges.sc,2v2_league_ranked_badge_silver_lvl9,,9,,,,,,
,,,,,,,,,,,,,TID_BADGE_NAME_2V2LEAGUE_COMPLETION,TID_BADGE_INFO_2V2LEAGUE_COMPLETION,sc/ui_badges.sc,mastery_badge_appear_anim,sc/ui_badges.sc,2v2_league_ranked_badge_silver_lvl10,,10,,,,,,
2v2LeagueRank,TID_BADGE_NAME_2V2LEAGUE_RANK,TID_BADGE_INFO_2V2LEAGUE_RANK,Champion,,TRUE,TRUE,,TRUE,TRUE,510,,,TID_BADGE_NAME_2V2LEAGUE_RANK,TID_BADGE_INFO_2V2LEAGUE_RANK,sc/ui_badges.sc,mastery_badge_appear_anim,sc/ui_badges.sc,2v2_league_ranked_badge_lvl1,,1,#<progress2>,,,,,
,,,,,,,,,,,,,TID_BADGE_NAME_2V2LEAGUE_RANK,TID_BADGE_INFO_2V2LEAGUE_RANK,sc/ui_badges.sc,mastery_badge_appear_anim,sc/ui_badges.sc,2v2_league_ranked_badge_lvl2,,2,#<progress2>,,,,,
,,,,,,,,,,,,,TID_BADGE_NAME_2V2LEAGUE_RANK,TID_BADGE_INFO_2V2LEAGUE_RANK,sc/ui_badges.sc,mastery_badge_appear_anim,sc/ui_badges.sc,2v2_league_ranked_badge_lvl3,,3,#<progress2>,,,,,
,,,,,,,,,,,,,TID_BADGE_NAME_2V2LEAGUE_RANK,TID_BADGE_INFO_2V2LEAGUE_RANK,sc/ui_badges.sc,mastery_badge_appear_anim,sc/ui_badges.sc,2v2_league_ranked_badge_lvl4,,4,#<progress2>,,,,,
,,,,,,,,,,,,,TID_BADGE_NAME_2V2LEAGUE_RANK,TID_BADGE_INFO_2V2LEAGUE_RANK,sc/ui_badges.sc,mastery_badge_appear_anim,sc/ui_badges.sc,2v2_league_ranked_badge_lvl5,,5,#<progress2>,,,,,
,,,,,,,,,,,,,TID_BADGE_NAME_2V2LEAGUE_RANK,TID_BADGE_INFO_2V2LEAGUE_RANK,sc/ui_badges.sc,mastery_badge_appear_anim,sc/ui_badges.sc,2v2_league_ranked_badge_lvl6,,6,#<progress2>,,,,,
,,,,,,,,,,,,,TID_BADGE_NAME_2V2LEAGUE_RANK,TID_BADGE_INFO_2V2LEAGUE_RANK,sc/ui_badges.sc,mastery_badge_appear_anim,sc/ui_badges.sc,2v2_league_ranked_badge_lvl7,,7,#<progress2>,,,,,
,,,,,,,,,,,,,TID_BADGE_NAME_2V2LEAGUE_RANK,TID_BADGE_INFO_2V2LEAGUE_RANK,sc/ui_badges.sc,mastery_badge_appear_anim,sc/ui_badges.sc,2v2_league_ranked_badge_lvl8,,8,#<progress2>,,,,,
,,,,,,,,,,,,,TID_BADGE_NAME_2V2LEAGUE_RANK,TID_BADGE_INFO_2V2LEAGUE_RANK,sc/ui_badges.sc,mastery_badge_appear_anim,sc/ui_badges.sc,2v2_league_ranked_badge_lvl9,,9,#<progress2>,,,,,
,,,,,,,,,,,,,TID_BADGE_NAME_2V2LEAGUE_RANK,TID_BADGE_INFO_2V2LEAGUE_RANK,sc/ui_badges.sc,mastery_badge_appear_anim,sc/ui_badges.sc,2v2_league_ranked_badge_lvl10,,10,#<progress2>,,,,,
ChaosDraftLeagueRank,TID_BADGE_NAME_CRAZYARENA_DRAFT_LEAGUE_RANK,TID_BADGE_INFO_CRAZYARENA_DRAFT_LEAGUE_RANK,Champion,,TRUE,TRUE,,TRUE,TRUE,510,,,TID_BADGE_NAME_CRAZYARENA_DRAFT_LEAGUE_RANK,TID_BADGE_INFO_CRAZYARENA_DRAFT_LEAGUE_RANK,sc/ui_badges.sc,mastery_badge_appear_anim,sc/ui_badges.sc,chaos_draft_ranked_badge_lvl1,,1,#<progress2>,,,,,
,,,,,,,,,,,,,TID_BADGE_NAME_CRAZYARENA_DRAFT_LEAGUE_RANK,TID_BADGE_INFO_CRAZYARENA_DRAFT_LEAGUE_RANK,sc/ui_badges.sc,mastery_badge_appear_anim,sc/ui_badges.sc,chaos_draft_ranked_badge_lvl2,,2,#<progress2>,,,,,
,,,,,,,,,,,,,TID_BADGE_NAME_CRAZYARENA_DRAFT_LEAGUE_RANK,TID_BADGE_INFO_CRAZYARENA_DRAFT_LEAGUE_RANK,sc/ui_badges.sc,mastery_badge_appear_anim,sc/ui_badges.sc,chaos_draft_ranked_badge_lvl3,,3,#<progress2>,,,,,
,,,,,,,,,,,,,TID_BADGE_NAME_CRAZYARENA_DRAFT_LEAGUE_RANK,TID_BADGE_INFO_CRAZYARENA_DRAFT_LEAGUE_RANK,sc/ui_badges.sc,mastery_badge_appear_anim,sc/ui_badges.sc,chaos_draft_ranked_badge_lvl4,,4,#<progress2>,,,,,
,,,,,,,,,,,,,TID_BADGE_NAME_CRAZYARENA_DRAFT_LEAGUE_RANK,TID_BADGE_INFO_CRAZYARENA_DRAFT_LEAGUE_RANK,sc/ui_badges.sc,mastery_badge_appear_anim,sc/ui_badges.sc,chaos_draft_ranked_badge_lvl5,,5,#<progress2>,,,,,
,,,,,,,,,,,,,TID_BADGE_NAME_CRAZYARENA_DRAFT_LEAGUE_RANK,TID_BADGE_INFO_CRAZYARENA_DRAFT_LEAGUE_RANK,sc/ui_badges.sc,mastery_badge_appear_anim,sc/ui_badges.sc,chaos_draft_ranked_badge_lvl6,,6,#<progress2>,,,,,
,,,,,,,,,,,,,TID_BADGE_NAME_CRAZYARENA_DRAFT_LEAGUE_RANK,TID_BADGE_INFO_CRAZYARENA_DRAFT_LEAGUE_RANK,sc/ui_badges.sc,mastery_badge_appear_anim,sc/ui_badges.sc,chaos_draft_ranked_badge_lvl7,,7,#<progress2>,,,,,
,,,,,,,,,,,,,TID_BADGE_NAME_CRAZYARENA_DRAFT_LEAGUE_RANK,TID_BADGE_INFO_CRAZYARENA_DRAFT_LEAGUE_RANK,sc/ui_badges.sc,mastery_badge_appear_anim,sc/ui_badges.sc,chaos_draft_ranked_badge_lvl8,,8,#<progress2>,,,,,
,,,,,,,,,,,,,TID_BADGE_NAME_CRAZYARENA_DRAFT_LEAGUE_RANK,TID_BADGE_INFO_CRAZYARENA_DRAFT_LEAGUE_RANK,sc/ui_badges.sc,mastery_badge_appear_anim,sc/ui_badges.sc,chaos_draft_ranked_badge_lvl9,,9,#<progress2>,,,,,
,,,,,,,,,,,,,TID_BADGE_NAME_CRAZYARENA_DRAFT_LEAGUE_RANK,TID_BADGE_INFO_CRAZYARENA_DRAFT_LEAGUE_RANK,sc/ui_badges.sc,mastery_badge_appear_anim,sc/ui_badges.sc,chaos_draft_ranked_badge_lvl10,,10,#<progress2>,,,,,
SpookyChessTrailCompletion,TID_BADGE_NAME_SPOOKY_CHESS_TRAIL_COMPLETION,TID_BADGE_INFO_SPOOKY_CHESS_TRAIL_COMPLETION,Legendary,,TRUE,,,TRUE,,180,,,TID_BADGE_NAME_SPOOKY_CHESS_TRAIL_COMPLETION,TID_BADGE_INFO_SPOOKY_CHESS_TRAIL_COMPLETION,sc/ui_badges.sc,mastery_badge_appear_anim,sc/ui_badges.sc,spooky_chess_silver_badge_lvl1,,1,,,,,,
,,,,,,,,,,,,,TID_BADGE_NAME_SPOOKY_CHESS_TRAIL_COMPLETION,TID_BADGE_INFO_SPOOKY_CHESS_TRAIL_COMPLETION,sc/ui_badges.sc,mastery_badge_appear_anim,sc/ui_badges.sc,spooky_chess_silver_badge_lvl2,,2,,,,,,
,,,,,,,,,,,,,TID_BADGE_NAME_SPOOKY_CHESS_TRAIL_COMPLETION,TID_BADGE_INFO_SPOOKY_CHESS_TRAIL_COMPLETION,sc/ui_badges.sc,mastery_badge_appear_anim,sc/ui_badges.sc,spooky_chess_silver_badge_lvl3,,3,,,,,,
,,,,,,,,,,,,,TID_BADGE_NAME_SPOOKY_CHESS_TRAIL_COMPLETION,TID_BADGE_INFO_SPOOKY_CHESS_TRAIL_COMPLETION,sc/ui_badges.sc,mastery_badge_appear_anim,sc/ui_badges.sc,spooky_chess_silver_badge_lvl4,,4,,,,,,
,,,,,,,,,,,,,TID_BADGE_NAME_SPOOKY_CHESS_TRAIL_COMPLETION,TID_BADGE_INFO_SPOOKY_CHESS_TRAIL_COMPLETION,sc/ui_badges.sc,mastery_badge_appear_anim,sc/ui_badges.sc,spooky_chess_silver_badge_lvl5,,5,,,,,,
,,,,,,,,,,,,,TID_BADGE_NAME_SPOOKY_CHESS_TRAIL_COMPLETION,TID_BADGE_INFO_SPOOKY_CHESS_TRAIL_COMPLETION,sc/ui_badges.sc,mastery_badge_appear_anim,sc/ui_badges.sc,spooky_chess_silver_badge_lvl6,,6,,,,,,
,,,,,,,,,,,,,TID_BADGE_NAME_SPOOKY_CHESS_TRAIL_COMPLETION,TID_BADGE_INFO_SPOOKY_CHESS_TRAIL_COMPLETION,sc/ui_badges.sc,mastery_badge_appear_anim,sc/ui_badges.sc,spooky_chess_silver_badge_lvl7,,7,,,,,,
,,,,,,,,,,,,,TID_BADGE_NAME_SPOOKY_CHESS_TRAIL_COMPLETION,TID_BADGE_INFO_SPOOKY_CHESS_TRAIL_COMPLETION,sc/ui_badges.sc,mastery_badge_appear_anim,sc/ui_badges.sc,spooky_chess_silver_badge_lvl8,,8,,,,,,
,,,,,,,,,,,,,TID_BADGE_NAME_SPOOKY_CHESS_TRAIL_COMPLETION,TID_BADGE_INFO_SPOOKY_CHESS_TRAIL_COMPLETION,sc/ui_badges.sc,mastery_badge_appear_anim,sc/ui_badges.sc,spooky_chess_silver_badge_lvl9,,9,,,,,,
,,,,,,,,,,,,,TID_BADGE_NAME_SPOOKY_CHESS_TRAIL_COMPLETION,TID_BADGE_INFO_SPOOKY_CHESS_TRAIL_COMPLETION,sc/ui_badges.sc,mastery_badge_appear_anim,sc/ui_badges.sc,spooky_chess_silver_badge_lvl10,,10,,,,,,
SpookyChessTrailRank,TID_BADGE_NAME_SPOOKY_CHESS_TRAIL_RANK,TID_BADGE_INFO_SPOOKY_CHESS_TRAIL_RANK,Champion,,TRUE,TRUE,,TRUE,TRUE,510,,,TID_BADGE_NAME_SPOOKY_CHESS_TRAIL_RANK,TID_BADGE_INFO_SPOOKY_CHESS_TRAIL_RANK,sc/ui_badges.sc,mastery_badge_appear_anim,sc/ui_badges.sc,spooky_chess_gold_badge_lvl1,,1,#<progress2>,,,,,
,,,,,,,,,,,,,TID_BADGE_NAME_SPOOKY_CHESS_TRAIL_RANK,TID_BADGE_INFO_SPOOKY_CHESS_TRAIL_RANK,sc/ui_badges.sc,mastery_badge_appear_anim,sc/ui_badges.sc,spooky_chess_gold_badge_lvl2,,2,#<progress2>,,,,,
,,,,,,,,,,,,,TID_BADGE_NAME_SPOOKY_CHESS_TRAIL_RANK,TID_BADGE_INFO_SPOOKY_CHESS_TRAIL_RANK,sc/ui_badges.sc,mastery_badge_appear_anim,sc/ui_badges.sc,spooky_chess_gold_badge_lvl3,,3,#<progress2>,,,,,
,,,,,,,,,,,,,TID_BADGE_NAME_SPOOKY_CHESS_TRAIL_RANK,TID_BADGE_INFO_SPOOKY_CHESS_TRAIL_RANK,sc/ui_badges.sc,mastery_badge_appear_anim,sc/ui_badges.sc,spooky_chess_gold_badge_lvl4,,4,#<progress2>,,,,,
,,,,,,,,,,,,,TID_BADGE_NAME_SPOOKY_CHESS_TRAIL_RANK,TID_BADGE_INFO_SPOOKY_CHESS_TRAIL_RANK,sc/ui_badges.sc,mastery_badge_appear_anim,sc/ui_badges.sc,spooky_chess_gold_badge_lvl5,,5,#<progress2>,,,,,
,,,,,,,,,,,,,TID_BADGE_NAME_SPOOKY_CHESS_TRAIL_RANK,TID_BADGE_INFO_SPOOKY_CHESS_TRAIL_RANK,sc/ui_badges.sc,mastery_badge_appear_anim,sc/ui_badges.sc,spooky_chess_gold_badge_lvl6,,6,#<progress2>,,,,,
,,,,,,,,,,,,,TID_BADGE_NAME_SPOOKY_CHESS_TRAIL_RANK,TID_BADGE_INFO_SPOOKY_CHESS_TRAIL_RANK,sc/ui_badges.sc,mastery_badge_appear_anim,sc/ui_badges.sc,spooky_chess_gold_badge_lvl7,,7,#<progress2>,,,,,
,,,,,,,,,,,,,TID_BADGE_NAME_SPOOKY_CHESS_TRAIL_RANK,TID_BADGE_INFO_SPOOKY_CHESS_TRAIL_RANK,sc/ui_badges.sc,mastery_badge_appear_anim,sc/ui_badges.sc,spooky_chess_gold_badge_lvl8,,8,#<progress2>,,,,,
,,,,,,,,,,,,,TID_BADGE_NAME_SPOOKY_CHESS_TRAIL_RANK,TID_BADGE_INFO_SPOOKY_CHESS_TRAIL_RANK,sc/ui_badges.sc,mastery_badge_appear_anim,sc/ui_badges.sc,spooky_chess_gold_badge_lvl9,,9,#<progress2>,,,,,
,,,,,,,,,,,,,TID_BADGE_NAME_SPOOKY_CHESS_TRAIL_RANK,TID_BADGE_INFO_SPOOKY_CHESS_TRAIL_RANK,sc/ui_badges.sc,mastery_badge_appear_anim,sc/ui_badges.sc,spooky_chess_gold_badge_lvl10,,10,#<progress2>,,,,,
MergeTacticsCompletion,TID_BADGE_NAME_MERGE_TACTICS_COMPLETION,TID_BADGE_INFO_MERGE_TACTICS_COMPLETION,Legendary,,TRUE,,,TRUE,,180,,,TID_BADGE_NAME_MERGE_TACTICS_COMPLETION,TID_BADGE_INFO_MERGE_TACTICS_COMPLETION,sc/ui_badges.sc,mastery_badge_appear_anim,sc/ui_badges.sc,merge_tactics_silver_badge_lvl1,,1,,,,,,
,,,,,,,,,,,,,TID_BADGE_NAME_MERGE_TACTICS_COMPLETION,TID_BADGE_INFO_MERGE_TACTICS_COMPLETION,sc/ui_badges.sc,mastery_badge_appear_anim,sc/ui_badges.sc,merge_tactics_silver_badge_lvl2,,2,,,,,,
,,,,,,,,,,,,,TID_BADGE_NAME_MERGE_TACTICS_COMPLETION,TID_BADGE_INFO_MERGE_TACTICS_COMPLETION,sc/ui_badges.sc,mastery_badge_appear_anim,sc/ui_badges.sc,merge_tactics_silver_badge_lvl3,,3,,,,,,
,,,,,,,,,,,,,TID_BADGE_NAME_MERGE_TACTICS_COMPLETION,TID_BADGE_INFO_MERGE_TACTICS_COMPLETION,sc/ui_badges.sc,mastery_badge_appear_anim,sc/ui_badges.sc,merge_tactics_silver_badge_lvl4,,4,,,,,,
,,,,,,,,,,,,,TID_BADGE_NAME_MERGE_TACTICS_COMPLETION,TID_BADGE_INFO_MERGE_TACTICS_COMPLETION,sc/ui_badges.sc,mastery_badge_appear_anim,sc/ui_badges.sc,merge_tactics_silver_badge_lvl5,,5,,,,,,
,,,,,,,,,,,,,TID_BADGE_NAME_MERGE_TACTICS_COMPLETION,TID_BADGE_INFO_MERGE_TACTICS_COMPLETION,sc/ui_badges.sc,mastery_badge_appear_anim,sc/ui_badges.sc,merge_tactics_silver_badge_lvl6,,6,,,,,,
,,,,,,,,,,,,,TID_BADGE_NAME_MERGE_TACTICS_COMPLETION,TID_BADGE_INFO_MERGE_TACTICS_COMPLETION,sc/ui_badges.sc,mastery_badge_appear_anim,sc/ui_badges.sc,merge_tactics_silver_badge_lvl7,,7,,,,,,
,,,,,,,,,,,,,TID_BADGE_NAME_MERGE_TACTICS_COMPLETION,TID_BADGE_INFO_MERGE_TACTICS_COMPLETION,sc/ui_badges.sc,mastery_badge_appear_anim,sc/ui_badges.sc,merge_tactics_silver_badge_lvl8,,8,,,,,,
,,,,,,,,,,,,,TID_BADGE_NAME_MERGE_TACTICS_COMPLETION,TID_BADGE_INFO_MERGE_TACTICS_COMPLETION,sc/ui_badges.sc,mastery_badge_appear_anim,sc/ui_badges.sc,merge_tactics_silver_badge_lvl9,,9,,,,,,
,,,,,,,,,,,,,TID_BADGE_NAME_MERGE_TACTICS_COMPLETION,TID_BADGE_INFO_MERGE_TACTICS_COMPLETION,sc/ui_badges.sc,mastery_badge_appear_anim,sc/ui_badges.sc,merge_tactics_silver_badge_lvl10,,10,,,,,,
MergeTacticsRank,TID_BADGE_NAME_MERGE_TACTICS_RANK,TID_BADGE_INFO_MERGE_TACTICS_RANK,Champion,,TRUE,TRUE,,TRUE,TRUE,510,,,TID_BADGE_NAME_MERGE_TACTICS_RANK,TID_BADGE_INFO_MERGE_TACTICS_RANK,sc/ui_badges.sc,mastery_badge_appear_anim,sc/ui_badges.sc,merge_tactics_gold_badge_lvl1,,1,#<progress2>,,,,,
,,,,,,,,,,,,,TID_BADGE_NAME_MERGE_TACTICS_RANK,TID_BADGE_INFO_MERGE_TACTICS_RANK,sc/ui_badges.sc,mastery_badge_appear_anim,sc/ui_badges.sc,merge_tactics_gold_badge_lvl2,,2,#<progress2>,,,,,
,,,,,,,,,,,,,TID_BADGE_NAME_MERGE_TACTICS_RANK,TID_BADGE_INFO_MERGE_TACTICS_RANK,sc/ui_badges.sc,mastery_badge_appear_anim,sc/ui_badges.sc,merge_tactics_gold_badge_lvl3,,3,#<progress2>,,,,,
,,,,,,,,,,,,,TID_BADGE_NAME_MERGE_TACTICS_RANK,TID_BADGE_INFO_MERGE_TACTICS_RANK,sc/ui_badges.sc,mastery_badge_appear_anim,sc/ui_badges.sc,merge_tactics_gold_badge_lvl4,,4,#<progress2>,,,,,
,,,,,,,,,,,,,TID_BADGE_NAME_MERGE_TACTICS_RANK,TID_BADGE_INFO_MERGE_TACTICS_RANK,sc/ui_badges.sc,mastery_badge_appear_anim,sc/ui_badges.sc,merge_tactics_gold_badge_lvl5,,5,#<progress2>,,,,,
,,,,,,,,,,,,,TID_BADGE_NAME_MERGE_TACTICS_RANK,TID_BADGE_INFO_MERGE_TACTICS_RANK,sc/ui_badges.sc,mastery_badge_appear_anim,sc/ui_badges.sc,merge_tactics_gold_badge_lvl6,,6,#<progress2>,,,,,
,,,,,,,,,,,,,TID_BADGE_NAME_MERGE_TACTICS_RANK,TID_BADGE_INFO_MERGE_TACTICS_RANK,sc/ui_badges.sc,mastery_badge_appear_anim,sc/ui_badges.sc,merge_tactics_gold_badge_lvl7,,7,#<progress2>,,,,,
,,,,,,,,,,,,,TID_BADGE_NAME_MERGE_TACTICS_RANK,TID_BADGE_INFO_MERGE_TACTICS_RANK,sc/ui_badges.sc,mastery_badge_appear_anim,sc/ui_badges.sc,merge_tactics_gold_badge_lvl8,,8,#<progress2>,,,,,
,,,,,,,,,,,,,TID_BADGE_NAME_MERGE_TACTICS_RANK,TID_BADGE_INFO_MERGE_TACTICS_RANK,sc/ui_badges.sc,mastery_badge_appear_anim,sc/ui_badges.sc,merge_tactics_gold_badge_lvl9,,9,#<progress2>,,,,,
,,,,,,,,,,,,,TID_BADGE_NAME_MERGE_TACTICS_RANK,TID_BADGE_INFO_MERGE_TACTICS_RANK,sc/ui_badges.sc,mastery_badge_appear_anim,sc/ui_badges.sc,merge_tactics_gold_badge_lvl10,,10,#<progress2>,,,,,
Chaos_S3,TID_BADGE_NAME_CHAOS_S2,TID_BADGE_INFO_CHAOS_S3,Legendary,,TRUE,,TRUE,TRUE,,166,,,TID_BADGE_NAME_CHAOS_S2,TID_BADGE_INFO_CHAOS_S3,sc/ui_badges.sc,mastery_badge_appear_anim,sc/ui_badges.sc,crazy_mode_badge_05,,1,,,,,,
CrlFinalist2026,TID_BADGE_NAME_CRL_FINALIST_2026,TID_BADGE_INFO_CRL_FINALIST_2026,Champion,,TRUE,,,TRUE,,181,,,TID_BADGE_NAME_CRL_FINALIST_2026,TID_BADGE_INFO_CRL_FINALIST_2026,sc/ui_badges.sc,mastery_badge_appear_anim,sc/ui_badges.sc,CRL_badge_2026_finalist,,1,,,,,,
CrlSpectator2026,TID_BADGE_NAME_CRL_SPECTATOR_2026,TID_BADGE_INFO_CRL_SPECTATOR_2026,Common,,TRUE,,,TRUE,,180,,,TID_BADGE_NAME_CRL_SPECTATOR_2026,TID_BADGE_INFO_CRL_SPECTATOR_2026,sc/ui_badges.sc,mastery_badge_appear_anim,sc/ui_badges.sc,CRL_badge_2026_spectator,,1,,,,,,
CrlChampion2026,TID_BADGE_NAME_CRL_CHAMPION_2026,TID_BADGE_INFO_CRL_CHAMPION_2026,Champion,,TRUE,,,TRUE,,180,,,TID_BADGE_NAME_CRL_CHAMPION_2026,TID_BADGE_INFO_CRL_CHAMPION_2026,sc/ui_badges.sc,mastery_badge_appear_anim,sc/ui_badges.sc,CRL_badge_2026_champion,,1,,,,,,
Crl20Wins2026,TID_BADGE_NAME_CRL_2026,TID_BADGE_INFO_CRL_2026,Champion,,TRUE,,,TRUE,,340,,,TID_BADGE_NAME_CRL_2026,TID_BADGE_INFO_CRL_2026,sc/ui_badges.sc,mastery_badge_appear_anim,sc/ui_badges.sc,CRL_badge_2026,,17,,,,,,
