"Name","TID","DescriptionTID","Type","IsEnabled","OwnedByDefault","AssetScFile","AssetExportName","UsedInBox","IsAnimated"
"String","String","String","String","boolean","boolean","String","String","String","boolean"
"DefaultYellowBG1","TID_BANNER_NAME_DEFAULT_BG_BB00085","TID_BANNER_DESC_DEFAULT_BG_BB00085","Background","TRUE","TRUE","sc/ui_battle_banners.sc","banner_bg_default_yellow",,
"DefaultYellowFG1","TID_BANNER_NAME_DEFAULT_FG_BB00085","TID_BANNER_DESC_DEFAULT_FG_BB00085","Foreground","TRUE","TRUE","sc/ui_battle_banners.sc","banner_fg_default_yellow",,
"DefaultGreenBG2","TID_BANNER_NAME_DEFAULT_BG_BB00087","TID_BANNER_DESC_DEFAULT_BG_BB00087","Background","TRUE","TRUE","sc/ui_battle_banners.sc","banner_bg_default_green",,
"DefaultGreenFG2","TID_BANNER_NAME_DEFAULT_FG_BB00087","TID_BANNER_DESC_DEFAULT_FG_BB00087","Foreground","TRUE","TRUE","sc/ui_battle_banners.sc","banner_fg_default_green",,
"DefaultPurpleBG3","TID_BANNER_NAME_DEFAULT_BG_BB00086","TID_BANNER_DESC_DEFAULT_BG_BB00086","Background","TRUE","TRUE","sc/ui_battle_banners.sc","banner_bg_default_purple",,
"DefaultPurpleFG3","TID_BANNER_NAME_DEFAULT_FG_BB00086","TID_BANNER_DESC_DEFAULT_FG_BB00086","Foreground","TRUE","TRUE","sc/ui_battle_banners.sc","banner_fg_default_purple",,
"MegaKnightTeaTimeBG","TID_BANNER_NAME_BG_BB00001","TID_BANNER_DESC_BG_BB00001","Background","TRUE","FALSE","sc/BB00001_full_mega_knight_tea_time_dl.sc","banner_bg","Season 37_Box1",
"MegaKnightTeaTimeFG","TID_BANNER_NAME_FG_BB00001","TID_BANNER_DESC_FG_BB00001","Foreground","TRUE","FALSE","sc/BB00001_full_mega_knight_tea_time_dl.sc","banner_fg","Season 37_Box1",
"BonePitGiantSkeletonBG","TID_BANNER_NAME_BG_BB00003","TID_BANNER_DESC_BG_BB00003","Background","TRUE","FALSE","sc/BB00003_full_BonePitGiantSkeleton_dl.sc","banner_bg","Season 37_Box1",
"BonePitGiantSkeletonFG","TID_BANNER_NAME_FG_BB00003","TID_BANNER_DESC_FG_BB00003","Foreground","TRUE","FALSE","sc/BB00003_full_BonePitGiantSkeleton_dl.sc","banner_fg","Season 37_Box1",
"MiniPekkaBG","TID_BANNER_NAME_BG_BB00014","TID_BANNER_DESC_BG_BB00014","Background","TRUE","FALSE","sc/BB00014_full_MiniPekka_dl.sc","banner_bg","Season 37_Box1",
"MiniPekkaFG","TID_BANNER_NAME_FG_BB00014","TID_BANNER_DESC_FG_BB00014","Foreground","TRUE","FALSE","sc/BB00014_full_MiniPekka_dl.sc","banner_fg","Season 37_Box1",
"CloudsPrinceBG","TID_BANNER_NAME_BG_BB00064","TID_BANNER_DESC_BG_BB00064","Background","TRUE","FALSE","sc/BB00064_full_clouds_prince_dl.sc","banner_bg","Season 37_Box1",
"CloudsPrinceFG","TID_BANNER_NAME_FG_BB00064","TID_BANNER_DESC_FG_BB00064","Foreground","TRUE","FALSE","sc/BB00064_full_clouds_prince_dl.sc","banner_fg","Season 37_Box1",
"DartGoblinBG","TID_BANNER_NAME_BG_BB00065","TID_BANNER_DESC_BG_BB00065","Background","TRUE","FALSE","sc/BB00065_full_dart_goblin_dl.sc","banner_bg","Season 37_Box1",
"DartGoblinFG","TID_BANNER_NAME_FG_BB00065","TID_BANNER_DESC_FG_BB00065","Foreground","TRUE","FALSE","sc/BB00065_full_dart_goblin_dl.sc","banner_fg","Season 37_Box1",
"PekkaButterflyBG","TID_BANNER_NAME_BG_BB00067","TID_BANNER_DESC_BG_BB00067","Background","TRUE","FALSE","sc/BB00067_full_pekka_butterfly_dl.sc","banner_bg","Season 37_Box1",
"PekkaButterflyFG","TID_BANNER_NAME_FG_BB00067","TID_BANNER_DESC_FG_BB00067","Foreground","TRUE","FALSE","sc/BB00067_full_pekka_butterfly_dl.sc","banner_fg","Season 37_Box1",
"GoldeKnightBG","TID_BANNER_NAME_BG_BB00068","TID_BANNER_DESC_BG_BB00068","Background","TRUE","FALSE","sc/BB00068_full_golden_knight_dl.sc","banner_bg","Season 37_Box1",
"GoldeKnightFG","TID_BANNER_NAME_FG_BB00068","TID_BANNER_DESC_FG_BB00068","Foreground","TRUE","FALSE","sc/BB00068_full_golden_knight_dl.sc","banner_fg","Season 37_Box1",
"DefaultWitchBG","TID_BANNER_NAME_BG_BB00088","TID_BANNER_DESC_BG_BB00088","Background","TRUE","FALSE","sc/BB00088_full_default_witch_dl.sc","banner_bg","Season 37_Box1",
"DefaultWitchFG","TID_BANNER_NAME_FG_BB00088","TID_BANNER_DESC_FG_BB00088","Foreground","TRUE","FALSE","sc/BB00088_full_default_witch_dl.sc","banner_fg","Season 37_Box1",
"Chronos001","TID_BATTLEBANNER_NAME_PICTURESQUE_PIXELS","TID_BATTLEBANNER_DESC_PICTURESQUE_PIXELS","Background","TRUE","FALSE","sc/BB00101_bg_clash_past_barb_dl.sc","banner_bg","Season 38_Box2",
"Chronos002","TID_BATTLEBANNER_NAME_PIXEL_BARBARIAN","TID_BATTLEBANNER_DESC_PIXEL_BARBARIAN","Foreground","TRUE","FALSE","sc/BB00101_fg_clash_past_barb_dl.sc","banner_fg","Season 38_Box2",
"Chronos003","TID_BATTLEBANNER_NAME_PUZZLING_PATTERN","TID_BATTLEBANNER_DESC_PUZZLING_PATTERN","Background","TRUE","FALSE","sc/BB00103_bg_default_archer_dl.sc","banner_bg","Season 38_Box2",
"Chronos004","TID_BATTLEBANNER_NAME_AIMING_ARCHER","TID_BATTLEBANNER_DESC_AIMING_ARCHER","Foreground","TRUE","FALSE","sc/BB00103_fg_default_archer_dl.sc","banner_fg","Season 38_Box2",
"Chronos005","TID_BATTLEBANNER_NAME_PIXEL_HUT","TID_BATTLEBANNER_DESC_PIXEL_HUT","Background","TRUE","FALSE","sc/BB00105_bg_clash_past_goblin_dl.sc","banner_bg","Season 38_Box2",
"Chronos006","TID_BATTLEBANNER_NAME_PIXEL_PARADOX","TID_BATTLEBANNER_DESC_PIXEL_PARADOX","Foreground","TRUE","FALSE","sc/BB00105_fg_clash_past_goblin_dl.sc","banner_fg","Season 38_Box2",
"Chronos007","TID_BATTLEBANNER_NAME_TILED_CROWNS","TID_BATTLEBANNER_DESC_TILED_CROWNS","Background","TRUE","FALSE","sc/BB00066_bg_king_crown_dl.sc","banner_bg","Season 38_Box2",
"Chronos008","TID_BATTLEBANNER_NAME_KING'S_CANNON","TID_BATTLEBANNER_DESC_KING'S_CANNON","Foreground","TRUE","FALSE","sc/BB00066_fg_king_crown_dl.sc","banner_fg","Season 38_Box2",
"Chronos009","TID_BATTLEBANNER_NAME_LAVA_LAND","TID_BATTLEBANNER_DESC_LAVA_LAND","Background","TRUE","FALSE","sc/BB00062_bg_ice_wizard_skating_dl.sc","banner_bg","Season 38_Box2",
"Chronos010","TID_BATTLEBANNER_NAME_COLD_CORKSCREW","TID_BATTLEBANNER_DESC_COLD_CORKSCREW","Foreground","TRUE","FALSE","sc/BB00062_fg_ice_wizard_skating_dl.sc","banner_fg","Season 38_Box2",
"Chronos011","TID_BATTLEBANNER_NAME_TIDAL","TID_BATTLEBANNER_DESC_TIDAL","Background","TRUE","FALSE","sc/BB00017_bg_fisherman_dl.sc","banner_bg","Season 38_Box2",
"Chronos012","TID_BATTLEBANNER_NAME_HOOKED","TID_BATTLEBANNER_DESC_HOOKED","Foreground","TRUE","FALSE","sc/BB00017_fg_fisherman_dl.sc","banner_fg","Season 38_Box2",
"Chronos013","TID_BATTLEBANNER_NAME_ARENA_VIEW","TID_BATTLEBANNER_DESC_ARENA_VIEW","Background","TRUE","FALSE","sc/BB00007_bg_MightyMinerRoyalArena_dl.sc","banner_bg","Season 38_Box2",
"Chronos014","TID_BATTLEBANNER_NAME_THE_MIGHTIEST_MINER","TID_BATTLEBANNER_DESC_THE_MIGHTIEST_MINER","Foreground","TRUE","FALSE","sc/BB00007_fg_MightyMinerRoyalArena_dl.sc","banner_fg","Season 38_Box2",
"Chronos015","TID_BATTLEBANNER_NAME_PUSHING_FOR_PIXELS","TID_BATTLEBANNER_DESC_PUSHING_FOR_PIXELS","Background","TRUE","FALSE","sc/BB00106_bg_barbarian_pixel3D_dl.sc","banner_bg","Season 38_Box2",
"Chronos016","TID_BATTLEBANNER_NAME_PIXEL_POWER_UP","TID_BATTLEBANNER_DESC_PIXEL_POWER_UP","Foreground","TRUE","FALSE","sc/BB00106_fg_barbarian_pixel3D_dl.sc","banner_fg","Season 38_Box2",
"Chronos017","TID_BATTLEBANNER_NAME_BEACH_VIBING","TID_BATTLEBANNER_DESC_BEACH_VIBING","Background","TRUE","FALSE","sc/EliteBarbarianBeachSoccerBG_dl.sc","banner_bg",,
"Chronos018","TID_BATTLEBANNER_NAME_ELITE_SPORTS","TID_BATTLEBANNER_DESC_ELITE_SPORTS","Foreground","TRUE","FALSE","sc/EliteBarbarianBeachSoccerFG_dl.sc","banner_fg",,
"Chronos019","TID_BATTLEBANNER_NAME_BLOSSOM_BATTLE","TID_BATTLEBANNER_DESC_BLOSSOM_BATTLE","Background","TRUE","FALSE","sc/ArcherKitsuneMaskBG_dl.sc","banner_bg",,
"Chronos020","TID_BATTLEBANNER_NAME_KITSUNE_ARCHER","TID_BATTLEBANNER_DESC_KITSUNE_ARCHER","Foreground","TRUE","FALSE","sc/ArcherKitsuneMaskFG_dl.sc","banner_fg",,
"Chronos021","TID_BATTLEBANNER_NAME_HOG_CHARGE","TID_BATTLEBANNER_DESC_HOG_CHARGE","Background","TRUE","FALSE","sc/HogRiderThaiBoxingBG_dl.sc","banner_bg",,
"Chronos022","TID_BATTLEBANNER_NAME_HOG_FIGHTER","TID_BATTLEBANNER_DESC_HOG_FIGHTER","Foreground","TRUE","FALSE","sc/HogRiderThaiBoxingFG_dl.sc","banner_fg",,
"Chronos023","TID_BATTLEBANNER_NAME_BARREL_PRINT","TID_BATTLEBANNER_DESC_BARREL_PRINT","Background","TRUE","FALSE","sc/BarbarianBarrelBG_dl.sc","banner_bg","Season 39_Box3",
"Chronos024","TID_BATTLEBANNER_NAME_BARBARIAN_BARREL","TID_BATTLEBANNER_DESC_BARBARIAN_BARREL","Foreground","TRUE","FALSE","sc/BarbarianBarrelFG_dl.sc","banner_fg","Season 39_Box3",
"Chronos025","TID_BATTLEBANNER_NAME_FESTIVAL_PARTY","TID_BATTLEBANNER_DESC_FESTIVAL_PARTY","Background","TRUE","FALSE","sc/MightyMinerPartyBG_dl.sc","banner_bg","Season 39_Box3",
"Chronos026","TID_BATTLEBANNER_NAME_MIGHTY_CHEERS","TID_BATTLEBANNER_DESC_MIGHTY_CHEERS","Foreground","TRUE","FALSE","sc/MightyMinerPartyFG_dl.sc","banner_fg","Season 39_Box3",
"Chronos027","TID_BATTLEBANNER_NAME_BANGING_BACKGROUND","TID_BATTLEBANNER_DESC_BANGING_BACKGROUND","Background","TRUE","FALSE","sc/RoyalGiantBG_dl.sc","banner_bg","Season 39_Box3",
"Chronos028","TID_BATTLEBANNER_NAME_ROYAL_GIANT","TID_BATTLEBANNER_DESC_ROYAL_GIANT","Foreground","TRUE","FALSE","sc/RoyalGiantFG_dl.sc","banner_fg","Season 39_Box3",
"Chronos029","TID_BATTLEBANNER_NAME_FESTIVAL_FIREWORKS","TID_BATTLEBANNER_DESC_FESTIVAL_FIREWORKS","Background","TRUE","FALSE","sc/ClashFastHogRiderBG_dl.sc","banner_bg","Season 39_Box3",
"Chronos030","TID_BATTLEBANNER_NAME_STRONG_RIDER","TID_BATTLEBANNER_DESC_STRONG_RIDER","Foreground","TRUE","FALSE","sc/ClashFastHogRiderFG_dl.sc","banner_fg","Season 39_Box3",
"Chronos031","TID_BATTLEBANNER_NAME_FESTIVAL_LIGHTS","TID_BATTLEBANNER_DESC_FESTIVAL_LIGHTS","Background","TRUE","FALSE","sc/RamRiderPartyBG_dl.sc","banner_bg","Season 39_Box3",
"Chronos032","TID_BATTLEBANNER_NAME_RAM_LIGHTER","TID_BATTLEBANNER_DESC_RAM_LIGHTER","Foreground","TRUE","FALSE","sc/RamRiderPartyFG_dl.sc","banner_fg","Season 39_Box3",
"Chronos033","TID_BATTLEBANNER_NAME_LUSCIOUS_LAND","TID_BATTLEBANNER_DESC_LUSCIOUS_LAND","Background","TRUE","FALSE","sc/LogGrassBG_dl.sc","banner_bg","Season 39_Box3",
"Chronos034","TID_BATTLEBANNER_NAME_LOG_MOWER","TID_BATTLEBANNER_DESC_LOG_MOWER","Foreground","TRUE","FALSE","sc/LogGrassFG_dl.sc","banner_fg","Season 39_Box3",
"Chronos035","TID_BATTLEBANNER_NAME_STEAMY_STEW","TID_BATTLEBANNER_DESC_STEAMY_STEW","Background","TRUE","FALSE","sc/ExecutionerCookerBG_dl.sc","banner_bg","Season 39_Box3",
"Chronos036","TID_BATTLEBANNER_NAME_EXECUTIONER","TID_BATTLEBANNER_DESC_EXECUTIONER","Foreground","TRUE","FALSE","sc/ExecutionerCookerFG_dl.sc","banner_fg","Season 39_Box3",
"Chronos037","TID_BATTLEBANNER_NAME_GOLDEN_SKY","TID_BATTLEBANNER_DESC_GOLDEN_SKY","Background","TRUE","FALSE","sc/ValkiryeFightBG_dl.sc","banner_bg","Season 39_Box3",
"Chronos038","TID_BATTLEBANNER_NAME_VALKYRIE","TID_BATTLEBANNER_DESC_VALKYRIE","Foreground","TRUE","FALSE","sc/ValkiryeFightFG_dl.sc","banner_fg","Season 39_Box3",
"Chronos039","TID_BATTLEBANNER_NAME_PUMPKIN_BARRAGE","TID_BATTLEBANNER_DESC_PUMPKIN_BARRAGE","Foreground","TRUE","FALSE","sc/PumpkinDragonFG_dl.sc","banner_fg",,
"Chronos040","TID_BATTLEBANNER_NAME_THIS_IS_CLASH-O-WEEN","TID_BATTLEBANNER_DESC_THIS_IS_CLASH-O-WEEN","Background","TRUE","FALSE","sc/PumpkinDragonBG_dl.sc","banner_bg",,
"Chronos041","TID_BATTLEBANNER_NAME_HEADLESS_PONYMAN","TID_BATTLEBANNER_DESC_HEADLESS_PONYMAN","Foreground","TRUE","FALSE","sc/PrinceHeadlessFG_dl.sc","banner_fg",,
"Chronos042","TID_BATTLEBANNER_NAME_FRIGHTENING_FOREST","TID_BATTLEBANNER_DESC_FRIGHTENING_FOREST","Background","TRUE","FALSE","sc/PrinceHeadlessBG_dl.sc","banner_bg",,
"Chronos043","TID_BATTLEBANNER_NAME_P.U.M.P.K.I.N","TID_BATTLEBANNER_DESC_P.U.M.P.K.I.N","Foreground","TRUE","FALSE","sc/MiniPekkaHalloweenFG_dl.sc","banner_fg",,
"Chronos044","TID_BATTLEBANNER_NAME_PUMPKIN_PATCH","TID_BATTLEBANNER_DESC_PUMPKIN_PATCH","Background","TRUE","FALSE","sc/MiniPekkaHalloweenBG_dl.sc","banner_bg",,
"Chronos045","TID_BATTLEBANNER_NAME_BATS","TID_BATTLEBANNER_DESC_BATS","Foreground","TRUE","FALSE","sc/BatsAttackFG_dl.sc","banner_fg",,
"Chronos046","TID_BATTLEBANNER_NAME_MASSIVE_MOON","TID_BATTLEBANNER_DESC_MASSIVE_MOON","Background","TRUE","FALSE","sc/BatsAttackBG_dl.sc","banner_bg",,
"Chronos047","TID_BATTLEBANNER_NAME_FLAMING_FURNACE","TID_BATTLEBANNER_DESC_FLAMING_FURNACE","Foreground","TRUE","FALSE","sc/FurnaceFG_dl.sc","banner_fg",,
"Chronos048","TID_BATTLEBANNER_NAME_FIRE_CAVERN","TID_BATTLEBANNER_DESC_FIRE_CAVERN","Background","TRUE","FALSE","sc/FurnaceBG_dl.sc","banner_bg",,
"Chronos049","TID_BATTLEBANNER_NAME_MEGA_MINION","TID_BATTLEBANNER_DESC_MEGA_MINION","Foreground","TRUE","FALSE","sc/MegaMinionFG_dl.sc","banner_fg",,
"Chronos050","TID_BATTLEBANNER_NAME_HOGNADO","TID_BATTLEBANNER_DESC_HOGNADO","Background","TRUE","FALSE","sc/MegaMinionBG_dl.sc","banner_bg",,
"Chronos051","TID_BATTLEBANNER_NAME_ROYAL_GHOST","TID_BATTLEBANNER_DESC_ROYAL_GHOST","Foreground","TRUE","FALSE","sc/RoyalGhostT3FG_dl.sc","banner_fg",,
"Chronos052","TID_BATTLEBANNER_NAME_YELLOW_PATTERN","TID_BATTLEBANNER_DESC_YELLOW_PATTERN","Background","TRUE","FALSE","sc/RoyalGhostT3BG_dl.sc","banner_bg",,
"Chronos053","TID_BATTLEBANNER_NAME_GRAVEYARD","TID_BATTLEBANNER_DESC_GRAVEYARD","Foreground","TRUE","FALSE","sc/GraveyardSkullsT3FG_dl.sc","banner_fg",,
"Chronos054","TID_BATTLEBANNER_NAME_BLUE_PATTERN","TID_BATTLEBANNER_DESC_BLUE_PATTERN","Background","TRUE","FALSE","sc/GraveyardSkullsT3BG_dl.sc","banner_bg",,
"Chronos055","TID_BATTLEBANNER_NAME_GHOST_BAT","TID_BATTLEBANNER_DESC_GHOST_BAT","Foreground","TRUE","FALSE","sc/ChibiBatFG_dl.sc","banner_fg",,
"Chronos056","TID_BATTLEBANNER_NAME_GHOULISH_GRAVEYARD","TID_BATTLEBANNER_DESC_GHOULISH_GRAVEYARD","Background","TRUE","FALSE","sc/ChibiBatBG_dl.sc","banner_bg",,
"Chronos057","TID_BATTLEBANNER_NAME_BAT_GANG","TID_BATTLEBANNER_DESC_BAT_GANG","Foreground","TRUE","FALSE","sc/BatBFFT3FG_dl.sc","banner_fg",,
"Chronos058","TID_BATTLEBANNER_NAME_BABY_BATS","TID_BATTLEBANNER_DESC_BABY_BATS","Foreground","TRUE","FALSE","sc/batsatnightFG_dl.sc","banner_fg",,
"Chronos059","TID_BATTLEBANNER_NAME_WITCH_WARRIOR","TID_BATTLEBANNER_DESC_WITCH_WARRIOR","Foreground","TRUE","FALSE","sc/NightWitchDazeFG_dl.sc","banner_fg",,
"Chronos060","TID_BATTLEBANNER_NAME_SPOOKY_TOWN","TID_BATTLEBANNER_DESC_SPOOKY_TOWN","Background","TRUE","FALSE","sc/NightWitchDazeBG_dl.sc","banner_bg",,
"Chronos061","TID_BATTLEBANNER_NAME_SPOOKY_SUMMONER","TID_BATTLEBANNER_DESC_SPOOKY_SUMMONER","Foreground","TRUE","FALSE","sc/NightWitchSpellFG_dl.sc","banner_fg",,
"Chronos062","TID_BATTLEBANNER_NAME_CANDY_WITCH","TID_BATTLEBANNER_DESC_CANDY_WITCH","Foreground","TRUE","FALSE","sc/WitchHalloweenFG_dl.sc","banner_fg",,
"Chronos063","TID_BATTLEBANNER_NAME_COOLING_OFF","TID_BATTLEBANNER_DESC_COOLING_OFF","Foreground","TRUE","FALSE","sc/MonkSnowFG_dl.sc","banner_fg",,
"Chronos064","TID_BATTLEBANNER_NAME_PEACEFUL_PLATEAU","TID_BATTLEBANNER_DESC_PEACEFUL_PLATEAU","Background","TRUE","FALSE","sc/MonkSnowBG_dl.sc","banner_bg",,
"Chronos065","TID_BATTLEBANNER_NAME_BLOSSOM_BATH","TID_BATTLEBANNER_DESC_BLOSSOM_BATH","Foreground","TRUE","FALSE","sc/MonkZenFG_dl.sc","banner_fg",,
"Chronos066","TID_BATTLEBANNER_NAME_WILD_WATERFALL","TID_BATTLEBANNER_DESC_WILD_WATERFALL","Background","TRUE","FALSE","sc/MonkZenBG_dl.sc","banner_bg",,
"Chronos067","TID_BATTLEBANNER_NAME_MONKTAL_KOMBAT","TID_BATTLEBANNER_DESC_MONKTAL_KOMBAT","Foreground","TRUE","FALSE","sc/MonkKickFG_dl.sc","banner_fg",,
"Chronos068","TID_BATTLEBANNER_NAME_SILENT_SANCTUARY","TID_BATTLEBANNER_DESC_SILENT_SANCTUARY","Background","TRUE","FALSE","sc/MonkKickBG_dl.sc","banner_bg",,
"Chronos069","TID_BATTLEBANNER_NAME_RASCAL_BOY","TID_BATTLEBANNER_DESC_RASCAL_BOY","Foreground","TRUE","FALSE","sc/DragonSpaRascalsFG_dl.sc","banner_fg",,
"Chronos070","TID_BATTLEBANNER_NAME_RISKY_RASCALS","TID_BATTLEBANNER_DESC_RISKY_RASCALS","Background","TRUE","FALSE","sc/DragonSpaRascalsBG_dl.sc","banner_bg",,
"Chronos071","TID_BATTLEBANNER_NAME_FIRECRACKER","TID_BATTLEBANNER_DESC_FIRECRACKER","Foreground","TRUE","FALSE","sc/FirecrackerFG_dl.sc","banner_fg",,
"Chronos072","TID_BATTLEBANNER_NAME_TARGET_RANGE","TID_BATTLEBANNER_DESC_TARGET_RANGE","Background","TRUE","FALSE","sc/FirecrackerBG_dl.sc","banner_bg",,
"Chronos073","TID_BATTLEBANNER_NAME_BUTTERFLY_BUDDY","TID_BATTLEBANNER_DESC_BUTTERFLY_BUDDY","Foreground","TRUE","FALSE","sc/PekkaButterflysFG_dl.sc","banner_fg",,
"Chronos074","TID_BATTLEBANNER_NAME_MAGMA_MONSTERS","TID_BATTLEBANNER_DESC_MAGMA_MONSTERS","Background","TRUE","FALSE","sc/PekkaButterflysBG_dl.sc","banner_bg",,
"Chronos075","TID_BATTLEBANNER_NAME_RAM_RIDER","TID_BATTLEBANNER_DESC_RAM_RIDER","Foreground","TRUE","FALSE","sc/RamRiderT3FG_dl.sc","banner_fg",,
"Chronos076","TID_BATTLEBANNER_NAME_RAM_PRINT","TID_BATTLEBANNER_DESC_RAM_PRINT","Background","TRUE","FALSE","sc/RamRiderT3BG_dl.sc","banner_bg",,
"Chronos077","TID_BATTLEBANNER_NAME_MONK","TID_BATTLEBANNER_DESC_MONK","Foreground","TRUE","FALSE","sc/LotusMonkT3FG_dl.sc","banner_fg",,
"Chronos078","TID_BATTLEBANNER_NAME_LOTUS_PRINT","TID_BATTLEBANNER_DESC_LOTUS_PRINT","Background","TRUE","FALSE","sc/LotusMonkT3BG_dl.sc","banner_bg",,
"Chronos079","TID_BATTLEBANNER_NAME_SURPRISE!","TID_BATTLEBANNER_DESC_SURPRISE!","Foreground","TRUE","FALSE","sc/RebornPhoenixFG_dl.sc","banner_fg",,
"Chronos080","TID_BATTLEBANNER_NAME_BAMBOO_SHOOTS","TID_BATTLEBANNER_DESC_BAMBOO_SHOOTS","Background","TRUE","FALSE","sc/RebornPhoenixBG_dl.sc","banner_bg",,
"Chronos081","TID_BATTLEBANNER_NAME_FEATHERED_FRIEND","TID_BATTLEBANNER_DESC_FEATHERED_FRIEND","Foreground","TRUE","FALSE","sc/ChillingPhoenixFG_dl.sc","banner_fg",,
"Chronos082","TID_BATTLEBANNER_NAME_WEATHERED_SANCTUARY","TID_BATTLEBANNER_DESC_WEATHERED_SANCTUARY","Background","TRUE","FALSE","sc/ChillingPhoenixBG_dl.sc","banner_bg",,
"Chronos083","TID_BATTLEBANNER_NAME_SUPER_PAPER_PHOENIX","TID_BATTLEBANNER_DESC_SUPER_PAPER_PHOENIX","Foreground","TRUE","FALSE","sc/ChibiPhoenixFG_dl.sc","banner_fg",,
"Chronos084","TID_BATTLEBANNER_NAME_WATERLOGGED","TID_BATTLEBANNER_DESC_WATERLOGGED","Background","TRUE","FALSE","sc/ChibiPhoenixBG_dl.sc","banner_bg",,
"Chronos085","TID_BATTLEBANNER_NAME_CLASHMAS_PRINCE","TID_BATTLEBANNER_DESC_CLASHMAS_PRINCE","Foreground","TRUE","FALSE","sc/SantaPrinceFG_dl.sc","banner_fg",,
"Chronos086","TID_BATTLEBANNER_NAME_STARRY_STARRY_NIGHT","TID_BATTLEBANNER_DESC_STARRY_STARRY_NIGHT","Background","TRUE","FALSE","sc/SantaPrinceBG_dl.sc","banner_bg",,
"Chronos087","TID_BATTLEBANNER_NAME_SNOWGLOBE_SKELETON","TID_BATTLEBANNER_DESC_SNOWGLOBE_SKELETON","Foreground","TRUE","FALSE","sc/SnowBallFG_dl.sc","banner_fg",,
"Chronos088","TID_BATTLEBANNER_NAME_CLASHMAS_SKIES","TID_BATTLEBANNER_DESC_CLASHMAS_SKIES","Background","TRUE","FALSE","sc/SnowBallBG_dl.sc","banner_bg",,
"Chronos089","TID_BATTLEBANNER_NAME_NUTCRACKER_KING","TID_BATTLEBANNER_DESC_NUTCRACKER_KING","Foreground","TRUE","FALSE","sc/KingNutCrakerFG_dl.sc","banner_fg",,
"Chronos090","TID_BATTLEBANNER_NAME_WINTER_VIBES","TID_BATTLEBANNER_DESC_WINTER_VIBES","Background","TRUE","FALSE","sc/KingNutCrakerBG_dl.sc","banner_bg",,
"Chronos091","TID_BATTLEBANNER_NAME_SHE'S_ELECTRIC","TID_BATTLEBANNER_DESC_SHE'S_ELECTRIC","Foreground","TRUE","FALSE","sc/SparkyShotFG_dl.sc","banner_fg",,
"Chronos092","TID_BATTLEBANNER_NAME_LIGHTNING_BOLTS","TID_BATTLEBANNER_DESC_LIGHTNING_BOLTS","Background","TRUE","FALSE","sc/SparkyShotBG_dl.sc","banner_bg",,
"Chronos093","TID_BATTLEBANNER_NAME_MINIONS","TID_BATTLEBANNER_DESC_MINIONS","Foreground","TRUE","FALSE","sc/MinionsHordeFG_dl.sc","banner_fg",,
"Chronos094","TID_BATTLEBANNER_NAME_SPOT_THE_DRAGON","TID_BATTLEBANNER_DESC_SPOT_THE_DRAGON","Background","TRUE","FALSE","sc/MinionsHordeBG_dl.sc","banner_bg",,
"Chronos095","TID_BATTLEBANNER_NAME_GOBLIN_BARREL","TID_BATTLEBANNER_DESC_GOBLIN_BARREL","Foreground","TRUE","FALSE","sc/GoblinBarrelFG_dl.sc","banner_fg",,
"Chronos096","TID_BATTLEBANNER_NAME_CLOUDS","TID_BATTLEBANNER_DESC_CLOUDS","Background","TRUE","FALSE","sc/GoblinBarrelBG_dl.sc","banner_bg",,
"Chronos097","TID_BATTLEBANNER_NAME_ICE_SPIRIT","TID_BATTLEBANNER_DESC_ICE_SPIRIT","Foreground","TRUE","FALSE","sc/SnowflakesT3FG_dl.sc","banner_fg",,
"Chronos098","TID_BATTLEBANNER_NAME_SNOWFLAKES","TID_BATTLEBANNER_DESC_SNOWFLAKES","Background","TRUE","FALSE","sc/SnowflakesT3BG_dl.sc","banner_bg",,
"Chronos099","TID_BATTLEBANNER_NAME_HEAL_SPIRIT","TID_BATTLEBANNER_DESC_HEAL_SPIRIT","Foreground","TRUE","FALSE","sc/ReindeerGiftWrapT3FG_dl.sc","banner_fg",,
"Chronos100","TID_BATTLEBANNER_NAME_CLASHMAS_PATTERN","TID_BATTLEBANNER_DESC_CLASHMAS_PATTERN","Background","TRUE","FALSE","sc/ReindeerGiftWrapT3BG_dl.sc","banner_bg",,
"Chronos101","TID_BATTLEBANNER_NAME_HO_HO_HOG_RIDER","TID_BATTLEBANNER_DESC_HO_HO_HOG_RIDER","Foreground","TRUE","FALSE","sc/GiftAdventureFG_dl.sc","banner_fg",,
"Chronos102","TID_BATTLEBANNER_NAME_CANDY_CYCLONE","TID_BATTLEBANNER_DESC_CANDY_CYCLONE","Background","TRUE","FALSE","sc/GiftAdventureBG_dl.sc","banner_bg",,
"Chronos103","TID_BATTLEBANNER_NAME_SPECIAL_DELIVERY","TID_BATTLEBANNER_DESC_SPECIAL_DELIVERY","Foreground","TRUE","FALSE","sc/SnowRideHogFG_dl.sc","banner_fg",,
"Chronos104","TID_BATTLEBANNER_NAME_CLASHMAS_VILLAGE","TID_BATTLEBANNER_DESC_CLASHMAS_VILLAGE","Background","TRUE","FALSE","sc/SnowRideHogBG_dl.sc","banner_bg",,
"Chronos105","TID_BATTLEBANNER_NAME_SHARING_IS_CARING","TID_BATTLEBANNER_DESC_SHARING_IS_CARING","Foreground","TRUE","FALSE","sc/ChibiHogRiderSantaGiftFG_dl.sc","banner_fg",,
"Chronos106","TID_BATTLEBANNER_NAME_CLASHMAS_PRESENTS","TID_BATTLEBANNER_DESC_CLASHMAS_PRESENTS","Background","TRUE","FALSE","sc/ChibiHogRiderSantaGiftBG_dl.sc","banner_bg",,
"Chronos107","TID_BATTLEBANNER_NAME_SLEIGH_RIDER","TID_BATTLEBANNER_DESC_SLEIGH_RIDER","Foreground","TRUE","FALSE","sc/ChibiHogRiderSantaSledFG_dl.sc","banner_fg",,
"Chronos108","TID_BATTLEBANNER_NAME_SNOWY_SCENE","TID_BATTLEBANNER_DESC_SNOWY_SCENE","Background","TRUE","FALSE","sc/ChibiHogRiderSantaSledBG_dl.sc","banner_bg",,
"Chronos109","TID_BATTLEBANNER_NAME_SANTA_HOG_RIDER","TID_BATTLEBANNER_DESC_SANTA_HOG_RIDER","Foreground","TRUE","FALSE","sc/ClashmasHogSantFG_dl.sc","banner_fg",,
"Chronos110","TID_BATTLEBANNER_NAME_WONDERFUL_WORKSHOP","TID_BATTLEBANNER_DESC_WONDERFUL_WORKSHOP","Background","TRUE","FALSE","sc/ClashmasHogSantBG_dl.sc","banner_bg",,
"Chronos111","TID_BATTLEBANNER_NAME_GOBBLIN'_GOBLIN","TID_BATTLEBANNER_DESC_GOBBLIN'_GOBLIN","Foreground","TRUE","FALSE","sc/ClashmasGoblinFG_dl.sc","banner_fg",,
"Chronos112","TID_BATTLEBANNER_NAME_CLASHMAS_CONVEYOR","TID_BATTLEBANNER_DESC_CLASHMAS_CONVEYOR","Background","TRUE","FALSE","sc/ClashmasGoblinBG_dl.sc","banner_bg",,
"Chronos113","TID_BATTLEBANNER_NAME_GOLEM_SENTRY","TID_BATTLEBANNER_DESC_GOLEM_SENTRY","Foreground","TRUE","FALSE","sc/DarkGolemFG_dl.sc","banner_fg",,
"Chronos114","TID_BATTLEBANNER_NAME_FOGGY_FOREST","TID_BATTLEBANNER_DESC_FOGGY_FOREST","Background","TRUE","FALSE","sc/DarkGolemBG_dl.sc","banner_bg",,
"Chronos115","TID_BATTLEBANNER_NAME_ICE_BUDDIES","TID_BATTLEBANNER_DESC_ICE_BUDDIES","Foreground","TRUE","FALSE","sc/GolemBrettoFG_dl.sc","banner_fg",,
"Chronos116","TID_BATTLEBANNER_NAME_AMAZING_AURORA","TID_BATTLEBANNER_DESC_AMAZING_AURORA","Background","TRUE","FALSE","sc/GolemBrettoBG_dl.sc","banner_bg",,
"Chronos117","TID_BATTLEBANNER_NAME_LOLLY_GOLEM","TID_BATTLEBANNER_DESC_LOLLY_GOLEM","Foreground","TRUE","FALSE","sc/IceStickGolemFG_dl.sc","banner_fg",,
"Chronos118","TID_BATTLEBANNER_NAME_DELICIOUS_DESIGN","TID_BATTLEBANNER_DESC_DELICIOUS_DESIGN","Background","TRUE","FALSE","sc/IceStickGolemBG_dl.sc","banner_bg",,
"Chronos119","TID_BATTLEBANNER_NAME_HUNTER_BADGE","TID_BATTLEBANNER_DESC_HUNTER_BADGE","Foreground","TRUE","FALSE","sc/EyeSpiFG_dl.sc","banner_fg",,
"Chronos120","TID_BATTLEBANNER_NAME_TREE-MENDOUS","TID_BATTLEBANNER_DESC_TREE-MENDOUS","Background","TRUE","FALSE","sc/EyeSpiBG_dl.sc","banner_bg",,
"Chronos121","TID_BATTLEBANNER_NAME_NAP_BREAK","TID_BATTLEBANNER_DESC_NAP_BREAK","Foreground","TRUE","FALSE","sc/DreamyMinerFG_dl.sc","banner_fg",,
"Chronos122","TID_BATTLEBANNER_NAME_GEMS_GALORE","TID_BATTLEBANNER_DESC_GEMS_GALORE","Background","TRUE","FALSE","sc/DreamyMinerBG_dl.sc","banner_bg",,
"Chronos123","TID_BATTLEBANNER_NAME_PANCAKED","TID_BATTLEBANNER_DESC_PANCAKED","Foreground","TRUE","FALSE","sc/PekkaPancakeFG_dl.sc","banner_fg",,
"Chronos124","TID_BATTLEBANNER_NAME_PANCAKES!","TID_BATTLEBANNER_DESC_PANCAKES!","Background","TRUE","FALSE","sc/PekkaPancakeBG_dl.sc","banner_bg",,
"Chronos125","TID_BATTLEBANNER_NAME_DARK_PRINCE","TID_BATTLEBANNER_DESC_DARK_PRINCE","Foreground","TRUE","FALSE","sc/DarkPrinceFG_dl.sc","banner_fg",,
"Chronos126","TID_BATTLEBANNER_NAME_CREST_COLLAGE","TID_BATTLEBANNER_DESC_CREST_COLLAGE","Background","TRUE","FALSE","sc/DarkPrinceBG_dl.sc","banner_bg",,
"Chronos127","TID_BATTLEBANNER_NAME_BATTLE_HEALER","TID_BATTLEBANNER_DESC_BATTLE_HEALER","Foreground","TRUE","FALSE","sc/HealerFG_dl.sc","banner_fg",,
"Chronos128","TID_BATTLEBANNER_NAME_BLUE_STARS","TID_BATTLEBANNER_DESC_BLUE_STARS","Background","TRUE","FALSE","sc/HealerBG_dl.sc","banner_bg",,
"Chronos129","TID_BATTLEBANNER_NAME_GOBLIN_DRUMMER","TID_BATTLEBANNER_DESC_GOBLIN_DRUMMER","Foreground","TRUE","FALSE","sc/FolkBandPlayFG_dl.sc","banner_fg",,
"Chronos130","TID_BATTLEBANNER_NAME_RED_VS_BLUE","TID_BATTLEBANNER_DESC_RED_VS_BLUE","Background","TRUE","FALSE","sc/FolkBandPlayBG_dl.sc","banner_bg",,
"Chronos131","TID_BATTLEBANNER_NAME_RIDERS","TID_BATTLEBANNER_DESC_RIDERS","Foreground","TRUE","FALSE","sc/LionMaskDancelFG_dl.sc","banner_fg",,
"Chronos132","TID_BATTLEBANNER_NAME_TRANQUIL_TREE","TID_BATTLEBANNER_DESC_TRANQUIL_TREE","Background","TRUE","FALSE","sc/LionMaskDancelBG_dl.sc","banner_bg",,
"Chronos133","TID_BATTLEBANNER_NAME_DANCING_WITCH","TID_BATTLEBANNER_DESC_DANCING_WITCH","Foreground","TRUE","FALSE","sc/MonkDanceFG_dl.sc","banner_fg",,
"Chronos134","TID_BATTLEBANNER_NAME_MUSIC_MAKERS","TID_BATTLEBANNER_DESC_MUSIC_MAKERS","Background","TRUE","FALSE","sc/MonkDanceBG_dl.sc","banner_bg",,
"Chronos135","TID_BATTLEBANNER_NAME_KING_AND_DRAGON","TID_BATTLEBANNER_DESC_KING_AND_DRAGON","Foreground","TRUE","FALSE","sc/SunMoon5HillsFG_dl.sc","banner_fg",,
"Chronos136","TID_BATTLEBANNER_NAME_MOUNTAIN_SKIES","TID_BATTLEBANNER_DESC_MOUNTAIN_SKIES","Background","TRUE","FALSE","sc/SunMoon5HillsBG_dl.sc","banner_bg",,
"Chronos137","TID_BATTLEBANNER_NAME_SLAM_DUNK","TID_BATTLEBANNER_DESC_SLAM_DUNK","Foreground","TRUE","FALSE","sc/ChibiIceGolemJumpFG_dl.sc","banner_fg",,
"Chronos138","TID_BATTLEBANNER_NAME_CRYSTALLINE","TID_BATTLEBANNER_DESC_CRYSTALLINE","Background","TRUE","FALSE","sc/ChibiIceGolemJumpBG_dl.sc","banner_bg",,
"Chronos139","TID_BATTLEBANNER_NAME_SNOWY_GREETING","TID_BATTLEBANNER_DESC_SNOWY_GREETING","Foreground","TRUE","FALSE","sc/ChibiIceGolemSnowflakeFG_dl.sc","banner_fg",,
"Chronos140","TID_BATTLEBANNER_NAME_SNOW_SCENE","TID_BATTLEBANNER_DESC_SNOW_SCENE","Background","TRUE","FALSE","sc/ChibiIceGolemSnowflakeBG_dl.sc","banner_bg",,
"Chronos141","TID_BATTLEBANNER_NAME_BUNNY_BARRAGE!","TID_BATTLEBANNER_DESC_BUNNY_BARRAGE!","Foreground","TRUE","FALSE","sc/RabbitCannonFG_dl.sc","banner_fg",,
"Chronos142","TID_BATTLEBANNER_NAME_BUNNIES_EVERYWHERE!","TID_BATTLEBANNER_DESC_BUNNIES_EVERYWHERE!","Background","TRUE","FALSE","sc/RabbitCannonBG_dl.sc","banner_bg",,
"Chronos143","TID_BATTLEBANNER_NAME_IMPOSTOR","TID_BATTLEBANNER_DESC_IMPOSTOR","Foreground","TRUE","FALSE","sc/RabbitsGobelinFG_dl.sc","banner_fg",,
"Chronos144","TID_BATTLEBANNER_NAME_GOOFY_GOBLINS","TID_BATTLEBANNER_DESC_GOOFY_GOBLINS","Background","TRUE","FALSE","sc/RabbitsGobelinBG_dl.sc","banner_bg",,
"Chronos145","TID_BATTLEBANNER_NAME_ICY_BREATH","TID_BATTLEBANNER_DESC_ICY_BREATH","Foreground","TRUE","FALSE","sc/IceWizardFG_dl.sc","banner_fg",,
"Chronos146","TID_BATTLEBANNER_NAME_SUN_&_SNOW","TID_BATTLEBANNER_DESC_SUN_&_SNOW","Background","TRUE","FALSE","sc/IceWizardBG_dl.sc","banner_bg",,
"Chronos147","TID_BATTLEBANNER_NAME_MAGIC_TRICK","TID_BATTLEBANNER_DESC_MAGIC_TRICK","Foreground","TRUE","FALSE","sc/LnyWizardRabbitFG_dl.sc","banner_fg",,
"Chronos148","TID_BATTLEBANNER_NAME_CELEBRATION_ROAD","TID_BATTLEBANNER_DESC_CELEBRATION_ROAD","Background","TRUE","FALSE","sc/LnyWizardRabbitBG_dl.sc","banner_bg",,
"Chronos149","TID_BATTLEBANNER_NAME_BATTLE_DRAGON","TID_BATTLEBANNER_DESC_BATTLE_DRAGON","Foreground","TRUE","FALSE","sc/LnyBattleRamFG_dl.sc","banner_fg",,
"Chronos150","TID_BATTLEBANNER_NAME_SETTING_SUN","TID_BATTLEBANNER_DESC_SETTING_SUN","Background","TRUE","FALSE","sc/LnyBattleRamBG_dl.sc","banner_bg",,
"Chronos151","TID_BATTLEBANNER_NAME_LOVE_BOMBER","TID_BATTLEBANNER_DESC_LOVE_BOMBER","Foreground","TRUE","FALSE","sc/LoveBombFG_dl.sc","banner_fg",,
"Chronos152","TID_BATTLEBANNER_NAME_FLOATING_HEARTS","TID_BATTLEBANNER_DESC_FLOATING_HEARTS","Background","TRUE","FALSE","sc/LoveBombBG_dl.sc","banner_bg",,
"Chronos153","TID_BATTLEBANNER_NAME_GOBLIN_KISSES","TID_BATTLEBANNER_DESC_GOBLIN_KISSES","Foreground","TRUE","FALSE","sc/RascalsFG_dl.sc","banner_fg",,
"Chronos154","TID_BATTLEBANNER_NAME_XOXO","TID_BATTLEBANNER_DESC_XOXO","Background","TRUE","FALSE","sc/RascalsBG_dl.sc","banner_bg",,
"Chronos155","TID_BATTLEBANNER_NAME_LUMBER_LOVE","TID_BATTLEBANNER_DESC_LUMBER_LOVE","Foreground","TRUE","FALSE","sc/LoverJackFG_dl.sc","banner_fg",,
"Chronos156","TID_BATTLEBANNER_NAME_CLASH_CLASSROOM","TID_BATTLEBANNER_DESC_CLASH_CLASSROOM","Background","TRUE","FALSE","sc/LoverJackBG_dl.sc","banner_bg",,
"Chronos157","TID_BATTLEBANNER_NAME_DRAGON_TRIO","TID_BATTLEBANNER_DESC_DRAGON_TRIO","Foreground","TRUE","FALSE","sc/DragonsArmyFG_dl.sc","banner_fg",,
"Chronos158","TID_BATTLEBANNER_NAME_BLUE_SKY_THINKING","TID_BATTLEBANNER_DESC_BLUE_SKY_THINKING","Background","TRUE","FALSE","sc/DragonsArmyBG_dl.sc","banner_bg",,
"Chronos159","TID_BATTLEBANNER_NAME_GOLDEN_BOY","TID_BATTLEBANNER_DESC_GOLDEN_BOY","Foreground","TRUE","FALSE","sc/GoldenManFG_dl.sc","banner_fg",,
"Chronos160","TID_BATTLEBANNER_NAME_SPRING_ARENA","TID_BATTLEBANNER_DESC_SPRING_ARENA","Background","TRUE","FALSE","sc/GoldenManBG_dl.sc","banner_bg",,
"Chronos161","TID_BATTLEBANNER_NAME_MOTHER_WHOOPS!","TID_BATTLEBANNER_DESC_MOTHER_WHOOPS!","Foreground","TRUE","FALSE","sc/MotherWitchFG_dl.sc","banner_fg",,
"Chronos162","TID_BATTLEBANNER_NAME_PURPLE_HAZE","TID_BATTLEBANNER_DESC_PURPLE_HAZE","Background","TRUE","FALSE","sc/MotherWitchBG_dl.sc","banner_bg",,
"Chronos163","TID_BATTLEBANNER_NAME_PRINCESS","TID_BATTLEBANNER_DESC_PRINCESS","Foreground","TRUE","FALSE","sc/PrincessFG_dl.sc","banner_fg",,
"Chronos164","TID_BATTLEBANNER_NAME_ARROW_PATTERN","TID_BATTLEBANNER_DESC_ARROW_PATTERN","Background","TRUE","FALSE","sc/PrincessBG_dl.sc","banner_bg",,
"Chronos165","TID_BATTLEBANNER_NAME_LOVE_ARROWS","TID_BATTLEBANNER_DESC_LOVE_ARROWS","Foreground","TRUE","FALSE","sc/LoveArrowFG_dl.sc","banner_fg",,
"Chronos166","TID_BATTLEBANNER_NAME_HEART_PATTERN","TID_BATTLEBANNER_DESC_HEART_PATTERN","Background","TRUE","FALSE","sc/LoveArrowBG_dl.sc","banner_bg",,
"Chronos167","TID_BATTLEBANNER_NAME_RAINBOW_RASCAL","TID_BATTLEBANNER_DESC_RAINBOW_RASCAL","Foreground","TRUE","FALSE","sc/ChibiPrideFG_dl.sc","banner_fg",,
"Chronos168","TID_BATTLEBANNER_NAME_CLEAR_SKIES","TID_BATTLEBANNER_DESC_CLEAR_SKIES","Background","TRUE","FALSE","sc/ChibiPrideBG_dl.sc","banner_bg",,
"Chronos169","TID_BATTLEBANNER_NAME_HEARTCHER","TID_BATTLEBANNER_DESC_HEARTCHER","Foreground","TRUE","FALSE","sc/ChibiValentineFG_dl.sc","banner_fg",,
"Chronos170","TID_BATTLEBANNER_NAME_SKY_LOVE","TID_BATTLEBANNER_DESC_SKY_LOVE","Background","TRUE","FALSE","sc/ChibiValentineBG_dl.sc","banner_bg",,
"Chronos171","TID_BATTLEBANNER_NAME_HEART-SHAPED_BOMB","TID_BATTLEBANNER_DESC_HEART-SHAPED_BOMB","Foreground","TRUE","FALSE","sc/GiantSkeletInLoveFG_dl.sc","banner_fg",,
"Chronos172","TID_BATTLEBANNER_NAME_SPARKLY_HEARTS","TID_BATTLEBANNER_DESC_SPARKLY_HEARTS","Background","TRUE","FALSE","sc/GiantSkeletInLoveBG_dl.sc","banner_bg",,
"Chronos173","TID_BATTLEBANNER_NAME_LOVESTRUCK","TID_BATTLEBANNER_DESC_LOVESTRUCK","Foreground","TRUE","FALSE","sc/LoveRiderFG_dl.sc","banner_fg",,
"Chronos174","TID_BATTLEBANNER_NAME_GOBLIN_CUPID","TID_BATTLEBANNER_DESC_GOBLIN_CUPID","Foreground","TRUE","FALSE","sc/CherublinsFG_dl.sc","banner_fg",,
"Chronos175","TID_BATTLEBANNER_NAME_BIRTHDAY_BARBARIAN","TID_BATTLEBANNER_DESC_BIRTHDAY_BARBARIAN","Foreground","TRUE","FALSE","sc/BarbarianSurpriseFG_dl.sc","banner_fg",,
"Chronos176","TID_BATTLEBANNER_NAME_BIRTHDAY_BANNER","TID_BATTLEBANNER_DESC_BIRTHDAY_BANNER","Background","TRUE","FALSE","sc/BarbarianSurpriseBG_dl.sc","banner_bg",,
"Chronos177","TID_BATTLEBANNER_NAME_BIRTHDAY_GOBLINS","TID_BATTLEBANNER_DESC_BIRTHDAY_GOBLINS","Foreground","TRUE","FALSE","sc/GoblinPartyFG_dl.sc","banner_fg",,
"Chronos178","TID_BATTLEBANNER_NAME_BIRTHDAY_BATTLE","TID_BATTLEBANNER_DESC_BIRTHDAY_BATTLE","Background","TRUE","FALSE","sc/GoblinPartyBG_dl.sc","banner_bg",,
"Chronos179","TID_BATTLEBANNER_NAME_PARTY_WIZARD","TID_BATTLEBANNER_DESC_PARTY_WIZARD","Foreground","TRUE","FALSE","sc/WizardFG_dl.sc","banner_fg",,
"Chronos180","TID_BATTLEBANNER_NAME_GOBLIN_DANCE_MUSIC","TID_BATTLEBANNER_DESC_GOBLIN_DANCE_MUSIC","Background","TRUE","FALSE","sc/WizardBG_dl.sc","banner_bg",,
"Chronos181","TID_BATTLEBANNER_NAME_GONE_FISHIN","TID_BATTLEBANNER_DESC_GONE_FISHIN","Foreground","TRUE","FALSE","sc/FishermanFishFG_dl.sc","banner_fg",,
"Chronos182","TID_BATTLEBANNER_NAME_WICKED_WAVES","TID_BATTLEBANNER_DESC_WICKED_WAVES","Background","TRUE","FALSE","sc/FishermanFishBG_dl.sc","banner_bg",,
"Chronos183","TID_BATTLEBANNER_NAME_ELECTRO_SPIRIT","TID_BATTLEBANNER_DESC_ELECTRO_SPIRIT","Foreground","TRUE","FALSE","sc/ElectroSpiritFG_dl.sc","banner_fg",,
"Chronos184","TID_BATTLEBANNER_NAME_RIDE_THE_LIGHTNING","TID_BATTLEBANNER_DESC_RIDE_THE_LIGHTNING","Background","TRUE","FALSE","sc/ElectroSpiritBG_dl.sc","banner_bg",,
"Chronos185","TID_BATTLEBANNER_NAME_CANNON","TID_BATTLEBANNER_DESC_CANNON","Foreground","TRUE","FALSE","sc/CannonFG_dl.sc","banner_fg",,
"Chronos186","TID_BATTLEBANNER_NAME_BOMBED_BATTLEFIELD","TID_BATTLEBANNER_DESC_BOMBED_BATTLEFIELD","Background","TRUE","FALSE","sc/CannonBG_dl.sc","banner_bg",,
"Chronos187","TID_BATTLEBANNER_NAME_LUMBERJACK","TID_BATTLEBANNER_DESC_LUMBERJACK","Foreground","TRUE","FALSE","sc/LumberJackT3FG_dl.sc","banner_fg",,
"Chronos188","TID_BATTLEBANNER_NAME_ELIXIR_LEAK","TID_BATTLEBANNER_DESC_ELIXIR_LEAK","Background","TRUE","FALSE","sc/LumberJackT3BG_dl.sc","banner_bg",,
"Chronos189","TID_BATTLEBANNER_NAME_BARBARIAN_RIDE","TID_BATTLEBANNER_DESC_BARBARIAN_RIDE","Foreground","TRUE","FALSE","sc/SwordBarbarianFG_dl.sc","banner_fg",,
"Chronos190","TID_BATTLEBANNER_NAME_CROSSED_SWORDS","TID_BATTLEBANNER_DESC_CROSSED_SWORDS","Background","TRUE","FALSE","sc/SwordBarbarianBG_dl.sc","banner_bg",,
"Chronos191","TID_BATTLEBANNER_NAME_PARTY_GOBLINS","TID_BATTLEBANNER_DESC_PARTY_GOBLINS","Foreground","TRUE","FALSE","sc/ChibiPartyGoblinPartyFG_dl.sc","banner_fg",,
"Chronos192","TID_BATTLEBANNER_NAME_DISCO_BALL","TID_BATTLEBANNER_DESC_DISCO_BALL","Background","TRUE","FALSE","sc/ChibiPartyGoblinPartyBG_dl.sc","banner_bg",,
"Chronos193","TID_BATTLEBANNER_NAME_G-BOY","TID_BATTLEBANNER_DESC_G-BOY","Foreground","TRUE","FALSE","sc/ChibiPartyGoblinDanceFG_dl.sc","banner_fg",,
"Chronos194","TID_BATTLEBANNER_NAME_DANCEFLOOR","TID_BATTLEBANNER_DESC_DANCEFLOOR","Background","TRUE","FALSE","sc/ChibiPartyGoblinDanceBG_dl.sc","banner_bg",,
"Chronos195","TID_BATTLEBANNER_NAME_RASCAL_BUFFET","TID_BATTLEBANNER_DESC_RASCAL_BUFFET","Foreground","TRUE","FALSE","sc/BanditCakePartyFG_dl.sc","banner_fg",,
"Chronos196","TID_BATTLEBANNER_NAME_PRESENT_PLAINS","TID_BATTLEBANNER_DESC_PRESENT_PLAINS","Background","TRUE","FALSE","sc/BanditCakePartyBG_dl.sc","banner_bg",,
"Chronos197","TID_BATTLEBANNER_NAME_BIRTHDAY_BABY","TID_BATTLEBANNER_DESC_BIRTHDAY_BABY","Foreground","TRUE","FALSE","sc/DragonPartyFG_dl.sc","banner_fg",,
"Chronos198","TID_BATTLEBANNER_NAME_CELEBRATION_CAMP","TID_BATTLEBANNER_DESC_CELEBRATION_CAMP","Background","TRUE","FALSE","sc/DragonPartyBG_dl.sc","banner_bg",,
"Chronos199","TID_BATTLEBANNER_NAME_GIFT_BRINGERS","TID_BATTLEBANNER_DESC_GIFT_BRINGERS","Foreground","TRUE","FALSE","sc/MinionsGiftFG_dl.sc","banner_fg",,
"Chronos200","TID_BATTLEBANNER_NAME_GIFTSPLOSION","TID_BATTLEBANNER_DESC_GIFTSPLOSION","Background","TRUE","FALSE","sc/MinionsGiftBG_dl.sc","banner_bg",,
"Chronos201","TID_BATTLEBANNER_NAME_GOBLIN_BOUNCER","TID_BATTLEBANNER_DESC_GOBLIN_BOUNCER","Foreground","TRUE","FALSE","sc/BouncerFG_dl.sc","banner_fg",,
"Chronos202","TID_BATTLEBANNER_NAME_GOBLIN_RAVERS","TID_BATTLEBANNER_DESC_GOBLIN_RAVERS","Background","TRUE","FALSE","sc/BouncerBG_dl.sc","banner_bg",,
"Chronos203","TID_BATTLEBANNER_NAME_PARTY_GOBLIN","TID_BATTLEBANNER_DESC_PARTY_GOBLIN","Foreground","TRUE","FALSE","sc/PartySoulGoblinFG_dl.sc","banner_fg",,
"Chronos204","TID_BATTLEBANNER_NAME_SHOOTING_STARS","TID_BATTLEBANNER_DESC_SHOOTING_STARS","Background","TRUE","FALSE","sc/PartySoulGoblinBG_dl.sc","banner_bg",,
"Chronos205","TID_BATTLEBANNER_NAME_DANCE-OFF","TID_BATTLEBANNER_DESC_DANCE-OFF","Foreground","TRUE","FALSE","sc/DancingFeverGoblinFG_dl.sc","banner_fg",,
"Chronos206","TID_BATTLEBANNER_NAME_PARTY_PALMS","TID_BATTLEBANNER_DESC_PARTY_PALMS","Background","TRUE","FALSE","sc/DancingFeverGoblinBG_dl.sc","banner_bg",,
"Chronos207","TID_BATTLEBANNER_NAME_REFRESCANTE","TID_BATTLEBANNER_DESC_REFRESCANTE","Foreground","TRUE","FALSE","sc/ElClaiscoKingRedFG_dl.sc","banner_fg",,
"Chronos208","TID_BATTLEBANNER_NAME_EL_CLASHICO_RED","TID_BATTLEBANNER_DESC_EL_CLASHICO_RED","Background","TRUE","FALSE","sc/ElClaiscoKingRedBG_dl.sc","banner_bg",,
"Chronos209","TID_BATTLEBANNER_NAME_CEST_MAGNIFIQUE","TID_BATTLEBANNER_DESC_CEST_MAGNIFIQUE","Foreground","TRUE","FALSE","sc/ElClaiscoKingBlueFG_dl.sc","banner_fg",,
"Chronos210","TID_BATTLEBANNER_NAME_EL_CLASHICO_BLUE","TID_BATTLEBANNER_DESC_EL_CLASHICO_BLUE","Background","TRUE","FALSE","sc/ElClaiscoKingBlueBG_dl.sc","banner_bg",,
"Chronos211","TID_BATTLEBANNER_NAME_BAD_DIRECTIONS","TID_BATTLEBANNER_DESC_BAD_DIRECTIONS","Foreground","TRUE","FALSE","sc/OrientationRaceGoblinFG_dl.sc","banner_fg",,
"Chronos212","TID_BATTLEBANNER_NAME_MYSTERY_CHEST","TID_BATTLEBANNER_DESC_MYSTERY_CHEST","Background","TRUE","FALSE","sc/OrientationRaceGoblinBG_dl.sc","banner_bg",,
"Chronos213","TID_BATTLEBANNER_NAME_HEAVE_HO","TID_BATTLEBANNER_DESC_HEAVE_HO","Foreground","TRUE","FALSE","sc/RopeContestFG_dl.sc","banner_fg",,
"Chronos214","TID_BATTLEBANNER_NAME_RUSHING_LIGHTS","TID_BATTLEBANNER_DESC_RUSHING_LIGHTS","Background","TRUE","FALSE","sc/RopeContestBG_dl.sc","banner_bg",,
"Chronos215","TID_BATTLEBANNER_NAME_SWORD_THROW","TID_BATTLEBANNER_DESC_SWORD_THROW","Foreground","TRUE","FALSE","sc/BulleyeBarbarianFG_dl.sc","banner_fg",,
"Chronos216","TID_BATTLEBANNER_NAME_TRAINING_GROUND","TID_BATTLEBANNER_DESC_TRAINING_GROUND","Background","TRUE","FALSE","sc/BulleyeBarbarianBG_dl.sc","banner_bg",,
"Chronos217","TID_BATTLEBANNER_NAME_OOH_SHINY","TID_BATTLEBANNER_DESC_OOH_SHINY","Foreground","TRUE","FALSE","sc/GoblinExplorerFG_dl.sc","banner_fg",,
"Chronos218","TID_BATTLEBANNER_NAME_WELCOME_TO_THE_JUNGLE","TID_BATTLEBANNER_DESC_WELCOME_TO_THE_JUNGLE","Background","TRUE","FALSE","sc/GoblinExplorerBG_dl.sc","banner_bg",,
"Chronos219","TID_BATTLEBANNER_NAME_NIGHT_WITCH","TID_BATTLEBANNER_DESC_NIGHT_WITCH","Foreground","TRUE","FALSE","sc/NightWitchFG_dl.sc","banner_fg",,
"Chronos220","TID_BATTLEBANNER_NAME_CREEPY_CASTLE","TID_BATTLEBANNER_DESC_CREEPY_CASTLE","Background","TRUE","FALSE","sc/NightWitchBG_dl.sc","banner_bg",,
"Chronos221","TID_BATTLEBANNER_NAME_GHOSTLY_ROYAL","TID_BATTLEBANNER_DESC_GHOSTLY_ROYAL","Foreground","TRUE","FALSE","sc/RoyalGhostFG_dl.sc","banner_fg",,
"Chronos222","TID_BATTLEBANNER_NAME_EXPLOSIVE_ENVIRONMENT","TID_BATTLEBANNER_DESC_EXPLOSIVE_ENVIRONMENT","Background","TRUE","FALSE","sc/RoyalGhostBG_dl.sc","banner_bg",,
"Chronos223","TID_BATTLEBANNER_NAME_ARCHER","TID_BATTLEBANNER_DESC_ARCHER","Foreground","TRUE","FALSE","sc/ArcherFG_dl.sc","banner_fg",,
"Chronos224","TID_BATTLEBANNER_NAME_TARGET_FRAME","TID_BATTLEBANNER_DESC_TARGET_FRAME","Background","TRUE","FALSE","sc/ArcherBG_dl.sc","banner_bg",,
"Chronos225","TID_BATTLEBANNER_NAME_MUSKETEER","TID_BATTLEBANNER_DESC_MUSKETEER","Foreground","TRUE","FALSE","sc/MusketeerFG_dl.sc","banner_fg",,
"Chronos226","TID_BATTLEBANNER_NAME_MUSKET_FRAME","TID_BATTLEBANNER_DESC_MUSKET_FRAME","Background","TRUE","FALSE","sc/MusketeerBG_dl.sc","banner_bg",,
"Chronos227","TID_BATTLEBANNER_NAME_VALK_SMASH","TID_BATTLEBANNER_DESC_VALK_SMASH","Foreground","TRUE","FALSE","sc/ValkyrieEasterFG_dl.sc","banner_fg",,
"Chronos228","TID_BATTLEBANNER_NAME_SPRING_FIELD","TID_BATTLEBANNER_DESC_SPRING_FIELD","Background","TRUE","FALSE","sc/ValkyrieEasterBG_dl.sc","banner_bg",,
"Chronos229","TID_BATTLEBANNER_NAME_ELECTRO_BUNNY","TID_BATTLEBANNER_DESC_ELECTRO_BUNNY","Foreground","TRUE","FALSE","sc/ChibiEasterFG_dl.sc","banner_fg",,
"Chronos230","TID_BATTLEBANNER_NAME_EGG_HUNT","TID_BATTLEBANNER_DESC_EGG_HUNT","Background","TRUE","FALSE","sc/ChibiEasterBG_dl.sc","banner_bg",,
"Chronos231","TID_BATTLEBANNER_NAME_ELECTRO_EGGS","TID_BATTLEBANNER_DESC_ELECTRO_EGGS","Foreground","TRUE","FALSE","sc/EasterSurpriseFG_dl.sc","banner_fg",,
"Chronos232","TID_BATTLEBANNER_NAME_FLOWERY_HILLS","TID_BATTLEBANNER_DESC_FLOWERY_HILLS","Background","TRUE","FALSE","sc/EasterSurpriseBG_dl.sc","banner_bg",,
"Chronos233","TID_BATTLEBANNER_NAME_WHOS_THERE?","TID_BATTLEBANNER_DESC_WHOS_THERE?","Foreground","TRUE","FALSE","sc/ChibiBootCampSuspiciousFG_dl.sc","banner_fg",,
"Chronos234","TID_BATTLEBANNER_NAME_RIVERSIDE","TID_BATTLEBANNER_DESC_RIVERSIDE","Background","TRUE","FALSE","sc/ChibiBootCampSuspiciousBG_dl.sc","banner_bg",,
"Chronos235","TID_BATTLEBANNER_NAME_SIMPLE_SHOT","TID_BATTLEBANNER_DESC_SIMPLE_SHOT","Foreground","TRUE","FALSE","sc/ChibiBootCampProudFG_dl.sc","banner_fg",,
"Chronos236","TID_BATTLEBANNER_NAME_SIMPLE_SCENERY","TID_BATTLEBANNER_DESC_SIMPLE_SCENERY","Background","TRUE","FALSE","sc/ChibiBootCampProudBG_dl.sc","banner_bg",,
"Chronos237","TID_BATTLEBANNER_NAME_BLOSSOM_HEALER","TID_BATTLEBANNER_DESC_BLOSSOM_HEALER","Foreground","TRUE","FALSE","sc/CherryblossomBattleHealerFG_dl.sc","banner_fg",,
"Chronos238","TID_BATTLEBANNER_NAME_BLOSSOMING_SKYLINE","TID_BATTLEBANNER_DESC_BLOSSOMING_SKYLINE","Background","TRUE","FALSE","sc/CherryblossomBattleHealerBG_dl.sc","banner_bg",,
"Chronos239","TID_BATTLEBANNER_NAME_SPIRIT_SNACKS","TID_BATTLEBANNER_DESC_SPIRIT_SNACKS","Foreground","TRUE","FALSE","sc/CherryblossomOutlawPicnicFG_dl.sc","banner_fg",,
"Chronos240","TID_BATTLEBANNER_NAME_CHERRY_BLOSSOM_PARTY","TID_BATTLEBANNER_DESC_CHERRY_BLOSSOM_PARTY","Background","TRUE","FALSE","sc/CherryblossomOutlawPicnicBG_dl.sc","banner_bg",,
"Chronos241","TID_BATTLEBANNER_NAME_PETAL_P.E.K.K.A","TID_BATTLEBANNER_DESC_PETAL_P.E.K.K.A","Foreground","TRUE","FALSE","sc/CherryblossomPekkaFG_dl.sc","banner_fg",,
"Chronos242","TID_BATTLEBANNER_NAME_SAKURA_STEPPIN","TID_BATTLEBANNER_DESC_SAKURA_STEPPIN","Background","TRUE","FALSE","sc/CherryblossomPekkaBG_dl.sc","banner_bg",,
"Chronos243","TID_BATTLEBANNER_NAME_PETAL_PRINCESS","TID_BATTLEBANNER_DESC_PETAL_PRINCESS","Foreground","TRUE","FALSE","sc/CherryblossomPrincessFG_dl.sc","banner_fg",,
"Chronos244","TID_BATTLEBANNER_NAME_SAKURA_CITY","TID_BATTLEBANNER_DESC_SAKURA_CITY","Background","TRUE","FALSE","sc/CherryblossomPrincessBG_dl.sc","banner_bg",,
"Chronos245","TID_BATTLEBANNER_NAME_TAKE_AIM","TID_BATTLEBANNER_DESC_TAKE_AIM","Foreground","TRUE","FALSE","sc/ArcherAnimationFG_dl.sc","banner_fg",,
"Chronos246","TID_BATTLEBANNER_NAME_FIRE","TID_BATTLEBANNER_DESC_FIRE","Background","TRUE","FALSE","sc/ArcherAnimationBG_dl.sc","banner_bg",,
"Chronos247","TID_BATTLEBANNER_NAME_TARGET_PRACTICE","TID_BATTLEBANNER_DESC_TARGET_PRACTICE","Foreground","TRUE","FALSE","sc/BullseyeFG_dl.sc","banner_fg",,
"Chronos248","TID_BATTLEBANNER_NAME_ROOKIE_RANGE","TID_BATTLEBANNER_DESC_ROOKIE_RANGE","Background","TRUE","FALSE","sc/BullseyeBG_dl.sc","banner_bg",,
"Chronos249","TID_BATTLEBANNER_NAME_ARCHER_ACROBATICS","TID_BATTLEBANNER_DESC_ARCHER_ACROBATICS","Foreground","TRUE","FALSE","sc/ArrowPetalsFG_dl.sc","banner_fg",,
"Chronos250","TID_BATTLEBANNER_NAME_PRO_RANGE","TID_BATTLEBANNER_DESC_PRO_RANGE","Background","TRUE","FALSE","sc/ArrowPetalsBG_dl.sc","banner_bg",,
"Chronos251","TID_BATTLEBANNER_NAME_FRESH_CUT","TID_BATTLEBANNER_DESC_FRESH_CUT","Foreground","TRUE","FALSE","sc/MonkHairdresserFG_dl.sc","banner_fg",,
"Chronos252","TID_BATTLEBANNER_NAME_RAM_SALON","TID_BATTLEBANNER_DESC_RAM_SALON","Background","TRUE","FALSE","sc/MonkHairdresserBG_dl.sc","banner_bg",,
"Chronos253","TID_BATTLEBANNER_NAME_ROCK_RIDER","TID_BATTLEBANNER_DESC_ROCK_RIDER","Foreground","TRUE","FALSE","sc/HogSculptFG_dl.sc","banner_fg",,
"Chronos254","TID_BATTLEBANNER_NAME_MICHAELHAMGELO","TID_BATTLEBANNER_DESC_MICHAELHAMGELO","Background","TRUE","FALSE","sc/HogSculptBG_dl.sc","banner_bg",,
"Chronos255","TID_BATTLEBANNER_NAME_DRAGON_DREAMS","TID_BATTLEBANNER_DESC_DRAGON_DREAMS","Foreground","TRUE","FALSE","sc/BabyDragonFG_dl.sc","banner_fg",,
"Chronos256","TID_BATTLEBANNER_NAME_DREAM_HOUSE","TID_BATTLEBANNER_DESC_DREAM_HOUSE","Background","TRUE","FALSE","sc/BabyDragonBG_dl.sc","banner_bg",,
"Chronos257","TID_BATTLEBANNER_NAME_ELIXIR_GOLEM","TID_BATTLEBANNER_DESC_ELIXIR_GOLEM","Foreground","TRUE","FALSE","sc/ElixirGolemFG_dl.sc","banner_fg",,
"Chronos258","TID_BATTLEBANNER_NAME_ELIXIR_ARENA","TID_BATTLEBANNER_DESC_ELIXIR_ARENA","Background","TRUE","FALSE","sc/ElixirGolemBG_dl.sc","banner_bg",,
"Chronos259","TID_BATTLEBANNER_NAME_FLYING_MACHINE","TID_BATTLEBANNER_DESC_FLYING_MACHINE","Foreground","TRUE","FALSE","sc/FlyingMachineFG_dl.sc","banner_fg",,
"Chronos260","TID_BATTLEBANNER_NAME_BLUE_SKY","TID_BATTLEBANNER_DESC_BLUE_SKY","Background","TRUE","FALSE","sc/FlyingMachineBG_dl.sc","banner_bg",,
"Chronos261","TID_BATTLEBANNER_NAME_PRINCELY_GREETING","TID_BATTLEBANNER_DESC_PRINCELY_GREETING","Foreground","TRUE","FALSE","sc/PrinceEntranceFG_dl.sc","banner_fg",,
"Chronos262","TID_BATTLEBANNER_NAME_FLOWER_FIGHT","TID_BATTLEBANNER_DESC_FLOWER_FIGHT","Background","TRUE","FALSE","sc/PrinceEntranceBG_dl.sc","banner_bg",,
"Chronos263","TID_BATTLEBANNER_NAME_GOBLIN_REFEREE","TID_BATTLEBANNER_DESC_GOBLIN_REFEREE","Foreground","TRUE","FALSE","sc/RefereeCupT3FG_dl.sc","banner_fg",,
"Chronos264","TID_BATTLEBANNER_NAME_TROPHY_PRINT","TID_BATTLEBANNER_DESC_TROPHY_PRINT","Background","TRUE","FALSE","sc/RefereeCupT3BG_dl.sc","banner_bg",,
"Chronos265","TID_BATTLEBANNER_NAME_SKELETON_BARREL","TID_BATTLEBANNER_DESC_SKELETON_BARREL","Foreground","TRUE","FALSE","sc/SkeletonBalloonFG_dl.sc","banner_fg",,
"Chronos266","TID_BATTLEBANNER_NAME_SKULL_FRAME","TID_BATTLEBANNER_DESC_SKULL_FRAME","Background","TRUE","FALSE","sc/SkeletonBalloonBG_dl.sc","banner_bg",,
"Chronos267","TID_BATTLEBANNER_NAME_STORY_TIME","TID_BATTLEBANNER_DESC_STORY_TIME","Foreground","TRUE","FALSE","sc/ChibiHogMoutainBookFG_dl.sc","banner_fg",,
"Chronos268","TID_BATTLEBANNER_NAME_HOG_HUT","TID_BATTLEBANNER_DESC_HOG_HUT","Background","TRUE","FALSE","sc/ChibiHogMoutainBookBG_dl.sc","banner_bg",,
"Chronos269","TID_BATTLEBANNER_NAME_SPA_DAY","TID_BATTLEBANNER_DESC_SPA_DAY","Foreground","TRUE","FALSE","sc/ChibiHogMoutainChillFG_dl.sc","banner_fg",,
"Chronos270","TID_BATTLEBANNER_NAME_WATERFALL","TID_BATTLEBANNER_DESC_WATERFALL","Background","TRUE","FALSE","sc/ChibiHogMoutainChillBG_dl.sc","banner_bg",,
"Chronos271","TID_BATTLEBANNER_NAME_HOG_LIFE","TID_BATTLEBANNER_DESC_HOG_LIFE","Foreground","TRUE","FALSE","sc/GraphicNovel_01FG_dl.sc","banner_fg",,
"Chronos272","TID_BATTLEBANNER_NAME_GLOOMY_GATE","TID_BATTLEBANNER_DESC_GLOOMY_GATE","Background","TRUE","FALSE","sc/GraphicNovel_01BG_dl.sc","banner_bg",,
"Chronos273","TID_BATTLEBANNER_NAME_FRIENDLY_FIRE","TID_BATTLEBANNER_DESC_FRIENDLY_FIRE","Foreground","TRUE","FALSE","sc/GraphicNovel_02FG_dl.sc","banner_fg",,
"Chronos274","TID_BATTLEBANNER_NAME_ARCHER_DEFENSE","TID_BATTLEBANNER_DESC_ARCHER_DEFENSE","Background","TRUE","FALSE","sc/GraphicNovel_02BG_dl.sc","banner_bg",,
"Chronos275","TID_BATTLEBANNER_NAME_CURSED","TID_BATTLEBANNER_DESC_CURSED","Foreground","TRUE","FALSE","sc/GraphicNovel_03FG_dl.sc","banner_fg",,
"Chronos276","TID_BATTLEBANNER_NAME_MOTHERS_CURSE","TID_BATTLEBANNER_DESC_MOTHERS_CURSE","Background","TRUE","FALSE","sc/GraphicNovel_03BG_dl.sc","banner_bg",,
"Chronos277","TID_BATTLEBANNER_NAME_DIZZY_TERRY","TID_BATTLEBANNER_DESC_DIZZY_TERRY","Foreground","TRUE","FALSE","sc/GraphicNovel_04FG_dl.sc","banner_fg",,
"Chronos278","TID_BATTLEBANNER_NAME_HAMMER_THROW","TID_BATTLEBANNER_DESC_HAMMER_THROW","Background","TRUE","FALSE","sc/GraphicNovel_04BG_dl.sc","banner_bg",,
"Chronos279","TID_BATTLEBANNER_NAME_HOG_RIDERS","TID_BATTLEBANNER_DESC_HOG_RIDERS","Foreground","TRUE","FALSE","sc/GraphicNovel_05FG_dl.sc","banner_fg",,
"Chronos280","TID_BATTLEBANNER_NAME_BATTLE-SCARRED","TID_BATTLEBANNER_DESC_BATTLE-SCARRED","Background","TRUE","FALSE","sc/GraphicNovel_05BG_dl.sc","banner_bg",,
"Chronos281","TID_BATTLEBANNER_NAME_DEADLY_TRIO","TID_BATTLEBANNER_DESC_DEADLY_TRIO","Foreground","TRUE","FALSE","sc/SuzyQArcherTrioFG_dl.sc","banner_fg",,
"Chronos282","TID_BATTLEBANNER_NAME_CASTLE_WALLS","TID_BATTLEBANNER_DESC_CASTLE_WALLS","Background","TRUE","FALSE","sc/SuzyQArcherTrioBG_dl.sc","banner_bg",,
"Chronos283","TID_BATTLEBANNER_NAME_WARRIOR_WOMEN","TID_BATTLEBANNER_DESC_WARRIOR_WOMEN","Foreground","TRUE","FALSE","sc/SuzyQGirlPowerFG_dl.sc","banner_fg",,
"Chronos284","TID_BATTLEBANNER_NAME_HOLE_IN_THE_WALL","TID_BATTLEBANNER_DESC_HOLE_IN_THE_WALL","Background","TRUE","FALSE","sc/SuzyQGirlPowerBG_dl.sc","banner_bg",,
"Chronos285","TID_BATTLEBANNER_NAME_BACKPACK_BACKPACK","TID_BATTLEBANNER_DESC_BACKPACK_BACKPACK","Foreground","TRUE","FALSE","sc/SuzyQSkeletonBombFG_dl.sc","banner_fg",,
"Chronos286","TID_BATTLEBANNER_NAME_BOMBARIANS","TID_BATTLEBANNER_DESC_BOMBARIANS","Background","TRUE","FALSE","sc/SuzyQSkeletonBombBG_dl.sc","banner_bg",,
"Chronos287","TID_BATTLEBANNER_NAME_SWIFT_SUMMON","TID_BATTLEBANNER_DESC_SWIFT_SUMMON","Foreground","TRUE","FALSE","sc/SuzyQWitchDawnFG_dl.sc","banner_fg",,
"Chronos288","TID_BATTLEBANNER_NAME_SKELLY_STEPPIN","TID_BATTLEBANNER_DESC_SKELLY_STEPPIN","Background","TRUE","FALSE","sc/SuzyQWitchDawnBG_dl.sc","banner_bg",,
"Chronos289","TID_BATTLEBANNER_NAME_ITS_MONKIN_TIME","TID_BATTLEBANNER_DESC_ITS_MONKIN_TIME","Foreground","TRUE","FALSE","sc/MonkAnimationFG_dl.sc","banner_fg",,
"Chronos290","TID_BATTLEBANNER_NAME_TRAINING_STONES","TID_BATTLEBANNER_DESC_TRAINING_STONES","Background","TRUE","FALSE","sc/MonkAnimationBG_dl.sc","banner_bg",,
"Chronos291","TID_BATTLEBANNER_NAME_PUNK_BARB","TID_BATTLEBANNER_DESC_PUNK_BARB","Foreground","TRUE","FALSE","sc/BarbarianKaraokeFG_dl.sc","banner_fg",,
"Chronos292","TID_BATTLEBANNER_NAME_ROCK_SHOCK","TID_BATTLEBANNER_DESC_ROCK_SHOCK","Background","TRUE","FALSE","sc/BarbarianKaraokeBG_dl.sc","banner_bg",,
"Chronos293","TID_BATTLEBANNER_NAME_KISSABLE_FACES","TID_BATTLEBANNER_DESC_KISSABLE_FACES","Foreground","TRUE","FALSE","sc/GoblinKissFG_dl.sc","banner_fg",,
"Chronos294","TID_BATTLEBANNER_NAME_HARDCORE_FANS","TID_BATTLEBANNER_DESC_HARDCORE_FANS","Background","TRUE","FALSE","sc/GoblinKissBG_dl.sc","banner_bg",,
"Chronos295","TID_BATTLEBANNER_NAME_FRONT_SKELETON","TID_BATTLEBANNER_DESC_FRONT_SKELETON","Foreground","TRUE","FALSE","sc/SkeletonConcertFG_dl.sc","banner_fg",,
"Chronos296","TID_BATTLEBANNER_NAME_ROWDY_CROWD","TID_BATTLEBANNER_DESC_ROWDY_CROWD","Background","TRUE","FALSE","sc/SkeletonConcertBG_dl.sc","banner_bg",,
"Chronos297","TID_BATTLEBANNER_NAME_FINGER_GUNS","TID_BATTLEBANNER_DESC_FINGER_GUNS","Foreground","TRUE","FALSE","sc/ElectroGiantFG_dl.sc","banner_fg",,
"Chronos298","TID_BATTLEBANNER_NAME_ELECTRO_ACTIVATION","TID_BATTLEBANNER_DESC_ELECTRO_ACTIVATION","Background","TRUE","FALSE","sc/ElectroGiantBG_dl.sc","banner_bg",,
"Chronos299","TID_BATTLEBANNER_NAME_FIRE_SPIRIT","TID_BATTLEBANNER_DESC_FIRE_SPIRIT","Foreground","TRUE","FALSE","sc/FireSpiritFG_dl.sc","banner_fg",,
"Chronos300","TID_BATTLEBANNER_NAME_FIREBALLED","TID_BATTLEBANNER_DESC_FIREBALLED","Background","TRUE","FALSE","sc/FireSpiritBG_dl.sc","banner_bg",,
"Chronos301","TID_BATTLEBANNER_NAME_EYE_OF_THE_BEHOLDER","TID_BATTLEBANNER_DESC_EYE_OF_THE_BEHOLDER","Foreground","TRUE","FALSE","sc/MotherWitchPrinceFG_dl.sc","banner_fg",,
"Chronos302","TID_BATTLEBANNER_NAME_BABY_HOG","TID_BATTLEBANNER_DESC_BABY_HOG","Background","TRUE","FALSE","sc/MotherWitchPrinceBG_dl.sc","banner_bg",,
"Chronos303","TID_BATTLEBANNER_NAME_P.A.N.C.A.K.E","TID_BATTLEBANNER_DESC_P.A.N.C.A.K.E","Foreground","TRUE","FALSE","sc/MiniPekkaPancakeFG_dl.sc","banner_fg",,
"Chronos304","TID_BATTLEBANNER_NAME_PURPLE_CHECKS","TID_BATTLEBANNER_DESC_PURPLE_CHECKS","Background","TRUE","FALSE","sc/MiniPekkaPancakeBG_dl.sc","banner_bg",,
"Chronos305","TID_BATTLEBANNER_NAME_GOBLIN","TID_BATTLEBANNER_DESC_GOBLIN","Foreground","TRUE","FALSE","sc/GoblinFG_dl.sc","banner_fg",,
"Chronos306","TID_BATTLEBANNER_NAME_DAGGER_DESIGN","TID_BATTLEBANNER_DESC_DAGGER_DESIGN","Background","TRUE","FALSE","sc/GoblinBG_dl.sc","banner_bg",,
"Chronos307","TID_BATTLEBANNER_NAME_MANTA_RAY","TID_BATTLEBANNER_DESC_MANTA_RAY","Foreground","TRUE","FALSE","sc/GoblinMantaBG_FG_dl.sc","banner_fg",,
"Chronos308","TID_BATTLEBANNER_NAME_MANTA_WAVES","TID_BATTLEBANNER_DESC_MANTA_WAVES","Background","TRUE","FALSE","sc/GoblinMantaBG_BG_dl.sc","banner_bg",,
"Chronos309","TID_BATTLEBANNER_NAME_SNOW_LEOPARD","TID_BATTLEBANNER_DESC_SNOW_LEOPARD","Foreground","TRUE","FALSE","sc/HogRiderCat_FG_dl.sc","banner_fg",,
"Chronos310","TID_BATTLEBANNER_NAME_CAT_COSMOS","TID_BATTLEBANNER_DESC_CAT_COSMOS","Background","TRUE","FALSE","sc/HogRiderCat_BG_dl.sc","banner_bg",,
"Chronos311","TID_BATTLEBANNER_NAME_HARLEQUIN_TOAD","TID_BATTLEBANNER_DESC_HARLEQUIN_TOAD","Foreground","TRUE","FALSE","sc/SkeletonGiantFrog_FG_dl.sc","banner_fg",,
"Chronos312","TID_BATTLEBANNER_NAME_TOADALLY_AWESOME","TID_BATTLEBANNER_DESC_TOADALLY_AWESOME","Background","TRUE","FALSE","sc/SkeletonGiantFrog_BG_dl.sc","banner_bg",,
"Chronos313","TID_BATTLEBANNER_NAME_ALLIES","TID_BATTLEBANNER_DESC_ALLIES","Foreground","TRUE","FALSE","sc/Chibi_LGBTQ_Couple_FG_dl.sc","banner_fg",,
"Chronos314","TID_BATTLEBANNER_NAME_RAINBOWS_&_SUNSHINE","TID_BATTLEBANNER_DESC_RAINBOWS_&_SUNSHINE","Background","TRUE","FALSE","sc/Chibi_LGBTQ_Couple_BG_dl.sc","banner_bg",,
"Chronos315","TID_BATTLEBANNER_NAME_RAINBOW_WITCH","TID_BATTLEBANNER_DESC_RAINBOW_WITCH","Foreground","TRUE","FALSE","sc/Chibi_LGBTQ_Witch_FG_dl.sc","banner_fg",,
"Chronos316","TID_BATTLEBANNER_NAME_SUNSHINE_&_RAINBOWS","TID_BATTLEBANNER_DESC_SUNSHINE_&_RAINBOWS","Background","TRUE","FALSE","sc/Chibi_LGBTQ_Witch_BG_dl.sc","banner_bg",,
"Chronos317","TID_BATTLEBANNER_NAME_FOUNTAIN_DRAGON","TID_BATTLEBANNER_DESC_FOUNTAIN_DRAGON","Foreground","TRUE","FALSE","sc/CreatorAcademyFG_dl.sc","banner_fg",,
"Chronos318","TID_BATTLEBANNER_NAME_CREATOR_ACADEMY","TID_BATTLEBANNER_DESC_CREATOR_ACADEMY","Background","TRUE","FALSE","sc/CreatorAcademyBG_dl.sc","banner_bg",,
"Chronos319","TID_BATTLEBANNER_NAME_GOOD_KNIGHT","TID_BATTLEBANNER_DESC_GOOD_KNIGHT","Foreground","TRUE","FALSE","sc/GoldenKnightAnimation_FG_dl.sc","banner_fg",,
"Chronos320","TID_BATTLEBANNER_NAME_CROWD_PLEASER","TID_BATTLEBANNER_DESC_CROWD_PLEASER","Background","TRUE","FALSE","sc/GoldenKnightAnimation_BG_dl.sc","banner_bg",,
"Chronos321","TID_BATTLEBANNER_NAME_EVO_LIFE","TID_BATTLEBANNER_DESC_EVO_LIFE","Foreground","TRUE","FALSE","sc/SkeletonJacuziFG_dl.sc","banner_fg",,
"Chronos322","TID_BATTLEBANNER_NAME_FORTRESS_OF_SHARDITUDE","TID_BATTLEBANNER_DESC_FORTRESS_OF_SHARDITUDE","Background","TRUE","FALSE","sc/SkeletonJacuziBG_dl.sc","banner_bg",,
"Chronos323","TID_BATTLEBANNER_NAME_FIRECRACKER_EVOLUTION","TID_BATTLEBANNER_DESC_FIRECRACKER_EVOLUTION","Foreground","TRUE","FALSE","sc/FirecrackerGemFG_dl.sc","banner_fg",,
"Chronos324","TID_BATTLEBANNER_NAME_EVO_EXPLOSION","TID_BATTLEBANNER_DESC_EVO_EXPLOSION","Background","TRUE","FALSE","sc/FirecrackerGemBG_dl.sc","banner_bg",,
"Chronos325","TID_BATTLEBANNER_NAME_LOST_IN_THE_ELIXIR","TID_BATTLEBANNER_DESC_LOST_IN_THE_ELIXIR","Foreground","TRUE","FALSE","sc/BarbarianFlexFG_dl.sc","banner_fg",,
"Chronos326","TID_BATTLEBANNER_NAME_EVOLUTION_HORDE","TID_BATTLEBANNER_DESC_EVOLUTION_HORDE","Background","TRUE","FALSE","sc/BarbarianFlexBG_dl.sc","banner_bg",,
"Chronos327","TID_BATTLEBANNER_NAME_GOBLIN_BRAWLER","TID_BATTLEBANNER_DESC_GOBLIN_BRAWLER","Foreground","TRUE","FALSE","sc/GoblinCageFG_dl.sc","banner_fg",,
"Chronos328","TID_BATTLEBANNER_NAME_THE_CHAINS_THAT_BIND","TID_BATTLEBANNER_DESC_THE_CHAINS_THAT_BIND","Background","TRUE","FALSE","sc/GoblinCageBG_dl.sc","banner_bg",,
"Chronos329","TID_BATTLEBANNER_NAME_GRAVEYARD_GANG","TID_BATTLEBANNER_DESC_GRAVEYARD_GANG","Foreground","TRUE","FALSE","sc/GraveyardGhoulsFG_dl.sc","banner_fg",,
"Chronos330","TID_BATTLEBANNER_NAME_NIGHT_VISION","TID_BATTLEBANNER_DESC_NIGHT_VISION","Background","TRUE","FALSE","sc/GraveyardGhoulsBG_dl.sc","banner_bg",,
"Chronos331","TID_BATTLEBANNER_NAME_PHOENIX_HATCHING","TID_BATTLEBANNER_DESC_PHOENIX_HATCHING","Foreground","TRUE","FALSE","sc/PhoenixKeyArtFG_dl.sc","banner_fg",,
"Chronos332","TID_BATTLEBANNER_NAME_MAGIC_WINDS","TID_BATTLEBANNER_DESC_MAGIC_WINDS","Background","TRUE","FALSE","sc/PhoenixKeyArtBG_dl.sc","banner_bg",,
"Chronos333","TID_BATTLEBANNER_NAME_GIANT_SKELETON","TID_BATTLEBANNER_DESC_GIANT_SKELETON","Foreground","TRUE","FALSE","sc/GiantSkeletonFG_dl.sc","banner_fg",,
"Chronos334","TID_BATTLEBANNER_NAME_BOMB_BACKGROUND","TID_BATTLEBANNER_DESC_BOMB_BACKGROUND","Background","TRUE","FALSE","sc/GiantSkeletonBG_dl.sc","banner_bg",,
"Chronos335","TID_BATTLEBANNER_NAME_HOG_RIDER","TID_BATTLEBANNER_DESC_HOG_RIDER","Foreground","TRUE","FALSE","sc/HogRiderFG_dl.sc","banner_fg",,
"Chronos336","TID_BATTLEBANNER_NAME_HOG_HAMMERS","TID_BATTLEBANNER_DESC_HOG_HAMMERS","Background","TRUE","FALSE","sc/HogRiderBG_dl.sc","banner_bg",,
"Chronos337","TID_BATTLEBANNER_NAME_BARBARIANS_EVOLUTION","TID_BATTLEBANNER_DESC_BARBARIANS_EVOLUTION","Foreground","TRUE","FALSE","sc/DEBarbarianBannersFG_dl.sc","banner_fg",,
"Chronos338","TID_BATTLEBANNER_NAME_STAGE_LEFT","TID_BATTLEBANNER_DESC_STAGE_LEFT","Background","TRUE","FALSE","sc/DEBarbarianBannersBG_dl.sc","banner_bg",,
"Chronos339","TID_BATTLEBANNER_NAME_ROYAL_GIANT_EVOLUTION","TID_BATTLEBANNER_DESC_ROYAL_GIANT_EVOLUTION","Foreground","TRUE","FALSE","sc/DERoyalGiantBannersFG_dl.sc","banner_fg",,
"Chronos340","TID_BATTLEBANNER_NAME_STAGE_VIEW","TID_BATTLEBANNER_DESC_STAGE_VIEW","Background","TRUE","FALSE","sc/DERoyalGiantBannersBG_dl.sc","banner_bg",,
"Chronos341","TID_BATTLEBANNER_NAME_SKELETONS_EVOLUTION","TID_BATTLEBANNER_DESC_SKELETONS_EVOLUTION","Foreground","TRUE","FALSE","sc/DESkeletonBannersFG_dl.sc","banner_fg",,
"Chronos342","TID_BATTLEBANNER_NAME_STAGE_EVOLUTION","TID_BATTLEBANNER_DESC_STAGE_EVOLUTION","Background","TRUE","FALSE","sc/DESkeletonBannersBG_dl.sc","banner_bg",,
"Chronos343","TID_BATTLEBANNER_NAME_FIRECRACKER_EVOLUTION_2","TID_BATTLEBANNER_DESC_FIRECRACKER_EVOLUTION_2","Foreground","TRUE","FALSE","sc/DEFirecrackerBannersFG_dl.sc","banner_fg",,
"Chronos344","TID_BATTLEBANNER_NAME_MOSH_EVOLUTION","TID_BATTLEBANNER_DESC_MOSH_EVOLUTION","Background","TRUE","FALSE","sc/DEFirecrackerBannersBG_dl.sc","banner_bg",,
"Chronos345","TID_BATTLEBANNER_NAME_FLYING_GOBBO","TID_BATTLEBANNER_DESC_FLYING_GOBBO","Foreground","TRUE","FALSE","sc/Evolution_MortarFG_dl.sc","banner_fg",,
"Chronos346","TID_BATTLEBANNER_NAME_GRASSY_GROUND","TID_BATTLEBANNER_DESC_GRASSY_GROUND","Background","TRUE","FALSE","sc/Evolution_MortarBG_dl.sc","banner_bg",,
"Chronos347","TID_BATTLEBANNER_NAME_RAW_STRENGTH","TID_BATTLEBANNER_DESC_RAW_STRENGTH","Foreground","TRUE","FALSE","sc/BarbarianCrossfitFG_dl.sc","banner_fg",,
"Chronos348","TID_BATTLEBANNER_NAME_BARRACKS_BANNER","TID_BATTLEBANNER_DESC_BARRACKS_BANNER","Background","TRUE","FALSE","sc/BarbarianCrossfitBG_dl.sc","banner_bg",,
"Chronos349","TID_BATTLEBANNER_NAME_SEPARATED_AT_BIRTH","TID_BATTLEBANNER_DESC_SEPARATED_AT_BIRTH","Foreground","TRUE","FALSE","sc/ValkyrieCosplayFG_dl.sc","banner_fg",,
"Chronos350","TID_BATTLEBANNER_NAME_GOBLIN_LOVE","TID_BATTLEBANNER_DESC_GOBLIN_LOVE","Background","TRUE","FALSE","sc/ValkyrieCosplayBG_dl.sc","banner_bg",,
"Chronos351","TID_BATTLEBANNER_NAME_MAGIC_TRICK_2","TID_BATTLEBANNER_DESC_MAGIC_TRICK_2","Foreground","TRUE","FALSE","sc/WizardTrickFG_dl.sc","banner_fg",,
"Chronos352","TID_BATTLEBANNER_NAME_CLASH-A-RAMA_CROWD","TID_BATTLEBANNER_DESC_CLASH-A-RAMA_CROWD","Background","TRUE","FALSE","sc/WizardTrickBG_dl.sc","banner_bg",,
"Chronos353","TID_BATTLEBANNER_NAME_WITCH_ATTACK","TID_BATTLEBANNER_DESC_WITCH_ATTACK","Foreground","TRUE","FALSE","sc/WitchSpeelValleyFG_dl.sc","banner_fg",,
"Chronos354","TID_BATTLEBANNER_NAME_CABIN_IN_THE_WOODS","TID_BATTLEBANNER_DESC_CABIN_IN_THE_WOODS","Background","TRUE","FALSE","sc/WitchSpeelValleyBG_dl.sc","banner_bg",,
"Chronos355","TID_BATTLEBANNER_NAME_SWORD","TID_BATTLEBANNER_DESC_SWORD","Foreground","TRUE","FALSE","sc/ExcaliSwordFG_dl.sc","banner_fg",,
"Chronos356","TID_BATTLEBANNER_NAME_TOWER_VIEW","TID_BATTLEBANNER_DESC_TOWER_VIEW","Background","TRUE","FALSE","sc/ExcaliSwordBG_dl.sc","banner_bg",,
"Chronos357","TID_BATTLEBANNER_NAME_DARTS","TID_BATTLEBANNER_DESC_DARTS","Foreground","TRUE","FALSE","sc/GoblinDartFG_dl.sc","banner_fg",,
"Chronos358","TID_BATTLEBANNER_NAME_BLURRY_BACKGROUND","TID_BATTLEBANNER_DESC_BLURRY_BACKGROUND","Background","TRUE","FALSE","sc/GoblinDartBG_dl.sc","banner_bg",,
"Chronos359","TID_BATTLEBANNER_NAME_FIRECRACKER_2","TID_BATTLEBANNER_DESC_FIRECRACKER_2","Foreground","TRUE","FALSE","sc/FireCrackerTier1FG_dl.sc","banner_fg",,
"Chronos360","TID_BATTLEBANNER_NAME_PINK_PATTERN","TID_BATTLEBANNER_DESC_PINK_PATTERN","Background","TRUE","FALSE","sc/FireCrackerTier1BG_dl.sc","banner_bg",,
"Chronos361","TID_BATTLEBANNER_NAME_PHOENIX","TID_BATTLEBANNER_DESC_PHOENIX","Foreground","TRUE","FALSE","sc/PhoenixFG_dl.sc","banner_fg",,
"Chronos362","TID_BATTLEBANNER_NAME_PHOENIX_CREST","TID_BATTLEBANNER_DESC_PHOENIX_CREST","Background","TRUE","FALSE","sc/PhoenixBG_dl.sc","banner_bg",,
"Chronos363","TID_BATTLEBANNER_NAME_HOGLEY_DAVRIDERSON","TID_BATTLEBANNER_DESC_HOGLEY_DAVRIDERSON","Foreground","TRUE","FALSE","sc/MotorHogFG_dl.sc","banner_fg",,
"Chronos364","TID_BATTLEBANNER_NAME_CLASH-A-RAMA_SUNRISE","TID_BATTLEBANNER_DESC_CLASH-A-RAMA_SUNRISE","Background","TRUE","FALSE","sc/MotorHogBG_dl.sc","banner_bg",,
"Chronos365","TID_BATTLEBANNER_NAME_SWEET_DREAMS","TID_BATTLEBANNER_DESC_SWEET_DREAMS","Foreground","TRUE","FALSE","sc/KingNapBabyDragonFG_dl.sc","banner_fg",,
"Chronos366","TID_BATTLEBANNER_NAME_THRONE_ROOM","TID_BATTLEBANNER_DESC_THRONE_ROOM","Background","TRUE","FALSE","sc/KingNapBabyDragonBG_dl.sc","banner_bg",,
"Chronos367","TID_BATTLEBANNER_NAME_MIRROR_IMAGE","TID_BATTLEBANNER_DESC_MIRROR_IMAGE","Foreground","TRUE","FALSE","sc/BarbarianShavingFG_dl.sc","banner_fg",,
"Chronos368","TID_BATTLEBANNER_NAME_CLASH-A-RAMA_ARENA","TID_BATTLEBANNER_DESC_CLASH-A-RAMA_ARENA","Background","TRUE","FALSE","sc/BarbarianShavingBG_dl.sc","banner_bg",,
"Chronos369","TID_BATTLEBANNER_NAME_CLASH-A-BARBA","TID_BATTLEBANNER_DESC_CLASH-A-BARBA","Foreground","TRUE","FALSE","sc/BarbarianEvolutionFG_dl.sc","banner_fg",,
"Chronos370","TID_BATTLEBANNER_NAME_ARMY_RUSH","TID_BATTLEBANNER_DESC_ARMY_RUSH","Background","TRUE","FALSE","sc/BarbarianEvolutionBG_dl.sc","banner_bg",,
"Chronos371","TID_BATTLEBANNER_NAME_KNIGHT_EVOLUTION","TID_BATTLEBANNER_DESC_KNIGHT_EVOLUTION","Foreground","TRUE","FALSE","sc/Evolution_KnightFG_dl.sc","banner_fg",,
"Chronos372","TID_BATTLEBANNER_NAME_BANNER_EVOLUTION","TID_BATTLEBANNER_DESC_BANNER_EVOLUTION","Background","TRUE","FALSE","sc/Evolution_KnightBG_dl.sc","banner_bg",,
"Chronos373","TID_BATTLEBANNER_NAME_PINK_PIECES","TID_BATTLEBANNER_DESC_PINK_PIECES","Foreground","TRUE","FALSE","sc/ChessQueensAndPawnFG_dl.sc","banner_fg",,
"Chronos374","TID_BATTLEBANNER_NAME_CHESS_STORAGE","TID_BATTLEBANNER_DESC_CHESS_STORAGE","Background","TRUE","FALSE","sc/ChessQueensAndPawnsBG_dl.sc","banner_bg",,
"Chronos375","TID_BATTLEBANNER_NAME_CHIBI_CHESS","TID_BATTLEBANNER_DESC_CHIBI_CHESS","Foreground","TRUE","FALSE","sc/ChessPigBoarsFG_dl.sc","banner_fg",,
"Chronos376","TID_BATTLEBANNER_NAME_KING_OF_THE_HOGS","TID_BATTLEBANNER_DESC_KING_OF_THE_HOGS","Background","TRUE","FALSE","sc/ChessPigBoarsBG_dl.sc","banner_bg",,
"Chronos377","TID_BATTLEBANNER_NAME_PRINCELY_KNIGHT","TID_BATTLEBANNER_DESC_PRINCELY_KNIGHT","Foreground","TRUE","FALSE","sc/KnightChargeChessFG_dl.sc","banner_fg",,
"Chronos378","TID_BATTLEBANNER_NAME_ROYAL_PIECES","TID_BATTLEBANNER_DESC_ROYAL_PIECES","Background","TRUE","FALSE","sc/KnightChargeChessBG_dl.sc","banner_bg",,
"Chronos379","TID_BATTLEBANNER_NAME_GRANDMASTER","TID_BATTLEBANNER_DESC_GRANDMASTER","Foreground","TRUE","FALSE","sc/GoblinThinkingFG_dl.sc","banner_fg",,
"Chronos380","TID_BATTLEBANNER_NAME_CHESS_ROYALE","TID_BATTLEBANNER_DESC_CHESS_ROYALE","Background","TRUE","FALSE","sc/GoblinThinkingBG_dl.sc","banner_bg",,
"Chronos381","TID_BATTLEBANNER_NAME_TRAGIC_TOAST","TID_BATTLEBANNER_DESC_TRAGIC_TOAST","Foreground","TRUE","FALSE","sc/GraveyardToastFG_dl.sc","banner_fg",,
"Chronos382","TID_BATTLEBANNER_NAME_GRAVEYARD_GROOVE","TID_BATTLEBANNER_DESC_GRAVEYARD_GROOVE","Background","TRUE","FALSE","sc/GraveyardToastBG_dl.sc","banner_bg",,
"Chronos383","TID_BATTLEBANNER_NAME_ELECTRO_WIZARD","TID_BATTLEBANNER_DESC_ELECTRO_WIZARD","Foreground","TRUE","FALSE","sc/WizardShockFG_dl.sc","banner_fg",,
"Chronos384","TID_BATTLEBANNER_NAME_ELECTRIC_WHEELS","TID_BATTLEBANNER_DESC_ELECTRIC_WHEELS","Background","TRUE","FALSE","sc/WizardShockBG_dl.sc","banner_bg",,
"Chronos385","TID_BATTLEBANNER_NAME_KNIGHT","TID_BATTLEBANNER_DESC_KNIGHT","Foreground","TRUE","FALSE","sc/KnightMoustachioFG_dl.sc","banner_fg",,
"Chronos386","TID_BATTLEBANNER_NAME_HAIRY","TID_BATTLEBANNER_DESC_HAIRY","Background","TRUE","FALSE","sc/KnightMoustachioBG_dl.sc","banner_bg",,
"Chronos387","TID_BATTLEBANNER_NAME_MINING","TID_BATTLEBANNER_DESC_MINING","Foreground","TRUE","FALSE","sc/MinerHaTFG_dl.sc","banner_fg",,
"Chronos388","TID_BATTLEBANNER_NAME_CANDLES","TID_BATTLEBANNER_DESC_CANDLES","Background","TRUE","FALSE","sc/MinerHaTBG_dl.sc","banner_bg",,
"Chronos389","TID_BATTLEBANNER_NAME_ROYAL_REINFORCEMENTS","TID_BATTLEBANNER_DESC_ROYAL_REINFORCEMENTS","Foreground","TRUE","FALSE","sc/Evolution_RoyalRecruitsFG_dl.sc","banner_fg",,
"Chronos390","TID_BATTLEBANNER_NAME_WARZONE","TID_BATTLEBANNER_DESC_WARZONE","Background","TRUE","FALSE","sc/Evolution_RoyalRecruitsBG_dl.sc","banner_bg",,
"Chronos391","TID_BATTLEBANNER_NAME_CHIBI_FIRECRACKER","TID_BATTLEBANNER_DESC_CHIBI_FIRECRACKER","Foreground","TRUE","FALSE","sc/ChibiRockFirecrackerFG_dl.sc","banner_fg",,
"Chronos392","TID_BATTLEBANNER_NAME_CENTER_STAGE","TID_BATTLEBANNER_DESC_CENTER_STAGE","Background","TRUE","FALSE","sc/ChibiRockFirecrackerBG_dl.sc","banner_bg",,
"Chronos393","TID_BATTLEBANNER_NAME_FREAKY_FISHERMAN","TID_BATTLEBANNER_DESC_FREAKY_FISHERMAN","Foreground","TRUE","FALSE","sc/DeadfishFishermanFG_dl.sc","banner_fg",,
"Chronos394","TID_BATTLEBANNER_NAME_TESLA_OF_TERROR","TID_BATTLEBANNER_DESC_TESLA_OF_TERROR","Background","TRUE","FALSE","sc/DeadfishFishermanBG_dl.sc","banner_bg",,
"Chronos395","TID_BATTLEBANNER_NAME_FRANKENBAT","TID_BATTLEBANNER_DESC_FRANKENBAT","Foreground","TRUE","FALSE","sc/FrankenBatFG_dl.sc","banner_fg",,
"Chronos396","TID_BATTLEBANNER_NAME_SPOOKY_SKETCHES","TID_BATTLEBANNER_DESC_SPOOKY_SKETCHES","Background","TRUE","FALSE","sc/FrankenBatBG_dl.sc","banner_bg",,
"Chronos397","TID_BATTLEBANNER_NAME_TALES_FROM_THE_WITCH","TID_BATTLEBANNER_DESC_TALES_FROM_THE_WITCH","Foreground","TRUE","FALSE","sc/MotherWitchReadingFG_dl.sc","banner_fg",,
"Chronos398","TID_BATTLEBANNER_NAME_NIGHT_OF_THE_LIVING_P.E.K.K.A","TID_BATTLEBANNER_DESC_NIGHT_OF_THE_LIVING_P.E.K.K.A","Background","TRUE","FALSE","sc/MotherWitchReadingBG_dl.sc","banner_bg",,
"Chronos399","TID_BATTLEBANNER_NAME_TRICK_OR_TREAT","TID_BATTLEBANNER_DESC_TRICK_OR_TREAT","Foreground","TRUE","FALSE","sc/PumpkinBatFG_dl.sc","banner_fg",,
"Chronos400","TID_BATTLEBANNER_NAME_CHILDREN_OF_THE_CORNFIELD","TID_BATTLEBANNER_DESC_CHILDREN_OF_THE_CORNFIELD","Background","TRUE","FALSE","sc/PumpkinBatBG_dl.sc","banner_bg",,
"Chronos401","TID_BATTLEBANNER_NAME_BAT_HANGS","TID_BATTLEBANNER_DESC_BAT_HANGS","Foreground","TRUE","FALSE","sc/Evolution_BatsFG_dl.sc","banner_fg",,
"Chronos402","TID_BATTLEBANNER_NAME_CREEPY_KINGDOM","TID_BATTLEBANNER_DESC_CREEPY_KINGDOM","Background","TRUE","FALSE","sc/Evolution_BatsBG_dl.sc","banner_bg",,
"Chronos403","TID_BATTLEBANNER_NAME_SPECTRAL_SUMMONER","TID_BATTLEBANNER_DESC_SPECTRAL_SUMMONER","Foreground","TRUE","FALSE","sc/WitchNightCookingFG_dl.sc","banner_fg",,
"Chronos404","TID_BATTLEBANNER_NAME_WITCH_WORKSHOP","TID_BATTLEBANNER_DESC_WITCH_WORKSHOP","Background","TRUE","FALSE","sc/WitchNightCookingBG_dl.sc","banner_bg",,
"Chronos405","TID_BATTLEBANNER_NAME_SKELLY_KING","TID_BATTLEBANNER_DESC_SKELLY_KING","Foreground","TRUE","FALSE","sc/BatStromFG_dl.sc","banner_fg",,
"Chronos406","TID_BATTLEBANNER_NAME_BAT_ATTACK","TID_BATTLEBANNER_DESC_BAT_ATTACK","Background","TRUE","FALSE","sc/BatStromBG_dl.sc","banner_bg",,
"Chronos407","TID_BATTLEBANNER_NAME_COCKTAIL_WIZARD","TID_BATTLEBANNER_DESC_COCKTAIL_WIZARD","Foreground","TRUE","FALSE","sc/IceWizardBaristaFG.sc","banner_fg",,
"Chronos408","TID_BATTLEBANNER_NAME_BAR_SHELF","TID_BATTLEBANNER_DESC_BAR_SHELF","Background","TRUE","FALSE","sc/IceWizardBaristaBG.sc","banner_bg",,
"Chronos409","TID_BATTLEBANNER_NAME_LITTLE_PRINCE","TID_BATTLEBANNER_DESC_LITTLE_PRINCE","Foreground","TRUE","FALSE","sc/LittleRedPrinceFG.sc","banner_fg",,
"Chronos410","TID_BATTLEBANNER_NAME_TAVERN_ENTRANCE","TID_BATTLEBANNER_DESC_TAVERN_ENTRANCE","Background","TRUE","FALSE","sc/LittleRedPrinceBG.sc","banner_bg",,
"Chronos411","TID_BATTLEBANNER_NAME_ARM_WRESTLING","TID_BATTLEBANNER_DESC_ARM_WRESTLING","Foreground","TRUE","FALSE","sc/LittlePrinceArmWrestlingFG.sc","banner_fg",,
"Chronos412","TID_BATTLEBANNER_NAME_LAST_ORDERS","TID_BATTLEBANNER_DESC_LAST_ORDERS","Background","TRUE","FALSE","sc/LittlePrinceArmWrestlingBG.sc","banner_bg",,
"Chronos413","TID_BATTLEBANNER_NAME_ROYAL_MISCHIEF","TID_BATTLEBANNER_DESC_ROYAL_MISCHIEF","Foreground","TRUE","FALSE","sc/LittlePrinceChaosFG.sc","banner_fg",,
"Chronos414","TID_BATTLEBANNER_NAME_STEREO_SHOOT","TID_BATTLEBANNER_DESC_STEREO_SHOOT","Background","TRUE","FALSE","sc/LittlePrinceChaosBG.sc","banner_bg",,
"Chronos415","TID_BATTLEBANNER_NAME_ROYAL_RESCUE","TID_BATTLEBANNER_DESC_ROYAL_RESCUE","Foreground","TRUE","FALSE","sc/LittleBluePrinceFG.sc","banner_fg",,
"Chronos416","TID_BATTLEBANNER_NAME_TAVERN_TIME","TID_BATTLEBANNER_DESC_TAVERN_TIME","Background","TRUE","FALSE","sc/LittleBluePrinceBG.sc","banner_bg",,
"Chronos417","TID_BATTLEBANNER_NAME_ATTACK","TID_BATTLEBANNER_DESC_ATTACK","Foreground","TRUE","FALSE","sc/LittlePrinceAnimationFG_dl.sc","banner_fg",,
"Chronos418","TID_BATTLEBANNER_NAME_TAVERN_TROUBLE","TID_BATTLEBANNER_DESC_TAVERN_TROUBLE","Background","TRUE","FALSE","sc/LittlePrinceAnimationBG_dl.sc","banner_bg",,
"Chronos419","TID_BATTLEBANNER_NAME_NEW_STYLE","TID_BATTLEBANNER_DESC_NEW_STYLE","Foreground","TRUE","FALSE","sc/ClashComics02FG.sc","banner_fg",,
"Chronos420","TID_BATTLEBANNER_NAME_BARB_CAMPFIRE","TID_BATTLEBANNER_DESC_BARB_CAMPFIRE","Background","TRUE","FALSE","sc/ClashComics02BG.sc","banner_bg",,
"Chronos421","TID_BATTLEBANNER_NAME_SWEET_MOVES","TID_BATTLEBANNER_DESC_SWEET_MOVES","Foreground","TRUE","FALSE","sc/ClashComics01FG.sc","banner_fg",,
"Chronos422","TID_BATTLEBANNER_NAME_STARRY_SKY","TID_BATTLEBANNER_DESC_STARRY_SKY","Background","TRUE","FALSE","sc/ClashComics01BG.sc","banner_bg",,
"Chronos423","TID_BATTLEBANNER_NAME_SPIRITMAN","TID_BATTLEBANNER_DESC_SPIRITMAN","Foreground","TRUE","FALSE","sc/54_IceSpiritSnowmanFG.sc","banner_fg",,
"Chronos424","TID_BATTLEBANNER_NAME_CLASHMAS_PATTERNS","TID_BATTLEBANNER_DESC_CLASHMAS_PATTERNS","Background","TRUE","FALSE","sc/54_IceSpiritSnowmanBG.sc","banner_bg",,
"Chronos425","TID_BATTLEBANNER_NAME_POLAR_PRINCE","TID_BATTLEBANNER_DESC_POLAR_PRINCE","Foreground","TRUE","FALSE","sc/54_ChristmasKnightFG.sc","banner_fg",,
"Chronos426","TID_BATTLEBANNER_NAME_SNOWSCAPE","TID_BATTLEBANNER_DESC_SNOWSCAPE","Background","TRUE","FALSE","sc/54_ChristmasKnightBG.sc","banner_bg",,
"Chronos427","TID_BATTLEBANNER_NAME_CLASHMAS_LIGHTS","TID_BATTLEBANNER_DESC_CLASHMAS_LIGHTS","Foreground","TRUE","FALSE","sc/54_ElectricGiantLightFG.sc","banner_fg",,
"Chronos428","TID_BATTLEBANNER_NAME_CLASHMAS_NIGHTS","TID_BATTLEBANNER_DESC_CLASHMAS_NIGHTS","Background","TRUE","FALSE","sc/54_ElectricGiantLightBG.sc","banner_bg",,
"Chronos429","TID_BATTLEBANNER_NAME_TREE_GOBLINS","TID_BATTLEBANNER_DESC_TREE_GOBLINS","Foreground","TRUE","FALSE","sc/54_GoblinTreeFG.sc","banner_fg",,
"Chronos430","TID_BATTLEBANNER_NAME_SNOW_GLITTER","TID_BATTLEBANNER_DESC_SNOW_GLITTER","Background","TRUE","FALSE","sc/54_GoblinTreeBG.sc","banner_bg",,
"Chronos431","TID_BATTLEBANNER_NAME_CAROL_CACOPHONY","TID_BATTLEBANNER_DESC_CAROL_CACOPHONY","Foreground","TRUE","FALSE","sc/54_GoblinsChristmasChoirFG.sc","banner_fg",,
"Chronos432","TID_BATTLEBANNER_NAME_LOGMAS_MEMORIES","TID_BATTLEBANNER_DESC_LOGMAS_MEMORIES","Background","TRUE","FALSE","sc/54_GoblinsChristmasChoirBG.sc","banner_bg",,
"Chronos433","TID_BATTLEBANNER_NAME_LITTLE_HELPER","TID_BATTLEBANNER_DESC_LITTLE_HELPER","Foreground","TRUE","FALSE","sc/54_ChibiSantaFG.sc","banner_fg",,
"Chronos434","TID_BATTLEBANNER_NAME_CHIBI_CLASHMAS_VILLAGE","TID_BATTLEBANNER_DESC_CHIBI_CLASHMAS_VILLAGE","Background","TRUE","FALSE","sc/54_ChibiSantaBG.sc","banner_bg",,
"Chronos435","TID_BATTLEBANNER_NAME_HAPPY_WRAPPING","TID_BATTLEBANNER_DESC_HAPPY_WRAPPING","Foreground","TRUE","FALSE","sc/54_RoyalRecruitClashmasFG.sc","banner_fg",,
"Chronos436","TID_BATTLEBANNER_NAME_CLASHMAS_WREATHS","TID_BATTLEBANNER_DESC_CLASHMAS_WREATHS","Background","TRUE","FALSE","sc/54_RoyalRecruitClashmasBG.sc","banner_bg",,
"Chronos437","TID_BATTLEBANNER_NAME_STAY_FROSTY","TID_BATTLEBANNER_DESC_STAY_FROSTY","Foreground","TRUE","FALSE","sc/54_IceEvoFG.sc","banner_fg",,
"Chronos438","TID_BATTLEBANNER_NAME_SNOWY_SCAPE","TID_BATTLEBANNER_DESC_SNOWY_SCAPE","Background","TRUE","FALSE","sc/54_IceEvoBG.sc","banner_bg",,
"Chronos439","TID_BATTLEBANNER_NAME_CANNONEER","TID_BATTLEBANNER_DESC_CANNONEER","Foreground","TRUE","FALSE","sc/55_CannoneerTaunt_FG.sc","banner_fg",,
"Chronos440","TID_BATTLEBANNER_NAME_DESTRUCTION","TID_BATTLEBANNER_DESC_DESTRUCTION","Background","TRUE","FALSE","sc/55_CannoneerTaunt_BG.sc","banner_bg",,
"Chronos441","TID_BATTLEBANNER_NAME_BATTLE_INK","TID_BATTLEBANNER_DESC_BATTLE_INK","Foreground","TRUE","FALSE","sc/55_ValkyrieTatoo_FG.sc","banner_fg",,
"Chronos442","TID_BATTLEBANNER_NAME_BATTLE_FLASH","TID_BATTLEBANNER_DESC_BATTLE_FLASH","Background","TRUE","FALSE","sc/55_ValkyrieTatoo_BG.sc","banner_bg",,
"Chronos443","TID_BATTLEBANNER_NAME_VALKYRIE_GUARDIAN","TID_BATTLEBANNER_DESC_VALKYRIE_GUARDIAN","Foreground","TRUE","FALSE","sc/55_ValkyrieStatue_FG.sc","banner_fg",,
"Chronos444","TID_BATTLEBANNER_NAME_WILD_WOODS","TID_BATTLEBANNER_DESC_WILD_WOODS","Background","TRUE","FALSE","sc/55_ValkyrieStatue_BG.sc","banner_bg",,
"Chronos445","TID_BATTLEBANNER_NAME_VALKYRIE_EVOLUTION","TID_BATTLEBANNER_DESC_VALKYRIE_EVOLUTION","Foreground","TRUE","FALSE","sc/55_ThunderValkyrie_FG.sc","banner_fg",,
"Chronos446","TID_BATTLEBANNER_NAME_VALKYRIES_AXE","TID_BATTLEBANNER_DESC_VALKYRIES_AXE","Background","TRUE","FALSE","sc/55_ThunderValkyrie_BG.sc","banner_bg",,
"Chronos447","TID_BATTLEBANNER_NAME_MUSCLE_MOMMY","TID_BATTLEBANNER_DESC_MUSCLE_MOMMY","Foreground","TRUE","FALSE","sc/55_ValkyrieAnime_FG.sc","banner_fg",,
"Chronos448","TID_BATTLEBANNER_NAME_WALL_OF_VALKYRIES","TID_BATTLEBANNER_DESC_WALL_OF_VALKYRIES","Background","TRUE","FALSE","sc/55_ValkyrieAnime_BG.sc","banner_bg",,
"Chronos449","TID_BATTLEBANNER_NAME_AIM_HIGH","TID_BATTLEBANNER_DESC_AIM_HIGH","Foreground","TRUE","FALSE","sc/55_CannoneerTargetPractice_FG.sc","banner_fg",,
"Chronos450","TID_BATTLEBANNER_NAME_TARGET_TEST","TID_BATTLEBANNER_DESC_TARGET_TEST","Background","TRUE","FALSE","sc/55_CannoneerTargetPractice_BG.sc","banner_bg",,
"Chronos451","TID_BATTLEBANNER_NAME_MUSKET_SHOT","TID_BATTLEBANNER_DESC_MUSKET_SHOT","Foreground","TRUE","FALSE","sc/55_MosketeerAnime_FG.sc","banner_fg",,
"Chronos452","TID_BATTLEBANNER_NAME_TANGLED_TREE","TID_BATTLEBANNER_DESC_TANGLED_TREE","Background","TRUE","FALSE","sc/55_MosketeerAnime_BG.sc","banner_bg",,
"Chronos453","TID_BATTLEBANNER_NAME_TORNADO_AXE","TID_BATTLEBANNER_DESC_TORNADO_AXE","Foreground","TRUE","FALSE","sc/Evolution_ValkyrieFG_dl.sc","banner_fg",,
"Chronos454","TID_BATTLEBANNER_NAME_VALKHALLA","TID_BATTLEBANNER_DESC_VALKHALLA","Background","TRUE","FALSE","sc/Evolution_ValkyrieBG_dl.sc","banner_bg",,
"Chronos455","TID_BATTLEBANNER_NAME_ARCHERS_LOVE","TID_BATTLEBANNER_DESC_ARCHERS_LOVE","Foreground","TRUE","FALSE","sc/56_ArcherMagicArrow_FG.sc","banner_fg",,
"Chronos456","TID_BATTLEBANNER_NAME_CUPID_CLOUDS","TID_BATTLEBANNER_DESC_CUPID_CLOUDS","Background","TRUE","FALSE","sc/56_ArcherMagicArrow_BG.sc","banner_bg",,
"Chronos457","TID_BATTLEBANNER_NAME_SASSY_SELFIE","TID_BATTLEBANNER_DESC_SASSY_SELFIE","Foreground","TRUE","FALSE","sc/56_GoldenKnightSelfie_FG.sc","banner_fg",,
"Chronos458","TID_BATTLEBANNER_NAME_PINK_SKIES","TID_BATTLEBANNER_DESC_PINK_SKIES","Background","TRUE","FALSE","sc/56_GoldenKnightSelfie_BG.sc","banner_bg",,
"Chronos459","TID_BATTLEBANNER_NAME_FLOWER_BREAKERS","TID_BATTLEBANNER_DESC_FLOWER_BREAKERS","Foreground","TRUE","FALSE","sc/56_Wallbreaker_FG.sc","banner_fg",,
"Chronos460","TID_BATTLEBANNER_NAME_HEART-SHAPED_HOLE","TID_BATTLEBANNER_DESC_HEART-SHAPED_HOLE","Background","TRUE","FALSE","sc/56_Wallbreaker_BG.sc","banner_bg",,
"Chronos461","TID_BATTLEBANNER_NAME_HEARTSHOOT","TID_BATTLEBANNER_DESC_HEARTSHOOT","Foreground","TRUE","FALSE","sc/56_Valentine_Target_FG.sc","banner_fg",,
"Chronos462","TID_BATTLEBANNER_NAME_HEART_TRAILS","TID_BATTLEBANNER_DESC_HEART_TRAILS","Background","TRUE","FALSE","sc/56_Valentine_Target_BG.sc","banner_bg",,
"Chronos463","TID_BATTLEBANNER_NAME_BOMB_ROMANCE","TID_BATTLEBANNER_DESC_BOMB_ROMANCE","Foreground","TRUE","FALSE","sc/56_ValentineBomberGift_FG.sc","banner_fg",,
"Chronos464","TID_BATTLEBANNER_NAME_DATE_NIGHT","TID_BATTLEBANNER_DESC_DATE_NIGHT","Background","TRUE","FALSE","sc/56_ValentineBomberGift_BG.sc","banner_bg",,
"Chronos465","TID_BATTLEBANNER_NAME_PRINCESS_OF_HEARTS","TID_BATTLEBANNER_DESC_PRINCESS_OF_HEARTS","Foreground","TRUE","FALSE","sc/56_Valentine_Princess_FG.sc","banner_fg",,
"Chronos466","TID_BATTLEBANNER_NAME_HEARTS_AND_CROSSES","TID_BATTLEBANNER_DESC_HEARTS_AND_CROSSES","Background","TRUE","FALSE","sc/56_Valentine_Princess_BG.sc","banner_bg",,
"Chronos467","TID_BATTLEBANNER_NAME_BOOMBOX","TID_BATTLEBANNER_DESC_BOOMBOX","Foreground","TRUE","FALSE","sc/56_BombGift_FG.sc","banner_fg",,
"Chronos468","TID_BATTLEBANNER_NAME_LOVELY_GIFTS","TID_BATTLEBANNER_DESC_LOVELY_GIFTS","Background","TRUE","FALSE","sc/56_BombGift_BG.sc","banner_bg",,
"Chronos469","TID_BATTLEBANNER_NAME_BALLER","TID_BATTLEBANNER_DESC_BALLER","Foreground","TRUE","FALSE","sc/56_LoveBomber_FG.sc","banner_fg",,
"Chronos470","TID_BATTLEBANNER_NAME_CASTLE_CUT","TID_BATTLEBANNER_DESC_CASTLE_CUT","Background","TRUE","FALSE","sc/56_LoveBomber_BG.sc","banner_bg",,
"Chronos471","TID_BATTLEBANNER_NAME_SHOOTIN_SPARKY","TID_BATTLEBANNER_DESC_SHOOTIN_SPARKY","Foreground","TRUE","FALSE","sc/57_ElectricGoblin_FG.sc","banner_fg",,
"Chronos472","TID_BATTLEBANNER_NAME_PARTY_ARENA","TID_BATTLEBANNER_DESC_PARTY_ARENA","Background","TRUE","FALSE","sc/57_ElectricGoblin_BG.sc","banner_bg",,
"Chronos473","TID_BATTLEBANNER_NAME_MINER_MISHAP","TID_BATTLEBANNER_DESC_MINER_MISHAP","Foreground","TRUE","FALSE","sc/57_ElectricMiner_FG.sc","banner_fg",,
"Chronos474","TID_BATTLEBANNER_NAME_ELECTRO_EVENT","TID_BATTLEBANNER_DESC_ELECTRO_EVENT","Background","TRUE","FALSE","sc/57_ElectricMiner_BG.sc","banner_bg",,
"Chronos475","TID_BATTLEBANNER_NAME_ELECTRO_DJ","TID_BATTLEBANNER_DESC_ELECTRO_DJ","Foreground","TRUE","FALSE","sc/57_ElectroDJGiant_FG.sc","banner_fg",,
"Chronos476","TID_BATTLEBANNER_NAME_ROYALE_RAVE","TID_BATTLEBANNER_DESC_ROYALE_RAVE","Background","TRUE","FALSE","sc/57_ElectroDJGiant_BG.sc","banner_bg",,
"Chronos477","TID_BATTLEBANNER_NAME_TUMMY_ACHE","TID_BATTLEBANNER_DESC_TUMMY_ACHE","Foreground","TRUE","FALSE","sc/57_ZapShotGolem_FG.sc","banner_fg",,
"Chronos478","TID_BATTLEBANNER_NAME_SPELL_STYLING","TID_BATTLEBANNER_DESC_SPELL_STYLING","Background","TRUE","FALSE","sc/57_ZapShotGolem_BG.sc","banner_bg",,
"Chronos479","TID_BATTLEBANNER_NAME_PARTY_CANNON","TID_BATTLEBANNER_DESC_PARTY_CANNON","Foreground","TRUE","FALSE","sc/57_RoyalGiantParty_FG.sc","banner_fg",,
"Chronos480","TID_BATTLEBANNER_NAME_BALLOONS_&_CAKE","TID_BATTLEBANNER_DESC_BALLOONS_&_CAKE","Background","TRUE","FALSE","sc/57_RoyalGiantParty_BG.sc","banner_bg",,
"Chronos481","TID_BATTLEBANNER_NAME_PARTY_TESLA","TID_BATTLEBANNER_DESC_PARTY_TESLA","Foreground","TRUE","FALSE","sc/57_ThunderCake_FG.sc","banner_fg",,
"Chronos482","TID_BATTLEBANNER_NAME_LECTRO_LOONS","TID_BATTLEBANNER_DESC_LECTRO_LOONS","Background","TRUE","FALSE","sc/57_ThunderCake_BG.sc","banner_bg",,
"Chronos483","TID_BATTLEBANNER_NAME_DISCO_BALLOON","TID_BATTLEBANNER_DESC_DISCO_BALLOON","Foreground","TRUE","FALSE","sc/57_LightBaloon_FG.sc","banner_fg",,
"Chronos484","TID_BATTLEBANNER_NAME_PARTY_BARRELS","TID_BATTLEBANNER_DESC_PARTY_BARRELS","Background","TRUE","FALSE","sc/57_LightBaloon_BG.sc","banner_bg",,
"Chronos485","TID_BATTLEBANNER_NAME_DJ_GIANT","TID_BATTLEBANNER_DESC_DJ_GIANT","Foreground","TRUE","FALSE","sc/57_Anim_ElectroDJiant_FG.sc","banner_fg",,
"Chronos486","TID_BATTLEBANNER_NAME_NEON_NIGHTS","TID_BATTLEBANNER_DESC_NEON_NIGHTS","Background","TRUE","FALSE","sc/57_Anim_ElectroDJiant_BG.sc","banner_bg",,
"Chronos487","TID_BATTLEBANNER_NAME_DAGGER_DREAMING","TID_BATTLEBANNER_DESC_DAGGER_DREAMING","Foreground","TRUE","FALSE","sc/58_DaggerDuchessChill_FG.sc","banner_fg",,
"Chronos488","TID_BATTLEBANNER_NAME_BLOSSOM_BLADES","TID_BATTLEBANNER_DESC_BLOSSOM_BLADES","Background","TRUE","FALSE","sc/58_DaggerDuchessChill_BG.sc","banner_bg",,
"Chronos489","TID_BATTLEBANNER_NAME_DAGGER_THROW","TID_BATTLEBANNER_DESC_DAGGER_THROW","Foreground","TRUE","FALSE","sc/58_DaggerDuchessDaggers_FG.sc","banner_fg",,
"Chronos490","TID_BATTLEBANNER_NAME_RAINING_BLADES","TID_BATTLEBANNER_DESC_RAINING_BLADES","Background","TRUE","FALSE","sc/58_DaggerDuchessDaggers_BG.sc","banner_bg",,
"Chronos491","TID_BATTLEBANNER_NAME_DOUBLE-SIDED","TID_BATTLEBANNER_DESC_DOUBLE-SIDED","Foreground","TRUE","FALSE","sc/58_DaggerDuchessKiss_FG.sc","banner_fg",,
"Chronos492","TID_BATTLEBANNER_NAME_DANGER_THRONE","TID_BATTLEBANNER_DESC_DANGER_THRONE","Background","TRUE","FALSE","sc/58_DaggerDuchessKiss_BG.sc","banner_bg",,
"Chronos493","TID_BATTLEBANNER_NAME_STYLISH_DAGGER","TID_BATTLEBANNER_DESC_STYLISH_DAGGER","Foreground","TRUE","FALSE","sc/58_DaggerDuchessStylized_FG.sc","banner_fg",,
"Chronos494","TID_BATTLEBANNER_NAME_DAGGER_STYLE","TID_BATTLEBANNER_DESC_DAGGER_STYLE","Background","TRUE","FALSE","sc/58_DaggerDuchessStylized_BG.sc","banner_bg",,
"Chronos495","TID_BATTLEBANNER_NAME_DAGGER_THRONE","TID_BATTLEBANNER_DESC_DAGGER_THRONE","Foreground","TRUE","FALSE","sc/58_DaggerDuchessThrone_FG.sc","banner_fg",,
"Chronos496","TID_BATTLEBANNER_NAME_DAGGER_HALLS","TID_BATTLEBANNER_DESC_DAGGER_HALLS","Background","TRUE","FALSE","sc/58_DaggerDuchessThrone_BG.sc","banner_bg",,
"Chronos497","TID_BATTLEBANNER_NAME_DAGGER_SLICES","TID_BATTLEBANNER_DESC_DAGGER_SLICES","Foreground","TRUE","FALSE","sc/58_DaggerDuchessThrow_FG.sc","banner_fg",,
"Chronos498","TID_BATTLEBANNER_NAME_GOLDEN_EDGES","TID_BATTLEBANNER_DESC_GOLDEN_EDGES","Background","TRUE","FALSE","sc/58_DaggerDuchessThrow_BG.sc","banner_bg",,
"Chronos499","TID_BATTLEBANNER_NAME_BARB_SONS","TID_BATTLEBANNER_DESC_BARB_SONS","Foreground","TRUE","FALSE","sc/58_EvoBattleRam_FG.sc","banner_fg",,
"Chronos500","TID_BATTLEBANNER_NAME_RAMMING_DAY","TID_BATTLEBANNER_DESC_RAMMING_DAY","Background","TRUE","FALSE","sc/58_EvoBattleRam_BG.sc","banner_bg",,
"Chronos501","TID_BATTLEBANNER_NAME_THE_DUCHESS","TID_BATTLEBANNER_DESC_THE_DUCHESS","Foreground","TRUE","FALSE","sc/58_AnimDaggerDuch_FG.sc","banner_fg",,
"Chronos502","TID_BATTLEBANNER_NAME_THE_SLICING","TID_BATTLEBANNER_DESC_THE_SLICING","Background","TRUE","FALSE","sc/58_AnimDaggerDuch_BG.sc","banner_bg",,
"Chronos503","TID_BATTLEBANNER_NAME_WITCHLET","TID_BATTLEBANNER_DESC_WITCHLET","Foreground","TRUE","FALSE","sc/59_SquadWitch_FG.sc","banner_fg",,
"Chronos504","TID_BATTLEBANNER_NAME_SPOOKY_HAZE","TID_BATTLEBANNER_DESC_SPOOKY_HAZE","Background","TRUE","FALSE","sc/59_SquadWitch_BG.sc","banner_bg",,
"Chronos505","TID_BATTLEBANNER_NAME_SKELETAL_SCHOLARS","TID_BATTLEBANNER_DESC_SKELETAL_SCHOLARS","Foreground","TRUE","FALSE","sc/59_SkeletonLecture_FG.sc","banner_fg",,
"Chronos506","TID_BATTLEBANNER_NAME_HALL_OF_PORTRAITS","TID_BATTLEBANNER_DESC_HALL_OF_PORTRAITS","Background","TRUE","FALSE","sc/59_SkeletonLecture_BG.sc","banner_bg",,
"Chronos507","TID_BATTLEBANNER_NAME_FIERY_KNOWLEDGE","TID_BATTLEBANNER_DESC_FIERY_KNOWLEDGE","Foreground","TRUE","FALSE","sc/59_FireMage_FG.sc","banner_fg",,
"Chronos508","TID_BATTLEBANNER_NAME_SCHOLASTIC_ARCANUM","TID_BATTLEBANNER_DESC_SCHOLASTIC_ARCANUM","Background","TRUE","FALSE","sc/59_FireMage_BG.sc","banner_bg",,
"Chronos509","TID_BATTLEBANNER_NAME_VOID_CONTAINED","TID_BATTLEBANNER_DESC_VOID_CONTAINED","Foreground","TRUE","FALSE","sc/59_MagicPotionDev_FG.sc","banner_fg",,
"Chronos510","TID_BATTLEBANNER_NAME_RESEARCH_NOTES","TID_BATTLEBANNER_DESC_RESEARCH_NOTES","Background","TRUE","FALSE","sc/59_MagicPotionDev_BG.sc","banner_bg",,
"Chronos511","TID_BATTLEBANNER_NAME_SPELLS_GALORE","TID_BATTLEBANNER_DESC_SPELLS_GALORE","Foreground","TRUE","FALSE","sc/59_MagicLibrary_FG.sc","banner_fg",,
"Chronos512","TID_BATTLEBANNER_NAME_DARK_LIBRARY","TID_BATTLEBANNER_DESC_DARK_LIBRARY","Background","TRUE","FALSE","sc/59_MagicLibrary_BG.sc","banner_bg",,
"Chronos513","TID_BATTLEBANNER_NAME_VOID_UNLEASHED","TID_BATTLEBANNER_DESC_VOID_UNLEASHED","Foreground","TRUE","FALSE","sc/59_MagicHighSchool_FG.sc","banner_fg",,
"Chronos514","TID_BATTLEBANNER_NAME_RED_SKIES","TID_BATTLEBANNER_DESC_RED_SKIES","Background","TRUE","FALSE","sc/59_MagicHighSchool_BG.sc","banner_bg",,
"Chronos515","TID_BATTLEBANNER_NAME_SPRING_CHICKEN","TID_BATTLEBANNER_DESC_SPRING_CHICKEN","Foreground","TRUE","FALSE","sc/59_SquadChicken_FG.sc","banner_fg",,
"Chronos516","TID_BATTLEBANNER_NAME_SUNNY_HATCHERY","TID_BATTLEBANNER_DESC_SUNNY_HATCHERY","Background","TRUE","FALSE","sc/59_SquadChicken_BG.sc","banner_bg",,
"Chronos517","TID_BATTLEBANNER_NAME_NAP_TIME","TID_BATTLEBANNER_DESC_NAP_TIME","Foreground","TRUE","FALSE","sc/59_SquadHogSleep_FG.sc","banner_fg",,
"Chronos518","TID_BATTLEBANNER_NAME_DREAM_LANDS","TID_BATTLEBANNER_DESC_DREAM_LANDS","Background","TRUE","FALSE","sc/59_SquadHogSleep_BG.sc","banner_bg",,
"Chronos519","TID_BATTLEBANNER_NAME_FIRE_BOLT","TID_BATTLEBANNER_DESC_FIRE_BOLT","Foreground","TRUE","FALSE","sc/59_AnimWizard_FG.sc","banner_fg",,
"Chronos520","TID_BATTLEBANNER_NAME_FANNING_THE_FLAMES","TID_BATTLEBANNER_DESC_FANNING_THE_FLAMES","Background","TRUE","FALSE","sc/59_AnimWizard_BG.sc","banner_bg",,
"Chronos521","TID_BATTLEBANNER_NAME_PIXEL_GIANT","TID_BATTLEBANNER_DESC_PIXEL_GIANT","Foreground","TRUE","FALSE","sc/XT_RoyalGiantChainOffer_FG.sc","banner_fg",,
"Chronos522","TID_BATTLEBANNER_NAME_PIXEL_PARADISE","TID_BATTLEBANNER_DESC_PIXEL_PARADISE","Background","TRUE","FALSE","sc/XT_RoyalGiantChainOffer_BG.sc","banner_bg",,
"Chronos523","TID_BATTLEBANNER_NAME_GREEN_GETAWAY","TID_BATTLEBANNER_DESC_GREEN_GETAWAY","Foreground","TRUE","FALSE","sc/XT_SquadGoblinChase_FG.sc","banner_fg",,
"Chronos524","TID_BATTLEBANNER_NAME_ROYAL_WORLD","TID_BATTLEBANNER_DESC_ROYAL_WORLD","Background","TRUE","FALSE","sc/XT_SquadGoblinChase_BG.sc","banner_bg",,
"Chronos525","TID_BATTLEBANNER_NAME_MEGA_CHICKEN","TID_BATTLEBANNER_DESC_MEGA_CHICKEN","Foreground","TRUE","FALSE","sc/XT_SquadGiantChick_FG.sc","banner_fg",,
"Chronos526","TID_BATTLEBANNER_NAME_PORTAL_PATHWAY","TID_BATTLEBANNER_DESC_PORTAL_PATHWAY","Background","TRUE","FALSE","sc/XT_SquadGiantChick_BG.sc","banner_bg",,
"Chronos527","TID_BATTLEBANNER_NAME_SQUAD_BUSTING","TID_BATTLEBANNER_DESC_SQUAD_BUSTING","Foreground","TRUE","FALSE","sc/XT_SquadSwirlTeam_FG.sc","banner_fg",,
"Chronos528","TID_BATTLEBANNER_NAME_PSYCHIC_SWIRL","TID_BATTLEBANNER_DESC_PSYCHIC_SWIRL","Background","TRUE","FALSE","sc/XT_SquadSwirlTeam_BG.sc","banner_bg",,
"Chronos529","TID_BATTLEBANNER_NAME_CLASHING_SQUADS","TID_BATTLEBANNER_DESC_CLASHING_SQUADS","Foreground","TRUE","FALSE","sc/XT_SquadTeamUp_FG.sc","banner_fg",,
"Chronos530","TID_BATTLEBANNER_NAME_GEMS_AWAY","TID_BATTLEBANNER_DESC_GEMS_AWAY","Background","TRUE","FALSE","sc/XT_SquadTeamUp_BG.sc","banner_bg",,
"Chronos531","TID_BATTLEBANNER_NAME_ROCKER_HAIRDO","TID_BATTLEBANNER_DESC_ROCKER_HAIRDO","Foreground","TRUE","FALSE","sc/60_BookofClash3_FG.sc","banner_fg",,
"Chronos532","TID_BATTLEBANNER_NAME_CRYSTAL_CAVES","TID_BATTLEBANNER_DESC_CRYSTAL_CAVES","Background","TRUE","FALSE","sc/60_BookofClash3_BG.sc","banner_bg",,
"Chronos533","TID_BATTLEBANNER_NAME_FLEEING_THE_SCENE","TID_BATTLEBANNER_DESC_FLEEING_THE_SCENE","Foreground","TRUE","FALSE","sc/60_GoblinMayhem_FG.sc","banner_fg",,
"Chronos534","TID_BATTLEBANNER_NAME_MAJOR_MAYHEM","TID_BATTLEBANNER_DESC_MAJOR_MAYHEM","Background","TRUE","FALSE","sc/60_GoblinMayhem_BG.sc","banner_bg",,
"Chronos535","TID_BATTLEBANNER_NAME_FRIENDS_FOR_LIFE","TID_BATTLEBANNER_DESC_FRIENDS_FOR_LIFE","Foreground","TRUE","FALSE","sc/60_GoblinFriends_FG.sc","banner_fg",,
"Chronos536","TID_BATTLEBANNER_NAME_SHINY_STARS","TID_BATTLEBANNER_DESC_SHINY_STARS","Background","TRUE","FALSE","sc/60_GoblinFriends_BG.sc","banner_bg",,
"Chronos537","TID_BATTLEBANNER_NAME_DEVIOUS_PROSPECTOR","TID_BATTLEBANNER_DESC_DEVIOUS_PROSPECTOR","Foreground","TRUE","FALSE","sc/60_GoldGoblin_FG.sc","banner_fg",,
"Chronos538","TID_BATTLEBANNER_NAME_GOBLIN_HOARD","TID_BATTLEBANNER_DESC_GOBLIN_HOARD","Background","TRUE","FALSE","sc/60_GoldGoblin_BG.sc","banner_bg",,
"Chronos539","TID_BATTLEBANNER_NAME_BEWARE_THE_BUSH","TID_BATTLEBANNER_DESC_BEWARE_THE_BUSH","Foreground","TRUE","FALSE","sc/60_ForestTribalGoblin_FG.sc","banner_fg",,
"Chronos540","TID_BATTLEBANNER_NAME_PIXEL_JUNGLE","TID_BATTLEBANNER_DESC_PIXEL_JUNGLE","Background","TRUE","FALSE","sc/60_ForestTribalGoblin_BG.sc","banner_bg",,
"Chronos541","TID_BATTLEBANNER_NAME_NEW_FRIEND?","TID_BATTLEBANNER_DESC_NEW_FRIEND?","Foreground","TRUE","FALSE","sc/60_GoblinCrowd_FG.sc","banner_fg",,
"Chronos542","TID_BATTLEBANNER_NAME_SEA_OF_GREEN","TID_BATTLEBANNER_DESC_SEA_OF_GREEN","Background","TRUE","FALSE","sc/60_GoblinCrowd_BG.sc","banner_bg",,
"Chronos543","TID_BATTLEBANNER_NAME_FAUX_BARREL","TID_BATTLEBANNER_DESC_FAUX_BARREL","Foreground","TRUE","FALSE","sc/60_AnimGoblinBarrel_FG.sc","banner_fg",,
"Chronos544","TID_BATTLEBANNER_NAME_BIRDS_EYE_VIEW","TID_BATTLEBANNER_DESC_BIRDS_EYE_VIEW","Background","TRUE","FALSE","sc/60_AnimGoblinBarrel_BG.sc","banner_bg",,
"Chronos545","TID_BATTLEBANNER_NAME_DYNA-BARREL","TID_BATTLEBANNER_DESC_DYNA-BARREL","Foreground","TRUE","FALSE","sc/60_LetsAddBombs_FG.sc","banner_fg",,
"Chronos546","TID_BATTLEBANNER_NAME_READY_TO_BLOW","TID_BATTLEBANNER_DESC_READY_TO_BLOW","Background","TRUE","FALSE","sc/60_LetsAddBombs_BG.sc","banner_bg",,
"Chronos547","TID_BATTLEBANNER_NAME_ROCKET_MAN","TID_BATTLEBANNER_DESC_ROCKET_MAN","Foreground","TRUE","FALSE","sc/60_SpeedFlying_FG.sc","banner_fg",,
"Chronos548","TID_BATTLEBANNER_NAME_ABOVE_THE_CLOUDS","TID_BATTLEBANNER_DESC_ABOVE_THE_CLOUDS","Background","TRUE","FALSE","sc/60_SpeedFlying_BG.sc","banner_bg",,
"Chronos549","TID_BATTLEBANNER_NAME_MENACING_MATRIARCH","TID_BATTLEBANNER_DESC_MENACING_MATRIARCH","Foreground","TRUE","FALSE","sc/60_QueensGold_FG.sc","banner_fg",,
"Chronos550","TID_BATTLEBANNER_NAME_GOLDEN_CAVERNS","TID_BATTLEBANNER_DESC_GOLDEN_CAVERNS","Background","TRUE","FALSE","sc/60_QueensGold_BG.sc","banner_bg",,
"Chronos551","TID_BATTLEBANNER_NAME_JOYRIDE","TID_BATTLEBANNER_DESC_JOYRIDE","Foreground","TRUE","FALSE","sc/60_GoldRush_FG.sc","banner_fg",,
"Chronos552","TID_BATTLEBANNER_NAME_GOBLIN_MINES","TID_BATTLEBANNER_DESC_GOBLIN_MINES","Background","TRUE","FALSE","sc/60_GoldRush_BG.sc","banner_bg",,
"Chronos553","TID_BATTLEBANNER_NAME_CROWN_FISHING","TID_BATTLEBANNER_DESC_CROWN_FISHING","Foreground","TRUE","FALSE","sc/60_CrownFishing_FG.sc","banner_fg",,
"Chronos554","TID_BATTLEBANNER_NAME_JUNGLE_SHORES","TID_BATTLEBANNER_DESC_JUNGLE_SHORES","Background","TRUE","FALSE","sc/60_CrownFishing_BG.sc","banner_bg",,
"Chronos555","TID_BATTLEBANNER_NAME_CANT_TOUCH_THIS","TID_BATTLEBANNER_DESC_CANT_TOUCH_THIS","Foreground","TRUE","FALSE","sc/61_ArrowHop_FG.sc","banner_fg",,
"Chronos556","TID_BATTLEBANNER_NAME_ARROW_FIELD","TID_BATTLEBANNER_DESC_ARROW_FIELD","Background","TRUE","FALSE","sc/61_ArrowHop_BG.sc","banner_bg",,
"Chronos557","TID_BATTLEBANNER_NAME_MAMAS_DAY","TID_BATTLEBANNER_DESC_MAMAS_DAY","Foreground","TRUE","FALSE","sc/61_GoblinsGift_FG.sc","banner_fg",,
"Chronos558","TID_BATTLEBANNER_NAME_GOBS_AND_GOLD","TID_BATTLEBANNER_DESC_GOBS_AND_GOLD","Background","TRUE","FALSE","sc/61_GoblinsGift_BG.sc","banner_bg",,
"Chronos559","TID_BATTLEBANNER_NAME_ROAD_TRIP","TID_BATTLEBANNER_DESC_ROAD_TRIP","Foreground","TRUE","FALSE","sc/61_GoblinGiantTurn_FG.sc","banner_fg",,
"Chronos560","TID_BATTLEBANNER_NAME_ON_TARGET","TID_BATTLEBANNER_DESC_ON_TARGET","Background","TRUE","FALSE","sc/61_GoblinGiantTurn_BG.sc","banner_bg",,
"Chronos561","TID_BATTLEBANNER_NAME_MAMAS_MAD","TID_BATTLEBANNER_DESC_MAMAS_MAD","Foreground","TRUE","FALSE","sc/61_Matriarch_FG.sc","banner_fg",,
"Chronos562","TID_BATTLEBANNER_NAME_GOBLIN_ARMY","TID_BATTLEBANNER_DESC_GOBLIN_ARMY","Background","TRUE","FALSE","sc/61_Matriarch_BG.sc","banner_bg",,
"Chronos563","TID_BATTLEBANNER_NAME_CLUELESS","TID_BATTLEBANNER_DESC_CLUELESS","Foreground","TRUE","FALSE","sc/61_GiantGoblin_FG.sc","banner_fg",,
"Chronos564","TID_BATTLEBANNER_NAME_FOREST_PATH","TID_BATTLEBANNER_DESC_FOREST_PATH","Background","TRUE","FALSE","sc/61_GiantGoblin_BG.sc","banner_bg",,
"Chronos565","TID_BATTLEBANNER_NAME_CASTLE_QUEEN","TID_BATTLEBANNER_DESC_CASTLE_QUEEN","Foreground","TRUE","FALSE","sc/61_GoblinsPixel_FG.sc","banner_fg",,
"Chronos566","TID_BATTLEBANNER_NAME_WORLD_1-1","TID_BATTLEBANNER_DESC_WORLD_1-1","Background","TRUE","FALSE","sc/61_GoblinsPixel_BG.sc","banner_bg",,
"Chronos567","TID_BATTLEBANNER_NAME_GOLDEN_GODDESS","TID_BATTLEBANNER_DESC_GOLDEN_GODDESS","Foreground","TRUE","FALSE","sc/61_GoldenStatue_FG.sc","banner_fg",,
"Chronos568","TID_BATTLEBANNER_NAME_GOBLIN_TREASURY","TID_BATTLEBANNER_DESC_GOBLIN_TREASURY","Background","TRUE","FALSE","sc/61_GoldenStatue_BG.sc","banner_bg",,
"Chronos569","TID_BATTLEBANNER_NAME_GOBLIN_DEFEAT","TID_BATTLEBANNER_DESC_GOBLIN_DEFEAT","Foreground","TRUE","FALSE","sc/61_KidsGoblin_FG.sc","banner_fg",,
"Chronos570","TID_BATTLEBANNER_NAME_PURPLE_MIRE","TID_BATTLEBANNER_DESC_PURPLE_MIRE","Background","TRUE","FALSE","sc/61_KidsGoblin_BG.sc","banner_bg",,
"Chronos571","TID_BATTLEBANNER_NAME_ITS_DRILLIN_TIME","TID_BATTLEBANNER_DESC_ITS_DRILLIN_TIME","Foreground","TRUE","FALSE","sc/61_AnimGoblinDrill_FG.sc","banner_fg",,
"Chronos572","TID_BATTLEBANNER_NAME_DIG_DUG","TID_BATTLEBANNER_DESC_DIG_DUG","Background","TRUE","FALSE","sc/61_AnimGoblinDrill_BG.sc","banner_bg",,
"Chronos573","TID_BATTLEBANNER_NAME_SAND_CASTLES","TID_BATTLEBANNER_DESC_SAND_CASTLES","Foreground","TRUE","FALSE","sc/62_BabyGobSandCastle_FG.sc","banner_fg",,
"Chronos574","TID_BATTLEBANNER_NAME_BEACH_HOLIDAY","TID_BATTLEBANNER_DESC_BEACH_HOLIDAY","Background","TRUE","FALSE","sc/62_BabyGobSandCastle_BG.sc","banner_bg",,
"Chronos575","TID_BATTLEBANNER_NAME_CANNONBALL","TID_BATTLEBANNER_DESC_CANNONBALL","Foreground","TRUE","FALSE","sc/62_GiantGobBomb_FG.sc","banner_fg",,
"Chronos576","TID_BATTLEBANNER_NAME_POOLSIDE_VIBE","TID_BATTLEBANNER_DESC_POOLSIDE_VIBE","Background","TRUE","FALSE","sc/62_GiantGobBomb_BG.sc","banner_bg",,
"Chronos577","TID_BATTLEBANNER_NAME_QUEENLY_KARAOKE","TID_BATTLEBANNER_DESC_QUEENLY_KARAOKE","Foreground","TRUE","FALSE","sc/62_QueenGobKaraoke_FG.sc","banner_fg",,
"Chronos578","TID_BATTLEBANNER_NAME_LIGHT_UP_THE_NIGHT","TID_BATTLEBANNER_DESC_LIGHT_UP_THE_NIGHT","Background","TRUE","FALSE","sc/62_QueenGobKaraoke_BG.sc","banner_bg",,
"Chronos579","TID_BATTLEBANNER_NAME_TUBE_SURFING","TID_BATTLEBANNER_DESC_TUBE_SURFING","Foreground","TRUE","FALSE","sc/62_GoblinWave_FG.sc","banner_fg",,
"Chronos580","TID_BATTLEBANNER_NAME_WAVE_POOL","TID_BATTLEBANNER_DESC_WAVE_POOL","Background","TRUE","FALSE","sc/62_GoblinWave_BG.sc","banner_bg",,
"Chronos581","TID_BATTLEBANNER_NAME_HYDRATION_STATION","TID_BATTLEBANNER_DESC_HYDRATION_STATION","Foreground","TRUE","FALSE","sc/62_CocktailThief_FG.sc","banner_fg",,
"Chronos582","TID_BATTLEBANNER_NAME_COCO-FRESH","TID_BATTLEBANNER_DESC_COCO-FRESH","Background","TRUE","FALSE","sc/62_CocktailThief_BG.sc","banner_bg",,
"Chronos583","TID_BATTLEBANNER_NAME_STEALTHY_ROYAL","TID_BATTLEBANNER_DESC_STEALTHY_ROYAL","Foreground","TRUE","FALSE","sc/62_SneakyKing_FG.sc","banner_fg",,
"Chronos584","TID_BATTLEBANNER_NAME_TRAINING_PIT","TID_BATTLEBANNER_DESC_TRAINING_PIT","Background","TRUE","FALSE","sc/62_SneakyKing_BG.sc","banner_bg",,
"Chronos585","TID_BATTLEBANNER_NAME_UNDER_THE_SEA","TID_BATTLEBANNER_DESC_UNDER_THE_SEA","Foreground","TRUE","FALSE","sc/62_Underwater_FG.sc","banner_fg",,
"Chronos586","TID_BATTLEBANNER_NAME_DEEP_BLUE","TID_BATTLEBANNER_DESC_DEEP_BLUE","Background","TRUE","FALSE","sc/62_Underwater_BG.sc","banner_bg",,
"Chronos587","TID_BATTLEBANNER_NAME_GRAB_AND_RUN","TID_BATTLEBANNER_DESC_GRAB_AND_RUN","Foreground","TRUE","FALSE","sc/62_GoldTheft_FG.sc","banner_fg",,
"Chronos588","TID_BATTLEBANNER_NAME_JUNGLE_CHASE","TID_BATTLEBANNER_DESC_JUNGLE_CHASE","Background","TRUE","FALSE","sc/62_GoldTheft_BG.sc","banner_bg",,
"Chronos589","TID_BATTLEBANNER_NAME_AM-BUSH","TID_BATTLEBANNER_DESC_AM-BUSH","Foreground","TRUE","FALSE","sc/62_AnimGoblinBush_FG.sc","banner_fg",,
"Chronos590","TID_BATTLEBANNER_NAME_IN_THE_JUNGLE","TID_BATTLEBANNER_DESC_IN_THE_JUNGLE","Background","TRUE","FALSE","sc/62_AnimGoblinBush_BG.sc","banner_bg",,
"Chronos591","TID_BATTLEBANNER_NAME_PUNCHING_BAG","TID_BATTLEBANNER_DESC_PUNCHING_BAG","Foreground","TRUE","FALSE","sc/63_PunchingBall_FG.sc","banner_fg",,
"Chronos592","TID_BATTLEBANNER_NAME_KNOCKOUT_SENSATION","TID_BATTLEBANNER_DESC_KNOCKOUT_SENSATION","Background","TRUE","FALSE","sc/63_PunchingBall_BG.sc","banner_bg",,
"Chronos593","TID_BATTLEBANNER_NAME_CHAMPIONS_BELT","TID_BATTLEBANNER_DESC_CHAMPIONS_BELT","Foreground","TRUE","FALSE","sc/63_RingGoblin_FG.sc","banner_fg",,
"Chronos594","TID_BATTLEBANNER_NAME_THE_OCTAGON","TID_BATTLEBANNER_DESC_THE_OCTAGON","Background","TRUE","FALSE","sc/63_RingGoblin_BG.sc","banner_bg",,
"Chronos595","TID_BATTLEBANNER_NAME_ON_THE_ROPES","TID_BATTLEBANNER_DESC_ON_THE_ROPES","Foreground","TRUE","FALSE","sc/63_PekkaKO_FG.sc","banner_fg",,
"Chronos596","TID_BATTLEBANNER_NAME_ANTICIPATION","TID_BATTLEBANNER_DESC_ANTICIPATION","Background","TRUE","FALSE","sc/63_PekkaKO_BG.sc","banner_bg",,
"Chronos597","TID_BATTLEBANNER_NAME_GLOVING_UP","TID_BATTLEBANNER_DESC_GLOVING_UP","Foreground","TRUE","FALSE","sc/63_MegaKnightGloves_FG.sc","banner_fg",,
"Chronos598","TID_BATTLEBANNER_NAME_FIGHT_FANS","TID_BATTLEBANNER_DESC_FIGHT_FANS","Background","TRUE","FALSE","sc/63_MegaKnightGloves_BG.sc","banner_bg",,
"Chronos599","TID_BATTLEBANNER_NAME_DASH_ATTACK","TID_BATTLEBANNER_DESC_DASH_ATTACK","Foreground","TRUE","FALSE","sc/63_Pekkadash_FG.sc","banner_fg",,
"Chronos600","TID_BATTLEBANNER_NAME_KNOCKED_OUT","TID_BATTLEBANNER_DESC_KNOCKED_OUT","Background","TRUE","FALSE","sc/63_Pekkadash_BG.sc","banner_bg",,
"Chronos601","TID_BATTLEBANNER_NAME_SUCCESSION","TID_BATTLEBANNER_DESC_SUCCESSION","Foreground","TRUE","FALSE","sc/63_Swordthief_FG.sc","banner_fg",,
"Chronos602","TID_BATTLEBANNER_NAME_EVIDENCE","TID_BATTLEBANNER_DESC_EVIDENCE","Background","TRUE","FALSE","sc/63_Swordthief_BG.sc","banner_bg",,
"Chronos603","TID_BATTLEBANNER_NAME_CLASH_OF_TITANS","TID_BATTLEBANNER_DESC_CLASH_OF_TITANS","Foreground","TRUE","FALSE","sc/63_Anim_PekkaMegaknight_FG.sc","banner_fg",,
"Chronos604","TID_BATTLEBANNER_NAME_RING_OF_CHAMPIONS","TID_BATTLEBANNER_DESC_RING_OF_CHAMPIONS","Background","TRUE","FALSE","sc/63_Anim_PekkaMegaknight_BG.sc","banner_bg",,
"Chronos605","TID_BATTLEBANNER_NAME_ITS_ALIVE","TID_BATTLEBANNER_DESC_ITS_ALIVE","Foreground","TRUE","FALSE","sc/64_CartoonDoctorAndMonster_FG.sc","banner_fg",,
"Chronos606","TID_BATTLEBANNER_NAME_UNLIMITED_POWER","TID_BATTLEBANNER_DESC_UNLIMITED_POWER","Background","TRUE","FALSE","sc/64_CartoonDoctorAndMonster_BG.sc","banner_bg",,
"Chronos607","TID_BATTLEBANNER_NAME_READY_FOR_SCIENCE","TID_BATTLEBANNER_DESC_READY_FOR_SCIENCE","Foreground","TRUE","FALSE","sc/64_CartoonDoctorOld_FG.sc","banner_fg",,
"Chronos608","TID_BATTLEBANNER_NAME_ZAP_PROOF","TID_BATTLEBANNER_DESC_ZAP_PROOF","Background","TRUE","FALSE","sc/64_CartoonDoctorOld_BG.sc","banner_bg",,
"Chronos609","TID_BATTLEBANNER_NAME_ELECTRO_BLAST","TID_BATTLEBANNER_DESC_ELECTRO_BLAST","Foreground","TRUE","FALSE","sc/64_CartoonDragon_FG.sc","banner_fg",,
"Chronos610","TID_BATTLEBANNER_NAME_GLOOMY_NIGHT","TID_BATTLEBANNER_DESC_GLOOMY_NIGHT","Background","TRUE","FALSE","sc/64_CartoonDragon_BG.sc","banner_bg",,
"Chronos611","TID_BATTLEBANNER_NAME_POWER_POSE","TID_BATTLEBANNER_DESC_POWER_POSE","Foreground","TRUE","FALSE","sc/64_MonsterAndDoctor_FG.sc","banner_fg",,
"Chronos612","TID_BATTLEBANNER_NAME_STORMY_NIGHT","TID_BATTLEBANNER_DESC_STORMY_NIGHT","Background","TRUE","FALSE","sc/64_MonsterAndDoctor_BG.sc","banner_bg",,
"Chronos613","TID_BATTLEBANNER_NAME_DOCTORS_MONSTER","TID_BATTLEBANNER_DESC_DOCTORS_MONSTER","Foreground","TRUE","FALSE","sc/64_MonsterDoctorFun_FG.sc","banner_fg",,
"Chronos614","TID_BATTLEBANNER_NAME_DOCTORS_CHAMBER","TID_BATTLEBANNER_DESC_DOCTORS_CHAMBER","Background","TRUE","FALSE","sc/64_MonsterDoctorFun_BG.sc","banner_bg",,
"Chronos615","TID_BATTLEBANNER_NAME_STATIC_BUBBLES","TID_BATTLEBANNER_DESC_STATIC_BUBBLES","Foreground","TRUE","FALSE","sc/64_SleepingDragon_FG.sc","banner_fg",,
"Chronos616","TID_BATTLEBANNER_NAME_COZY_STUDY","TID_BATTLEBANNER_DESC_COZY_STUDY","Background","TRUE","FALSE","sc/64_SleepingDragon_BG.sc","banner_bg",,
"Chronos617","TID_BATTLEBANNER_NAME_PUPPET_MASTER","TID_BATTLEBANNER_DESC_PUPPET_MASTER","Foreground","TRUE","FALSE","sc/64_HalloweenSkeletonGiant_FG.sc","banner_fg",,
"Chronos618","TID_BATTLEBANNER_NAME_SPOOKY_MANOR","TID_BATTLEBANNER_DESC_SPOOKY_MANOR","Background","TRUE","FALSE","sc/64_HalloweenSkeletonGiant_BG.sc","banner_bg",,
"Chronos619","TID_BATTLEBANNER_NAME_MADNESS_DESCENDS","TID_BATTLEBANNER_DESC_MADNESS_DESCENDS","Foreground","TRUE","FALSE","sc/64_HalloweenDagger_FG.sc","banner_fg",,
"Chronos620","TID_BATTLEBANNER_NAME_FIERY_SKIES","TID_BATTLEBANNER_DESC_FIERY_SKIES","Background","TRUE","FALSE","sc/64_HalloweenDagger_BG.sc","banner_bg",,
"Chronos621","TID_BATTLEBANNER_NAME_SHOCKING_REVELATION","TID_BATTLEBANNER_DESC_SHOCKING_REVELATION","Foreground","TRUE","FALSE","sc/64_Anim_GoblinsteinScientist_FG.sc","banner_fg",,
"Chronos622","TID_BATTLEBANNER_NAME_DOCTORS_LABORATORY","TID_BATTLEBANNER_DESC_DOCTORS_LABORATORY","Background","TRUE","FALSE","sc/64_Anim_GoblinsteinScientist_BG.sc","banner_bg",,
"Chronos623","TID_BATTLEBANNER_NAME_ON_THE_ROAD_AGAIN","TID_BATTLEBANNER_DESC_ON_THE_ROAD_AGAIN","Foreground","TRUE","FALSE","sc/65_DarkPrinceCowboy_FG.sc","banner_fg",,
"Chronos624","TID_BATTLEBANNER_NAME_DESERT_SUNSET","TID_BATTLEBANNER_DESC_DESERT_SUNSET","Background","TRUE","FALSE","sc/65_DarkPrinceCowboy_BG.sc","banner_bg",,
"Chronos625","TID_BATTLEBANNER_NAME_WHOS_THERE?","TID_BATTLEBANNER_DESC_WHOS_THERE?","Foreground","TRUE","FALSE","sc/65_SaloonBandit_FG.sc","banner_fg",,
"Chronos626","TID_BATTLEBANNER_NAME_RUSTY_SALOON","TID_BATTLEBANNER_DESC_RUSTY_SALOON","Background","TRUE","FALSE","sc/65_SaloonBandit_BG.sc","banner_bg",,
"Chronos627","TID_BATTLEBANNER_NAME_GUNPOWDER_DUO","TID_BATTLEBANNER_DESC_GUNPOWDER_DUO","Foreground","TRUE","FALSE","sc/65_CannonAndMusketeer_FG.sc","banner_fg",,
"Chronos628","TID_BATTLEBANNER_NAME_SEPIA_EXPLOSION","TID_BATTLEBANNER_DESC_SEPIA_EXPLOSION","Background","TRUE","FALSE","sc/65_CannonAndMusketeer_BG.sc","banner_bg",,
"Chronos629","TID_BATTLEBANNER_NAME_ROAD_TUNES","TID_BATTLEBANNER_DESC_ROAD_TUNES","Foreground","TRUE","FALSE","sc/65_HogRiderSinging_FG.sc","banner_fg",,
"Chronos630","TID_BATTLEBANNER_NAME_PRAIRIE_MORNING","TID_BATTLEBANNER_DESC_PRAIRIE_MORNING","Background","TRUE","FALSE","sc/65_HogRiderSinging_BG.sc","banner_bg",,
"Chronos631","TID_BATTLEBANNER_NAME_LOCK_STOCK_AND_BARREL","TID_BATTLEBANNER_DESC_LOCK_STOCK_AND_BARREL","Foreground","TRUE","FALSE","sc/65_MusketeerDuel_FG.sc","banner_fg",,
"Chronos632","TID_BATTLEBANNER_NAME_PISTOLS_AT_SUNDOWN","TID_BATTLEBANNER_DESC_PISTOLS_AT_SUNDOWN","Background","TRUE","FALSE","sc/65_MusketeerDuel_BG.sc","banner_bg",,
"Chronos633","TID_BATTLEBANNER_NAME_DOWN_THE_BARREL","TID_BATTLEBANNER_DESC_DOWN_THE_BARREL","Foreground","TRUE","FALSE","sc/65_Anim_MusketeerEvo_FG.sc","banner_fg",,
"Chronos634","TID_BATTLEBANNER_NAME_HIGH_NOON","TID_BATTLEBANNER_DESC_HIGH_NOON","Background","TRUE","FALSE","sc/65_Anim_MusketeerEvo_BG.sc","banner_bg",,
"Chronos635","TID_BATTLEBANNER_NAME_WITCHY_CROCHET","TID_BATTLEBANNER_DESC_WITCHY_CROCHET","Foreground","TRUE","FALSE","sc/66_AmiguriWitch_FG.sc","banner_fg",,
"Chronos636","TID_BATTLEBANNER_NAME_YARN_WORLD","TID_BATTLEBANNER_DESC_YARN_WORLD","Background","TRUE","FALSE","sc/66_AmiguriWitch_BG.sc","banner_bg",,
"Chronos637","TID_BATTLEBANNER_NAME_JUST_DESSERTS","TID_BATTLEBANNER_DESC_JUST_DESSERTS","Foreground","TRUE","FALSE","sc/66_AreYouKiddingMe_FG.sc","banner_fg",,
"Chronos638","TID_BATTLEBANNER_NAME_BY_THE_FIREPLACE","TID_BATTLEBANNER_DESC_BY_THE_FIREPLACE","Background","TRUE","FALSE","sc/66_AreYouKiddingMe_BG.sc","banner_bg",,
"Chronos639","TID_BATTLEBANNER_NAME_PAPER_DOLLS","TID_BATTLEBANNER_DESC_PAPER_DOLLS","Foreground","TRUE","FALSE","sc/66_PaperToy_FG.sc","banner_fg",,
"Chronos640","TID_BATTLEBANNER_NAME_CRAFT_STATION","TID_BATTLEBANNER_DESC_CRAFT_STATION","Background","TRUE","FALSE","sc/66_PaperToy_BG.sc","banner_bg",,
"Chronos641","TID_BATTLEBANNER_NAME_COOLING_OFF","TID_BATTLEBANNER_DESC_COOLING_OFF","Foreground","TRUE","FALSE","sc/66_PhoenixInTheSnow_FG.sc","banner_fg",,
"Chronos642","TID_BATTLEBANNER_NAME_WINTERSCAPE","TID_BATTLEBANNER_DESC_WINTERSCAPE","Background","TRUE","FALSE","sc/66_PhoenixInTheSnow_BG.sc","banner_bg",,
"Chronos643","TID_BATTLEBANNER_NAME_GINGERBREAD_CLAN","TID_BATTLEBANNER_DESC_GINGERBREAD_CLAN","Foreground","TRUE","FALSE","sc/66_Cookiesforyou_FG.sc","banner_fg",,
"Chronos644","TID_BATTLEBANNER_NAME_HOLIDAY_KITCHEN","TID_BATTLEBANNER_DESC_HOLIDAY_KITCHEN","Background","TRUE","FALSE","sc/66_Cookiesforyou_BG.sc","banner_bg",,
"Chronos645","TID_BATTLEBANNER_NAME_FINISHING_TOUCH","TID_BATTLEBANNER_DESC_FINISHING_TOUCH","Foreground","TRUE","FALSE","sc/66_SaltBaeChef_FG.sc","banner_fg",,
"Chronos646","TID_BATTLEBANNER_NAME_READY_TO_SERVE","TID_BATTLEBANNER_DESC_READY_TO_SERVE","Background","TRUE","FALSE","sc/66_SaltBaeChef_BG.sc","banner_bg",,
"Chronos647","TID_BATTLEBANNER_NAME_KNITTING_KING","TID_BATTLEBANNER_DESC_KNITTING_KING","Foreground","TRUE","FALSE","sc/66_KnittingKing_FG.sc","banner_fg",,
"Chronos648","TID_BATTLEBANNER_NAME_GIFT_WRAPPED","TID_BATTLEBANNER_DESC_GIFT_WRAPPED","Background","TRUE","FALSE","sc/66_KnittingKing_BG.sc","banner_bg",,
"Chronos649","TID_BATTLEBANNER_NAME_FAMILY_TIME","TID_BATTLEBANNER_DESC_FAMILY_TIME","Foreground","TRUE","FALSE","sc/66_Anim_CozyWinter_FG.sc","banner_fg",,
"Chronos650","TID_BATTLEBANNER_NAME_SNOWY_SEASON","TID_BATTLEBANNER_DESC_SNOWY_SEASON","Background","TRUE","FALSE","sc/66_Anim_CozyWinter_BG.sc","banner_bg",,
"Chronos651","TID_BATTLEBANNER_NAME_FORGE_FLEX","TID_BATTLEBANNER_DESC_FORGE_FLEX","Foreground","TRUE","FALSE","sc/67_FlexForge_FG.sc","banner_fg",,
"Chronos652","TID_BATTLEBANNER_NAME_HAMMER_&_STEEL","TID_BATTLEBANNER_DESC_HAMMER_&_STEEL","Background","TRUE","FALSE","sc/67_FlexForge_BG.sc","banner_bg",,
"Chronos653","TID_BATTLEBANNER_NAME_RUNES_OF_LEGEND","TID_BATTLEBANNER_DESC_RUNES_OF_LEGEND","Foreground","TRUE","FALSE","sc/67_ForgeLogo_FG.sc","banner_fg",,
"Chronos654","TID_BATTLEBANNER_NAME_SACRED_FORGE","TID_BATTLEBANNER_DESC_SACRED_FORGE","Background","TRUE","FALSE","sc/67_ForgeLogo_BG.sc","banner_bg",,
"Chronos655","TID_BATTLEBANNER_NAME_LAVA_FOUNTAIN","TID_BATTLEBANNER_DESC_LAVA_FOUNTAIN","Foreground","TRUE","FALSE","sc/67_LavaFountain_FG.sc","banner_fg",,
"Chronos656","TID_BATTLEBANNER_NAME_REALM_OF_FIRE","TID_BATTLEBANNER_DESC_REALM_OF_FIRE","Background","TRUE","FALSE","sc/67_LavaFountain_BG.sc","banner_bg",,
"Chronos657","TID_BATTLEBANNER_NAME_RUNIC_BLING","TID_BATTLEBANNER_DESC_RUNIC_BLING","Foreground","TRUE","FALSE","sc/67_RuneGiantPose_FG.sc","banner_fg",,
"Chronos658","TID_BATTLEBANNER_NAME_EXPLOSIVE_BACKDROP","TID_BATTLEBANNER_DESC_EXPLOSIVE_BACKDROP","Background","TRUE","FALSE","sc/67_RuneGiantPose_BG.sc","banner_bg",,
"Chronos659","TID_BATTLEBANNER_NAME_STATUE_OF_GLORY","TID_BATTLEBANNER_DESC_STATUE_OF_GLORY","Foreground","TRUE","FALSE","sc/67_GiantBlessing_FG.sc","banner_fg",,
"Chronos660","TID_BATTLEBANNER_NAME_MYSTIC_MOUNTAINS","TID_BATTLEBANNER_DESC_MYSTIC_MOUNTAINS","Background","TRUE","FALSE","sc/67_GiantBlessing_BG.sc","banner_bg",,
"Chronos661","TID_BATTLEBANNER_NAME_WEATHER_PROOF","TID_BATTLEBANNER_DESC_WEATHER_PROOF","Foreground","TRUE","FALSE","sc/67_GiantTourist_FG.sc","banner_fg",,
"Chronos662","TID_BATTLEBANNER_NAME_LAVA_FLOW","TID_BATTLEBANNER_DESC_LAVA_FLOW","Background","TRUE","FALSE","sc/67_GiantTourist_BG.sc","banner_bg",,
"Chronos663","TID_BATTLEBANNER_NAME_PRECIOUS_METAL","TID_BATTLEBANNER_DESC_PRECIOUS_METAL","Foreground","TRUE","FALSE","sc/67_UnicornForge_FG.sc","banner_fg",,
"Chronos664","TID_BATTLEBANNER_NAME_STEEL_FOUNDRY","TID_BATTLEBANNER_DESC_STEEL_FOUNDRY","Background","TRUE","FALSE","sc/67_UnicornForge_BG.sc","banner_bg",,
"Chronos665","TID_BATTLEBANNER_NAME_FORGING_IRON","TID_BATTLEBANNER_DESC_FORGING_IRON","Foreground","TRUE","FALSE","sc/67_Anim_RuneGiant_FG.sc","banner_fg",,
"Chronos666","TID_BATTLEBANNER_NAME_BLACKSMITH_STATION","TID_BATTLEBANNER_DESC_BLACKSMITH_STATION","Background","TRUE","FALSE","sc/67_Anim_RuneGiant_BG.sc","banner_bg",,
"Chronos667","TID_BATTLEBANNER_NAME_LUMBER_LOVE","TID_BATTLEBANNER_DESC_LUMBER_LOVE","Foreground","TRUE","FALSE","sc/68_BridgeLove_FG.sc","banner_fg",,
"Chronos668","TID_BATTLEBANNER_NAME_LOG_BRIDGE","TID_BATTLEBANNER_DESC_LOG_BRIDGE","Background","TRUE","FALSE","sc/68_BridgeLove_BG.sc","banner_bg",,
"Chronos669","TID_BATTLEBANNER_NAME_MAYHEM_INCARNATE","TID_BATTLEBANNER_DESC_MAYHEM_INCARNATE","Foreground","TRUE","FALSE","sc/68_BerserkerRage_FG.sc","banner_fg",,
"Chronos670","TID_BATTLEBANNER_NAME_FRENZY_STATE","TID_BATTLEBANNER_DESC_FRENZY_STATE","Background","TRUE","FALSE","sc/68_BerserkerRage_BG.sc","banner_bg",,
"Chronos671","TID_BATTLEBANNER_NAME_MOMENT_IN_THE_SUN","TID_BATTLEBANNER_DESC_MOMENT_IN_THE_SUN","Foreground","TRUE","FALSE","sc/68_LoveGrass_FG.sc","banner_fg",,
"Chronos672","TID_BATTLEBANNER_NAME_FIELD_OF_DREAMS","TID_BATTLEBANNER_DESC_FIELD_OF_DREAMS","Background","TRUE","FALSE","sc/68_LoveGrass_BG.sc","banner_bg",,
"Chronos673","TID_BATTLEBANNER_NAME_LADIES_SQUAD","TID_BATTLEBANNER_DESC_LADIES_SQUAD","Foreground","TRUE","FALSE","sc/68_StrongCrew_FG.sc","banner_fg",,
"Chronos674","TID_BATTLEBANNER_NAME_WEAPON_WALL","TID_BATTLEBANNER_DESC_WEAPON_WALL","Background","TRUE","FALSE","sc/68_StrongCrew_BG.sc","banner_bg",,
"Chronos675","TID_BATTLEBANNER_NAME_DYNAMIC_DUO","TID_BATTLEBANNER_DESC_DYNAMIC_DUO","Foreground","TRUE","FALSE","sc/68_WinningDuo_FG.sc","banner_fg",,
"Chronos676","TID_BATTLEBANNER_NAME_SWORDSMITHS_FORGE","TID_BATTLEBANNER_DESC_SWORDSMITHS_FORGE","Background","TRUE","FALSE","sc/68_WinningDuo_BG.sc","banner_bg",,
"Chronos677","TID_BATTLEBANNER_NAME_CHOP_CHOP","TID_BATTLEBANNER_DESC_CHOP_CHOP","Foreground","TRUE","FALSE","sc/68_ChopChop_FG.sc","banner_fg",,
"Chronos678","TID_BATTLEBANNER_NAME_STORYTIME","TID_BATTLEBANNER_DESC_STORYTIME","Background","TRUE","FALSE","sc/68_ChopChop_BG.sc","banner_bg",,
"Chronos679","TID_BATTLEBANNER_NAME_SLICE_AND_DICE","TID_BATTLEBANNER_DESC_SLICE_AND_DICE","Foreground","TRUE","FALSE","sc/68_GoingBerserk_FG.sc","banner_fg",,
"Chronos680","TID_BATTLEBANNER_NAME_FORCES_OF_GREEN","TID_BATTLEBANNER_DESC_FORCES_OF_GREEN","Background","TRUE","FALSE","sc/68_GoingBerserk_BG.sc","banner_bg",,
"Chronos681","TID_BATTLEBANNER_NAME_BIRTHDAY_ROCKET","TID_BATTLEBANNER_DESC_BIRTHDAY_ROCKET","Foreground","TRUE","FALSE","sc/69_9YearsRocket_FG.sc","banner_fg",,
"Chronos682","TID_BATTLEBANNER_NAME_AIRBORNE_CHASE","TID_BATTLEBANNER_DESC_AIRBORNE_CHASE","Background","TRUE","FALSE","sc/69_9YearsRocket_BG.sc","banner_bg",,
"Chronos683","TID_BATTLEBANNER_NAME_THIS_IS_FINE","TID_BATTLEBANNER_DESC_THIS_IS_FINE","Foreground","TRUE","FALSE","sc/69_ThisIsFine_FG.sc","banner_fg",,
"Chronos684","TID_BATTLEBANNER_NAME_FIRE_STARTER","TID_BATTLEBANNER_DESC_FIRE_STARTER","Background","TRUE","FALSE","sc/69_ThisIsFine_BG.sc","banner_bg",,
"Chronos685","TID_BATTLEBANNER_NAME_READY_SET_BLOW","TID_BATTLEBANNER_DESC_READY_SET_BLOW","Foreground","TRUE","FALSE","sc/69_BlowCandle_FG.sc","banner_fg",,
"Chronos686","TID_BATTLEBANNER_NAME_BIRTHDAY_FIREWORKS","TID_BATTLEBANNER_DESC_BIRTHDAY_FIREWORKS","Background","TRUE","FALSE","sc/69_BlowCandle_BG.sc","banner_bg",,
"Chronos687","TID_BATTLEBANNER_NAME_CAKELICIOUS","TID_BATTLEBANNER_DESC_CAKELICIOUS","Foreground","TRUE","FALSE","sc/69_GoblinCake_FG.sc","banner_fg",,
"Chronos688","TID_BATTLEBANNER_NAME_STRAWBERRY_SHORTCAKE","TID_BATTLEBANNER_DESC_STRAWBERRY_SHORTCAKE","Background","TRUE","FALSE","sc/69_GoblinCake_BG.sc","banner_bg",,
"Chronos689","TID_BATTLEBANNER_NAME_PARTY_INVITATION","TID_BATTLEBANNER_DESC_PARTY_INVITATION","Foreground","TRUE","FALSE","sc/69_InvitationParty_FG.sc","banner_fg",,
"Chronos690","TID_BATTLEBANNER_NAME_PERSONAL_TOUCH","TID_BATTLEBANNER_DESC_PERSONAL_TOUCH","Background","TRUE","FALSE","sc/69_InvitationParty_BG.sc","banner_bg",,
"Chronos691","TID_BATTLEBANNER_NAME_PARTY_BALLOONS","TID_BATTLEBANNER_DESC_PARTY_BALLOONS","Foreground","TRUE","FALSE","sc/69_CrazyGifts_FG.sc","banner_fg",,
"Chronos692","TID_BATTLEBANNER_NAME_GIFTS_GALORE","TID_BATTLEBANNER_DESC_GIFTS_GALORE","Background","TRUE","FALSE","sc/69_CrazyGifts_BG.sc","banner_bg",,
"Chronos693","TID_BATTLEBANNER_NAME_BIRTHDAY_BALLOON_FESTIVAL","TID_BATTLEBANNER_DESC_BIRTHDAY_BALLOON_FESTIVAL","Foreground","TRUE","FALSE","sc/69_AnimatedBirthday_FG.sc","banner_fg",,
"Chronos694","TID_BATTLEBANNER_NAME_CELEBRATION_DAY","TID_BATTLEBANNER_DESC_CELEBRATION_DAY","Background","TRUE","FALSE","sc/69_AnimatedBirthday_BG.sc","banner_bg",,
"Chronos695","TID_BATTLEBANNER_NAME_ASSET_ACCQUIRED","TID_BATTLEBANNER_DESC_ASSET_ACCQUIRED","Foreground","TRUE","FALSE","sc/70_GangRun_FG.sc","banner_fg",,
"Chronos696","TID_BATTLEBANNER_NAME_ON_THE_RUN","TID_BATTLEBANNER_DESC_ON_THE_RUN","Background","TRUE","FALSE","sc/70_GangRun_BG.sc","banner_bg",,
"Chronos697","TID_BATTLEBANNER_NAME_EYES_ON_THE_PRIZE","TID_BATTLEBANNER_DESC_EYES_ON_THE_PRIZE","Foreground","TRUE","FALSE","sc/70_HeresThePlan_FG.sc","banner_fg",,
"Chronos698","TID_BATTLEBANNER_NAME_HEIST_PLAN","TID_BATTLEBANNER_DESC_HEIST_PLAN","Background","TRUE","FALSE","sc/70_HeresThePlan_BG.sc","banner_bg",,
"Chronos699","TID_BATTLEBANNER_NAME_LYING_IN_WAIT","TID_BATTLEBANNER_DESC_LYING_IN_WAIT","Foreground","TRUE","FALSE","sc/70_TheBigBandit_FG.sc","banner_fg",,
"Chronos700","TID_BATTLEBANNER_NAME_UNDER_THEIR_NOSES","TID_BATTLEBANNER_DESC_UNDER_THEIR_NOSES","Background","TRUE","FALSE","sc/70_TheBigBandit_BG.sc","banner_bg",,
"Chronos701","TID_BATTLEBANNER_NAME_CARD_SHARKS","TID_BATTLEBANNER_DESC_CARD_SHARKS","Foreground","TRUE","FALSE","sc/70_BeatTheOdds_FG.sc","banner_fg",,
"Chronos702","TID_BATTLEBANNER_NAME_SPENDING_THE_LOOT","TID_BATTLEBANNER_DESC_SPENDING_THE_LOOT","Background","TRUE","FALSE","sc/70_BeatTheOdds_BG.sc","banner_bg",,
"Chronos703","TID_BATTLEBANNER_NAME_PREPPED_AND_READY","TID_BATTLEBANNER_DESC_PREPPED_AND_READY","Foreground","TRUE","FALSE","sc/70_BigGangAttack_FG.sc","banner_fg",,
"Chronos704","TID_BATTLEBANNER_NAME_UNSUSPECTING_MARK","TID_BATTLEBANNER_DESC_UNSUSPECTING_MARK","Background","TRUE","FALSE","sc/70_BigGangAttack_BG.sc","banner_bg",,
"Chronos705","TID_BATTLEBANNER_NAME_TRUMP_CARD","TID_BATTLEBANNER_DESC_TRUMP_CARD","Foreground","TRUE","FALSE","sc/70_ArrowFocus_FG.sc","banner_fg",,
"Chronos706","TID_BATTLEBANNER_NAME_LETTER_OF_WARNING","TID_BATTLEBANNER_DESC_LETTER_OF_WARNING","Background","TRUE","FALSE","sc/70_ArrowFocus_BG.sc","banner_bg",,
"Chronos707","TID_BATTLEBANNER_NAME_WANDERING_IN_CIRCLES","TID_BATTLEBANNER_DESC_WANDERING_IN_CIRCLES","Foreground","TRUE","FALSE","sc/70_KingAmbush_FG.sc","banner_fg",,
"Chronos708","TID_BATTLEBANNER_NAME_EYE_SPY","TID_BATTLEBANNER_DESC_EYE_SPY","Background","TRUE","FALSE","sc/70_KingAmbush_BG.sc","banner_bg",,
"Chronos709","TID_BATTLEBANNER_NAME_RAGS_TO_RICHES","TID_BATTLEBANNER_DESC_RAGS_TO_RICHES","Foreground","TRUE","FALSE","sc/70_ForestGang_FG.sc","banner_fg",,
"Chronos710","TID_BATTLEBANNER_NAME_FOREST_HIDEOUT","TID_BATTLEBANNER_DESC_FOREST_HIDEOUT","Background","TRUE","FALSE","sc/70_ForestGang_BG.sc","banner_bg",,
"Chronos711","TID_BATTLEBANNER_NAME_SMOKE_SCREEN","TID_BATTLEBANNER_DESC_SMOKE_SCREEN","Foreground","TRUE","FALSE","sc/70_TheBanditBoss_FG.sc","banner_fg",,
"Chronos712","TID_BATTLEBANNER_NAME_COVER_OF_NIGHT","TID_BATTLEBANNER_DESC_COVER_OF_NIGHT","Background","TRUE","FALSE","sc/70_TheBanditBoss_BG.sc","banner_bg",,
"Chronos713","TID_BATTLEBANNER_NAME_BITE-SIZED_WITCH","TID_BATTLEBANNER_DESC_BITE-SIZED_WITCH","Foreground","TRUE","FALSE","sc/71_PixelWitch_FG.sc","banner_fg",,
"Chronos714","TID_BATTLEBANNER_NAME_BITE-SIZED_GRAVEYARD","TID_BATTLEBANNER_DESC_BITE-SIZED_GRAVEYARD","Background","TRUE","FALSE","sc/71_PixelWitch_BG.sc","banner_bg",,
"Chronos715","TID_BATTLEBANNER_NAME_DRAGGED_BELOW","TID_BATTLEBANNER_DESC_DRAGGED_BELOW","Foreground","TRUE","FALSE","sc/71_SkeletonSwarm_FG.sc","banner_fg",,
"Chronos716","TID_BATTLEBANNER_NAME_ON_MY_COMMAND","TID_BATTLEBANNER_DESC_ON_MY_COMMAND","Background","TRUE","FALSE","sc/71_SkeletonSwarm_BG.sc","banner_bg",,
"Chronos717","TID_BATTLEBANNER_NAME_BONE_GANG","TID_BATTLEBANNER_DESC_BONE_GANG","Foreground","TRUE","FALSE","sc/71_SkeletonWave_FG.sc","banner_fg",,
"Chronos718","TID_BATTLEBANNER_NAME_BONE_YARD","TID_BATTLEBANNER_DESC_BONE_YARD","Background","TRUE","FALSE","sc/71_SkeletonWave_BG.sc","banner_bg",,
"Chronos719","TID_BATTLEBANNER_NAME_FANBOY","TID_BATTLEBANNER_DESC_FANBOY","Foreground","TRUE","FALSE","sc/71_FriendshipWitch_FG.sc","banner_fg",,
"Chronos720","TID_BATTLEBANNER_NAME_VINESCAPE","TID_BATTLEBANNER_DESC_VINESCAPE","Background","TRUE","FALSE","sc/71_FriendshipWitch_BG.sc","banner_bg",,
"Chronos721","TID_BATTLEBANNER_NAME_SUMMONING_TIME","TID_BATTLEBANNER_DESC_SUMMONING_TIME","Foreground","TRUE","FALSE","sc/71_WitchEvo_FG.sc","banner_fg",,
"Chronos722","TID_BATTLEBANNER_NAME_CRANIUM_COLLECTION","TID_BATTLEBANNER_DESC_CRANIUM_COLLECTION","Background","TRUE","FALSE","sc/71_WitchEvo_BG.sc","banner_bg",,
"Chronos723","TID_BATTLEBANNER_NAME_VENGEANCE_REBORN","TID_BATTLEBANNER_DESC_VENGEANCE_REBORN","Foreground","TRUE","FALSE","sc/71_WitchGlassStory_FG.sc","banner_fg",,
"Chronos724","TID_BATTLEBANNER_NAME_WITCHS_SAGA","TID_BATTLEBANNER_DESC_WITCHS_SAGA","Background","TRUE","FALSE","sc/71_WitchGlassStory_BG.sc","banner_bg",,
"Chronos725","TID_BATTLEBANNER_NAME_ENTHRALLED","TID_BATTLEBANNER_DESC_ENTHRALLED","Foreground","TRUE","FALSE","sc/71_WitchLove_FG.sc","banner_fg",,
"Chronos726","TID_BATTLEBANNER_NAME_SOULS_AFLUTTER","TID_BATTLEBANNER_DESC_SOULS_AFLUTTER","Background","TRUE","FALSE","sc/71_WitchLove_BG.sc","banner_bg",,
"Chronos727","TID_BATTLEBANNER_NAME_DEAD_SHALL_RISE","TID_BATTLEBANNER_DESC_DEAD_SHALL_RISE","Foreground","TRUE","FALSE","sc/71_GraveyardKid_FG.sc","banner_fg",,
"Chronos728","TID_BATTLEBANNER_NAME_RESTLESS_NIGHT","TID_BATTLEBANNER_DESC_RESTLESS_NIGHT","Background","TRUE","FALSE","sc/71_GraveyardKid_BG.sc","banner_bg",,
"Chronos729","TID_BATTLEBANNER_NAME_GLITTERING_GEMLIGHT","TID_BATTLEBANNER_DESC_GLITTERING_GEMLIGHT","Foreground","TRUE","FALSE","sc/71_SquadBanner_FG.sc","banner_fg",,
"Chronos730","TID_BATTLEBANNER_NAME_GEM_WARP","TID_BATTLEBANNER_DESC_GEM_WARP","Background","TRUE","FALSE","sc/71_SquadBanner_BG.sc","banner_bg",,
"Chronos731","TID_BATTLEBANNER_NAME_BIGGEST_BABY","TID_BATTLEBANNER_DESC_BIGGEST_BABY","Foreground","TRUE","FALSE","sc/72_BiggyDragonito_FG.sc","banner_fg",,
"Chronos732","TID_BATTLEBANNER_NAME_INFERNO_ISLAND","TID_BATTLEBANNER_DESC_INFERNO_ISLAND","Background","TRUE","FALSE","sc/72_BiggyDragonito_BG.sc","banner_bg",,
"Chronos733","TID_BATTLEBANNER_NAME_SOARING_SKIES","TID_BATTLEBANNER_DESC_SOARING_SKIES","Foreground","TRUE","FALSE","sc/72_FlyingAdventure_FG.sc","banner_fg",,
"Chronos734","TID_BATTLEBANNER_NAME_DRAGON_DIVE","TID_BATTLEBANNER_DESC_DRAGON_DIVE","Background","TRUE","FALSE","sc/72_FlyingAdventure_BG.sc","banner_bg",,
"Chronos735","TID_BATTLEBANNER_NAME_DANGER_DOGGO","TID_BATTLEBANNER_DESC_DANGER_DOGGO","Foreground","TRUE","FALSE","sc/72_DragonSquad_FG.sc","banner_fg",,
"Chronos736","TID_BATTLEBANNER_NAME_SKY_SQUAD","TID_BATTLEBANNER_DESC_SKY_SQUAD","Background","TRUE","FALSE","sc/72_DragonSquad_BG.sc","banner_bg",,
"Chronos737","TID_BATTLEBANNER_NAME_ROYAL_RIDE","TID_BATTLEBANNER_DESC_ROYAL_RIDE","Foreground","TRUE","FALSE","sc/72_FlyingDuck_FG.sc","banner_fg",,
"Chronos738","TID_BATTLEBANNER_NAME_WONDEROUS_WORLD","TID_BATTLEBANNER_DESC_WONDEROUS_WORLD","Background","TRUE","FALSE","sc/72_FlyingDuck_BG.sc","banner_bg",,
"Chronos739","TID_BATTLEBANNER_NAME_ARMORED_AVIATOR","TID_BATTLEBANNER_DESC_ARMORED_AVIATOR","Foreground","TRUE","FALSE","sc/72_InfernoVolcano_FG.sc","banner_fg",,
"Chronos740","TID_BATTLEBANNER_NAME_VOLATILE_VOLCANO","TID_BATTLEBANNER_DESC_VOLATILE_VOLCANO","Background","TRUE","FALSE","sc/72_InfernoVolcano_BG.sc","banner_bg",,
"Chronos741","TID_BATTLEBANNER_NAME_EVOLVED_ELIXIR","TID_BATTLEBANNER_DESC_EVOLVED_ELIXIR","Foreground","TRUE","FALSE","sc/72_PinkBreath_FG.sc","banner_fg",,
"Chronos742","TID_BATTLEBANNER_NAME_MAGICAL_MIRE","TID_BATTLEBANNER_DESC_MAGICAL_MIRE","Background","TRUE","FALSE","sc/72_PinkBreath_BG.sc","banner_bg",,
"Chronos743","TID_BATTLEBANNER_NAME_BACON_BARBEQUE","TID_BATTLEBANNER_DESC_BACON_BARBEQUE","Foreground","TRUE","FALSE","sc/72_InfernoBBQ_FG.sc","banner_fg",,
"Chronos744","TID_BATTLEBANNER_NAME_GLAZING_GLADE","TID_BATTLEBANNER_DESC_GLAZING_GLADE","Background","TRUE","FALSE","sc/72_InfernoBBQ_BG.sc","banner_bg",,
"Chronos745","TID_BATTLEBANNER_NAME_NEW_ROYALTY","TID_BATTLEBANNER_DESC_NEW_ROYALTY","Foreground","TRUE","FALSE","sc/73_MaidenMuscle_FG.sc","banner_fg",,
"Chronos746","TID_BATTLEBANNER_NAME_OLYMPIAN_GROUNDS","TID_BATTLEBANNER_DESC_OLYMPIAN_GROUNDS","Background","TRUE","FALSE","sc/73_MaidenMuscle_BG.sc","banner_bg",,
"Chronos747","TID_BATTLEBANNER_NAME_SPIRIT_STEED","TID_BATTLEBANNER_DESC_SPIRIT_STEED","Foreground","TRUE","FALSE","sc/73_MaidenCharging_FG.sc","banner_fg",,
"Chronos748","TID_BATTLEBANNER_NAME_SPIRIT_FOUNTAIN","TID_BATTLEBANNER_DESC_SPIRIT_FOUNTAIN","Background","TRUE","FALSE","sc/73_MaidenCharging_BG.sc","banner_bg",,
"Chronos749","TID_BATTLEBANNER_NAME_MOTHER_OF_DRAGONS","TID_BATTLEBANNER_DESC_MOTHER_OF_DRAGONS","Foreground","TRUE","FALSE","sc/73_MaidenThrone_FG.sc","banner_fg",,
"Chronos750","TID_BATTLEBANNER_NAME_IMPERIAL_HALLS","TID_BATTLEBANNER_DESC_IMPERIAL_HALLS","Background","TRUE","FALSE","sc/73_MaidenThrone_BG.sc","banner_bg",,
"Chronos751","TID_BATTLEBANNER_NAME_EMPRESS_NOUVEAU","TID_BATTLEBANNER_DESC_EMPRESS_NOUVEAU","Foreground","TRUE","FALSE","sc/73_MuchaMerge_FG.sc","banner_fg",,
"Chronos752","TID_BATTLEBANNER_NAME_GARDEN_OF_ROSES","TID_BATTLEBANNER_DESC_GARDEN_OF_ROSES","Background","TRUE","FALSE","sc/73_MuchaMerge_BG.sc","banner_bg",,
"Chronos753","TID_BATTLEBANNER_NAME_FAMILY_TIES","TID_BATTLEBANNER_DESC_FAMILY_TIES","Foreground","TRUE","FALSE","sc/73_StandingTeam_FG.sc","banner_fg",,
"Chronos754","TID_BATTLEBANNER_NAME_SPIRIT_GLADE","TID_BATTLEBANNER_DESC_SPIRIT_GLADE","Background","TRUE","FALSE","sc/73_StandingTeam_BG.sc","banner_bg",,
"Chronos755","TID_BATTLEBANNER_NAME_EMPRESS_MOON","TID_BATTLEBANNER_DESC_EMPRESS_MOON","Foreground","TRUE","FALSE","sc/73_StellarMaiden_FG.sc","banner_fg",,
"Chronos756","TID_BATTLEBANNER_NAME_MYSTIC_NIGHT","TID_BATTLEBANNER_DESC_MYSTIC_NIGHT","Background","TRUE","FALSE","sc/73_StellarMaiden_BG.sc","banner_bg",,
"Chronos757","TID_BATTLEBANNER_NAME_SPEED_SPIRIT","TID_BATTLEBANNER_DESC_SPEED_SPIRIT","Foreground","TRUE","FALSE","sc/73_SwordInTheMouth_FG.sc","banner_fg",,
"Chronos758","TID_BATTLEBANNER_NAME_FLYING_HIGH","TID_BATTLEBANNER_DESC_FLYING_HIGH","Background","TRUE","FALSE","sc/73_SwordInTheMouth_BG.sc","banner_bg",,
"Chronos759","TID_BATTLEBANNER_NAME_SUMMONING_SPIRITS","TID_BATTLEBANNER_DESC_SUMMONING_SPIRITS","Foreground","TRUE","FALSE","sc/73_SwordSpirits_FG.sc","banner_fg",,
"Chronos760","TID_BATTLEBANNER_NAME_GHASTLY_WAVE","TID_BATTLEBANNER_DESC_GHASTLY_WAVE","Background","TRUE","FALSE","sc/73_SwordSpirits_BG.sc","banner_bg",,
"Chronos761","TID_BATTLEBANNER_NAME_CELESTIAL_DESCENT","TID_BATTLEBANNER_DESC_CELESTIAL_DESCENT","Foreground","TRUE","FALSE","sc/MergeMaidenFG_dl.sc","banner_fg",,
"Chronos762","TID_BATTLEBANNER_NAME_THE_EMPRESS_ARRIVES","TID_BATTLEBANNER_DESC_THE_EMPRESS_ARRIVES","Background","TRUE","FALSE","sc/MergeMaidenBG_dl.sc","banner_bg",,
"Chronos763","TID_BATTLEBANNER_NAME_SOCK_SPIRITS","TID_BATTLEBANNER_DESC_SOCK_SPIRITS","Foreground","TRUE","FALSE","sc/73_UFOCatcher_FG.sc","banner_fg",,
"Chronos764","TID_BATTLEBANNER_NAME_CRANE_ROYALE","TID_BATTLEBANNER_DESC_CRANE_ROYALE","Background","TRUE","FALSE","sc/73_UFOCatcher_BG.sc","banner_bg",,
"Chronos765","TID_BATTLEBANNER_NAME_ARROW_STREAMER","TID_BATTLEBANNER_DESC_ARROW_STREAMER","Foreground","TRUE","FALSE","sc/73_PaperArcher_FG.sc","banner_fg",,
"Chronos766","TID_BATTLEBANNER_NAME_RAPIDFIRE_CUPID","TID_BATTLEBANNER_DESC_RAPIDFIRE_CUPID","Background","TRUE","FALSE","sc/73_PaperArcher_BG.sc","banner_bg",,
"Chronos767","TID_BATTLEBANNER_NAME_THREE_WISE_HOGGIES","TID_BATTLEBANNER_DESC_THREE_WISE_HOGGIES","Foreground","TRUE","FALSE","sc/73_ThreePigs_FG.sc","banner_fg",,
"Chronos768","TID_BATTLEBANNER_NAME_HOGGY_FABLES","TID_BATTLEBANNER_DESC_HOGGY_FABLES","Background","TRUE","FALSE","sc/73_ThreePigs_BG.sc","banner_bg",,
"Chronos769","TID_BATTLEBANNER_NAME_CUTOUT_PHOENIX","TID_BATTLEBANNER_DESC_CUTOUT_PHOENIX","Foreground","TRUE","FALSE","sc/73_PaperPhoenix_FG.sc","banner_fg",,
"Chronos770","TID_BATTLEBANNER_NAME_FIERY_PAPERSCAPE","TID_BATTLEBANNER_DESC_FIERY_PAPERSCAPE","Background","TRUE","FALSE","sc/73_PaperPhoenix_BG.sc","banner_bg",,
"Chronos771","TID_BATTLEBANNER_NAME_STARGAZING_QUEEN","TID_BATTLEBANNER_DESC_STARGAZING_QUEEN","Foreground","TRUE","FALSE","sc/73_ArcherNoveau_FG.sc","banner_fg",,
"Chronos772","TID_BATTLEBANNER_NAME_SERENE_SNIPER","TID_BATTLEBANNER_DESC_SERENE_SNIPER","Background","TRUE","FALSE","sc/73_ArcherNoveau_BG.sc","banner_bg",,
"Chronos773","TID_BATTLEBANNER_NAME_HERE_TO_HELP","TID_BATTLEBANNER_DESC_HERE_TO_HELP","Foreground","TRUE","FALSE","sc/73_BattleHealer_FG.sc","banner_fg",,
"Chronos774","TID_BATTLEBANNER_NAME_HEALING_WAVES","TID_BATTLEBANNER_DESC_HEALING_WAVES","Background","TRUE","FALSE","sc/73_BattleHealer_BG.sc","banner_bg",,
"Chronos775","TID_BATTLEBANNER_NAME_BANDIT_DASH","TID_BATTLEBANNER_DESC_BANDIT_DASH","Foreground","TRUE","FALSE","sc/73_RunningBandit_FG.sc","banner_fg",,
"Chronos776","TID_BATTLEBANNER_NAME_ETHEREAL_FOREST","TID_BATTLEBANNER_DESC_ETHEREAL_FOREST","Background","TRUE","FALSE","sc/73_RunningBandit_BG.sc","banner_bg",,
"Chronos777",,,"Foreground",,,,,,
"Chronos778",,,"Foreground",,,,,,
"Chronos779","TID_BATTLEBANNER_NAME_GIFT_OF_FIRE","TID_BATTLEBANNER_DESC_GIFT_OF_FIRE","Foreground","TRUE","FALSE","sc/73_BonanzaWizard_FG.sc","banner_fg",,
"Chronos780","TID_BATTLEBANNER_NAME_BLAZING_GIFT","TID_BATTLEBANNER_DESC_BLAZING_GIFT","Background","TRUE","FALSE","sc/73_BonanzaWizard_BG.sc","banner_bg",,
"Chronos781","TID_BATTLEBANNER_NAME_SHOCKINGLY_POWERFUL","TID_BATTLEBANNER_DESC_SHOCKINGLY_POWERFUL","Foreground","TRUE","FALSE","sc/73_EvoTeslaBonanza_FG.sc","banner_fg",,
"Chronos782","TID_BATTLEBANNER_NAME_SHOCKSTORM","TID_BATTLEBANNER_DESC_SHOCKSTORM","Background","TRUE","FALSE","sc/73_EvoTeslaBonanza_BG.sc","banner_bg",,
"Chronos783","TID_BATTLEBANNER_NAME_CLOUD_COVER","TID_BATTLEBANNER_DESC_CLOUD_COVER","Foreground","TRUE","FALSE","sc/74_FurnaceMeadows_FG.sc","banner_fg",,
"Chronos784","TID_BATTLEBANNER_NAME_HIGH_IN_THE_SKY","TID_BATTLEBANNER_DESC_HIGH_IN_THE_SKY","Background","TRUE","FALSE","sc/74_FurnaceMeadows_BG.sc","banner_bg",,
"Chronos785","TID_BATTLEBANNER_NAME_GONE_FISHIN","TID_BATTLEBANNER_DESC_GONE_FISHIN","Foreground","TRUE","FALSE","sc/74_LavaFishing_FG.sc","banner_fg",,
"Chronos786","TID_BATTLEBANNER_NAME_MOUNT_ROYALUS","TID_BATTLEBANNER_DESC_MOUNT_ROYALUS","Background","TRUE","FALSE","sc/74_LavaFishing_BG.sc","banner_bg",,
"Chronos787","TID_BATTLEBANNER_NAME_PIPING_HOT","TID_BATTLEBANNER_DESC_PIPING_HOT","Foreground","TRUE","FALSE","sc/74_BakingFurnace_FG.sc","banner_fg",,
"Chronos788","TID_BATTLEBANNER_NAME_HOT_CROSS_BUNS","TID_BATTLEBANNER_DESC_HOT_CROSS_BUNS","Background","TRUE","FALSE","sc/74_BakingFurnace_BG.sc","banner_bg",,
"Chronos789","TID_BATTLEBANNER_NAME_WIELDING_THE_FLAME","TID_BATTLEBANNER_DESC_WIELDING_THE_FLAME","Foreground","TRUE","FALSE","sc/74_FurnaceTormenta_FG.sc","banner_fg",,
"Chronos790","TID_BATTLEBANNER_NAME_FIRESTORM","TID_BATTLEBANNER_DESC_FIRESTORM","Background","TRUE","FALSE","sc/74_FurnaceTormenta_BG.sc","banner_bg",,
"Chronos791","TID_BATTLEBANNER_NAME_LIGHTS_OUT","TID_BATTLEBANNER_DESC_LIGHTS_OUT","Foreground","TRUE","FALSE","sc/74_CozyFurnace_FG.sc","banner_fg",,
"Chronos792","TID_BATTLEBANNER_NAME_SLEEPY_SPIRITS","TID_BATTLEBANNER_DESC_SLEEPY_SPIRITS","Background","TRUE","FALSE","sc/74_CozyFurnace_BG.sc","banner_bg",,
"Chronos793","TID_BATTLEBANNER_NAME_BLAZE_OF_GLORY","TID_BATTLEBANNER_DESC_BLAZE_OF_GLORY","Foreground","TRUE","FALSE","sc/74_SpreadingFurnace_FG.sc","banner_fg",,
"Chronos794","TID_BATTLEBANNER_NAME_FIRE_AND_BRIMSTONE","TID_BATTLEBANNER_DESC_FIRE_AND_BRIMSTONE","Background","TRUE","FALSE","sc/74_SpreadingFurnace_BG.sc","banner_bg",,
"Chronos795","TID_BATTLEBANNER_NAME_FURNACE_FAM","TID_BATTLEBANNER_DESC_FURNACE_FAM","Foreground","TRUE","FALSE","sc/74_FireDoggoWalk_FG.sc","banner_fg",,
"Chronos796","TID_BATTLEBANNER_NAME_THE_LONG_ROAD","TID_BATTLEBANNER_DESC_THE_LONG_ROAD","Background","TRUE","FALSE","sc/74_FireDoggoWalk_BG.sc","banner_bg",,
"Chronos797","TID_BATTLEBANNER_NAME_ABSOLUTELY_FUMING","TID_BATTLEBANNER_DESC_ABSOLUTELY_FUMING","Foreground","TRUE","FALSE","sc/74_SmokoFurnace_FG.sc","banner_fg",,
"Chronos798","TID_BATTLEBANNER_NAME_INFAMOUS_FUMES","TID_BATTLEBANNER_DESC_INFAMOUS_FUMES","Background","TRUE","FALSE","sc/74_SmokoFurnace_BG.sc","banner_bg",,
"Chronos799","TID_BATTLEBANNER_NAME_ALL_FIRED_UP","TID_BATTLEBANNER_DESC_ALL_FIRED_UP","Foreground","TRUE","FALSE","sc/furnace_FG_dl.sc","banner_fg",,
"Chronos800","TID_BATTLEBANNER_NAME_FURNACE_FORTRESS","TID_BATTLEBANNER_DESC_FURNACE_FORTRESS","Background","TRUE","FALSE","sc/furnace_BG_dl.sc","banner_bg",,
"Chronos801","TID_BATTLEBANNER_NAME_TOASTY_WARM","TID_BATTLEBANNER_DESC_TOASTY_WARM","Foreground","TRUE","FALSE","sc/74_FireSpiritKitchen_FG.sc","banner_fg",,
"Chronos802","TID_BATTLEBANNER_NAME_COZY_COTTAGE","TID_BATTLEBANNER_DESC_COZY_COTTAGE","Background","TRUE","FALSE","sc/74_FireSpiritKitchen_BG.sc","banner_bg",,
"Chronos803","TID_BATTLEBANNER_NAME_ELECTRO_LIZARDSAURUS","TID_BATTLEBANNER_DESC_ELECTRO_LIZARDSAURUS","Foreground","TRUE","FALSE","sc/74_BonanzaElectroDragon_FG.sc","banner_fg",,
"Chronos804","TID_BATTLEBANNER_NAME_STORMY_CLOUDS","TID_BATTLEBANNER_DESC_STORMY_CLOUDS","Background","TRUE","FALSE","sc/74_BonanzaElectroDragon_BG.sc","banner_bg",,
"Chronos805",,,"Foreground",,,,,,
"Chronos806",,,"Foreground",,,,,,
"Chronos807","TID_BATTLEBANNER_NAME_HATCHLING","TID_BATTLEBANNER_DESC_HATCHLING","Foreground","TRUE","FALSE","sc/75_Baby8Bit_FG.sc","banner_fg",,
"Chronos808","TID_BATTLEBANNER_NAME_PIXEL_PETALS","TID_BATTLEBANNER_DESC_PIXEL_PETALS","Background","TRUE","FALSE","sc/75_Baby8Bit_BG.sc","banner_bg",,
"Chronos809","TID_BATTLEBANNER_NAME_BIG_BRO","TID_BATTLEBANNER_DESC_BIG_BRO","Foreground","TRUE","FALSE","sc/75_CameleonDragon_FG.sc","banner_fg",,
"Chronos810","TID_BATTLEBANNER_NAME_GOLDEN_EGGS","TID_BATTLEBANNER_DESC_GOLDEN_EGGS","Background","TRUE","FALSE","sc/75_CameleonDragon_BG.sc","banner_bg",,
"Chronos811","TID_BATTLEBANNER_NAME_ITS_TIME","TID_BATTLEBANNER_DESC_ITS_TIME","Foreground","TRUE","FALSE","sc/75_CuriousDragon_FG.sc","banner_fg",,
"Chronos812","TID_BATTLEBANNER_NAME_FLOATING_ISLANDS","TID_BATTLEBANNER_DESC_FLOATING_ISLANDS","Background","TRUE","FALSE","sc/75_CuriousDragon_BG.sc","banner_bg",,
"Chronos813","TID_BATTLEBANNER_NAME_SCALY_SQUAD","TID_BATTLEBANNER_DESC_SCALY_SQUAD","Foreground","TRUE","FALSE","sc/75_DragonGang_FG.sc","banner_fg",,
"Chronos814","TID_BATTLEBANNER_NAME_THE_EGG","TID_BATTLEBANNER_DESC_THE_EGG","Background","TRUE","FALSE","sc/75_DragonGang_BG.sc","banner_bg",,
"Chronos815","TID_BATTLEBANNER_NAME_KINGS_PET","TID_BATTLEBANNER_DESC_KINGS_PET","Foreground","TRUE","FALSE","sc/75_GoodBoy_FG.sc","banner_fg",,
"Chronos816","TID_BATTLEBANNER_NAME_RISE_&_SHINE","TID_BATTLEBANNER_DESC_RISE_&_SHINE","Background","TRUE","FALSE","sc/75_GoodBoy_BG.sc","banner_bg",,
"Chronos817","TID_BATTLEBANNER_NAME_SNORING_DRAGON","TID_BATTLEBANNER_DESC_SNORING_DRAGON","Foreground","TRUE","FALSE","sc/75_NappyTime_FG.sc","banner_fg",,
"Chronos818","TID_BATTLEBANNER_NAME_JUNGLE_FLOOR","TID_BATTLEBANNER_DESC_JUNGLE_FLOOR","Background","TRUE","FALSE","sc/75_NappyTime_BG.sc","banner_bg",,
"Chronos819","TID_BATTLEBANNER_NAME_HELLO_THERE","TID_BATTLEBANNER_DESC_HELLO_THERE","Foreground","TRUE","FALSE","sc/75_PurpleEyes_FG.sc","banner_fg",,
"Chronos820","TID_BATTLEBANNER_NAME_CRYSTAL_CAVE","TID_BATTLEBANNER_DESC_CRYSTAL_CAVE","Background","TRUE","FALSE","sc/75_PurpleEyes_BG.sc","banner_bg",,
"Chronos821","TID_BATTLEBANNER_NAME_SET_ABLAZE","TID_BATTLEBANNER_DESC_SET_ABLAZE","Foreground","TRUE","FALSE","sc/babyDragon_FG_dl.sc","banner_fg",,
"Chronos822","TID_BATTLEBANNER_NAME_SOARING_SKY","TID_BATTLEBANNER_DESC_SOARING_SKY","Background","TRUE","FALSE","sc/babyDragon_BG_dl.sc","banner_bg",,
"Chronos823",,,"Foreground",,,,,,
"Chronos824",,,"Foreground",,,,,,
"Chronos825",,,"Foreground",,,,,,
"Chronos826",,,"Foreground",,,,,,
"Chronos827",,,"Foreground",,,,,,
"Chronos828",,,"Foreground",,,,,,
"Chronos829",,,"Foreground",,,,,,
"Chronos830",,,"Foreground",,,,,,
"Chronos831",,,"Foreground",,,,,,
"Chronos832",,,"Foreground",,,,,,
"Chronos833",,,"Foreground",,,,,,
"Chronos834",,,"Foreground",,,,,,
"Chronos835",,,"Foreground",,,,,,
"Chronos836",,,"Foreground",,,,,,
"Chronos837",,,"Foreground",,,,,,
"Chronos838",,,"Foreground",,,,,,
"Chronos839",,,"Foreground",,,,,,
"Chronos840",,,"Foreground",,,,,,
"Chronos841",,,"Foreground",,,,,,
"Chronos842",,,"Foreground",,,,,,
"Chronos843",,,"Foreground",,,,,,
"Chronos844",,,"Foreground",,,,,,
"Chronos845",,,"Foreground",,,,,,
"Chronos846",,,"Foreground",,,,,,
"Chronos847",,,"Foreground",,,,,,
"Chronos848",,,"Foreground",,,,,,
"Chronos849",,,"Foreground",,,,,,
"Chronos850",,,"Foreground",,,,,,
"Chronos851",,,"Foreground",,,,,,
"Chronos852",,,"Foreground",,,,,,
"Chronos853",,,"Foreground",,,,,,
"Chronos854",,,"Foreground",,,,,,
"Chronos855",,,"Foreground",,,,,,
"Chronos856",,,"Foreground",,,,,,
"Chronos857",,,"Foreground",,,,,,
"Chronos858",,,"Foreground",,,,,,
"Chronos859",,,"Foreground",,,,,,
"Chronos860",,,"Foreground",,,,,,
"Chronos861",,,"Foreground",,,,,,
"Chronos862",,,"Foreground",,,,,,
"Chronos863",,,"Foreground",,,,,,
"Chronos864",,,"Foreground",,,,,,
"Chronos865",,,"Foreground",,,,,,
"Chronos866",,,"Foreground",,,,,,
"Chronos867",,,"Foreground",,,,,,
"Chronos868",,,"Foreground",,,,,,
"Chronos869",,,"Foreground",,,,,,
"Chronos870",,,"Foreground",,,,,,
"Chronos871",,,"Foreground",,,,,,
"Chronos872",,,"Foreground",,,,,,
"Chronos873",,,"Foreground",,,,,,
"Chronos874",,,"Foreground",,,,,,
"Chronos875",,,"Foreground",,,,,,
"Chronos876",,,"Foreground",,,,,,
"Chronos877",,,"Foreground",,,,,,
"Chronos878",,,"Foreground",,,,,,
"Chronos879",,,"Foreground",,,,,,
"Chronos880",,,"Foreground",,,,,,
"Chronos881",,,"Foreground",,,,,,
"Chronos882",,,"Foreground",,,,,,
"Chronos883",,,"Foreground",,,,,,
"Chronos884",,,"Foreground",,,,,,
"Chronos885",,,"Foreground",,,,,,
"Chronos886",,,"Foreground",,,,,,
"Chronos887",,,"Foreground",,,,,,
"Chronos888",,,"Foreground",,,,,,
"Chronos889",,,"Foreground",,,,,,
"Chronos890",,,"Foreground",,,,,,
"Chronos891",,,"Foreground",,,,,,
"Chronos892",,,"Foreground",,,,,,
"Chronos893",,,"Foreground",,,,,,
"Chronos894",,,"Foreground",,,,,,
"Chronos895",,,"Foreground",,,,,,
"Chronos896",,,"Foreground",,,,,,
"Chronos897",,,"Foreground",,,,,,
"Chronos898",,,"Foreground",,,,,,
"Chronos899",,,"Foreground",,,,,,
"Chronos900",,,"Foreground",,,,,,
"Chronos901",,,"Foreground",,,,,,
"Chronos902",,,"Foreground",,,,,,
"Chronos903",,,"Foreground",,,,,,
"Chronos904",,,"Foreground",,,,,,
"Chronos905",,,"Foreground",,,,,,
"Chronos906",,,"Foreground",,,,,,
"Chronos907",,,"Foreground",,,,,,
"Chronos908",,,"Foreground",,,,,,
"Chronos909",,,"Foreground",,,,,,
"Chronos910",,,"Foreground",,,,,,
"Chronos911",,,"Foreground",,,,,,
"Chronos912",,,"Foreground",,,,,,
"Chronos913",,,"Foreground",,,,,,
"Chronos914",,,"Foreground",,,,,,
"Chronos915",,,"Foreground",,,,,,
"Chronos916",,,"Foreground",,,,,,
"Chronos917",,,"Foreground",,,,,,
"Chronos918",,,"Foreground",,,,,,
"Chronos919",,,"Foreground",,,,,,
"Chronos920",,,"Foreground",,,,,,
"Chronos921",,,"Foreground",,,,,,
"Chronos922",,,"Foreground",,,,,,
"Chronos923",,,"Foreground",,,,,,
"Chronos924",,,"Foreground",,,,,,
"Chronos925",,,"Foreground",,,,,,
"Chronos926",,,"Foreground",,,,,,
"Chronos927",,,"Foreground",,,,,,
"Chronos928",,,"Foreground",,,,,,
"Chronos929",,,"Foreground",,,,,,
"Chronos930",,,"Foreground",,,,,,
"Chronos931",,,"Foreground",,,,,,
"Chronos932",,,"Foreground",,,,,,
"Chronos933",,,"Foreground",,,,,,
"Chronos934",,,"Foreground",,,,,,
"Chronos935",,,"Foreground",,,,,,
"Chronos936",,,"Foreground",,,,,,
"Chronos937",,,"Foreground",,,,,,
"Chronos938",,,"Foreground",,,,,,
"Chronos939",,,"Foreground",,,,,,
"Chronos940",,,"Foreground",,,,,,
"Chronos941",,,"Foreground",,,,,,
"Chronos942",,,"Foreground",,,,,,
"Chronos943",,,"Foreground",,,,,,
"Chronos944",,,"Foreground",,,,,,
"Chronos945",,,"Foreground",,,,,,
"Chronos946",,,"Foreground",,,,,,
"Chronos947",,,"Foreground",,,,,,
"Chronos948",,,"Foreground",,,,,,
"Chronos949",,,"Foreground",,,,,,
"Chronos950",,,"Foreground",,,,,,
"Chronos951",,,"Foreground",,,,,,
"Chronos952",,,"Foreground",,,,,,
"Chronos953",,,"Foreground",,,,,,
"Chronos954",,,"Foreground",,,,,,
"Chronos955",,,"Foreground",,,,,,
"Chronos956",,,"Foreground",,,,,,
"Chronos957",,,"Foreground",,,,,,
"Chronos958",,,"Foreground",,,,,,
"Chronos959",,,"Foreground",,,,,,
"Chronos960",,,"Foreground",,,,,,
"Chronos961",,,"Foreground",,,,,,
"Chronos962",,,"Foreground",,,,,,
"Chronos963",,,"Foreground",,,,,,
"Chronos964",,,"Foreground",,,,,,
"Chronos965",,,"Foreground",,,,,,
"Chronos966",,,"Foreground",,,,,,
"Chronos967",,,"Foreground",,,,,,
"Chronos968",,,"Foreground",,,,,,
"Chronos969",,,"Foreground",,,,,,
"Chronos970",,,"Foreground",,,,,,
"Chronos971",,,"Foreground",,,,,,
"Chronos972",,,"Foreground",,,,,,
"Chronos973",,,"Foreground",,,,,,
"Chronos974",,,"Foreground",,,,,,
"Chronos975",,,"Foreground",,,,,,
"Chronos976",,,"Foreground",,,,,,
"Chronos977",,,"Foreground",,,,,,
"Chronos978",,,"Foreground",,,,,,
"Chronos979",,,"Foreground",,,,,,
"Chronos980",,,"Foreground",,,,,,
"Chronos981",,,"Foreground",,,,,,
"Chronos982",,,"Foreground",,,,,,
"Chronos983",,,"Foreground",,,,,,
"Chronos984",,,"Foreground",,,,,,
"Chronos985",,,"Foreground",,,,,,
"Chronos986",,,"Foreground",,,,,,
"Chronos987",,,"Foreground",,,,,,
"Chronos988",,,"Foreground",,,,,,
"Chronos989",,,"Foreground",,,,,,
"Chronos990",,,"Foreground",,,,,,
"Chronos991",,,"Foreground",,,,,,
"Chronos992",,,"Foreground",,,,,,
"Chronos993",,,"Foreground",,,,,,
"Chronos994",,,"Foreground",,,,,,
"Chronos995",,,"Foreground",,,,,,
"Chronos996",,,"Foreground",,,,,,
"Chronos997",,,"Foreground",,,,,,
"Chronos998",,,"Foreground",,,,,,
"Chronos999",,,"Foreground",,,,,,
"Chronos1000",,,"Foreground",,,,,,
"Chronos1001",,,"Foreground",,,,,,
"Chronos1002",,,"Foreground",,,,,,
"Chronos1003",,,"Foreground",,,,,,
"Chronos1004",,,"Foreground",,,,,,
"Chronos1005",,,"Foreground",,,,,,
"Chronos1006",,,"Foreground",,,,,,
"Chronos1007",,,"Foreground",,,,,,
"Chronos1008",,,"Foreground",,,,,,
"Chronos1009",,,"Foreground",,,,,,
"Chronos1010",,,"Foreground",,,,,,
"Chronos1011",,,"Foreground",,,,,,
"Chronos1012",,,"Foreground",,,,,,
"Chronos1013",,,"Foreground",,,,,,
"Chronos1014",,,"Foreground",,,,,,
"Chronos1015",,,"Foreground",,,,,,
"Chronos1016",,,"Foreground",,,,,,
"Chronos1017",,,"Foreground",,,,,,
"Chronos1018",,,"Foreground",,,,,,
"Chronos1019",,,"Foreground",,,,,,
"Chronos1020",,,"Foreground",,,,,,
"Chronos1021",,,"Foreground",,,,,,
"Chronos1022",,,"Foreground",,,,,,
"Chronos1023",,,"Foreground",,,,,,
"Chronos1024",,,"Foreground",,,,,,
"Chronos1025",,,"Foreground",,,,,,
"Chronos1026",,,"Foreground",,,,,,
"Chronos1027",,,"Foreground",,,,,,
"Chronos1028",,,"Foreground",,,,,,
"Chronos1029",,,"Foreground",,,,,,
"Chronos1030",,,"Foreground",,,,,,
"Chronos1031",,,"Foreground",,,,,,
"Chronos1032",,,"Foreground",,,,,,
"Chronos1033",,,"Foreground",,,,,,
"Chronos1034",,,"Foreground",,,,,,
"Chronos1035",,,"Foreground",,,,,,
"Chronos1036",,,"Foreground",,,,,,
"Chronos1037",,,"Foreground",,,,,,
"Chronos1038",,,"Foreground",,,,,,
"Chronos1039",,,"Foreground",,,,,,
"Chronos1040",,,"Foreground",,,,,,
"Chronos1041",,,"Foreground",,,,,,
"Chronos1042",,,"Foreground",,,,,,
"Chronos1043",,,"Foreground",,,,,,
"Chronos1044",,,"Foreground",,,,,,
"Chronos1045",,,"Foreground",,,,,,
"Chronos1046",,,"Foreground",,,,,,
"Chronos1047",,,"Foreground",,,,,,
"Chronos1048",,,"Foreground",,,,,,
"Chronos1049",,,"Foreground",,,,,,
"Chronos1050",,,"Foreground",,,,,,
"Chronos1051",,,"Foreground",,,,,,
"Chronos1052",,,"Foreground",,,,,,
"Chronos1053",,,"Foreground",,,,,,
"Chronos1054",,,"Foreground",,,,,,
"Chronos1055",,,"Foreground",,,,,,
"Chronos1056",,,"Foreground",,,,,,
"Chronos1057",,,"Foreground",,,,,,
"Chronos1058",,,"Foreground",,,,,,
"Chronos1059",,,"Foreground",,,,,,
"Chronos1060",,,"Foreground",,,,,,
"Chronos1061",,,"Foreground",,,,,,
"Chronos1062",,,"Foreground",,,,,,
"Chronos1063",,,"Foreground",,,,,,
"Chronos1064",,,"Foreground",,,,,,
"Chronos1065",,,"Foreground",,,,,,
"Chronos1066",,,"Foreground",,,,,,
"Chronos1067",,,"Foreground",,,,,,
"Chronos1068",,,"Foreground",,,,,,
"Chronos1069",,,"Foreground",,,,,,
"Chronos1070",,,"Foreground",,,,,,
"Chronos1071",,,"Foreground",,,,,,
"Chronos1072",,,"Foreground",,,,,,
"Chronos1073",,,"Foreground",,,,,,
"Chronos1074",,,"Foreground",,,,,,
"Chronos1075",,,"Foreground",,,,,,
"Chronos1076",,,"Foreground",,,,,,
"Chronos1077",,,"Foreground",,,,,,
"Chronos1078",,,"Foreground",,,,,,
"Chronos1079",,,"Foreground",,,,,,
"Chronos1080",,,"Foreground",,,,,,
"Chronos1081",,,"Foreground",,,,,,
"Chronos1082",,,"Foreground",,,,,,
"Chronos1083",,,"Foreground",,,,,,
"Chronos1084",,,"Foreground",,,,,,
"Chronos1085",,,"Foreground",,,,,,
"Chronos1086",,,"Foreground",,,,,,
"Chronos1087",,,"Foreground",,,,,,
"Chronos1088",,,"Foreground",,,,,,
"Chronos1089",,,"Foreground",,,,,,
"Chronos1090",,,"Foreground",,,,,,
"Chronos1091",,,"Foreground",,,,,,
"Chronos1092",,,"Foreground",,,,,,
"Chronos1093",,,"Foreground",,,,,,
"Chronos1094",,,"Foreground",,,,,,
"Chronos1095",,,"Foreground",,,,,,
"Chronos1096",,,"Foreground",,,,,,
"Chronos1097",,,"Foreground",,,,,,
"Chronos1098",,,"Foreground",,,,,,
"Chronos1099",,,"Foreground",,,,,,
"Chronos1100",,,"Foreground",,,,,,
"Chronos1101",,,"Foreground",,,,,,
"Chronos1102",,,"Foreground",,,,,,
"Chronos1103",,,"Foreground",,,,,,
"Chronos1104",,,"Foreground",,,,,,
"Chronos1105",,,"Foreground",,,,,,
"Chronos1106",,,"Foreground",,,,,,
"Chronos1107",,,"Foreground",,,,,,
"Chronos1108",,,"Foreground",,,,,,
"Chronos1109",,,"Foreground",,,,,,
"Chronos1110",,,"Foreground",,,,,,
"Chronos1111",,,"Foreground",,,,,,
"Chronos1112",,,"Foreground",,,,,,
"Chronos1113",,,"Foreground",,,,,,
"Chronos1114",,,"Foreground",,,,,,
"Chronos1115",,,"Foreground",,,,,,
"Chronos1116",,,"Foreground",,,,,,
"Chronos1117",,,"Foreground",,,,,,
"Chronos1118",,,"Foreground",,,,,,
"Chronos1119",,,"Foreground",,,,,,
"Chronos1120",,,"Foreground",,,,,,
"Chronos1121",,,"Foreground",,,,,,
"Chronos1122",,,"Foreground",,,,,,
"Chronos1123",,,"Foreground",,,,,,
"Chronos1124",,,"Foreground",,,,,,
"Chronos1125",,,"Foreground",,,,,,
"Chronos1126",,,"Foreground",,,,,,
"Chronos1127",,,"Foreground",,,,,,
"Chronos1128",,,"Foreground",,,,,,
"Chronos1129",,,"Foreground",,,,,,
"Chronos1130",,,"Foreground",,,,,,
"Chronos1131",,,"Foreground",,,,,,
"Chronos1132",,,"Foreground",,,,,,
"Chronos1133",,,"Foreground",,,,,,
"Chronos1134",,,"Foreground",,,,,,
"Chronos1135",,,"Foreground",,,,,,
"Chronos1136",,,"Foreground",,,,,,
"Chronos1137",,,"Foreground",,,,,,
"Chronos1138",,,"Foreground",,,,,,
"Chronos1139",,,"Foreground",,,,,,
"Chronos1140",,,"Foreground",,,,,,
"Chronos1141",,,"Foreground",,,,,,
"Chronos1142",,,"Foreground",,,,,,
"Chronos1143",,,"Foreground",,,,,,
"Chronos1144",,,"Foreground",,,,,,
"Chronos1145",,,"Foreground",,,,,,
"Chronos1146",,,"Foreground",,,,,,
"Chronos1147",,,"Foreground",,,,,,
"Chronos1148",,,"Foreground",,,,,,
"Chronos1149",,,"Foreground",,,,,,
"Chronos1150",,,"Foreground",,,,,,
"Chronos1151",,,"Foreground",,,,,,
"Chronos1152",,,"Foreground",,,,,,
"Chronos1153",,,"Foreground",,,,,,
"Chronos1154",,,"Foreground",,,,,,
"Chronos1155",,,"Foreground",,,,,,
"Chronos1156",,,"Foreground",,,,,,
"Chronos1157",,,"Foreground",,,,,,
"Chronos1158",,,"Foreground",,,,,,
"Chronos1159",,,"Foreground",,,,,,
"Chronos1160",,,"Foreground",,,,,,
"Chronos1161",,,"Foreground",,,,,,
"Chronos1162",,,"Foreground",,,,,,
"Chronos1163",,,"Foreground",,,,,,
"Chronos1164",,,"Foreground",,,,,,
"Chronos1165",,,"Foreground",,,,,,
"Chronos1166",,,"Foreground",,,,,,
"Chronos1167",,,"Foreground",,,,,,
"Chronos1168",,,"Foreground",,,,,,
"Chronos1169",,,"Foreground",,,,,,
"Chronos1170",,,"Foreground",,,,,,
"Chronos1171",,,"Foreground",,,,,,
"Chronos1172",,,"Foreground",,,,,,
"Chronos1173",,,"Foreground",,,,,,
"Chronos1174",,,"Foreground",,,,,,
"Chronos1175",,,"Foreground",,,,,,
"Chronos1176",,,"Foreground",,,,,,
"Chronos1177",,,"Foreground",,,,,,
"Chronos1178",,,"Foreground",,,,,,
"Chronos1179",,,"Foreground",,,,,,
"Chronos1180",,,"Foreground",,,,,,
"Chronos1181",,,"Foreground",,,,,,
"Chronos1182",,,"Foreground",,,,,,
"Chronos1183",,,"Foreground",,,,,,
"Chronos1184",,,"Foreground",,,,,,
"Chronos1185",,,"Foreground",,,,,,
"Chronos1186",,,"Foreground",,,,,,
"Chronos1187",,,"Foreground",,,,,,
"Chronos1188",,,"Foreground",,,,,,
"Chronos1189",,,"Foreground",,,,,,
"Chronos1190",,,"Foreground",,,,,,
"Chronos1191",,,"Foreground",,,,,,
"Chronos1192",,,"Foreground",,,,,,
"Chronos1193",,,"Foreground",,,,,,
"Chronos1194",,,"Foreground",,,,,,
"Chronos1195",,,"Foreground",,,,,,
"Chronos1196",,,"Foreground",,,,,,
"Chronos1197",,,"Foreground",,,,,,
"Chronos1198",,,"Foreground",,,,,,
"Chronos1199",,,"Foreground",,,,,,
"Chronos1200",,,"Foreground",,,,,,
"Chronos1201",,,"Foreground",,,,,,
"Chronos1202",,,"Foreground",,,,,,
"Chronos1203",,,"Foreground",,,,,,
"Chronos1204",,,"Foreground",,,,,,
"Chronos1205",,,"Foreground",,,,,,
"Chronos1206",,,"Foreground",,,,,,
"Chronos1207",,,"Foreground",,,,,,
"Chronos1208",,,"Foreground",,,,,,
"Chronos1209",,,"Foreground",,,,,,
"Chronos1210",,,"Foreground",,,,,,
"Chronos1211",,,"Foreground",,,,,,
"Chronos1212",,,"Foreground",,,,,,
"Chronos1213",,,"Foreground",,,,,,
"Chronos1214",,,"Foreground",,,,,,
"Chronos1215",,,"Foreground",,,,,,
"Chronos1216",,,"Foreground",,,,,,
"Chronos1217",,,"Foreground",,,,,,
"Chronos1218",,,"Foreground",,,,,,
"Chronos1219",,,"Foreground",,,,,,
"Chronos1220",,,"Foreground",,,,,,
"Chronos1221",,,"Foreground",,,,,,
"Chronos1222",,,"Foreground",,,,,,
"Chronos1223",,,"Foreground",,,,,,
"Chronos1224",,,"Foreground",,,,,,
"Chronos1225",,,"Foreground",,,,,,
"Chronos1226",,,"Foreground",,,,,,
"Chronos1227",,,"Foreground",,,,,,
"Chronos1228",,,"Foreground",,,,,,
"Chronos1229",,,"Foreground",,,,,,
"Chronos1230",,,"Foreground",,,,,,
"Chronos1231",,,"Foreground",,,,,,
"Chronos1232",,,"Foreground",,,,,,
"Chronos1233",,,"Foreground",,,,,,
"Chronos1234",,,"Foreground",,,,,,
"Chronos1235",,,"Foreground",,,,,,
"Chronos1236",,,"Foreground",,,,,,
"Chronos1237",,,"Foreground",,,,,,
"Chronos1238",,,"Foreground",,,,,,
"Chronos1239",,,"Foreground",,,,,,
"Chronos1240",,,"Foreground",,,,,,
"Chronos1241",,,"Foreground",,,,,,
"Chronos1242",,,"Foreground",,,,,,
"Chronos1243",,,"Foreground",,,,,,
"Chronos1244",,,"Foreground",,,,,,
"Chronos1245",,,"Foreground",,,,,,
"Chronos1246",,,"Foreground",,,,,,
"Chronos1247",,,"Foreground",,,,,,
"Chronos1248",,,"Foreground",,,,,,
"Chronos1249",,,"Foreground",,,,,,
"Chronos1250",,,"Foreground",,,,,,
"Chronos1251",,,"Foreground",,,,,,
"Chronos1252",,,"Foreground",,,,,,
"Chronos1253",,,"Foreground",,,,,,
"Chronos1254",,,"Foreground",,,,,,
"Chronos1255",,,"Foreground",,,,,,
"Chronos1256",,,"Foreground",,,,,,
"Chronos1257",,,"Foreground",,,,,,
"Chronos1258",,,"Foreground",,,,,,
"Chronos1259",,,"Foreground",,,,,,
"Chronos1260",,,"Foreground",,,,,,
"Chronos1261",,,"Foreground",,,,,,
"Chronos1262",,,"Foreground",,,,,,
"Chronos1263",,,"Foreground",,,,,,
"Chronos1264",,,"Foreground",,,,,,
"Chronos1265",,,"Foreground",,,,,,
"Chronos1266",,,"Foreground",,,,,,
"Chronos1267",,,"Foreground",,,,,,
"Chronos1268",,,"Foreground",,,,,,
"Chronos1269",,,"Foreground",,,,,,
"Chronos1270",,,"Foreground",,,,,,
"Chronos1271",,,"Foreground",,,,,,
"Chronos1272",,,"Foreground",,,,,,
"Chronos1273",,,"Foreground",,,,,,
"Chronos1274",,,"Foreground",,,,,,
"Chronos1275",,,"Foreground",,,,,,
"Chronos1276",,,"Foreground",,,,,,
"Chronos1277",,,"Foreground",,,,,,
"Chronos1278",,,"Foreground",,,,,,
"Chronos1279",,,"Foreground",,,,,,
"Chronos1280",,,"Foreground",,,,,,
"Chronos1281",,,"Foreground",,,,,,
"Chronos1282",,,"Foreground",,,,,,
"Chronos1283",,,"Foreground",,,,,,
"Chronos1284",,,"Foreground",,,,,,
"Chronos1285",,,"Foreground",,,,,,
"Chronos1286",,,"Foreground",,,,,,
"Chronos1287",,,"Foreground",,,,,,
"Chronos1288",,,"Foreground",,,,,,
"Chronos1289",,,"Foreground",,,,,,
"Chronos1290",,,"Foreground",,,,,,
"Chronos1291",,,"Foreground",,,,,,
"Chronos1292",,,"Foreground",,,,,,
"Chronos1293",,,"Foreground",,,,,,
"Chronos1294",,,"Foreground",,,,,,
"Chronos1295",,,"Foreground",,,,,,
"Chronos1296",,,"Foreground",,,,,,
"Chronos1297",,,"Foreground",,,,,,
"Chronos1298",,,"Foreground",,,,,,
"Chronos1299",,,"Foreground",,,,,,
"Chronos1300",,,"Foreground",,,,,,
