"PoolName","UnlockMode","Cards","Banners","Emotes","TowerSkins","CardEvoShards","HeroForm","AlbumSnippets","Resource","SpellRarity","SupportCardRarity","Consumables","Arena","Weight","Amount"
"String","String","String","String","String","String","String","String","String","String","String","String","String","String","int","int"
"MysteryBoxBanners","","","MegaKnightTeaTimeBG","","","","","","","","","","","50","1"
"","","","MegaKnightTeaTimeFG","","","","","","","","","","","50","1"
"","","","CloudsPrinceBG","","","","","","","","","","","50","1"
"","","","CloudsPrinceFG","","","","","","","","","","","50","1"
"","","","DartGoblinBG","","","","","","","","","","","100","1"
"","","","DartGoblinFG","","","","","","","","","","","100","1"
"","","","PekkaButterflyBG","","","","","","","","","","","100","1"
"","","","PekkaButterflyFG","","","","","","","","","","","100","1"
"","","","GoldeKnightBG","","","","","","","","","","","100","1"
"","","","GoldeKnightFG","","","","","","","","","","","100","1"
"","","","DefaultWitchBG","","","","","","","","","","","100","1"
"","","","DefaultWitchFG","","","","","","","","","","","100","1"
"","","","Chronos003","","","","","","","","","","","100","1"
"","","","Chronos004","","","","","","","","","","","100","1"
"","","","Chronos007","","","","","","","","","","","100","1"
"","","","Chronos008","","","","","","","","","","","100","1"
"","","","Chronos009","","","","","","","","","","","50","1"
"","","","Chronos010","","","","","","","","","","","50","1"
"","","","Chronos011","","","","","","","","","","","50","1"
"","","","Chronos012","","","","","","","","","","","50","1"
"","","","Chronos013","","","","","","","","","","","50","1"
"","","","Chronos014","","","","","","","","","","","50","1"
"","","","Chronos023","","","","","","","","","","","100","1"
"","","","Chronos024","","","","","","","","","","","100","1"
"","","","Chronos027","","","","","","","","","","","100","1"
"","","","Chronos028","","","","","","","","","","","100","1"
"","","","Chronos033","","","","","","","","","","","50","1"
"","","","Chronos034","","","","","","","","","","","50","1"
"","","","Chronos035","","","","","","","","","","","50","1"
"","","","Chronos036","","","","","","","","","","","50","1"
"","","","Chronos037","","","","","","","","","","","50","1"
"","","","Chronos038","","","","","","","","","","","50","1"
"","","","BonePitGiantSkeletonBG","","","","","","","","","","","25","1"
"","","","BonePitGiantSkeletonFG","","","","","","","","","","","25","1"
"","","","MiniPekkaBG","","","","","","","","","","","25","1"
"","","","MiniPekkaFG","","","","","","","","","","","25","1"
"","","","Chronos001","","","","","","","","","","","25","1"
"","","","Chronos002","","","","","","","","","","","25","1"
"","","","Chronos005","","","","","","","","","","","25","1"
"","","","Chronos006","","","","","","","","","","","25","1"
"","","","Chronos015","","","","","","","","","","","25","1"
"","","","Chronos016","","","","","","","","","","","25","1"
"","","","Chronos025","","","","","","","","","","","25","1"
"","","","Chronos026","","","","","","","","","","","25","1"
"","","","Chronos029","","","","","","","","","","","25","1"
"","","","Chronos030","","","","","","","","","","","25","1"
"","","","Chronos031","","","","","","","","","","","25","1"
"","","","Chronos032","","","","","","","","","","","25","1"
"","","","Chronos039","","","","","","","","","","","25","1"
"","","","Chronos040","","","","","","","","","","","25","1"
"","","","Chronos041","","","","","","","","","","","25","1"
"","","","Chronos042","","","","","","","","","","","25","1"
"","","","Chronos043","","","","","","","","","","","25","1"
"","","","Chronos044","","","","","","","","","","","25","1"
"","","","Chronos045","","","","","","","","","","","50","1"
"","","","Chronos046","","","","","","","","","","","50","1"
"","","","Chronos047","","","","","","","","","","","50","1"
"","","","Chronos048","","","","","","","","","","","50","1"
"","","","Chronos049","","","","","","","","","","","50","1"
"","","","Chronos050","","","","","","","","","","","50","1"
"","","","Chronos051","","","","","","","","","","","100","1"
"","","","Chronos052","","","","","","","","","","","100","1"
"","","","Chronos053","","","","","","","","","","","100","1"
"","","","Chronos054","","","","","","","","","","","100","1"
"MysteryBoxEmotes","","","","Emote4","","","","","","","","","","100","1"
"","","","","Emote5","","","","","","","","","","100","1"
"","","","","Emote6","","","","","","","","","","100","1"
"","","","","Emote7","","","","","","","","","","100","1"
"","","","","Emote8","","","","","","","","","","100","1"
"","","","","Emote9","","","","","","","","","","100","1"
"","","","","Emote10","","","","","","","","","","100","1"
"","","","","Emote11","","","","","","","","","","100","1"
"","","","","Emote12","","","","","","","","","","100","1"
"","","","","Emote13","","","","","","","","","","100","1"
"","","","","Emote14","","","","","","","","","","100","1"
"","","","","Emote15","","","","","","","","","","100","1"
"","","","","Emote16","","","","","","","","","","100","1"
"","","","","Emote17","","","","","","","","","","100","1"
"","","","","Emote18","","","","","","","","","","100","1"
"","","","","Emote19","","","","","","","","","","100","1"
"","","","","Emote20","","","","","","","","","","100","1"
"","","","","Emote21","","","","","","","","","","100","1"
"","","","","Emote22","","","","","","","","","","100","1"
"","","","","Emote23","","","","","","","","","","100","1"
"","","","","Emote24","","","","","","","","","","100","1"
"","","","","Emote25","","","","","","","","","","100","1"
"","","","","Emote26","","","","","","","","","","100","1"
"","","","","Emote27","","","","","","","","","","100","1"
"","","","","Emote28","","","","","","","","","","100","1"
"","","","","Emote29","","","","","","","","","","100","1"
"","","","","Emote30","","","","","","","","","","100","1"
"","","","","Emote31","","","","","","","","","","100","1"
"","","","","Emote32","","","","","","","","","","100","1"
"","","","","Emote33","","","","","","","","","","100","1"
"","","","","Emote34","","","","","","","","","","100","1"
"","","","","Emote35","","","","","","","","","","100","1"
"","","","","Emote36","","","","","","","","","","100","1"
"","","","","Emote37","","","","","","","","","","100","1"
"","","","","Emote38","","","","","","","","","","100","1"
"","","","","Emote39","","","","","","","","","","100","1"
"MysteryBoxSkins","","","","","TowerSkin1","","","","","","","","","50","1"
"","","","","","TowerSkin2","","","","","","","","","50","1"
"","","","","","TowerSkin3","","","","","","","","","50","1"
"","","","","","TowerSkin4","","","","","","","","","50","1"
"","","","","","TowerSkin5","","","","","","","","","50","1"
"TestThematicRare","","","MegaKnightTeaTimeBG","","","","","","","","","","","100","1"
"","","","MegaKnightTeaTimeFG","","","","","","","","","","","100","1"
"","","","CloudsPrinceBG","","","","","","","","","","","100","1"
"","","","CloudsPrinceFG","","","","","","","","","","","100","1"
"","","","","Emote4","","","","","","","","","","800","1"
"","","","","Emote5","","","","","","","","","","800","1"
"","","","","Emote6","","","","","","","","","","800","1"
"","","","","Emote7","","","","","","","","","","800","1"
"","","","","Emote8","","","","","","","","","","800","1"
"","","","","Emote9","","","","","","","","","","800","1"
"","","","","","TowerSkin1","","","","","","","","","100","1"
"","","","","","TowerSkin2","","","","","","","","","100","1"
"TestThematicEpic","","","DartGoblinBG","","","","","","","","","","","500","1"
"","","","DartGoblinFG","","","","","","","","","","","500","1"
"","","","PekkaButterflyBG","","","","","","","","","","","500","1"
"","","","PekkaButterflyFG","","","","","","","","","","","500","1"
"","","","","Emote10","","","","","","","","","","0","1"
"","","","","Emote11","","","","","","","","","","0","1"
"","","","","Emote12","","","","","","","","","","0","1"
"","","","","Emote13","","","","","","","","","","0","1"
"","","","","Emote14","","","","","","","","","","0","1"
"","","","","Emote15","","","","","","","","","","0","1"
"","","","","","TowerSkin3","","","","","","","","","500","1"
"","","","","","TowerSkin4","","","","","","","","","500","1"
"","","Knight","","","","","","","","","","","","100","100"
"","","Knight","","","","","","","","","","","","100","200"
"","","Knight","","","","","","","","","","","","100","500"
"","","MiniPekka","","","","","","","","","","","","100","20"
"","","MiniPekka","","","","","","","","","","","","100","40"
"","","Pekka","","","","","","","","","","","","100","5"
"","","Pekka","","","","","","","","","","","","100","10"
"","","EliteArcher","","","","","","","","","","","","100","2"
"","","EliteArcher","","","","","","","","","","","","100","5"
"","","SkeletonKing","","","","","","","","","","","","500","2"
"","","","","","","Archer","","","","","","","","100","1"
"","","","","","","Archer","","","","","","","","100","3"
"","","","","","","Archer","","","","","","","","100","6"
"","","","","","","MegaKnight","","","","","","","","100","1"
"","","","","","","MegaKnight","","","","","","","","100","3"
"","","","","","","InfernoDragon","","","","","","","","100","1"
"TestThematicLegendary","","Knight","","","","","","","","","","","","100","200"
"","","Knight","","","","","","","","","","","","100","500"
"","","Knight","","","","","","","","","","","","100","1000"
"","","MiniPekka","","","","","","","","","","","","100","50"
"","","MiniPekka","","","","","","","","","","","","100","100"
"","","Pekka","","","","","","","","","","","","100","10"
"","","Pekka","","","","","","","","","","","","100","30"
"","","EliteArcher","","","","","","","","","","","","100","5"
"","","EliteArcher","","","","","","","","","","","","100","10"
"","","SkeletonKing","","","","","","","","","","","","500","3"
"","","","","","","Archer","","","","","","","","500","2"
"","","","","","","Archer","","","","","","","","500","4"
"","","","","","","Archer","","","","","","","","500","6"
"","","","","","","MegaKnight","","","","","","","","500","2"
"","","","","","","MegaKnight","","","","","","","","500","5"
"","","","","","","InfernoDragon","","","","","","","","500","2"
"TestThematicChampionLowArena","","","","Emote21","","","","","","","","","","0","1"
"","","","","Emote22","","","","","","","","","","0","1"
"","","","","Emote23","","","","","","","","","","0","1"
"","","","","Emote24","","","","","","","","","","0","1"
"","","","","Emote25","","","","","","","","","","0","1"
"","","Knight","","","","","","","","","","","","100","200"
"","","Knight","","","","","","","","","","","","100","500"
"","","Knight","","","","","","","","","","","","100","1000"
"","","MiniPekka","","","","","","","","","","","","100","50"
"","","MiniPekka","","","","","","","","","","","","100","100"
"","","Pekka","","","","","","","","","","","","100","10"
"","","Pekka","","","","","","","","","","","","100","30"
"","","EliteArcher","","","","","","","","","","","","100","5"
"","","EliteArcher","","","","","","","","","","","","100","10"
"","","SkeletonKing","","","","","","","","","","","","100","3"
"","","","","","","Archer","","","","","","","","100","2"
"","","","","","","Archer","","","","","","","","100","4"
"","","","","","","Archer","","","","","","","","100","6"
"","","","","","","MegaKnight","","","","","","","","100","2"
"","","","","","","MegaKnight","","","","","","","","100","5"
"","","","","","","InfernoDragon","","","","","","","","100","2"
"TestThematicChampionMidArena","","","","Emote21","","","","","","","","","","0","1"
"","","","","Emote22","","","","","","","","","","0","1"
"","","","","Emote23","","","","","","","","","","0","1"
"","","","","Emote24","","","","","","","","","","0","1"
"","","","","Emote25","","","","","","","","","","0","1"
"","","Knight","","","","","","","","","","","","100","200"
"","","Knight","","","","","","","","","","","","100","500"
"","","Knight","","","","","","","","","","","","100","1000"
"","","EliteArcher","","","","","","","","","","","","100","5"
"","","EliteArcher","","","","","","","","","","","","100","10"
"","TRUE","MightyMiner","","","","","","","","","","","","100","5"
"","TRUE","MightyMiner","","","","","","","","","","","","100","10"
"","","ArcherQueen","","","","","","","","","","","","100","5"
"","","ArcherQueen","","","","","","","","","","","","100","10"
"","TRUE","SkeletonKing","","","","","","","","","","","","100","3"
"","","","","","","Archer","","","","","","","","100","2"
"","","","","","","Archer","","","","","","","","100","4"
"","","","","","","Archer","","","","","","","","100","6"
"","","","","","","MegaKnight","","","","","","","","100","2"
"","","","","","","MegaKnight","","","","","","","","100","5"
"","","","","","","InfernoDragon","","","","","","","","100","2"
"TestThematicChampionHighArena","","","","Emote21","","","","","","","","","","0","1"
"","","","","Emote22","","","","","","","","","","0","1"
"","","","","Emote23","","","","","","","","","","0","1"
"","","","","Emote24","","","","","","","","","","0","1"
"","","","","Emote25","","","","","","","","","","0","1"
"","","Knight","","","","","","","","","","","","100","200"
"","","Knight","","","","","","","","","","","","100","500"
"","","Knight","","","","","","","","","","","","100","1000"
"","","MiniPekka","","","","","","","","","","","","100","50"
"","","MiniPekka","","","","","","","","","","","","100","100"
"","","Pekka","","","","","","","","","","","","100","10"
"","","Pekka","","","","","","","","","","","","100","30"
"","","EliteArcher","","","","","","","","","","","","100","5"
"","","EliteArcher","","","","","","","","","","","","100","10"
"","","SkeletonKing","","","","","","","","","","","","100","3"
"","TRUE","","","","","Archer","","","","","","","","800","2"
"","TRUE","","","","","Archer","","","","","","","","800","4"
"","TRUE","","","","","Archer","","","","","","","","800","6"
"","","","","","","MegaKnight","","","","","","","","800","2"
"","","","","","","MegaKnight","","","","","","","","800","5"
"","","","","","","InfernoDragon","","","","","","","","800","2"
"202510_Halloween_1Star_HighArena","","SkeletonDragons","","","","","","","","","","","","100","125"
"","","Skeletons","","","","","","","","","","","","100","125"
"","","Bomber","","","","","","","","","","","","100","125"
"","","Minions","","","","","","","","","","","","100","125"
"","","Arrows","","","","","","","","","","","","100","125"
"202510_Halloween_2Star_HighArena","","SkeletonDragons","","","","","","","","","","","","100","250"
"","","Skeletons","","","","","","","","","","","","100","250"
"","","Bomber","","","","","","","","","","","","100","250"
"","","Minions","","","","","","","","","","","","100","250"
"","","Arrows","","","","","","","","","","","","100","250"
"","","Tombstone","","","","","","","","","","","","75","60"
"","","BombTower","","","","","","","","","","","","75","60"
"","","InfernoTower","","","","","","","","","","","","75","60"
"","","Fireball","","","","","","","","","","","","75","60"
"","","MiniPekka","","","","","","","","","","","","75","60"
"202510_Halloween_3Star_HighArena","","SkeletonDragons","","","","","","","","","","","","100","500"
"","","Skeletons","","","","","","","","","","","","100","500"
"","","Bomber","","","","","","","","","","","","100","500"
"","","Minions","","","","","","","","","","","","100","500"
"","","Arrows","","","","","","","","","","","","100","500"
"","","Tombstone","","","","","","","","","","","","75","125"
"","","BombTower","","","","","","","","","","","","75","125"
"","","InfernoTower","","","","","","","","","","","","75","125"
"","","Fireball","","","","","","","","","","","","75","125"
"","","MiniPekka","","","","","","","","","","","","75","125"
"","","SkeletonArmy","","","","","","","","","","","","50","12"
"","","SkeletonWarriors","","","","","","","","","","","","50","12"
"","","Witch","","","","","","","","","","","","50","12"
"","","Lightning","","","","","","","","","","","","50","12"
"","","Poison","","","","","","","","","","","","50","12"
"202510_Halloween_4Star_HighArena","","SkeletonDragons","","","","","","","","","","","","100","1000"
"","","Skeletons","","","","","","","","","","","","100","1000"
"","","Bomber","","","","","","","","","","","","100","1000"
"","","Minions","","","","","","","","","","","","100","1000"
"","","Arrows","","","","","","","","","","","","100","1000"
"","","Tombstone","","","","","","","","","","","","75","250"
"","","BombTower","","","","","","","","","","","","75","250"
"","","InfernoTower","","","","","","","","","","","","75","250"
"","","Fireball","","","","","","","","","","","","75","250"
"","","MiniPekka","","","","","","","","","","","","75","250"
"","","SkeletonArmy","","","","","","","","","","","","50","25"
"","","SkeletonWarriors","","","","","","","","","","","","50","25"
"","","Witch","","","","","","","","","","","","50","25"
"","","Lightning","","","","","","","","","","","","50","25"
"","","Poison","","","","","","","","","","","","50","25"
"","","Graveyard","","","","","","","","","","","","25","5"
"","","Ghost","","","","","","","","","","","","25","5"
"","","DarkWitch","","","","","","","","","","","","25","5"
"","","","Chronos835","","","","","","","","","","","100","1"
"","","","Chronos836","","","","","","","","","","","100","1"
"","","","Chronos839","","","","","","","","","","","100","1"
"","","","Chronos840","","","","","","","","","","","100","1"
"202510_Halloween_5Star_HighArena","","SkeletonDragons","","","","","","","","","","","","100","2000"
"","","Skeletons","","","","","","","","","","","","100","2000"
"","","Bomber","","","","","","","","","","","","100","2000"
"","","Minions","","","","","","","","","","","","100","2000"
"","","Arrows","","","","","","","","","","","","100","2000"
"","","Tombstone","","","","","","","","","","","","100","500"
"","","BombTower","","","","","","","","","","","","100","500"
"","","InfernoTower","","","","","","","","","","","","100","500"
"","","Fireball","","","","","","","","","","","","100","500"
"","","MiniPekka","","","","","","","","","","","","100","500"
"","","SkeletonArmy","","","","","","","","","","","","100","50"
"","","SkeletonWarriors","","","","","","","","","","","","100","50"
"","","Witch","","","","","","","","","","","","100","50"
"","","Lightning","","","","","","","","","","","","100","50"
"","","Poison","","","","","","","","","","","","100","50"
"","","Graveyard","","","","","","","","","","","","75","10"
"","","Ghost","","","","","","","","","","","","75","10"
"","","DarkWitch","","","","","","","","","","","","75","10"
"","","","Chronos835","","","","","","","","","","","250","1"
"","","","Chronos836","","","","","","","","","","","250","1"
"","","","Chronos839","","","","","","","","","","","250","1"
"","","","Chronos840","","","","","","","","","","","250","1"
"","","","","EmoteChronos290","","","","","","","","","","250","1"
"","","SkeletonKing","","","","","","","","","","","","50","5"
"","","Goblinstein","","","","","","","","","","","","50","5"
"","","BossBandit","","","","","","","","","","","","50","5"
"","","","","","","Ghost","","","","","","","","150","1"
"","","","","","","Ghost","","","","","","","","25","6"
"","","","","","","SkeletonArmy","","","","","","","","150","1"
"","","","","","","SkeletonArmy","","","","","","","","25","6"
"202510_Halloween_1Star_MidArena","","SkeletonDragons","","","","","","","","","","","","100","75"
"","","Skeletons","","","","","","","","","","","","100","75"
"","","Bomber","","","","","","","","","","","","100","75"
"","","Minions","","","","","","","","","","","","100","75"
"","","Arrows","","","","","","","","","","","","100","75"
"202510_Halloween_2Star_MidArena","","SkeletonDragons","","","","","","","","","","","","100","150"
"","","Skeletons","","","","","","","","","","","","100","150"
"","","Bomber","","","","","","","","","","","","100","150"
"","","Minions","","","","","","","","","","","","100","150"
"","","Arrows","","","","","","","","","","","","100","150"
"","","Tombstone","","","","","","","","","","","","75","50"
"","","BombTower","","","","","","","","","","","","75","50"
"","","InfernoTower","","","","","","","","","","","","75","50"
"","","Fireball","","","","","","","","","","","","75","50"
"","","MiniPekka","","","","","","","","","","","","75","50"
"202510_Halloween_3Star_MidArena","","SkeletonDragons","","","","","","","","","","","","100","375"
"","","Skeletons","","","","","","","","","","","","100","375"
"","","Bomber","","","","","","","","","","","","100","375"
"","","Minions","","","","","","","","","","","","100","375"
"","","Arrows","","","","","","","","","","","","100","375"
"","","Tombstone","","","","","","","","","","","","75","100"
"","","BombTower","","","","","","","","","","","","75","100"
"","","InfernoTower","","","","","","","","","","","","75","100"
"","","Fireball","","","","","","","","","","","","75","100"
"","","MiniPekka","","","","","","","","","","","","75","100"
"","","SkeletonArmy","","","","","","","","","","","","50","10"
"","","SkeletonWarriors","","","","","","","","","","","","50","10"
"","","Witch","","","","","","","","","","","","50","10"
"","","Lightning","","","","","","","","","","","","50","10"
"","","Poison","","","","","","","","","","","","50","10"
"202510_Halloween_4Star_MidArena","","SkeletonDragons","","","","","","","","","","","","100","750"
"","","Skeletons","","","","","","","","","","","","100","750"
"","","Bomber","","","","","","","","","","","","100","750"
"","","Minions","","","","","","","","","","","","100","750"
"","","Arrows","","","","","","","","","","","","100","750"
"","","Tombstone","","","","","","","","","","","","75","200"
"","","BombTower","","","","","","","","","","","","75","200"
"","","InfernoTower","","","","","","","","","","","","75","200"
"","","Fireball","","","","","","","","","","","","75","200"
"","","MiniPekka","","","","","","","","","","","","75","200"
"","","SkeletonArmy","","","","","","","","","","","","50","20"
"","","SkeletonWarriors","","","","","","","","","","","","50","20"
"","","Witch","","","","","","","","","","","","50","20"
"","","Lightning","","","","","","","","","","","","50","20"
"","","Poison","","","","","","","","","","","","50","20"
"","","Graveyard","","","","","","","","","","","","25","3"
"","","Ghost","","","","","","","","","","","","25","3"
"","","DarkWitch","","","","","","","","","","","","25","3"
"","","","Chronos835","","","","","","","","","","","100","1"
"","","","Chronos836","","","","","","","","","","","100","1"
"","","","Chronos839","","","","","","","","","","","100","1"
"","","","Chronos840","","","","","","","","","","","100","1"
"202510_Halloween_5Star_MidArena","","SkeletonDragons","","","","","","","","","","","","100","1500"
"","","Skeletons","","","","","","","","","","","","100","1500"
"","","Bomber","","","","","","","","","","","","100","1500"
"","","Minions","","","","","","","","","","","","100","1500"
"","","Arrows","","","","","","","","","","","","100","1500"
"","","Tombstone","","","","","","","","","","","","100","400"
"","","BombTower","","","","","","","","","","","","100","400"
"","","InfernoTower","","","","","","","","","","","","100","400"
"","","Fireball","","","","","","","","","","","","100","400"
"","","MiniPekka","","","","","","","","","","","","100","400"
"","","SkeletonArmy","","","","","","","","","","","","100","40"
"","","SkeletonWarriors","","","","","","","","","","","","100","40"
"","","Witch","","","","","","","","","","","","100","40"
"","","Lightning","","","","","","","","","","","","100","40"
"","","Poison","","","","","","","","","","","","100","40"
"","","Graveyard","","","","","","","","","","","","75","6"
"","","Ghost","","","","","","","","","","","","75","6"
"","","DarkWitch","","","","","","","","","","","","75","6"
"","","","Chronos835","","","","","","","","","","","250","1"
"","","","Chronos836","","","","","","","","","","","250","1"
"","","","Chronos839","","","","","","","","","","","250","1"
"","","","Chronos840","","","","","","","","","","","250","1"
"","","","","EmoteChronos290","","","","","","","","","","250","1"
"","","SkeletonKing","","","","","","","","","","","","50","2"
"","","Goblinstein","","","","","","","","","","","","50","2"
"","","BossBandit","","","","","","","","","","","","50","2"
"","","","","","","Ghost","","","","","","","","150","1"
"","","","","","","Ghost","","","","","","","","25","6"
"","","","","","","SkeletonArmy","","","","","","","","150","1"
"","","","","","","SkeletonArmy","","","","","","","","25","6"
"202510_Halloween_1Star_LowArena","","SkeletonDragons","","","","","","","","","","","","100","30"
"","","Skeletons","","","","","","","","","","","","100","30"
"","","Bomber","","","","","","","","","","","","100","30"
"","","Minions","","","","","","","","","","","","100","30"
"","","Arrows","","","","","","","","","","","","100","30"
"202510_Halloween_2Star_LowArena","","SkeletonDragons","","","","","","","","","","","","100","60"
"","","Skeletons","","","","","","","","","","","","100","60"
"","","Bomber","","","","","","","","","","","","100","60"
"","","Minions","","","","","","","","","","","","100","60"
"","","Arrows","","","","","","","","","","","","100","60"
"","","Tombstone","","","","","","","","","","","","75","15"
"","","BombTower","","","","","","","","","","","","75","15"
"","","InfernoTower","","","","","","","","","","","","75","15"
"","","Fireball","","","","","","","","","","","","75","15"
"","","MiniPekka","","","","","","","","","","","","75","15"
"202510_Halloween_3Star_LowArena","","SkeletonDragons","","","","","","","","","","","","100","125"
"","","Skeletons","","","","","","","","","","","","100","125"
"","","Bomber","","","","","","","","","","","","100","125"
"","","Minions","","","","","","","","","","","","100","125"
"","","Arrows","","","","","","","","","","","","100","125"
"","","Tombstone","","","","","","","","","","","","75","35"
"","","BombTower","","","","","","","","","","","","75","35"
"","","InfernoTower","","","","","","","","","","","","75","35"
"","","Fireball","","","","","","","","","","","","75","35"
"","","MiniPekka","","","","","","","","","","","","75","35"
"","","SkeletonArmy","","","","","","","","","","","","50","3"
"","","SkeletonWarriors","","","","","","","","","","","","50","3"
"","","Witch","","","","","","","","","","","","50","3"
"","","Lightning","","","","","","","","","","","","50","3"
"","","Poison","","","","","","","","","","","","50","3"
"202510_Halloween_4Star_LowArena","","SkeletonDragons","","","","","","","","","","","","125","250"
"","","Skeletons","","","","","","","","","","","","125","250"
"","","Bomber","","","","","","","","","","","","125","250"
"","","Minions","","","","","","","","","","","","125","250"
"","","Arrows","","","","","","","","","","","","125","250"
"","","Tombstone","","","","","","","","","","","","75","75"
"","","BombTower","","","","","","","","","","","","75","75"
"","","InfernoTower","","","","","","","","","","","","75","75"
"","","Fireball","","","","","","","","","","","","75","75"
"","","MiniPekka","","","","","","","","","","","","75","75"
"","","SkeletonArmy","","","","","","","","","","","","40","6"
"","","SkeletonWarriors","","","","","","","","","","","","40","6"
"","","Witch","","","","","","","","","","","","40","6"
"","","Lightning","","","","","","","","","","","","40","6"
"","","Poison","","","","","","","","","","","","40","6"
"","","","Chronos835","","","","","","","","","","","100","1"
"","","","Chronos836","","","","","","","","","","","100","1"
"","","","Chronos839","","","","","","","","","","","100","1"
"","","","Chronos840","","","","","","","","","","","100","1"
"202510_Halloween_5Star_LowArena","","SkeletonDragons","","","","","","","","","","","","200","500"
"","","Skeletons","","","","","","","","","","","","200","500"
"","","Bomber","","","","","","","","","","","","200","500"
"","","Minions","","","","","","","","","","","","200","500"
"","","Arrows","","","","","","","","","","","","200","500"
"","","Tombstone","","","","","","","","","","","","150","150"
"","","BombTower","","","","","","","","","","","","150","150"
"","","InfernoTower","","","","","","","","","","","","150","150"
"","","Fireball","","","","","","","","","","","","150","150"
"","","MiniPekka","","","","","","","","","","","","150","150"
"","","SkeletonArmy","","","","","","","","","","","","100","12"
"","","SkeletonWarriors","","","","","","","","","","","","100","12"
"","","Witch","","","","","","","","","","","","100","12"
"","","Lightning","","","","","","","","","","","","100","12"
"","","Poison","","","","","","","","","","","","100","12"
"","","","Chronos835","","","","","","","","","","","245","1"
"","","","Chronos836","","","","","","","","","","","245","1"
"","","","Chronos839","","","","","","","","","","","245","1"
"","","","Chronos840","","","","","","","","","","","245","1"
"","","","","EmoteChronos290","","","","","","","","","","245","1"
"202510_RoyalGhost_1Star_HighArena","","SkeletonDragons","","","","","","","","","","","","100","125"
"","","Skeletons","","","","","","","","","","","","100","125"
"","","Bomber","","","","","","","","","","","","100","125"
"","","Minions","","","","","","","","","","","","100","125"
"","","Arrows","","","","","","","","","","","","100","125"
"202510_RoyalGhost_2Star_HighArena","","SkeletonDragons","","","","","","","","","","","","100","250"
"","","Skeletons","","","","","","","","","","","","100","250"
"","","Bomber","","","","","","","","","","","","100","250"
"","","Minions","","","","","","","","","","","","100","250"
"","","Arrows","","","","","","","","","","","","100","250"
"","","Tombstone","","","","","","","","","","","","75","60"
"","","BombTower","","","","","","","","","","","","75","60"
"","","InfernoTower","","","","","","","","","","","","75","60"
"","","Fireball","","","","","","","","","","","","75","60"
"","","MiniPekka","","","","","","","","","","","","75","60"
"202510_RoyalGhost_3Star_HighArena","","SkeletonDragons","","","","","","","","","","","","100","500"
"","","Skeletons","","","","","","","","","","","","100","500"
"","","Bomber","","","","","","","","","","","","100","500"
"","","Minions","","","","","","","","","","","","100","500"
"","","Arrows","","","","","","","","","","","","100","500"
"","","Tombstone","","","","","","","","","","","","75","125"
"","","BombTower","","","","","","","","","","","","75","125"
"","","InfernoTower","","","","","","","","","","","","75","125"
"","","Fireball","","","","","","","","","","","","75","125"
"","","MiniPekka","","","","","","","","","","","","75","125"
"","","SkeletonArmy","","","","","","","","","","","","50","12"
"","","SkeletonWarriors","","","","","","","","","","","","50","12"
"","","Witch","","","","","","","","","","","","50","12"
"","","Lightning","","","","","","","","","","","","50","12"
"","","Poison","","","","","","","","","","","","50","12"
"202510_RoyalGhost_4Star_HighArena","","SkeletonDragons","","","","","","","","","","","","100","1000"
"","","Skeletons","","","","","","","","","","","","100","1000"
"","","Bomber","","","","","","","","","","","","100","1000"
"","","Minions","","","","","","","","","","","","100","1000"
"","","Arrows","","","","","","","","","","","","100","1000"
"","","Tombstone","","","","","","","","","","","","75","250"
"","","BombTower","","","","","","","","","","","","75","250"
"","","InfernoTower","","","","","","","","","","","","75","250"
"","","Fireball","","","","","","","","","","","","75","250"
"","","MiniPekka","","","","","","","","","","","","75","250"
"","","SkeletonArmy","","","","","","","","","","","","50","25"
"","","SkeletonWarriors","","","","","","","","","","","","50","25"
"","","Witch","","","","","","","","","","","","50","25"
"","","Lightning","","","","","","","","","","","","50","25"
"","","Poison","","","","","","","","","","","","50","25"
"","","Graveyard","","","","","","","","","","","","25","5"
"","","Ghost","","","","","","","","","","","","25","5"
"","","DarkWitch","","","","","","","","","","","","25","5"
"","","","Chronos835","","","","","","","","","","","100","1"
"","","","Chronos836","","","","","","","","","","","100","1"
"","","","Chronos839","","","","","","","","","","","100","1"
"","","","Chronos840","","","","","","","","","","","100","1"
"202510_RoyalGhost_5Star_HighArena","","SkeletonDragons","","","","","","","","","","","","100","2000"
"","","Skeletons","","","","","","","","","","","","100","2000"
"","","Bomber","","","","","","","","","","","","100","2000"
"","","Minions","","","","","","","","","","","","100","2000"
"","","Arrows","","","","","","","","","","","","100","2000"
"","","Tombstone","","","","","","","","","","","","100","500"
"","","BombTower","","","","","","","","","","","","100","500"
"","","InfernoTower","","","","","","","","","","","","100","500"
"","","Fireball","","","","","","","","","","","","100","500"
"","","MiniPekka","","","","","","","","","","","","100","500"
"","","SkeletonArmy","","","","","","","","","","","","100","50"
"","","SkeletonWarriors","","","","","","","","","","","","100","50"
"","","Witch","","","","","","","","","","","","100","50"
"","","Lightning","","","","","","","","","","","","100","50"
"","","Poison","","","","","","","","","","","","100","50"
"","","Graveyard","","","","","","","","","","","","75","10"
"","","Ghost","","","","","","","","","","","","75","10"
"","","DarkWitch","","","","","","","","","","","","75","10"
"","","","Chronos835","","","","","","","","","","","250","1"
"","","","Chronos836","","","","","","","","","","","250","1"
"","","","Chronos839","","","","","","","","","","","250","1"
"","","","Chronos840","","","","","","","","","","","250","1"
"","","","","EmoteChronos290","","","","","","","","","","250","1"
"","","SkeletonKing","","","","","","","","","","","","50","5"
"","","Goblinstein","","","","","","","","","","","","50","5"
"","","BossBandit","","","","","","","","","","","","50","5"
"","","","","","","Ghost","","","","","","","","300","1"
"","","","","","","Ghost","","","","","","","","50","6"
"202510_RoyalGhost_1Star_MidArena","","SkeletonDragons","","","","","","","","","","","","100","75"
"","","Skeletons","","","","","","","","","","","","100","75"
"","","Bomber","","","","","","","","","","","","100","75"
"","","Minions","","","","","","","","","","","","100","75"
"","","Arrows","","","","","","","","","","","","100","75"
"202510_RoyalGhost_2Star_MidArena","","SkeletonDragons","","","","","","","","","","","","100","150"
"","","Skeletons","","","","","","","","","","","","100","150"
"","","Bomber","","","","","","","","","","","","100","150"
"","","Minions","","","","","","","","","","","","100","150"
"","","Arrows","","","","","","","","","","","","100","150"
"","","Tombstone","","","","","","","","","","","","75","50"
"","","BombTower","","","","","","","","","","","","75","50"
"","","InfernoTower","","","","","","","","","","","","75","50"
"","","Fireball","","","","","","","","","","","","75","50"
"","","MiniPekka","","","","","","","","","","","","75","50"
"202510_RoyalGhost_3Star_MidArena","","SkeletonDragons","","","","","","","","","","","","100","375"
"","","Skeletons","","","","","","","","","","","","100","375"
"","","Bomber","","","","","","","","","","","","100","375"
"","","Minions","","","","","","","","","","","","100","375"
"","","Arrows","","","","","","","","","","","","100","375"
"","","Tombstone","","","","","","","","","","","","75","100"
"","","BombTower","","","","","","","","","","","","75","100"
"","","InfernoTower","","","","","","","","","","","","75","100"
"","","Fireball","","","","","","","","","","","","75","100"
"","","MiniPekka","","","","","","","","","","","","75","100"
"","","SkeletonArmy","","","","","","","","","","","","50","10"
"","","SkeletonWarriors","","","","","","","","","","","","50","10"
"","","Witch","","","","","","","","","","","","50","10"
"","","Lightning","","","","","","","","","","","","50","10"
"","","Poison","","","","","","","","","","","","50","10"
"202510_RoyalGhost_4Star_MidArena","","SkeletonDragons","","","","","","","","","","","","100","750"
"","","Skeletons","","","","","","","","","","","","100","750"
"","","Bomber","","","","","","","","","","","","100","750"
"","","Minions","","","","","","","","","","","","100","750"
"","","Arrows","","","","","","","","","","","","100","750"
"","","Tombstone","","","","","","","","","","","","75","200"
"","","BombTower","","","","","","","","","","","","75","200"
"","","InfernoTower","","","","","","","","","","","","75","200"
"","","Fireball","","","","","","","","","","","","75","200"
"","","MiniPekka","","","","","","","","","","","","75","200"
"","","SkeletonArmy","","","","","","","","","","","","50","20"
"","","SkeletonWarriors","","","","","","","","","","","","50","20"
"","","Witch","","","","","","","","","","","","50","20"
"","","Lightning","","","","","","","","","","","","50","20"
"","","Poison","","","","","","","","","","","","50","20"
"","","Graveyard","","","","","","","","","","","","25","3"
"","","Ghost","","","","","","","","","","","","25","3"
"","","DarkWitch","","","","","","","","","","","","25","3"
"","","","Chronos835","","","","","","","","","","","100","1"
"","","","Chronos836","","","","","","","","","","","100","1"
"","","","Chronos839","","","","","","","","","","","100","1"
"","","","Chronos840","","","","","","","","","","","100","1"
"202510_RoyalGhost_5Star_MidArena","","SkeletonDragons","","","","","","","","","","","","100","1500"
"","","Skeletons","","","","","","","","","","","","100","1500"
"","","Bomber","","","","","","","","","","","","100","1500"
"","","Minions","","","","","","","","","","","","100","1500"
"","","Arrows","","","","","","","","","","","","100","1500"
"","","Tombstone","","","","","","","","","","","","100","400"
"","","BombTower","","","","","","","","","","","","100","400"
"","","InfernoTower","","","","","","","","","","","","100","400"
"","","Fireball","","","","","","","","","","","","100","400"
"","","MiniPekka","","","","","","","","","","","","100","400"
"","","SkeletonArmy","","","","","","","","","","","","100","40"
"","","SkeletonWarriors","","","","","","","","","","","","100","40"
"","","Witch","","","","","","","","","","","","100","40"
"","","Lightning","","","","","","","","","","","","100","40"
"","","Poison","","","","","","","","","","","","100","40"
"","","Graveyard","","","","","","","","","","","","75","6"
"","","Ghost","","","","","","","","","","","","75","6"
"","","DarkWitch","","","","","","","","","","","","75","6"
"","","","Chronos835","","","","","","","","","","","250","1"
"","","","Chronos836","","","","","","","","","","","250","1"
"","","","Chronos839","","","","","","","","","","","250","1"
"","","","Chronos840","","","","","","","","","","","250","1"
"","","","","EmoteChronos290","","","","","","","","","","250","1"
"","","SkeletonKing","","","","","","","","","","","","50","2"
"","","Goblinstein","","","","","","","","","","","","50","2"
"","","BossBandit","","","","","","","","","","","","50","2"
"","","","","","","Ghost","","","","","","","","300","1"
"","","","","","","Ghost","","","","","","","","50","6"
"202510_RoyalGhost_1Star_LowArena","","SkeletonDragons","","","","","","","","","","","","100","30"
"","","Skeletons","","","","","","","","","","","","100","30"
"","","Bomber","","","","","","","","","","","","100","30"
"","","Minions","","","","","","","","","","","","100","30"
"","","Arrows","","","","","","","","","","","","100","30"
"202510_RoyalGhost_2Star_LowArena","","SkeletonDragons","","","","","","","","","","","","100","60"
"","","Skeletons","","","","","","","","","","","","100","60"
"","","Bomber","","","","","","","","","","","","100","60"
"","","Minions","","","","","","","","","","","","100","60"
"","","Arrows","","","","","","","","","","","","100","60"
"","","Tombstone","","","","","","","","","","","","75","15"
"","","BombTower","","","","","","","","","","","","75","15"
"","","InfernoTower","","","","","","","","","","","","75","15"
"","","Fireball","","","","","","","","","","","","75","15"
"","","MiniPekka","","","","","","","","","","","","75","15"
"202510_RoyalGhost_3Star_LowArena","","SkeletonDragons","","","","","","","","","","","","100","125"
"","","Skeletons","","","","","","","","","","","","100","125"
"","","Bomber","","","","","","","","","","","","100","125"
"","","Minions","","","","","","","","","","","","100","125"
"","","Arrows","","","","","","","","","","","","100","125"
"","","Tombstone","","","","","","","","","","","","75","35"
"","","BombTower","","","","","","","","","","","","75","35"
"","","InfernoTower","","","","","","","","","","","","75","35"
"","","Fireball","","","","","","","","","","","","75","35"
"","","MiniPekka","","","","","","","","","","","","75","35"
"","","SkeletonArmy","","","","","","","","","","","","50","3"
"","","SkeletonWarriors","","","","","","","","","","","","50","3"
"","","Witch","","","","","","","","","","","","50","3"
"","","Lightning","","","","","","","","","","","","50","3"
"","","Poison","","","","","","","","","","","","50","3"
"202510_RoyalGhost_4Star_LowArena","","SkeletonDragons","","","","","","","","","","","","125","250"
"","","Skeletons","","","","","","","","","","","","125","250"
"","","Bomber","","","","","","","","","","","","125","250"
"","","Minions","","","","","","","","","","","","125","250"
"","","Arrows","","","","","","","","","","","","125","250"
"","","Tombstone","","","","","","","","","","","","75","75"
"","","BombTower","","","","","","","","","","","","75","75"
"","","InfernoTower","","","","","","","","","","","","75","75"
"","","Fireball","","","","","","","","","","","","75","75"
"","","MiniPekka","","","","","","","","","","","","75","75"
"","","SkeletonArmy","","","","","","","","","","","","40","6"
"","","SkeletonWarriors","","","","","","","","","","","","40","6"
"","","Witch","","","","","","","","","","","","40","6"
"","","Lightning","","","","","","","","","","","","40","6"
"","","Poison","","","","","","","","","","","","40","6"
"","","","Chronos835","","","","","","","","","","","100","1"
"","","","Chronos836","","","","","","","","","","","100","1"
"","","","Chronos839","","","","","","","","","","","100","1"
"","","","Chronos840","","","","","","","","","","","100","1"
"202510_RoyalGhost_5Star_LowArena","","SkeletonDragons","","","","","","","","","","","","200","500"
"","","Skeletons","","","","","","","","","","","","200","500"
"","","Bomber","","","","","","","","","","","","200","500"
"","","Minions","","","","","","","","","","","","200","500"
"","","Arrows","","","","","","","","","","","","200","500"
"","","Tombstone","","","","","","","","","","","","150","150"
"","","BombTower","","","","","","","","","","","","150","150"
"","","InfernoTower","","","","","","","","","","","","150","150"
"","","Fireball","","","","","","","","","","","","150","150"
"","","MiniPekka","","","","","","","","","","","","150","150"
"","","SkeletonArmy","","","","","","","","","","","","100","12"
"","","SkeletonWarriors","","","","","","","","","","","","100","12"
"","","Witch","","","","","","","","","","","","100","12"
"","","Lightning","","","","","","","","","","","","100","12"
"","","Poison","","","","","","","","","","","","100","12"
"","","","Chronos835","","","","","","","","","","","245","1"
"","","","Chronos836","","","","","","","","","","","245","1"
"","","","Chronos839","","","","","","","","","","","245","1"
"","","","Chronos840","","","","","","","","","","","245","1"
"","","","","EmoteChronos290","","","","","","","","","","245","1"
"202511_Musketeer_1Star_HighArena","","Arrows","","","","","","","","","","","","100","125"
"","","GoblinGang","","","","","","","","","","","","100","125"
"","","Bomber","","","","","","","","","","","","100","125"
"","","Zap","","","","","","","","","","","","100","125"
"","","Snowball","","","","","","","","","","","","100","125"
"202511_Musketeer_2Star_HighArena","","Arrows","","","","","","","","","","","","100","250"
"","","GoblinGang","","","","","","","","","","","","100","250"
"","","Bomber","","","","","","","","","","","","100","250"
"","","Zap","","","","","","","","","","","","100","250"
"","","Snowball","","","","","","","","","","","","100","250"
"","","Elixir Collector","","","","","","","","","","","","75","60"
"","","BattleRam","","","","","","","","","","","","75","60"
"","","Musketeer","","","","","","","","","","","","75","60"
"","","ThreeMusketeers","","","","","","","","","","","","75","60"
"","","Heal","","","","","","","","","","","","75","60"
"202511_Musketeer_3Star_HighArena","","Arrows","","","","","","","","","","","","100","500"
"","","GoblinGang","","","","","","","","","","","","100","500"
"","","Bomber","","","","","","","","","","","","100","500"
"","","Zap","","","","","","","","","","","","100","500"
"","","Snowball","","","","","","","","","","","","100","500"
"","","Elixir Collector","","","","","","","","","","","","75","125"
"","","BattleRam","","","","","","","","","","","","75","125"
"","","Musketeer","","","","","","","","","","","","75","125"
"","","ThreeMusketeers","","","","","","","","","","","","75","125"
"","","Heal","","","","","","","","","","","","75","125"
"","","Mirror","","","","","","","","","","","","50","12"
"","","GiantSkeleton","","","","","","","","","","","","50","12"
"","","Hunter","","","","","","","","","","","","50","12"
"","","GiantBuffer","","","","","","","","","","","","50","12"
"","","Rage","","","","","","","","","","","","50","12"
"202511_Musketeer_4Star_HighArena","","Arrows","","","","","","","","","","","","100","1000"
"","","GoblinGang","","","","","","","","","","","","100","1000"
"","","Bomber","","","","","","","","","","","","100","1000"
"","","Zap","","","","","","","","","","","","100","1000"
"","","Snowball","","","","","","","","","","","","100","1000"
"","","Elixir Collector","","","","","","","","","","","","75","250"
"","","BattleRam","","","","","","","","","","","","75","250"
"","","Musketeer","","","","","","","","","","","","75","250"
"","","ThreeMusketeers","","","","","","","","","","","","75","250"
"","","Heal","","","","","","","","","","","","75","250"
"","","Mirror","","","","","","","","","","","","50","25"
"","","GiantSkeleton","","","","","","","","","","","","50","25"
"","","Hunter","","","","","","","","","","","","50","25"
"","","GiantBuffer","","","","","","","","","","","","50","25"
"","","Rage","","","","","","","","","","","","50","25"
"","","Ghost","","","","","","","","","","","","25","5"
"","","Assassin","","","","","","","","","","","","25","5"
"","","EliteArcher","","","","","","","","","","","","25","5"
"","","","Chronos850","","","","","","","","","","","100","1"
"","","","Chronos849","","","","","","","","","","","100","1"
"","","","Chronos852","","","","","","","","","","","100","1"
"","","","Chronos851","","","","","","","","","","","100","1"
"202511_Musketeer_5Star_HighArena","","Arrows","","","","","","","","","","","","100","2000"
"","","GoblinGang","","","","","","","","","","","","100","2000"
"","","Bomber","","","","","","","","","","","","100","2000"
"","","Zap","","","","","","","","","","","","100","2000"
"","","Snowball","","","","","","","","","","","","100","2000"
"","","Elixir Collector","","","","","","","","","","","","100","500"
"","","BattleRam","","","","","","","","","","","","100","500"
"","","Musketeer","","","","","","","","","","","","100","500"
"","","ThreeMusketeers","","","","","","","","","","","","100","500"
"","","Heal","","","","","","","","","","","","100","500"
"","","Mirror","","","","","","","","","","","","100","50"
"","","GiantSkeleton","","","","","","","","","","","","100","50"
"","","Hunter","","","","","","","","","","","","100","50"
"","","GiantBuffer","","","","","","","","","","","","100","50"
"","","Rage","","","","","","","","","","","","100","50"
"","","Ghost","","","","","","","","","","","","75","10"
"","","Assassin","","","","","","","","","","","","75","10"
"","","EliteArcher","","","","","","","","","","","","75","10"
"","","","Chronos850","","","","","","","","","","","250","1"
"","","","Chronos849","","","","","","","","","","","250","1"
"","","","Chronos852","","","","","","","","","","","250","1"
"","","","Chronos851","","","","","","","","","","","250","1"
"","","","","EmoteChronos305","","","","","","","","","","250","1"
"","","Monk","","","","","","","","","","","","50","5"
"","","LittlePrince","","","","","","","","","","","","50","5"
"","","GoldenKnight","","","","","","","","","","","","50","5"
"","","","","","","Musketeer","","","","","","","","150","1"
"","","","","","","Musketeer","","","","","","","","25","6"
"202511_Musketeer_1Star_MidArena","","Arrows","","","","","","","","","","","","100","75"
"","","GoblinGang","","","","","","","","","","","","100","75"
"","","Bomber","","","","","","","","","","","","100","75"
"","","Zap","","","","","","","","","","","","100","75"
"","","Snowball","","","","","","","","","","","","100","75"
"202511_Musketeer_2Star_MidArena","","Arrows","","","","","","","","","","","","100","150"
"","","GoblinGang","","","","","","","","","","","","100","150"
"","","Bomber","","","","","","","","","","","","100","150"
"","","Zap","","","","","","","","","","","","100","150"
"","","Snowball","","","","","","","","","","","","100","150"
"","","Elixir Collector","","","","","","","","","","","","75","50"
"","","BattleRam","","","","","","","","","","","","75","50"
"","","Musketeer","","","","","","","","","","","","75","50"
"","","ThreeMusketeers","","","","","","","","","","","","75","50"
"","","Heal","","","","","","","","","","","","75","50"
"202511_Musketeer_3Star_MidArena","","Arrows","","","","","","","","","","","","100","375"
"","","GoblinGang","","","","","","","","","","","","100","375"
"","","Bomber","","","","","","","","","","","","100","375"
"","","Zap","","","","","","","","","","","","100","375"
"","","Snowball","","","","","","","","","","","","100","375"
"","","Elixir Collector","","","","","","","","","","","","75","100"
"","","BattleRam","","","","","","","","","","","","75","100"
"","","Musketeer","","","","","","","","","","","","75","100"
"","","ThreeMusketeers","","","","","","","","","","","","75","100"
"","","Heal","","","","","","","","","","","","75","100"
"","","Mirror","","","","","","","","","","","","50","10"
"","","GiantSkeleton","","","","","","","","","","","","50","10"
"","","Hunter","","","","","","","","","","","","50","10"
"","","GiantBuffer","","","","","","","","","","","","50","10"
"","","Rage","","","","","","","","","","","","50","10"
"202511_Musketeer_4Star_MidArena","","Arrows","","","","","","","","","","","","100","750"
"","","GoblinGang","","","","","","","","","","","","100","750"
"","","Bomber","","","","","","","","","","","","100","750"
"","","Zap","","","","","","","","","","","","100","750"
"","","Snowball","","","","","","","","","","","","100","750"
"","","Elixir Collector","","","","","","","","","","","","75","200"
"","","BattleRam","","","","","","","","","","","","75","200"
"","","Musketeer","","","","","","","","","","","","75","200"
"","","ThreeMusketeers","","","","","","","","","","","","75","200"
"","","Heal","","","","","","","","","","","","75","200"
"","","Mirror","","","","","","","","","","","","50","20"
"","","GiantSkeleton","","","","","","","","","","","","50","20"
"","","Hunter","","","","","","","","","","","","50","20"
"","","GiantBuffer","","","","","","","","","","","","50","20"
"","","Rage","","","","","","","","","","","","50","20"
"","","Ghost","","","","","","","","","","","","25","3"
"","","Assassin","","","","","","","","","","","","25","3"
"","","EliteArcher","","","","","","","","","","","","25","3"
"","","","Chronos850","","","","","","","","","","","100","1"
"","","","Chronos849","","","","","","","","","","","100","1"
"","","","Chronos852","","","","","","","","","","","100","1"
"","","","Chronos851","","","","","","","","","","","100","1"
"202511_Musketeer_5Star_MidArena","","Arrows","","","","","","","","","","","","100","1500"
"","","GoblinGang","","","","","","","","","","","","100","1500"
"","","Bomber","","","","","","","","","","","","100","1500"
"","","Zap","","","","","","","","","","","","100","1500"
"","","Snowball","","","","","","","","","","","","100","1500"
"","","Elixir Collector","","","","","","","","","","","","100","400"
"","","BattleRam","","","","","","","","","","","","100","400"
"","","Musketeer","","","","","","","","","","","","100","400"
"","","ThreeMusketeers","","","","","","","","","","","","100","400"
"","","Heal","","","","","","","","","","","","100","400"
"","","Mirror","","","","","","","","","","","","100","40"
"","","GiantSkeleton","","","","","","","","","","","","100","40"
"","","Hunter","","","","","","","","","","","","100","40"
"","","GiantBuffer","","","","","","","","","","","","100","40"
"","","Rage","","","","","","","","","","","","100","40"
"","","Ghost","","","","","","","","","","","","75","6"
"","","Assassin","","","","","","","","","","","","75","6"
"","","EliteArcher","","","","","","","","","","","","75","6"
"","","","Chronos850","","","","","","","","","","","250","1"
"","","","Chronos849","","","","","","","","","","","250","1"
"","","","Chronos852","","","","","","","","","","","250","1"
"","","","Chronos851","","","","","","","","","","","250","1"
"","","","","EmoteChronos305","","","","","","","","","","250","1"
"","","Monk","","","","","","","","","","","","50","2"
"","","LittlePrince","","","","","","","","","","","","50","2"
"","","GoldenKnight","","","","","","","","","","","","50","2"
"","","","","","","Musketeer","","","","","","","","150","1"
"","","","","","","Musketeer","","","","","","","","25","6"
"202511_Musketeer_1Star_LowArena","","Arrows","","","","","","","","","","","","100","30"
"","","GoblinGang","","","","","","","","","","","","100","30"
"","","Bomber","","","","","","","","","","","","100","30"
"","","Zap","","","","","","","","","","","","100","30"
"","","Snowball","","","","","","","","","","","","100","30"
"202511_Musketeer_2Star_LowArena","","Arrows","","","","","","","","","","","","100","60"
"","","GoblinGang","","","","","","","","","","","","100","60"
"","","Bomber","","","","","","","","","","","","100","60"
"","","Zap","","","","","","","","","","","","100","60"
"","","Snowball","","","","","","","","","","","","100","60"
"","","Elixir Collector","","","","","","","","","","","","75","15"
"","","BattleRam","","","","","","","","","","","","75","15"
"","","Musketeer","","","","","","","","","","","","75","15"
"","","ThreeMusketeers","","","","","","","","","","","","75","15"
"","","Heal","","","","","","","","","","","","75","15"
"202511_Musketeer_3Star_LowArena","","Arrows","","","","","","","","","","","","100","125"
"","","GoblinGang","","","","","","","","","","","","100","125"
"","","Bomber","","","","","","","","","","","","100","125"
"","","Zap","","","","","","","","","","","","100","125"
"","","Snowball","","","","","","","","","","","","100","125"
"","","Elixir Collector","","","","","","","","","","","","75","35"
"","","BattleRam","","","","","","","","","","","","75","35"
"","","Musketeer","","","","","","","","","","","","75","35"
"","","ThreeMusketeers","","","","","","","","","","","","75","35"
"","","Heal","","","","","","","","","","","","75","35"
"","","Mirror","","","","","","","","","","","","50","3"
"","","GiantSkeleton","","","","","","","","","","","","50","3"
"","","Hunter","","","","","","","","","","","","50","3"
"","","GiantBuffer","","","","","","","","","","","","50","3"
"","","Rage","","","","","","","","","","","","50","3"
"202511_Musketeer_4Star_LowArena","","Arrows","","","","","","","","","","","","125","250"
"","","GoblinGang","","","","","","","","","","","","125","250"
"","","Bomber","","","","","","","","","","","","125","250"
"","","Zap","","","","","","","","","","","","125","250"
"","","Snowball","","","","","","","","","","","","125","250"
"","","Elixir Collector","","","","","","","","","","","","75","75"
"","","BattleRam","","","","","","","","","","","","75","75"
"","","Musketeer","","","","","","","","","","","","75","75"
"","","ThreeMusketeers","","","","","","","","","","","","75","75"
"","","Heal","","","","","","","","","","","","75","75"
"","","Mirror","","","","","","","","","","","","40","6"
"","","GiantSkeleton","","","","","","","","","","","","40","6"
"","","Hunter","","","","","","","","","","","","40","6"
"","","GiantBuffer","","","","","","","","","","","","40","6"
"","","Rage","","","","","","","","","","","","40","6"
"","","","Chronos850","","","","","","","","","","","100","1"
"","","","Chronos849","","","","","","","","","","","100","1"
"","","","Chronos852","","","","","","","","","","","100","1"
"","","","Chronos851","","","","","","","","","","","100","1"
"202511_Musketeer_5Star_LowArena","","Arrows","","","","","","","","","","","","200","500"
"","","GoblinGang","","","","","","","","","","","","200","500"
"","","Bomber","","","","","","","","","","","","200","500"
"","","Zap","","","","","","","","","","","","200","500"
"","","Snowball","","","","","","","","","","","","200","500"
"","","Elixir Collector","","","","","","","","","","","","150","150"
"","","BattleRam","","","","","","","","","","","","150","150"
"","","Musketeer","","","","","","","","","","","","150","150"
"","","ThreeMusketeers","","","","","","","","","","","","150","150"
"","","Heal","","","","","","","","","","","","150","150"
"","","Mirror","","","","","","","","","","","","100","12"
"","","GiantSkeleton","","","","","","","","","","","","100","12"
"","","Hunter","","","","","","","","","","","","100","12"
"","","GiantBuffer","","","","","","","","","","","","100","12"
"","","Rage","","","","","","","","","","","","100","12"
"","","","Chronos850","","","","","","","","","","","245","1"
"","","","Chronos849","","","","","","","","","","","245","1"
"","","","Chronos852","","","","","","","","","","","245","1"
"","","","Chronos851","","","","","","","","","","","245","1"
"","","","","EmoteChronos305","","","","","","","","","","245","1"
"StarterHeroPool","IfAllLocked","","","","","","Knight","","","","","","","100","1"
"","IfAllLocked","","","","","","Giant","","","","","","","100","1"
"","IfAllLocked","","","","","","Musketeer","","","","","","","100","1"
"RegularHeroPool","IfAllLocked","","","","","","Knight","","","","","","","100","1"
"","IfAllLocked","","","","","","Giant","","","","","","","100","1"
"","IfAllLocked","","","","","","Musketeer","","","","","","","100","1"
"","IfAllLocked","","","","","","MiniPekka","","","","","","","100","1"
"","IfAllLocked","","","","","","Wizard","","","","","","","100","1"
"","IfAllLocked","","","","","","IceGolemite","","","","","","","100","1"
"","IfAllLocked","","","","","","Goblins","","","","","","","100","1"
"","IfAllLocked","","","","","","MegaMinion","","","","","","","100","1"
"","IfAllLocked","","","","","","EliteArcher","","","","","","","100","1"
"","IfAllLocked","","","","","","BarbLog","","","","","","","100","1"
"","IfAllLocked","","","","","","Tombstone","","","","","","","100","1"
"","IfAllLocked","","","","","","Valkyrie","","","","","","","100","1"
"","IfAllLocked","","","","","","Berserker","","","","","","","100","1"
"","IfAllLocked","","","","","","IceWizard","","","","","","","100","1"
"","IfAllLocked","","","","","","ElectroWizard","","","","","","","100","1"
"EVO_Shards_5Star","Always","","","","","Cannon","","","","","","","","100","6"
"","Always","","","","","Mortar","","","","","","","","100","6"
"","Always","","","","","Tesla","","","","","","","","100","6"
"","Always","","","","","FirespiritHut","","","","","","","","100","6"
"","Always","","","","","GoblinCage","","","","","","","","100","6"
"","Always","","","","","GoblinDrill","","","","","","","","100","6"
"","Always","","","","","Knight","","","","","","","","100","6"
"","Always","","","","","Archer","","","","","","","","100","6"
"","Always","","","","","Pekka","","","","","","","","100","6"
"","Always","","","","","Witch","","","","","","","","100","6"
"","Always","","","","","Barbarians","","","","","","","","100","6"
"","Always","","","","","Skeletons","","","","","","","","100","6"
"","Always","","","","","Valkyrie","","","","","","","","100","6"
"","Always","","","","","SkeletonArmy","","","","","","","","100","6"
"","Always","","","","","Bomber","","","","","","","","100","6"
"","Always","","","","","Musketeer","","","","","","","","100","6"
"","Always","","","","","BabyDragon","","","","","","","","100","6"
"","Always","","","","","Wizard","","","","","","","","100","6"
"","Always","","","","","RoyalGiant","","","","","","","","100","6"
"","Always","","","","","IceSpirits","","","","","","","","100","6"
"","Always","","","","","RageBarbarian","","","","","","","","100","6"
"","Always","","","","","BattleRam","","","","","","","","100","6"
"","Always","","","","","InfernoDragon","","","","","","","","100","6"
"","Always","","","","","BlowdartGoblin","","","","","","","","100","6"
"","Always","","","","","Hunter","","","","","","","","100","6"
"","Always","","","","","AxeMan","","","","","","","","100","6"
"","Always","","","","","RoyalRecruits","","","","","","","","100","6"
"","Always","","","","","Bats","","","","","","","","100","6"
"","Always","","","","","Ghost","","","","","","","","100","6"
"","Always","","","","","MegaKnight","","","","","","","","100","6"
"","Always","","","","","SkeletonBalloon","","","","","","","","100","6"
"","Always","","","","","Wallbreakers","","","","","","","","100","6"
"","Always","","","","","RoyalHogs","","","","","","","","100","6"
"","Always","","","","","GoblinGiant","","","","","","","","100","6"
"","Always","","","","","ElectroDragon","","","","","","","","100","6"
"","Always","","","","","Firecracker","","","","","","","","100","6"
"","Always","","","","","GoblinBarrel","","","","","","","","100","6"
"","Always","","","","","Zap","","","","","","","","100","6"
"","Always","","","","","Snowball","","","","","","","","100","6"
"","Always","","","","","MinionHorde","","","","","","","","100","6"
"","Always","","","","","Princess","","","","","","","","100","6"
"","Always","","","","","AngryBarbarians","","","","","","","","100","6"
"","Always","","","","","ElectroGiant","","","","","","","","100","6"
"EVO_Shards_4Star","Always","","","","","Cannon","","","","","","","","100","2"
"","Always","","","","","Mortar","","","","","","","","100","2"
"","Always","","","","","Tesla","","","","","","","","100","2"
"","Always","","","","","FirespiritHut","","","","","","","","100","2"
"","Always","","","","","GoblinCage","","","","","","","","100","2"
"","Always","","","","","GoblinDrill","","","","","","","","100","2"
"","Always","","","","","Knight","","","","","","","","100","2"
"","Always","","","","","Archer","","","","","","","","100","2"
"","Always","","","","","Pekka","","","","","","","","100","2"
"","Always","","","","","Witch","","","","","","","","100","2"
"","Always","","","","","Barbarians","","","","","","","","100","2"
"","Always","","","","","Skeletons","","","","","","","","100","2"
"","Always","","","","","Valkyrie","","","","","","","","100","2"
"","Always","","","","","SkeletonArmy","","","","","","","","100","2"
"","Always","","","","","Bomber","","","","","","","","100","2"
"","Always","","","","","Musketeer","","","","","","","","100","2"
"","Always","","","","","BabyDragon","","","","","","","","100","2"
"","Always","","","","","Wizard","","","","","","","","100","2"
"","Always","","","","","RoyalGiant","","","","","","","","100","2"
"","Always","","","","","IceSpirits","","","","","","","","100","2"
"","Always","","","","","RageBarbarian","","","","","","","","100","2"
"","Always","","","","","BattleRam","","","","","","","","100","2"
"","Always","","","","","InfernoDragon","","","","","","","","100","2"
"","Always","","","","","BlowdartGoblin","","","","","","","","100","2"
"","Always","","","","","Hunter","","","","","","","","100","2"
"","Always","","","","","AxeMan","","","","","","","","100","2"
"","Always","","","","","RoyalRecruits","","","","","","","","100","2"
"","Always","","","","","Bats","","","","","","","","100","2"
"","Always","","","","","Ghost","","","","","","","","100","2"
"","Always","","","","","MegaKnight","","","","","","","","100","2"
"","Always","","","","","SkeletonBalloon","","","","","","","","100","2"
"","Always","","","","","Wallbreakers","","","","","","","","100","2"
"","Always","","","","","RoyalHogs","","","","","","","","100","2"
"","Always","","","","","GoblinGiant","","","","","","","","100","2"
"","Always","","","","","ElectroDragon","","","","","","","","100","2"
"","Always","","","","","Firecracker","","","","","","","","100","2"
"","Always","","","","","GoblinBarrel","","","","","","","","100","2"
"","Always","","","","","Zap","","","","","","","","100","2"
"","Always","","","","","Snowball","","","","","","","","100","2"
"","Always","","","","","MinionHorde","","","","","","","","100","2"
"","Always","","","","","Princess","","","","","","","","100","2"
"","Always","","","","","AngryBarbarians","","","","","","","","100","2"
"","Always","","","","","ElectroGiant","","","","","","","","100","2"
"EVO_Shards_3Star","Always","","","","","Cannon","","","","","","","","100","1"
"","Always","","","","","Mortar","","","","","","","","100","1"
"","Always","","","","","Tesla","","","","","","","","100","1"
"","Always","","","","","FirespiritHut","","","","","","","","100","1"
"","Always","","","","","GoblinCage","","","","","","","","100","1"
"","Always","","","","","GoblinDrill","","","","","","","","100","1"
"","Always","","","","","Knight","","","","","","","","100","1"
"","Always","","","","","Archer","","","","","","","","100","1"
"","Always","","","","","Pekka","","","","","","","","100","1"
"","Always","","","","","Witch","","","","","","","","100","1"
"","Always","","","","","Barbarians","","","","","","","","100","1"
"","Always","","","","","Skeletons","","","","","","","","100","1"
"","Always","","","","","Valkyrie","","","","","","","","100","1"
"","Always","","","","","SkeletonArmy","","","","","","","","100","1"
"","Always","","","","","Bomber","","","","","","","","100","1"
"","Always","","","","","Musketeer","","","","","","","","100","1"
"","Always","","","","","BabyDragon","","","","","","","","100","1"
"","Always","","","","","Wizard","","","","","","","","100","1"
"","Always","","","","","RoyalGiant","","","","","","","","100","1"
"","Always","","","","","IceSpirits","","","","","","","","100","1"
"","Always","","","","","RageBarbarian","","","","","","","","100","1"
"","Always","","","","","BattleRam","","","","","","","","100","1"
"","Always","","","","","InfernoDragon","","","","","","","","100","1"
"","Always","","","","","BlowdartGoblin","","","","","","","","100","1"
"","Always","","","","","Hunter","","","","","","","","100","1"
"","Always","","","","","AxeMan","","","","","","","","100","1"
"","Always","","","","","RoyalRecruits","","","","","","","","100","1"
"","Always","","","","","Bats","","","","","","","","100","1"
"","Always","","","","","Ghost","","","","","","","","100","1"
"","Always","","","","","MegaKnight","","","","","","","","100","1"
"","Always","","","","","SkeletonBalloon","","","","","","","","100","1"
"","Always","","","","","Wallbreakers","","","","","","","","100","1"
"","Always","","","","","RoyalHogs","","","","","","","","100","1"
"","Always","","","","","GoblinGiant","","","","","","","","100","1"
"","Always","","","","","ElectroDragon","","","","","","","","100","1"
"","Always","","","","","Firecracker","","","","","","","","100","1"
"","Always","","","","","GoblinBarrel","","","","","","","","100","1"
"","Always","","","","","Zap","","","","","","","","100","1"
"","Always","","","","","Snowball","","","","","","","","100","1"
"","Always","","","","","MinionHorde","","","","","","","","100","1"
"","Always","","","","","Princess","","","","","","","","100","1"
"","Always","","","","","AngryBarbarians","","","","","","","","100","1"
"","Always","","","","","ElectroGiant","","","","","","","","100","1"
"202512_Christmas_1Star_HighArena","","RoyalDelivery","","","","","","","","","","","","100","35"
"","","Bats","","","","","","","","","","","","100","35"
"","","Firecracker","","","","","","","","","","","","100","35"
"","","Knight","","","","","","","","","","","","100","35"
"","","Cannon","","","","","","","","","","","","100","35"
"","","Giant","","","","","","","","","","","","90","7"
"","","Musketeer","","","","","","","","","","","","90","7"
"","","MiniPekka","","","","","","","","","","","","90","7"
"","","GoblinHut","","","","","","","","","","","","90","7"
"","","MiniSparkys","","","","","","","","","","","","90","7"
"202512_Christmas_2Star_HighArena","","RoyalDelivery","","","","","","","","","","","","100","140"
"","","Bats","","","","","","","","","","","","100","140"
"","","Firecracker","","","","","","","","","","","","100","140"
"","","Knight","","","","","","","","","","","","100","140"
"","","Cannon","","","","","","","","","","","","100","140"
"","","Giant","","","","","","","","","","","","90","30"
"","","Musketeer","","","","","","","","","","","","90","30"
"","","MiniPekka","","","","","","","","","","","","90","30"
"","","GoblinHut","","","","","","","","","","","","90","30"
"","","MiniSparkys","","","","","","","","","","","","90","30"
"","","BabyDragon","","","","","","","","","","","","80","3"
"","","Witch","","","","","","","","","","","","80","3"
"","","SkeletonArmy","","","","","","","","","","","","80","3"
"","","GoblinBarrel","","","","","","","","","","","","80","3"
"","","Poison","","","","","","","","","","","","80","3"
"","","","Chronos902","","","","","","","","","","","100","1"
"","","","Chronos901","","","","","","","","","","","100","1"
"","","","Chronos888","","","","","","","","","","","100","1"
"","","","Chronos887","","","","","","","","","","","100","1"
"202512_Christmas_3Star_HighArena","","RoyalDelivery","","","","","","","","","","","","100","550"
"","","Bats","","","","","","","","","","","","100","550"
"","","Firecracker","","","","","","","","","","","","100","550"
"","","Knight","","","","","","","","","","","","100","550"
"","","Cannon","","","","","","","","","","","","100","550"
"","","Giant","","","","","","","","","","","","90","110"
"","","Musketeer","","","","","","","","","","","","90","110"
"","","MiniPekka","","","","","","","","","","","","90","110"
"","","GoblinHut","","","","","","","","","","","","90","110"
"","","MiniSparkys","","","","","","","","","","","","90","110"
"","","BabyDragon","","","","","","","","","","","","80","14"
"","","Witch","","","","","","","","","","","","80","14"
"","","SkeletonArmy","","","","","","","","","","","","80","14"
"","","GoblinBarrel","","","","","","","","","","","","80","14"
"","","Poison","","","","","","","","","","","","80","14"
"","","Graveyard","","","","","","","","","","","","70","2"
"","","InfernoDragon","","","","","","","","","","","","70","2"
"","","ZapMachine","","","","","","","","","","","","70","2"
"","","Goblinstein","","","","","","","","","","","","60","1"
"","","ArcherQueen","","","","","","","","","","","","60","1"
"","","MightyMiner","","","","","","","","","","","","60","1"
"","","","","EmoteChronos315","","","","","","","","","","200","1"
"202512_Christmas_4Star_HighArena","","RoyalDelivery","","","","","","","","","","","","100","2200"
"","","Bats","","","","","","","","","","","","100","2200"
"","","Firecracker","","","","","","","","","","","","100","2200"
"","","Knight","","","","","","","","","","","","100","2200"
"","","Cannon","","","","","","","","","","","","100","2200"
"","","Giant","","","","","","","","","","","","90","440"
"","","Musketeer","","","","","","","","","","","","90","440"
"","","MiniPekka","","","","","","","","","","","","90","440"
"","","GoblinHut","","","","","","","","","","","","90","440"
"","","MiniSparkys","","","","","","","","","","","","90","440"
"","","BabyDragon","","","","","","","","","","","","80","55"
"","","Witch","","","","","","","","","","","","80","55"
"","","SkeletonArmy","","","","","","","","","","","","80","55"
"","","GoblinBarrel","","","","","","","","","","","","80","55"
"","","Poison","","","","","","","","","","","","80","55"
"","","Graveyard","","","","","","","","","","","","70","6"
"","","InfernoDragon","","","","","","","","","","","","70","6"
"","","ZapMachine","","","","","","","","","","","","70","6"
"","","Goblinstein","","","","","","","","","","","","60","4"
"","","ArcherQueen","","","","","","","","","","","","60","4"
"","","MightyMiner","","","","","","","","","","","","60","4"
"","","","","","","Knight","","","","","","","","150","2"
"202512_Christmas_5Star_HighArena","","RoyalDelivery","","","","","","","","","","","","100","7500"
"","","Bats","","","","","","","","","","","","100","7500"
"","","Firecracker","","","","","","","","","","","","100","7500"
"","","Knight","","","","","","","","","","","","100","7500"
"","","Cannon","","","","","","","","","","","","100","7500"
"","","Giant","","","","","","","","","","","","90","1400"
"","","Musketeer","","","","","","","","","","","","90","1400"
"","","MiniPekka","","","","","","","","","","","","90","1400"
"","","GoblinHut","","","","","","","","","","","","90","1400"
"","","MiniSparkys","","","","","","","","","","","","90","1400"
"","","BabyDragon","","","","","","","","","","","","80","180"
"","","Witch","","","","","","","","","","","","80","180"
"","","SkeletonArmy","","","","","","","","","","","","80","180"
"","","GoblinBarrel","","","","","","","","","","","","80","180"
"","","Poison","","","","","","","","","","","","80","180"
"","","Graveyard","","","","","","","","","","","","70","20"
"","","InfernoDragon","","","","","","","","","","","","70","20"
"","","ZapMachine","","","","","","","","","","","","70","20"
"","","Goblinstein","","","","","","","","","","","","60","15"
"","","ArcherQueen","","","","","","","","","","","","60","15"
"","","MightyMiner","","","","","","","","","","","","60","15"
"","","","","","","Knight","","","","","","","","150","6"
"202512_Christmas_1Star_MidArena","","RoyalDelivery","","","","","","","","","","","","100","25"
"","","Bats","","","","","","","","","","","","100","25"
"","","Firecracker","","","","","","","","","","","","100","25"
"","","Knight","","","","","","","","","","","","100","25"
"","","Cannon","","","","","","","","","","","","100","25"
"","","Giant","","","","","","","","","","","","90","5"
"","","Musketeer","","","","","","","","","","","","90","5"
"","","MiniPekka","","","","","","","","","","","","90","5"
"","","GoblinHut","","","","","","","","","","","","90","5"
"","","MiniSparkys","","","","","","","","","","","","90","5"
"202512_Christmas_2Star_MidArena","","RoyalDelivery","","","","","","","","","","","","100","100"
"","","Bats","","","","","","","","","","","","100","100"
"","","Firecracker","","","","","","","","","","","","100","100"
"","","Knight","","","","","","","","","","","","100","100"
"","","Cannon","","","","","","","","","","","","100","100"
"","","Giant","","","","","","","","","","","","90","20"
"","","Musketeer","","","","","","","","","","","","90","20"
"","","MiniPekka","","","","","","","","","","","","90","20"
"","","GoblinHut","","","","","","","","","","","","90","20"
"","","MiniSparkys","","","","","","","","","","","","90","20"
"","","BabyDragon","","","","","","","","","","","","80","3"
"","","Witch","","","","","","","","","","","","80","3"
"","","SkeletonArmy","","","","","","","","","","","","80","3"
"","","GoblinBarrel","","","","","","","","","","","","80","3"
"","","Poison","","","","","","","","","","","","80","3"
"","","","Chronos902","","","","","","","","","","","100","1"
"","","","Chronos901","","","","","","","","","","","100","1"
"","","","Chronos888","","","","","","","","","","","100","1"
"","","","Chronos887","","","","","","","","","","","100","1"
"202512_Christmas_3Star_MidArena","","RoyalDelivery","","","","","","","","","","","","100","400"
"","","Bats","","","","","","","","","","","","100","400"
"","","Firecracker","","","","","","","","","","","","100","400"
"","","Knight","","","","","","","","","","","","100","400"
"","","Cannon","","","","","","","","","","","","100","400"
"","","Giant","","","","","","","","","","","","90","80"
"","","Musketeer","","","","","","","","","","","","90","80"
"","","MiniPekka","","","","","","","","","","","","90","80"
"","","GoblinHut","","","","","","","","","","","","90","80"
"","","MiniSparkys","","","","","","","","","","","","90","80"
"","","BabyDragon","","","","","","","","","","","","80","10"
"","","Witch","","","","","","","","","","","","80","10"
"","","SkeletonArmy","","","","","","","","","","","","80","10"
"","","GoblinBarrel","","","","","","","","","","","","80","10"
"","","Poison","","","","","","","","","","","","80","10"
"","","Graveyard","","","","","","","","","","","","70","1"
"","","InfernoDragon","","","","","","","","","","","","70","1"
"","","ZapMachine","","","","","","","","","","","","70","1"
"","","Goblinstein","","","","","","","","","","","","60","1"
"","","ArcherQueen","","","","","","","","","","","","60","1"
"","","MightyMiner","","","","","","","","","","","","60","1"
"","","","","EmoteChronos315","","","","","","","","","","200","1"
"202512_Christmas_4Star_MidArena","","RoyalDelivery","","","","","","","","","","","","100","1600"
"","","Bats","","","","","","","","","","","","100","1600"
"","","Firecracker","","","","","","","","","","","","100","1600"
"","","Knight","","","","","","","","","","","","100","1600"
"","","Cannon","","","","","","","","","","","","100","1600"
"","","Giant","","","","","","","","","","","","90","320"
"","","Musketeer","","","","","","","","","","","","90","320"
"","","MiniPekka","","","","","","","","","","","","90","320"
"","","GoblinHut","","","","","","","","","","","","90","320"
"","","MiniSparkys","","","","","","","","","","","","90","320"
"","","BabyDragon","","","","","","","","","","","","80","40"
"","","Witch","","","","","","","","","","","","80","40"
"","","SkeletonArmy","","","","","","","","","","","","80","40"
"","","GoblinBarrel","","","","","","","","","","","","80","40"
"","","Poison","","","","","","","","","","","","80","40"
"","","Graveyard","","","","","","","","","","","","70","4"
"","","InfernoDragon","","","","","","","","","","","","70","4"
"","","ZapMachine","","","","","","","","","","","","70","4"
"","","Goblinstein","","","","","","","","","","","","60","3"
"","","ArcherQueen","","","","","","","","","","","","60","3"
"","","MightyMiner","","","","","","","","","","","","60","3"
"","","","","","","Knight","","","","","","","","150","1"
"202512_Christmas_5Star_MidArena","","RoyalDelivery","","","","","","","","","","","","100","4800"
"","","Bats","","","","","","","","","","","","100","4800"
"","","Firecracker","","","","","","","","","","","","100","4800"
"","","Knight","","","","","","","","","","","","100","4800"
"","","Cannon","","","","","","","","","","","","100","4800"
"","","Giant","","","","","","","","","","","","90","960"
"","","Musketeer","","","","","","","","","","","","90","960"
"","","MiniPekka","","","","","","","","","","","","90","960"
"","","GoblinHut","","","","","","","","","","","","90","960"
"","","MiniSparkys","","","","","","","","","","","","90","960"
"","","BabyDragon","","","","","","","","","","","","80","120"
"","","Witch","","","","","","","","","","","","80","120"
"","","SkeletonArmy","","","","","","","","","","","","80","120"
"","","GoblinBarrel","","","","","","","","","","","","80","120"
"","","Poison","","","","","","","","","","","","80","120"
"","","Graveyard","","","","","","","","","","","","70","13"
"","","InfernoDragon","","","","","","","","","","","","70","13"
"","","ZapMachine","","","","","","","","","","","","70","13"
"","","Goblinstein","","","","","","","","","","","","60","10"
"","","ArcherQueen","","","","","","","","","","","","60","10"
"","","MightyMiner","","","","","","","","","","","","60","10"
"","","","","","","Knight","","","","","","","","150","6"
"202512_Christmas_1Star_LowArena","","RoyalDelivery","","","","","","","","","","","","100","13"
"","","Bats","","","","","","","","","","","","100","13"
"","","Firecracker","","","","","","","","","","","","100","13"
"","","Knight","","","","","","","","","","","","100","13"
"","","Cannon","","","","","","","","","","","","100","13"
"","","Giant","","","","","","","","","","","","90","3"
"","","Musketeer","","","","","","","","","","","","90","3"
"","","MiniPekka","","","","","","","","","","","","90","3"
"","","GoblinHut","","","","","","","","","","","","90","3"
"","","MiniSparkys","","","","","","","","","","","","90","3"
"202512_Christmas_2Star_LowArena","","RoyalDelivery","","","","","","","","","","","","100","50"
"","","Bats","","","","","","","","","","","","100","50"
"","","Firecracker","","","","","","","","","","","","100","50"
"","","Knight","","","","","","","","","","","","100","50"
"","","Cannon","","","","","","","","","","","","100","50"
"","","Giant","","","","","","","","","","","","90","10"
"","","Musketeer","","","","","","","","","","","","90","10"
"","","MiniPekka","","","","","","","","","","","","90","10"
"","","GoblinHut","","","","","","","","","","","","90","10"
"","","MiniSparkys","","","","","","","","","","","","90","10"
"","","BabyDragon","","","","","","","","","","","","80","1"
"","","Witch","","","","","","","","","","","","80","1"
"","","SkeletonArmy","","","","","","","","","","","","80","1"
"","","GoblinBarrel","","","","","","","","","","","","80","1"
"","","Poison","","","","","","","","","","","","80","1"
"","","","Chronos902","","","","","","","","","","","100","1"
"","","","Chronos901","","","","","","","","","","","100","1"
"","","","Chronos888","","","","","","","","","","","100","1"
"","","","Chronos887","","","","","","","","","","","100","1"
"202512_Christmas_3Star_LowArena","","RoyalDelivery","","","","","","","","","","","","100","200"
"","","Bats","","","","","","","","","","","","100","200"
"","","Firecracker","","","","","","","","","","","","100","200"
"","","Knight","","","","","","","","","","","","100","200"
"","","Cannon","","","","","","","","","","","","100","200"
"","","Giant","","","","","","","","","","","","90","40"
"","","Musketeer","","","","","","","","","","","","90","40"
"","","MiniPekka","","","","","","","","","","","","90","40"
"","","GoblinHut","","","","","","","","","","","","90","40"
"","","MiniSparkys","","","","","","","","","","","","90","40"
"","","BabyDragon","","","","","","","","","","","","80","5"
"","","Witch","","","","","","","","","","","","80","5"
"","","SkeletonArmy","","","","","","","","","","","","80","5"
"","","GoblinBarrel","","","","","","","","","","","","80","5"
"","","Poison","","","","","","","","","","","","80","5"
"","","","","EmoteChronos315","","","","","","","","","","200","1"
"202512_Christmas_4Star_LowArena","","RoyalDelivery","","","","","","","","","","","","100","800"
"","","Bats","","","","","","","","","","","","100","800"
"","","Firecracker","","","","","","","","","","","","100","800"
"","","Knight","","","","","","","","","","","","100","800"
"","","Cannon","","","","","","","","","","","","100","800"
"","","Giant","","","","","","","","","","","","90","160"
"","","Musketeer","","","","","","","","","","","","90","160"
"","","MiniPekka","","","","","","","","","","","","90","160"
"","","GoblinHut","","","","","","","","","","","","90","160"
"","","MiniSparkys","","","","","","","","","","","","90","160"
"","","BabyDragon","","","","","","","","","","","","80","20"
"","","Witch","","","","","","","","","","","","80","20"
"","","SkeletonArmy","","","","","","","","","","","","80","20"
"","","GoblinBarrel","","","","","","","","","","","","80","20"
"","","Poison","","","","","","","","","","","","80","20"
"202512_Christmas_5Star_LowArena","","RoyalDelivery","","","","","","","","","","","","100","2400"
"","","Bats","","","","","","","","","","","","100","2400"
"","","Firecracker","","","","","","","","","","","","100","2400"
"","","Knight","","","","","","","","","","","","100","2400"
"","","Cannon","","","","","","","","","","","","100","2400"
"","","Giant","","","","","","","","","","","","90","480"
"","","Musketeer","","","","","","","","","","","","90","480"
"","","MiniPekka","","","","","","","","","","","","90","480"
"","","GoblinHut","","","","","","","","","","","","90","480"
"","","MiniSparkys","","","","","","","","","","","","90","480"
"","","BabyDragon","","","","","","","","","","","","80","60"
"","","Witch","","","","","","","","","","","","80","60"
"","","SkeletonArmy","","","","","","","","","","","","80","60"
"","","GoblinBarrel","","","","","","","","","","","","80","60"
"","","Poison","","","","","","","","","","","","80","60"
"202601_FireIce_Chest_1Star_HighArena","","FireSpirits","","","","","","","","","","","","100","35"
"","","Firecracker","","","","","","","","","","","","100","35"
"","","IceSpirits","","","","","","","","","","","","100","35"
"","","Snowball","","","","","","","","","","","","100","35"
"","","Archer","","","","","","","","","","","","100","35"
"","","Fireball","","","","","","","","","","","","90","7"
"","","FirespiritHut","","","","","","","","","","","","90","7"
"","","IceGolemite","","","","","","","","","","","","90","7"
"","","InfernoTower","","","","","","","","","","","","90","7"
"","","Wizard","","","","","","","","","","","","90","7"
"202601_FireIce_Chest_2Star_HighArena","","FireSpirits","","","","","","","","","","","","100","140"
"","","Firecracker","","","","","","","","","","","","100","140"
"","","IceSpirits","","","","","","","","","","","","100","140"
"","","Snowball","","","","","","","","","","","","100","140"
"","","Archer","","","","","","","","","","","","100","140"
"","","Fireball","","","","","","","","","","","","90","30"
"","","FirespiritHut","","","","","","","","","","","","90","30"
"","","IceGolemite","","","","","","","","","","","","90","30"
"","","InfernoTower","","","","","","","","","","","","90","30"
"","","Wizard","","","","","","","","","","","","90","30"
"","","BabyDragon","","","","","","","","","","","","80","3"
"","","Freeze","","","","","","","","","","","","80","3"
"","","Wallbreakers","","","","","","","","","","","","80","3"
"","","Balloon","","","","","","","","","","","","80","3"
"","","MovingCannon","","","","","","","","","","","","80","3"
"","","","Chronos907","","","","","","","","","","","100","1"
"","","","Chronos908","","","","","","","","","","","100","1"
"","","","Chronos921","","","","","","","","","","","100","1"
"","","","Chronos922","","","","","","","","","","","100","1"
"202601_FireIce_Chest_3Star_HighArena","","FireSpirits","","","","","","","","","","","","100","550"
"","","Firecracker","","","","","","","","","","","","100","550"
"","","IceSpirits","","","","","","","","","","","","100","550"
"","","Snowball","","","","","","","","","","","","100","550"
"","","Archer","","","","","","","","","","","","100","550"
"","","Fireball","","","","","","","","","","","","90","110"
"","","FirespiritHut","","","","","","","","","","","","90","110"
"","","IceGolemite","","","","","","","","","","","","90","110"
"","","InfernoTower","","","","","","","","","","","","90","110"
"","","Wizard","","","","","","","","","","","","90","110"
"","","BabyDragon","","","","","","","","","","","","80","14"
"","","Freeze","","","","","","","","","","","","80","14"
"","","Wallbreakers","","","","","","","","","","","","80","14"
"","","Balloon","","","","","","","","","","","","80","14"
"","","MovingCannon","","","","","","","","","","","","80","14"
"","","IceWizard","","","","","","","","","","","","70","2"
"","","Phoenix","","","","","","","","","","","","70","2"
"","","LavaHound","","","","","","","","","","","","70","2"
"","","BossBandit","","","","","","","","","","","","60","1"
"","","LittlePrince","","","","","","","","","","","","60","1"
"","","ArcherQueen","","","","","","","","","","","","60","1"
"","","","","EmoteChronos336","","","","","","","","","","200","1"
"202601_FireIce_Chest_4Star_HighArena","","FireSpirits","","","","","","","","","","","","100","2200"
"","","Firecracker","","","","","","","","","","","","100","2200"
"","","IceSpirits","","","","","","","","","","","","100","2200"
"","","Snowball","","","","","","","","","","","","100","2200"
"","","Archer","","","","","","","","","","","","100","2200"
"","","Fireball","","","","","","","","","","","","90","440"
"","","FirespiritHut","","","","","","","","","","","","90","440"
"","","IceGolemite","","","","","","","","","","","","90","440"
"","","InfernoTower","","","","","","","","","","","","90","440"
"","","Wizard","","","","","","","","","","","","90","440"
"","","BabyDragon","","","","","","","","","","","","80","55"
"","","Freeze","","","","","","","","","","","","80","55"
"","","Wallbreakers","","","","","","","","","","","","80","55"
"","","Balloon","","","","","","","","","","","","80","55"
"","","MovingCannon","","","","","","","","","","","","80","55"
"","","IceWizard","","","","","","","","","","","","70","6"
"","","Phoenix","","","","","","","","","","","","70","6"
"","","LavaHound","","","","","","","","","","","","70","6"
"","","BossBandit","","","","","","","","","","","","60","4"
"","","LittlePrince","","","","","","","","","","","","60","4"
"","","ArcherQueen","","","","","","","","","","","","60","4"
"","","","","","","Wizard","","","","","","","","150","2"
"202601_FireIce_Chest_5Star_HighArena","","FireSpirits","","","","","","","","","","","","100","7500"
"","","Firecracker","","","","","","","","","","","","100","7500"
"","","IceSpirits","","","","","","","","","","","","100","7500"
"","","Snowball","","","","","","","","","","","","100","7500"
"","","Archer","","","","","","","","","","","","100","7500"
"","","Fireball","","","","","","","","","","","","90","1400"
"","","FirespiritHut","","","","","","","","","","","","90","1400"
"","","IceGolemite","","","","","","","","","","","","90","1400"
"","","InfernoTower","","","","","","","","","","","","90","1400"
"","","Wizard","","","","","","","","","","","","90","1400"
"","","BabyDragon","","","","","","","","","","","","80","180"
"","","Freeze","","","","","","","","","","","","80","180"
"","","Wallbreakers","","","","","","","","","","","","80","180"
"","","Balloon","","","","","","","","","","","","80","180"
"","","MovingCannon","","","","","","","","","","","","80","180"
"","","IceWizard","","","","","","","","","","","","70","20"
"","","Phoenix","","","","","","","","","","","","70","20"
"","","LavaHound","","","","","","","","","","","","70","20"
"","","BossBandit","","","","","","","","","","","","60","15"
"","","LittlePrince","","","","","","","","","","","","60","15"
"","","ArcherQueen","","","","","","","","","","","","60","15"
"","","","","","","Wizard","","","","","","","","150","6"
"202601_FireIce_Chest_1Star_MidArena","","FireSpirits","","","","","","","","","","","","100","25"
"","","Firecracker","","","","","","","","","","","","100","25"
"","","IceSpirits","","","","","","","","","","","","100","25"
"","","Snowball","","","","","","","","","","","","100","25"
"","","Archer","","","","","","","","","","","","100","25"
"","","Fireball","","","","","","","","","","","","90","5"
"","","FirespiritHut","","","","","","","","","","","","90","5"
"","","IceGolemite","","","","","","","","","","","","90","5"
"","","InfernoTower","","","","","","","","","","","","90","5"
"","","Wizard","","","","","","","","","","","","90","5"
"202601_FireIce_Chest_2Star_MidArena","","FireSpirits","","","","","","","","","","","","100","100"
"","","Firecracker","","","","","","","","","","","","100","100"
"","","IceSpirits","","","","","","","","","","","","100","100"
"","","Snowball","","","","","","","","","","","","100","100"
"","","Archer","","","","","","","","","","","","100","100"
"","","Fireball","","","","","","","","","","","","90","20"
"","","FirespiritHut","","","","","","","","","","","","90","20"
"","","IceGolemite","","","","","","","","","","","","90","20"
"","","InfernoTower","","","","","","","","","","","","90","20"
"","","Wizard","","","","","","","","","","","","90","20"
"","","BabyDragon","","","","","","","","","","","","80","3"
"","","Freeze","","","","","","","","","","","","80","3"
"","","Wallbreakers","","","","","","","","","","","","80","3"
"","","Balloon","","","","","","","","","","","","80","3"
"","","MovingCannon","","","","","","","","","","","","80","3"
"","","","Chronos907","","","","","","","","","","","100","1"
"","","","Chronos908","","","","","","","","","","","100","1"
"","","","Chronos921","","","","","","","","","","","100","1"
"","","","Chronos922","","","","","","","","","","","100","1"
"202601_FireIce_Chest_3Star_MidArena","","FireSpirits","","","","","","","","","","","","100","400"
"","","Firecracker","","","","","","","","","","","","100","400"
"","","IceSpirits","","","","","","","","","","","","100","400"
"","","Snowball","","","","","","","","","","","","100","400"
"","","Archer","","","","","","","","","","","","100","400"
"","","Fireball","","","","","","","","","","","","90","80"
"","","FirespiritHut","","","","","","","","","","","","90","80"
"","","IceGolemite","","","","","","","","","","","","90","80"
"","","InfernoTower","","","","","","","","","","","","90","80"
"","","Wizard","","","","","","","","","","","","90","80"
"","","BabyDragon","","","","","","","","","","","","80","10"
"","","Freeze","","","","","","","","","","","","80","10"
"","","Wallbreakers","","","","","","","","","","","","80","10"
"","","Balloon","","","","","","","","","","","","80","10"
"","","MovingCannon","","","","","","","","","","","","80","10"
"","","IceWizard","","","","","","","","","","","","70","1"
"","","Phoenix","","","","","","","","","","","","70","1"
"","","LavaHound","","","","","","","","","","","","70","1"
"","","BossBandit","","","","","","","","","","","","60","1"
"","","LittlePrince","","","","","","","","","","","","60","1"
"","","ArcherQueen","","","","","","","","","","","","60","1"
"","","","","EmoteChronos336","","","","","","","","","","200","1"
"202601_FireIce_Chest_4Star_MidArena","","FireSpirits","","","","","","","","","","","","100","1600"
"","","Firecracker","","","","","","","","","","","","100","1600"
"","","IceSpirits","","","","","","","","","","","","100","1600"
"","","Snowball","","","","","","","","","","","","100","1600"
"","","Archer","","","","","","","","","","","","100","1600"
"","","Fireball","","","","","","","","","","","","90","320"
"","","FirespiritHut","","","","","","","","","","","","90","320"
"","","IceGolemite","","","","","","","","","","","","90","320"
"","","InfernoTower","","","","","","","","","","","","90","320"
"","","Wizard","","","","","","","","","","","","90","320"
"","","BabyDragon","","","","","","","","","","","","80","40"
"","","Freeze","","","","","","","","","","","","80","40"
"","","Wallbreakers","","","","","","","","","","","","80","40"
"","","Balloon","","","","","","","","","","","","80","40"
"","","MovingCannon","","","","","","","","","","","","80","40"
"","","IceWizard","","","","","","","","","","","","70","4"
"","","Phoenix","","","","","","","","","","","","70","4"
"","","LavaHound","","","","","","","","","","","","70","4"
"","","BossBandit","","","","","","","","","","","","60","3"
"","","LittlePrince","","","","","","","","","","","","60","3"
"","","ArcherQueen","","","","","","","","","","","","60","3"
"","","","","","","Wizard","","","","","","","","150","1"
"202601_FireIce_Chest_5Star_MidArena","","FireSpirits","","","","","","","","","","","","100","4800"
"","","Firecracker","","","","","","","","","","","","100","4800"
"","","IceSpirits","","","","","","","","","","","","100","4800"
"","","Snowball","","","","","","","","","","","","100","4800"
"","","Archer","","","","","","","","","","","","100","4800"
"","","Fireball","","","","","","","","","","","","90","960"
"","","FirespiritHut","","","","","","","","","","","","90","960"
"","","IceGolemite","","","","","","","","","","","","90","960"
"","","InfernoTower","","","","","","","","","","","","90","960"
"","","Wizard","","","","","","","","","","","","90","960"
"","","BabyDragon","","","","","","","","","","","","80","120"
"","","Freeze","","","","","","","","","","","","80","120"
"","","Wallbreakers","","","","","","","","","","","","80","120"
"","","Balloon","","","","","","","","","","","","80","120"
"","","MovingCannon","","","","","","","","","","","","80","120"
"","","IceWizard","","","","","","","","","","","","70","13"
"","","Phoenix","","","","","","","","","","","","70","13"
"","","LavaHound","","","","","","","","","","","","70","13"
"","","BossBandit","","","","","","","","","","","","60","10"
"","","LittlePrince","","","","","","","","","","","","60","10"
"","","ArcherQueen","","","","","","","","","","","","60","10"
"","","","","","","Wizard","","","","","","","","150","6"
"202601_FireIce_Chest_1Star_LowArena","","FireSpirits","","","","","","","","","","","","100","13"
"","","Firecracker","","","","","","","","","","","","100","13"
"","","IceSpirits","","","","","","","","","","","","100","13"
"","","Snowball","","","","","","","","","","","","100","13"
"","","Archer","","","","","","","","","","","","100","13"
"","","Fireball","","","","","","","","","","","","90","3"
"","","FirespiritHut","","","","","","","","","","","","90","3"
"","","IceGolemite","","","","","","","","","","","","90","3"
"","","InfernoTower","","","","","","","","","","","","90","3"
"","","Wizard","","","","","","","","","","","","90","3"
"202601_FireIce_Chest_2Star_LowArena","","FireSpirits","","","","","","","","","","","","100","50"
"","","Firecracker","","","","","","","","","","","","100","50"
"","","IceSpirits","","","","","","","","","","","","100","50"
"","","Snowball","","","","","","","","","","","","100","50"
"","","Archer","","","","","","","","","","","","100","50"
"","","Fireball","","","","","","","","","","","","90","10"
"","","FirespiritHut","","","","","","","","","","","","90","10"
"","","IceGolemite","","","","","","","","","","","","90","10"
"","","InfernoTower","","","","","","","","","","","","90","10"
"","","Wizard","","","","","","","","","","","","90","10"
"","","BabyDragon","","","","","","","","","","","","80","1"
"","","Freeze","","","","","","","","","","","","80","1"
"","","Wallbreakers","","","","","","","","","","","","80","1"
"","","Balloon","","","","","","","","","","","","80","1"
"","","MovingCannon","","","","","","","","","","","","80","1"
"","","","Chronos907","","","","","","","","","","","100","1"
"","","","Chronos908","","","","","","","","","","","100","1"
"","","","Chronos921","","","","","","","","","","","100","1"
"","","","Chronos922","","","","","","","","","","","100","1"
"202601_FireIce_Chest_3Star_LowArena","","FireSpirits","","","","","","","","","","","","100","200"
"","","Firecracker","","","","","","","","","","","","100","200"
"","","IceSpirits","","","","","","","","","","","","100","200"
"","","Snowball","","","","","","","","","","","","100","200"
"","","Archer","","","","","","","","","","","","100","200"
"","","Fireball","","","","","","","","","","","","90","40"
"","","FirespiritHut","","","","","","","","","","","","90","40"
"","","IceGolemite","","","","","","","","","","","","90","40"
"","","InfernoTower","","","","","","","","","","","","90","40"
"","","Wizard","","","","","","","","","","","","90","40"
"","","BabyDragon","","","","","","","","","","","","80","5"
"","","Freeze","","","","","","","","","","","","80","5"
"","","Wallbreakers","","","","","","","","","","","","80","5"
"","","Balloon","","","","","","","","","","","","80","5"
"","","MovingCannon","","","","","","","","","","","","80","5"
"","","","","EmoteChronos336","","","","","","","","","","200","1"
"202601_FireIce_Chest_4Star_LowArena","","FireSpirits","","","","","","","","","","","","100","800"
"","","Firecracker","","","","","","","","","","","","100","800"
"","","IceSpirits","","","","","","","","","","","","100","800"
"","","Snowball","","","","","","","","","","","","100","800"
"","","Archer","","","","","","","","","","","","100","800"
"","","Fireball","","","","","","","","","","","","90","160"
"","","FirespiritHut","","","","","","","","","","","","90","160"
"","","IceGolemite","","","","","","","","","","","","90","160"
"","","InfernoTower","","","","","","","","","","","","90","160"
"","","Wizard","","","","","","","","","","","","90","160"
"","","BabyDragon","","","","","","","","","","","","80","20"
"","","Freeze","","","","","","","","","","","","80","20"
"","","Wallbreakers","","","","","","","","","","","","80","20"
"","","Balloon","","","","","","","","","","","","80","20"
"","","MovingCannon","","","","","","","","","","","","80","20"
"202601_FireIce_Chest_5Star_LowArena","","FireSpirits","","","","","","","","","","","","100","2400"
"","","Firecracker","","","","","","","","","","","","100","2400"
"","","IceSpirits","","","","","","","","","","","","100","2400"
"","","Snowball","","","","","","","","","","","","100","2400"
"","","Archer","","","","","","","","","","","","100","2400"
"","","Fireball","","","","","","","","","","","","90","480"
"","","FirespiritHut","","","","","","","","","","","","90","480"
"","","IceGolemite","","","","","","","","","","","","90","480"
"","","InfernoTower","","","","","","","","","","","","90","480"
"","","Wizard","","","","","","","","","","","","90","480"
"","","BabyDragon","","","","","","","","","","","","80","60"
"","","Freeze","","","","","","","","","","","","80","60"
"","","Wallbreakers","","","","","","","","","","","","80","60"
"","","Balloon","","","","","","","","","","","","80","60"
"","","MovingCannon","","","","","","","","","","","","80","60"
"202602_Seasonal_Chest_1Star_HighArena","","MinionHorde","","","","","","","","","","","","100","35"
"","","Minions","","","","","","","","","","","","100","35"
"","","GoblinGang","","","","","","","","","","","","100","35"
"","","Goblins","","","","","","","","","","","","100","35"
"","","SpearGoblins","","","","","","","","","","","","100","35"
"","","MegaMinion","","","","","","","","","","","","90","7"
"","","BlowdartGoblin","","","","","","","","","","","","90","7"
"","","GoblinCage","","","","","","","","","","","","90","7"
"","","InfernoTower","","","","","","","","","","","","90","7"
"","","GoblinHut","","","","","","","","","","","","90","7"
"202602_Seasonal_Chest_2Star_HighArena","","MinionHorde","","","","","","","","","","","","100","140"
"","","Minions","","","","","","","","","","","","100","140"
"","","GoblinGang","","","","","","","","","","","","100","140"
"","","Goblins","","","","","","","","","","","","100","140"
"","","SpearGoblins","","","","","","","","","","","","100","140"
"","","MegaMinion","","","","","","","","","","","","90","30"
"","","BlowdartGoblin","","","","","","","","","","","","90","30"
"","","GoblinCage","","","","","","","","","","","","90","30"
"","","InfernoTower","","","","","","","","","","","","90","30"
"","","GoblinHut","","","","","","","","","","","","90","30"
"","","GoblinBarrel","","","","","","","","","","","","80","3"
"","","GoblinCurse","","","","","","","","","","","","80","3"
"","","Pekka","","","","","","","","","","","","80","3"
"","","DarkPrince","","","","","","","","","","","","80","3"
"","","DarkMagic","","","","","","","","","","","","80","3"
"","","","Chronos855","","","","","","","","","","","100","1"
"","","","Chronos856","","","","","","","","","","","100","1"
"","","","Chronos845","","","","","","","","","","","100","1"
"","","","Chronos846","","","","","","","","","","","100","1"
"202602_Seasonal_Chest_3Star_HighArena","","MinionHorde","","","","","","","","","","","","100","550"
"","","Minions","","","","","","","","","","","","100","550"
"","","GoblinGang","","","","","","","","","","","","100","550"
"","","Goblins","","","","","","","","","","","","100","550"
"","","SpearGoblins","","","","","","","","","","","","100","550"
"","","MegaMinion","","","","","","","","","","","","90","110"
"","","BlowdartGoblin","","","","","","","","","","","","90","110"
"","","GoblinCage","","","","","","","","","","","","90","110"
"","","InfernoTower","","","","","","","","","","","","90","110"
"","","GoblinHut","","","","","","","","","","","","90","110"
"","","GoblinBarrel","","","","","","","","","","","","80","14"
"","","GoblinCurse","","","","","","","","","","","","80","14"
"","","Pekka","","","","","","","","","","","","80","14"
"","","DarkPrince","","","","","","","","","","","","80","14"
"","","DarkMagic","","","","","","","","","","","","80","14"
"","","GoblinMachine","","","","","","","","","","","","70","2"
"","","LavaHound","","","","","","","","","","","","70","2"
"","","MegaKnight","","","","","","","","","","","","70","2"
"","","Goblinstein","","","","","","","","","","","","60","1"
"","","LittlePrince","","","","","","","","","","","","60","1"
"","","SkeletonKing","","","","","","","","","","","","60","1"
"","","","","EmoteChronos341","","","","","","","","","","200","1"
"202602_Seasonal_Chest_4Star_HighArena","","MinionHorde","","","","","","","","","","","","100","2200"
"","","Minions","","","","","","","","","","","","100","2200"
"","","GoblinGang","","","","","","","","","","","","100","2200"
"","","Goblins","","","","","","","","","","","","100","2200"
"","","SpearGoblins","","","","","","","","","","","","100","2200"
"","","MegaMinion","","","","","","","","","","","","90","440"
"","","BlowdartGoblin","","","","","","","","","","","","90","440"
"","","GoblinCage","","","","","","","","","","","","90","440"
"","","InfernoTower","","","","","","","","","","","","90","440"
"","","GoblinHut","","","","","","","","","","","","90","440"
"","","GoblinBarrel","","","","","","","","","","","","80","55"
"","","GoblinCurse","","","","","","","","","","","","80","55"
"","","Pekka","","","","","","","","","","","","80","55"
"","","DarkPrince","","","","","","","","","","","","80","55"
"","","DarkMagic","","","","","","","","","","","","80","55"
"","","GoblinMachine","","","","","","","","","","","","70","6"
"","","LavaHound","","","","","","","","","","","","70","6"
"","","MegaKnight","","","","","","","","","","","","70","6"
"","","Goblinstein","","","","","","","","","","","","60","4"
"","","LittlePrince","","","","","","","","","","","","60","4"
"","","SkeletonKing","","","","","","","","","","","","60","4"
"","","","","","","Pekka","","","","","","","","150","2"
"202602_Seasonal_Chest_5Star_HighArena","","MinionHorde","","","","","","","","","","","","100","7500"
"","","Minions","","","","","","","","","","","","100","7500"
"","","GoblinGang","","","","","","","","","","","","100","7500"
"","","Goblins","","","","","","","","","","","","100","7500"
"","","SpearGoblins","","","","","","","","","","","","100","7500"
"","","MegaMinion","","","","","","","","","","","","90","1400"
"","","BlowdartGoblin","","","","","","","","","","","","90","1400"
"","","GoblinCage","","","","","","","","","","","","90","1400"
"","","InfernoTower","","","","","","","","","","","","90","1400"
"","","GoblinHut","","","","","","","","","","","","90","1400"
"","","GoblinBarrel","","","","","","","","","","","","80","180"
"","","GoblinCurse","","","","","","","","","","","","80","180"
"","","Pekka","","","","","","","","","","","","80","180"
"","","DarkPrince","","","","","","","","","","","","80","180"
"","","DarkMagic","","","","","","","","","","","","80","180"
"","","GoblinMachine","","","","","","","","","","","","70","20"
"","","LavaHound","","","","","","","","","","","","70","20"
"","","MegaKnight","","","","","","","","","","","","70","20"
"","","Goblinstein","","","","","","","","","","","","60","15"
"","","LittlePrince","","","","","","","","","","","","60","15"
"","","SkeletonKing","","","","","","","","","","","","60","15"
"","","","","","","Pekka","","","","","","","","150","6"
"202602_Seasonal_Chest_1Star_MidArena","","MinionHorde","","","","","","","","","","","","100","25"
"","","Minions","","","","","","","","","","","","100","25"
"","","GoblinGang","","","","","","","","","","","","100","25"
"","","Goblins","","","","","","","","","","","","100","25"
"","","SpearGoblins","","","","","","","","","","","","100","25"
"","","MegaMinion","","","","","","","","","","","","90","5"
"","","BlowdartGoblin","","","","","","","","","","","","90","5"
"","","GoblinCage","","","","","","","","","","","","90","5"
"","","InfernoTower","","","","","","","","","","","","90","5"
"","","GoblinHut","","","","","","","","","","","","90","5"
"202602_Seasonal_Chest_2Star_MidArena","","MinionHorde","","","","","","","","","","","","100","100"
"","","Minions","","","","","","","","","","","","100","100"
"","","GoblinGang","","","","","","","","","","","","100","100"
"","","Goblins","","","","","","","","","","","","100","100"
"","","SpearGoblins","","","","","","","","","","","","100","100"
"","","MegaMinion","","","","","","","","","","","","90","20"
"","","BlowdartGoblin","","","","","","","","","","","","90","20"
"","","GoblinCage","","","","","","","","","","","","90","20"
"","","InfernoTower","","","","","","","","","","","","90","20"
"","","GoblinHut","","","","","","","","","","","","90","20"
"","","GoblinBarrel","","","","","","","","","","","","80","3"
"","","GoblinCurse","","","","","","","","","","","","80","3"
"","","Pekka","","","","","","","","","","","","80","3"
"","","DarkPrince","","","","","","","","","","","","80","3"
"","","DarkMagic","","","","","","","","","","","","80","3"
"","","","Chronos855","","","","","","","","","","","100","1"
"","","","Chronos856","","","","","","","","","","","100","1"
"","","","Chronos845","","","","","","","","","","","100","1"
"","","","Chronos846","","","","","","","","","","","100","1"
"202602_Seasonal_Chest_3Star_MidArena","","MinionHorde","","","","","","","","","","","","100","400"
"","","Minions","","","","","","","","","","","","100","400"
"","","GoblinGang","","","","","","","","","","","","100","400"
"","","Goblins","","","","","","","","","","","","100","400"
"","","SpearGoblins","","","","","","","","","","","","100","400"
"","","MegaMinion","","","","","","","","","","","","90","80"
"","","BlowdartGoblin","","","","","","","","","","","","90","80"
"","","GoblinCage","","","","","","","","","","","","90","80"
"","","InfernoTower","","","","","","","","","","","","90","80"
"","","GoblinHut","","","","","","","","","","","","90","80"
"","","GoblinBarrel","","","","","","","","","","","","80","10"
"","","GoblinCurse","","","","","","","","","","","","80","10"
"","","Pekka","","","","","","","","","","","","80","10"
"","","DarkPrince","","","","","","","","","","","","80","10"
"","","DarkMagic","","","","","","","","","","","","80","10"
"","","GoblinMachine","","","","","","","","","","","","70","1"
"","","LavaHound","","","","","","","","","","","","70","1"
"","","MegaKnight","","","","","","","","","","","","70","1"
"","","Goblinstein","","","","","","","","","","","","60","1"
"","","LittlePrince","","","","","","","","","","","","60","1"
"","","SkeletonKing","","","","","","","","","","","","60","1"
"","","","","EmoteChronos341","","","","","","","","","","200","1"
"202602_Seasonal_Chest_4Star_MidArena","","MinionHorde","","","","","","","","","","","","100","1600"
"","","Minions","","","","","","","","","","","","100","1600"
"","","GoblinGang","","","","","","","","","","","","100","1600"
"","","Goblins","","","","","","","","","","","","100","1600"
"","","SpearGoblins","","","","","","","","","","","","100","1600"
"","","MegaMinion","","","","","","","","","","","","90","320"
"","","BlowdartGoblin","","","","","","","","","","","","90","320"
"","","GoblinCage","","","","","","","","","","","","90","320"
"","","InfernoTower","","","","","","","","","","","","90","320"
"","","GoblinHut","","","","","","","","","","","","90","320"
"","","GoblinBarrel","","","","","","","","","","","","80","40"
"","","GoblinCurse","","","","","","","","","","","","80","40"
"","","Pekka","","","","","","","","","","","","80","40"
"","","DarkPrince","","","","","","","","","","","","80","40"
"","","DarkMagic","","","","","","","","","","","","80","40"
"","","GoblinMachine","","","","","","","","","","","","70","4"
"","","LavaHound","","","","","","","","","","","","70","4"
"","","MegaKnight","","","","","","","","","","","","70","4"
"","","Goblinstein","","","","","","","","","","","","60","3"
"","","LittlePrince","","","","","","","","","","","","60","3"
"","","SkeletonKing","","","","","","","","","","","","60","3"
"","","","","","","Pekka","","","","","","","","150","1"
"202602_Seasonal_Chest_5Star_MidArena","","MinionHorde","","","","","","","","","","","","100","4800"
"","","Minions","","","","","","","","","","","","100","4800"
"","","GoblinGang","","","","","","","","","","","","100","4800"
"","","Goblins","","","","","","","","","","","","100","4800"
"","","SpearGoblins","","","","","","","","","","","","100","4800"
"","","MegaMinion","","","","","","","","","","","","90","960"
"","","BlowdartGoblin","","","","","","","","","","","","90","960"
"","","GoblinCage","","","","","","","","","","","","90","960"
"","","InfernoTower","","","","","","","","","","","","90","960"
"","","GoblinHut","","","","","","","","","","","","90","960"
"","","GoblinBarrel","","","","","","","","","","","","80","120"
"","","GoblinCurse","","","","","","","","","","","","80","120"
"","","Pekka","","","","","","","","","","","","80","120"
"","","DarkPrince","","","","","","","","","","","","80","120"
"","","DarkMagic","","","","","","","","","","","","80","120"
"","","GoblinMachine","","","","","","","","","","","","70","13"
"","","LavaHound","","","","","","","","","","","","70","13"
"","","MegaKnight","","","","","","","","","","","","70","13"
"","","Goblinstein","","","","","","","","","","","","60","10"
"","","LittlePrince","","","","","","","","","","","","60","10"
"","","SkeletonKing","","","","","","","","","","","","60","10"
"","","","","","","Pekka","","","","","","","","150","6"
"202602_Seasonal_Chest_1Star_LowArena","","MinionHorde","","","","","","","","","","","","100","13"
"","","Minions","","","","","","","","","","","","100","13"
"","","GoblinGang","","","","","","","","","","","","100","13"
"","","Goblins","","","","","","","","","","","","100","13"
"","","SpearGoblins","","","","","","","","","","","","100","13"
"","","MegaMinion","","","","","","","","","","","","90","3"
"","","BlowdartGoblin","","","","","","","","","","","","90","3"
"","","GoblinCage","","","","","","","","","","","","90","3"
"","","InfernoTower","","","","","","","","","","","","90","3"
"","","GoblinHut","","","","","","","","","","","","90","3"
"202602_Seasonal_Chest_2Star_LowArena","","MinionHorde","","","","","","","","","","","","100","50"
"","","Minions","","","","","","","","","","","","100","50"
"","","GoblinGang","","","","","","","","","","","","100","50"
"","","Goblins","","","","","","","","","","","","100","50"
"","","SpearGoblins","","","","","","","","","","","","100","50"
"","","MegaMinion","","","","","","","","","","","","90","10"
"","","BlowdartGoblin","","","","","","","","","","","","90","10"
"","","GoblinCage","","","","","","","","","","","","90","10"
"","","InfernoTower","","","","","","","","","","","","90","10"
"","","GoblinHut","","","","","","","","","","","","90","10"
"","","GoblinBarrel","","","","","","","","","","","","80","1"
"","","GoblinCurse","","","","","","","","","","","","80","1"
"","","Pekka","","","","","","","","","","","","80","1"
"","","DarkPrince","","","","","","","","","","","","80","1"
"","","DarkMagic","","","","","","","","","","","","80","1"
"","","","Chronos855","","","","","","","","","","","100","1"
"","","","Chronos856","","","","","","","","","","","100","1"
"","","","Chronos845","","","","","","","","","","","100","1"
"","","","Chronos846","","","","","","","","","","","100","1"
"202602_Seasonal_Chest_3Star_LowArena","","MinionHorde","","","","","","","","","","","","100","200"
"","","Minions","","","","","","","","","","","","100","200"
"","","GoblinGang","","","","","","","","","","","","100","200"
"","","Goblins","","","","","","","","","","","","100","200"
"","","SpearGoblins","","","","","","","","","","","","100","200"
"","","MegaMinion","","","","","","","","","","","","90","40"
"","","BlowdartGoblin","","","","","","","","","","","","90","40"
"","","GoblinCage","","","","","","","","","","","","90","40"
"","","InfernoTower","","","","","","","","","","","","90","40"
"","","GoblinHut","","","","","","","","","","","","90","40"
"","","GoblinBarrel","","","","","","","","","","","","80","5"
"","","GoblinCurse","","","","","","","","","","","","80","5"
"","","Pekka","","","","","","","","","","","","80","5"
"","","DarkPrince","","","","","","","","","","","","80","5"
"","","DarkMagic","","","","","","","","","","","","80","5"
"","","","","EmoteChronos341","","","","","","","","","","200","1"
"202602_Seasonal_Chest_4Star_LowArena","","MinionHorde","","","","","","","","","","","","100","800"
"","","Minions","","","","","","","","","","","","100","800"
"","","GoblinGang","","","","","","","","","","","","100","800"
"","","Goblins","","","","","","","","","","","","100","800"
"","","SpearGoblins","","","","","","","","","","","","100","800"
"","","MegaMinion","","","","","","","","","","","","90","160"
"","","BlowdartGoblin","","","","","","","","","","","","90","160"
"","","GoblinCage","","","","","","","","","","","","90","160"
"","","InfernoTower","","","","","","","","","","","","90","160"
"","","GoblinHut","","","","","","","","","","","","90","160"
"","","GoblinBarrel","","","","","","","","","","","","80","20"
"","","GoblinCurse","","","","","","","","","","","","80","20"
"","","Pekka","","","","","","","","","","","","80","20"
"","","DarkPrince","","","","","","","","","","","","80","20"
"","","DarkMagic","","","","","","","","","","","","80","20"
"202602_Seasonal_Chest_5Star_LowArena","","MinionHorde","","","","","","","","","","","","100","2400"
"","","Minions","","","","","","","","","","","","100","2400"
"","","GoblinGang","","","","","","","","","","","","100","2400"
"","","Goblins","","","","","","","","","","","","100","2400"
"","","SpearGoblins","","","","","","","","","","","","100","2400"
"","","MegaMinion","","","","","","","","","","","","90","480"
"","","BlowdartGoblin","","","","","","","","","","","","90","480"
"","","GoblinCage","","","","","","","","","","","","90","480"
"","","InfernoTower","","","","","","","","","","","","90","480"
"","","GoblinHut","","","","","","","","","","","","90","480"
"","","GoblinBarrel","","","","","","","","","","","","80","60"
"","","GoblinCurse","","","","","","","","","","","","80","60"
"","","Pekka","","","","","","","","","","","","80","60"
"","","DarkPrince","","","","","","","","","","","","80","60"
"","","DarkMagic","","","","","","","","","","","","80","60"
"AlbumSnippetPool_Unique","","","","","","","","Snippet1_1","","","","","","60000","1"
"","","","","","","","","Snippet1_2","","","","","","60000","1"
"","","","","","","","","Snippet1_3","","","","","","60000","1"
"","","","","","","","","Snippet1_4","","","","","","60000","1"
"","","","","","","","","Snippet1_5","","","","","","60000","1"
"","","","","","","","","Snippet1_6","","","","","","60000","1"
"","","","","","","","","Snippet1_7","","","","","","60000","1"
"","","","","","","","","Snippet1_8","","","","","","60000","1"
"","","","","","","","","Snippet1_9","","","","","","60000","1"
"","","","","","","","","Snippet2_1","","","","","","30000","1"
"","","","","","","","","Snippet2_2","","","","","","30000","1"
"","","","","","","","","Snippet2_3","","","","","","30000","1"
"","","","","","","","","Snippet2_4","","","","","","30000","1"
"","","","","","","","","Snippet2_5","","","","","","30000","1"
"","","","","","","","","Snippet2_6","","","","","","30000","1"
"","","","","","","","","Snippet2_7","","","","","","30000","1"
"","","","","","","","","Snippet2_8","","","","","","30000","1"
"","","","","","","","","Snippet2_9","","","","","","20000","1"
"","","","","","","","","Snippet3_1","","","","","","15000","1"
"","","","","","","","","Snippet3_2","","","","","","15000","1"
"","","","","","","","","Snippet3_3","","","","","","15000","1"
"","","","","","","","","Snippet3_4","","","","","","15000","1"
"","","","","","","","","Snippet3_5","","","","","","15000","1"
"","","","","","","","","Snippet3_6","","","","","","15000","1"
"","","","","","","","","Snippet3_7","","","","","","15000","1"
"","","","","","","","","Snippet3_8","","","","","","10000","1"
"","","","","","","","","Snippet3_9","","","","","","5000","1"
"","","","","","","","","Snippet4_1","","","","","","6000","1"
"","","","","","","","","Snippet4_2","","","","","","6000","1"
"","","","","","","","","Snippet4_3","","","","","","6000","1"
"","","","","","","","","Snippet4_4","","","","","","6000","1"
"","","","","","","","","Snippet4_5","","","","","","6000","1"
"","","","","","","","","Snippet4_6","","","","","","6000","1"
"","","","","","","","","Snippet4_7","","","","","","4000","1"
"","","","","","","","","Snippet4_8","","","","","","2000","1"
"","","","","","","","","Snippet4_9","","","","","","1000","1"
"","","","","","","","","Snippet5_1","","","","","","3000","1"
"","","","","","","","","Snippet5_2","","","","","","3000","1"
"","","","","","","","","Snippet5_3","","","","","","3000","1"
"","","","","","","","","Snippet5_4","","","","","","3000","1"
"","","","","","","","","Snippet5_5","","","","","","3000","1"
"","","","","","","","","Snippet5_6","","","","","","2000","1"
"","","","","","","","","Snippet5_7","","","","","","2000","1"
"","","","","","","","","Snippet5_8","","","","","","1000","1"
"","","","","","","","","Snippet5_9","","","","","","500","1"
"","","","","","","","","Snippet6_1","","","","","","600","1"
"","","","","","","","","Snippet6_2","","","","","","600","1"
"","","","","","","","","Snippet6_3","","","","","","600","1"
"","","","","","","","","Snippet6_4","","","","","","600","1"
"","","","","","","","","Snippet6_5","","","","","","400","1"
"","","","","","","","","Snippet6_6","","","","","","400","1"
"","","","","","","","","Snippet6_7","","","","","","200","1"
"","","","","","","","","Snippet6_8","","","","","","200","1"
"","","","","","","","","Snippet6_9","","","","","","100","1"
"","","","","","","","","Snippet7_1","","","","","","300","1"
"","","","","","","","","Snippet7_2","","","","","","300","1"
"","","","","","","","","Snippet7_3","","","","","","300","1"
"","","","","","","","","Snippet7_4","","","","","","200","1"
"","","","","","","","","Snippet7_5","","","","","","200","1"
"","","","","","","","","Snippet7_6","","","","","","200","1"
"","","","","","","","","Snippet7_7","","","","","","100","1"
"","","","","","","","","Snippet7_8","","","","","","100","1"
"","","","","","","","","Snippet7_9","","","","","","50","1"
"","","","","","","","","Snippet8_1","","","","","","150","1"
"","","","","","","","","Snippet8_2","","","","","","150","1"
"","","","","","","","","Snippet8_3","","","","","","100","1"
"","","","","","","","","Snippet8_4","","","","","","100","1"
"","","","","","","","","Snippet8_5","","","","","","100","1"
"","","","","","","","","Snippet8_6","","","","","","50","1"
"","","","","","","","","Snippet8_7","","","","","","50","1"
"","","","","","","","","Snippet8_8","","","","","","50","1"
"","","","","","","","","Snippet8_9","","","","","","25","1"
"","","","","","","","","Snippet9_1","","","","","","50","1"
"","","","","","","","","Snippet9_2","","","","","","30","1"
"","","","","","","","","Snippet9_3","","","","","","30","1"
"","","","","","","","","Snippet9_4","","","","","","30","1"
"","","","","","","","","Snippet9_5","","","","","","15","1"
"","","","","","","","","Snippet9_6","","","","","","15","1"
"","","","","","","","","Snippet9_7","","","","","","15","1"
"","","","","","","","","Snippet9_8","","","","","","10","1"
"","","","","","","","","Snippet9_9","","","","","","5","1"
"","IfAllLocked","","","","","","","Snippet_unique_conversion","","","","","","1","1"
"AlbumSnippetPool_Random","Always","","","","","","","Snippet1_1","","","","","","700","1"
"","Always","","","","","","","Snippet1_2","","","","","","700","1"
"","Always","","","","","","","Snippet1_3","","","","","","700","1"
"","Always","","","","","","","Snippet1_4","","","","","","700","1"
"","Always","","","","","","","Snippet1_5","","","","","","700","1"
"","Always","","","","","","","Snippet1_6","","","","","","700","1"
"","Always","","","","","","","Snippet1_7","","","","","","700","1"
"","Always","","","","","","","Snippet1_8","","","","","","700","1"
"","Always","","","","","","","Snippet1_9","","","","","","700","1"
"","Always","","","","","","","Snippet2_1","","","","","","700","1"
"","Always","","","","","","","Snippet2_2","","","","","","700","1"
"","Always","","","","","","","Snippet2_3","","","","","","700","1"
"","Always","","","","","","","Snippet2_4","","","","","","700","1"
"","Always","","","","","","","Snippet2_5","","","","","","700","1"
"","Always","","","","","","","Snippet2_6","","","","","","700","1"
"","Always","","","","","","","Snippet2_7","","","","","","700","1"
"","Always","","","","","","","Snippet2_8","","","","","","700","1"
"","Always","","","","","","","Snippet2_9","","","","","","525","1"
"","Always","","","","","","","Snippet3_1","","","","","","600","1"
"","Always","","","","","","","Snippet3_2","","","","","","600","1"
"","Always","","","","","","","Snippet3_3","","","","","","600","1"
"","Always","","","","","","","Snippet3_4","","","","","","600","1"
"","Always","","","","","","","Snippet3_5","","","","","","600","1"
"","Always","","","","","","","Snippet3_6","","","","","","600","1"
"","Always","","","","","","","Snippet3_7","","","","","","600","1"
"","Always","","","","","","","Snippet3_8","","","","","","450","1"
"","Always","","","","","","","Snippet3_9","","","","","","300","1"
"","Always","","","","","","","Snippet4_1","","","","","","600","1"
"","Always","","","","","","","Snippet4_2","","","","","","600","1"
"","Always","","","","","","","Snippet4_3","","","","","","600","1"
"","Always","","","","","","","Snippet4_4","","","","","","600","1"
"","Always","","","","","","","Snippet4_5","","","","","","600","1"
"","Always","","","","","","","Snippet4_6","","","","","","600","1"
"","Always","","","","","","","Snippet4_7","","","","","","450","1"
"","Always","","","","","","","Snippet4_8","","","","","","300","1"
"","Always","","","","","","","Snippet4_9","","","","","","150","1"
"","Always","","","","","","","Snippet5_1","","","","","","500","1"
"","Always","","","","","","","Snippet5_2","","","","","","500","1"
"","Always","","","","","","","Snippet5_3","","","","","","500","1"
"","Always","","","","","","","Snippet5_4","","","","","","500","1"
"","Always","","","","","","","Snippet5_5","","","","","","500","1"
"","Always","","","","","","","Snippet5_6","","","","","","375","1"
"","Always","","","","","","","Snippet5_7","","","","","","375","1"
"","Always","","","","","","","Snippet5_8","","","","","","250","1"
"","Always","","","","","","","Snippet5_9","","","","","","125","1"
"","Always","","","","","","","Snippet6_1","","","","","","400","1"
"","Always","","","","","","","Snippet6_2","","","","","","400","1"
"","Always","","","","","","","Snippet6_3","","","","","","400","1"
"","Always","","","","","","","Snippet6_4","","","","","","400","1"
"","Always","","","","","","","Snippet6_5","","","","","","300","1"
"","Always","","","","","","","Snippet6_6","","","","","","300","1"
"","Always","","","","","","","Snippet6_7","","","","","","200","1"
"","Always","","","","","","","Snippet6_8","","","","","","200","1"
"","Always","","","","","","","Snippet6_9","","","","","","100","1"
"","Always","","","","","","","Snippet7_1","","","","","","300","1"
"","Always","","","","","","","Snippet7_2","","","","","","300","1"
"","Always","","","","","","","Snippet7_3","","","","","","300","1"
"","Always","","","","","","","Snippet7_4","","","","","","225","1"
"","Always","","","","","","","Snippet7_5","","","","","","225","1"
"","Always","","","","","","","Snippet7_6","","","","","","225","1"
"","Always","","","","","","","Snippet7_7","","","","","","150","1"
"","Always","","","","","","","Snippet7_8","","","","","","150","1"
"","Always","","","","","","","Snippet7_9","","","","","","75","1"
"","Always","","","","","","","Snippet8_1","","","","","","200","1"
"","Always","","","","","","","Snippet8_2","","","","","","200","1"
"","Always","","","","","","","Snippet8_3","","","","","","150","1"
"","Always","","","","","","","Snippet8_4","","","","","","150","1"
"","Always","","","","","","","Snippet8_5","","","","","","150","1"
"","Always","","","","","","","Snippet8_6","","","","","","100","1"
"","Always","","","","","","","Snippet8_7","","","","","","100","1"
"","Always","","","","","","","Snippet8_8","","","","","","100","1"
"","Always","","","","","","","Snippet8_9","","","","","","50","1"
"","Always","","","","","","","Snippet9_1","","","","","","100","1"
"","Always","","","","","","","Snippet9_2","","","","","","75","1"
"","Always","","","","","","","Snippet9_3","","","","","","75","1"
"","Always","","","","","","","Snippet9_4","","","","","","75","1"
"","Always","","","","","","","Snippet9_5","","","","","","50","1"
"","Always","","","","","","","Snippet9_6","","","","","","50","1"
"","Always","","","","","","","Snippet9_7","","","","","","50","1"
"","Always","","","","","","","Snippet9_8","","","","","","25","1"
"","Always","","","","","","","Snippet9_9","","","","","","25","1"
"202603_Cosmetic_Chest_5Star_AllArenas","","","","EmoteChronos232","","","","","","","","","","70","1"
"","","","","EmoteChronos234","","","","","","","","","","70","1"
"","","","","EmoteChronos235","","","","","","","","","","70","1"
"","","","","EmoteChronos241","","","","","","","","","","70","1"
"","","","","EmoteChronos242","","","","","","","","","","70","1"
"","","","","EmoteChronos247","","","","","","","","","","70","1"
"","","","","EmoteChronos251","","","","","","","","","","70","1"
"","","","","EmoteChronos253","","","","","","","","","","70","1"
"","","","","EmoteChronos255","","","","","","","","","","70","1"
"","","","","EmoteChronos256","","","","","","","","","","70","1"
"","","","","EmoteChronos257","","","","","","","","","","70","1"
"","","","","EmoteChronos259","","","","","","","","","","70","1"
"","","","","EmoteChronos265","","","","","","","","","","70","1"
"","","","","EmoteChronos267","","","","","","","","","","70","1"
"","","","","EmoteChronos270","","","","","","","","","","70","1"
"","","","","EmoteChronos271","","","","","","","","","","70","1"
"","","","","EmoteChronos274","","","","","","","","","","70","1"
"","","","","EmoteChronos277","","","","","","","","","","70","1"
"","","","","EmoteChronos278","","","","","","","","","","70","1"
"","","","","EmoteChronos279","","","","","","","","","","70","1"
"","","","","EmoteChronos280","","","","","","","","","","70","1"
"","","","","EmoteChronos283","","","","","","","","","","70","1"
"","","","","EmoteChronos286","","","","","","","","","","70","1"
"","","","","EmoteChronos291","","","","","","","","","","70","1"
"","","","","EmoteChronos293","","","","","","","","","","70","1"
"","","","","EmoteChronos295","","","","","","","","","","70","1"
"","","","","EmoteChronos297","","","","","","","","","","70","1"
"","","","","EmoteChronos303","","","","","","","","","","70","1"
"","","","","EmoteChronos304","","","","","","","","","","70","1"
"","","","","EmoteChronos305","","","","","","","","","","70","1"
"","","","","EmoteChronos307","","","","","","","","","","70","1"
"","","","","EmoteChronos313","","","","","","","","","","70","1"
"","","","","EmoteChronos315","","","","","","","","","","70","1"
"","","","","EmoteChronos318","","","","","","","","","","70","1"
"","","","","EmoteChronos321","","","","","","","","","","70","1"
"","","","","EmoteChronos323","","","","","","","","","","70","1"
"","","","","EmoteChronos332","","","","","","","","","","70","1"
"","","","","EmoteChronos333","","","","","","","","","","70","1"
"","","","","EmoteChronos336","","","","","","","","","","70","1"
"","","","","EmoteChronos338","","","","","","","","","","70","1"
"","","","","EmoteChronos341","","","","","","","","","","70","1"
"","","","","EmoteChronos343","","","","","","","","","","70","1"
"","","","","EmoteChronos346","","","","","","","","","","70","1"
"","","","Chronos651","","","","","","","","","","","35","1"
"","","","Chronos652","","","","","","","","","","","35","1"
"","","","Chronos653","","","","","","","","","","","35","1"
"","","","Chronos654","","","","","","","","","","","35","1"
"","","","Chronos655","","","","","","","","","","","35","1"
"","","","Chronos656","","","","","","","","","","","35","1"
"","","","Chronos657","","","","","","","","","","","35","1"
"","","","Chronos658","","","","","","","","","","","35","1"
"","","","Chronos659","","","","","","","","","","","35","1"
"","","","Chronos660","","","","","","","","","","","35","1"
"","","","Chronos661","","","","","","","","","","","35","1"
"","","","Chronos662","","","","","","","","","","","35","1"
"","","","Chronos663","","","","","","","","","","","35","1"
"","","","Chronos664","","","","","","","","","","","35","1"
"","","","Chronos667","","","","","","","","","","","35","1"
"","","","Chronos668","","","","","","","","","","","35","1"
"","","","Chronos669","","","","","","","","","","","35","1"
"","","","Chronos670","","","","","","","","","","","35","1"
"","","","Chronos671","","","","","","","","","","","35","1"
"","","","Chronos672","","","","","","","","","","","35","1"
"","","","Chronos673","","","","","","","","","","","35","1"
"","","","Chronos674","","","","","","","","","","","35","1"
"","","","Chronos675","","","","","","","","","","","35","1"
"","","","Chronos676","","","","","","","","","","","35","1"
"","","","Chronos677","","","","","","","","","","","35","1"
"","","","Chronos678","","","","","","","","","","","35","1"
"","","","Chronos681","","","","","","","","","","","35","1"
"","","","Chronos682","","","","","","","","","","","35","1"
"","","","Chronos683","","","","","","","","","","","35","1"
"","","","Chronos684","","","","","","","","","","","35","1"
"","","","Chronos685","","","","","","","","","","","35","1"
"","","","Chronos686","","","","","","","","","","","35","1"
"","","","Chronos687","","","","","","","","","","","35","1"
"","","","Chronos688","","","","","","","","","","","35","1"
"","","","Chronos689","","","","","","","","","","","35","1"
"","","","Chronos690","","","","","","","","","","","35","1"
"","","","Chronos691","","","","","","","","","","","35","1"
"","","","Chronos692","","","","","","","","","","","35","1"
"","","","Chronos695","","","","","","","","","","","35","1"
"","","","Chronos696","","","","","","","","","","","35","1"
"","","","Chronos697","","","","","","","","","","","35","1"
"","","","Chronos698","","","","","","","","","","","35","1"
"","","","Chronos699","","","","","","","","","","","35","1"
"","","","Chronos700","","","","","","","","","","","35","1"
"","","","Chronos701","","","","","","","","","","","35","1"
"","","","Chronos702","","","","","","","","","","","35","1"
"","","","Chronos703","","","","","","","","","","","35","1"
"","","","Chronos704","","","","","","","","","","","35","1"
"","","","Chronos705","","","","","","","","","","","35","1"
"","","","Chronos706","","","","","","","","","","","35","1"
"","","","Chronos707","","","","","","","","","","","35","1"
"","","","Chronos708","","","","","","","","","","","35","1"
"","","","Chronos713","","","","","","","","","","","35","1"
"","","","Chronos714","","","","","","","","","","","35","1"
"","","","Chronos719","","","","","","","","","","","35","1"
"","","","Chronos720","","","","","","","","","","","35","1"
"","","","Chronos721","","","","","","","","","","","35","1"
"","","","Chronos722","","","","","","","","","","","35","1"
"","","","Chronos731","","","","","","","","","","","35","1"
"","","","Chronos732","","","","","","","","","","","35","1"
"","","","Chronos737","","","","","","","","","","","35","1"
"","","","Chronos738","","","","","","","","","","","35","1"
"","","","Chronos747","","","","","","","","","","","35","1"
"","","","Chronos748","","","","","","","","","","","35","1"
"","","","Chronos749","","","","","","","","","","","35","1"
"","","","Chronos750","","","","","","","","","","","35","1"
"","","","Chronos751","","","","","","","","","","","35","1"
"","","","Chronos752","","","","","","","","","","","35","1"
"","","","Chronos757","","","","","","","","","","","35","1"
"","","","Chronos758","","","","","","","","","","","35","1"
"","","","Chronos765","","","","","","","","","","","35","1"
"","","","Chronos766","","","","","","","","","","","35","1"
"","","","Chronos767","","","","","","","","","","","35","1"
"","","","Chronos768","","","","","","","","","","","35","1"
"","","","Chronos777","","","","","","","","","","","35","1"
"","","","Chronos778","","","","","","","","","","","35","1"
"","","","Chronos779","","","","","","","","","","","35","1"
"","","","Chronos780","","","","","","","","","","","35","1"
"","","","Chronos781","","","","","","","","","","","35","1"
"","","","Chronos782","","","","","","","","","","","35","1"
"","","","Chronos789","","","","","","","","","","","35","1"
"","","","Chronos790","","","","","","","","","","","35","1"
"","","","Chronos793","","","","","","","","","","","35","1"
"","","","Chronos794","","","","","","","","","","","35","1"
"","","","Chronos797","","","","","","","","","","","35","1"
"","","","Chronos798","","","","","","","","","","","35","1"
"","","","Chronos803","","","","","","","","","","","35","1"
"","","","Chronos804","","","","","","","","","","","35","1"
"","","","Chronos807","","","","","","","","","","","35","1"
"","","","Chronos808","","","","","","","","","","","35","1"
"","","","Chronos809","","","","","","","","","","","35","1"
"","","","Chronos810","","","","","","","","","","","35","1"
"","","","Chronos811","","","","","","","","","","","35","1"
"","","","Chronos812","","","","","","","","","","","35","1"
"","","","Chronos813","","","","","","","","","","","35","1"
"","","","Chronos814","","","","","","","","","","","35","1"
"","","","Chronos815","","","","","","","","","","","35","1"
"","","","Chronos816","","","","","","","","","","","35","1"
"","","","Chronos817","","","","","","","","","","","35","1"
"","","","Chronos818","","","","","","","","","","","35","1"
"","","","Chronos819","","","","","","","","","","","35","1"
"","","","Chronos820","","","","","","","","","","","35","1"
"","","","Chronos823","","","","","","","","","","","35","1"
"","","","Chronos824","","","","","","","","","","","35","1"
"","","","Chronos825","","","","","","","","","","","35","1"
"","","","Chronos826","","","","","","","","","","","35","1"
"","","","Chronos827","","","","","","","","","","","35","1"
"","","","Chronos828","","","","","","","","","","","35","1"
"","","","Chronos829","","","","","","","","","","","35","1"
"","","","Chronos830","","","","","","","","","","","35","1"
"","","","Chronos833","","","","","","","","","","","35","1"
"","","","Chronos834","","","","","","","","","","","35","1"
"","","","Chronos835","","","","","","","","","","","35","1"
"","","","Chronos836","","","","","","","","","","","35","1"
"","","","Chronos837","","","","","","","","","","","35","1"
"","","","Chronos838","","","","","","","","","","","35","1"
"","","","Chronos839","","","","","","","","","","","35","1"
"","","","Chronos840","","","","","","","","","","","35","1"
"","","","Chronos841","","","","","","","","","","","35","1"
"","","","Chronos842","","","","","","","","","","","35","1"
"","","","Chronos845","","","","","","","","","","","35","1"
"","","","Chronos846","","","","","","","","","","","35","1"
"","","","Chronos849","","","","","","","","","","","35","1"
"","","","Chronos850","","","","","","","","","","","35","1"
"","","","Chronos851","","","","","","","","","","","35","1"
"","","","Chronos852","","","","","","","","","","","35","1"
"","","","Chronos855","","","","","","","","","","","35","1"
"","","","Chronos856","","","","","","","","","","","35","1"
"","","","Chronos857","","","","","","","","","","","35","1"
"","","","Chronos858","","","","","","","","","","","35","1"
"","","","Chronos859","","","","","","","","","","","35","1"
"","","","Chronos860","","","","","","","","","","","35","1"
"","","","Chronos863","","","","","","","","","","","35","1"
"","","","Chronos864","","","","","","","","","","","35","1"
"","","","Chronos869","","","","","","","","","","","35","1"
"","","","Chronos870","","","","","","","","","","","35","1"
"","","","Chronos873","","","","","","","","","","","35","1"
"","","","Chronos874","","","","","","","","","","","35","1"
"","","","Chronos877","","","","","","","","","","","35","1"
"","","","Chronos878","","","","","","","","","","","35","1"
"","","","Chronos879","","","","","","","","","","","35","1"
"","","","Chronos880","","","","","","","","","","","35","1"
"","","","Chronos883","","","","","","","","","","","35","1"
"","","","Chronos884","","","","","","","","","","","35","1"
"","","","Chronos887","","","","","","","","","","","35","1"
"","","","Chronos888","","","","","","","","","","","35","1"
"","","","Chronos889","","","","","","","","","","","35","1"
"","","","Chronos890","","","","","","","","","","","35","1"
"","","","Chronos895","","","","","","","","","","","35","1"
"","","","Chronos896","","","","","","","","","","","35","1"
"","","","Chronos897","","","","","","","","","","","35","1"
"","","","Chronos898","","","","","","","","","","","35","1"
"","","","Chronos899","","","","","","","","","","","35","1"
"","","","Chronos900","","","","","","","","","","","35","1"
"","","","Chronos901","","","","","","","","","","","35","1"
"","","","Chronos902","","","","","","","","","","","35","1"
"","","","Chronos907","","","","","","","","","","","35","1"
"","","","Chronos908","","","","","","","","","","","35","1"
"","","","Chronos909","","","","","","","","","","","35","1"
"","","","Chronos910","","","","","","","","","","","35","1"
"","","","Chronos911","","","","","","","","","","","35","1"
"","","","Chronos912","","","","","","","","","","","35","1"
"","","","Chronos913","","","","","","","","","","","35","1"
"","","","Chronos914","","","","","","","","","","","35","1"
"","","","Chronos915","","","","","","","","","","","35","1"
"","","","Chronos916","","","","","","","","","","","35","1"
"","","","Chronos917","","","","","","","","","","","35","1"
"","","","Chronos918","","","","","","","","","","","35","1"
"","","","Chronos921","","","","","","","","","","","35","1"
"","","","Chronos922","","","","","","","","","","","35","1"
"","","","Chronos923","","","","","","","","","","","35","1"
"","","","Chronos924","","","","","","","","","","","35","1"
"","","","Chronos925","","","","","","","","","","","35","1"
"","","","Chronos926","","","","","","","","","","","35","1"
"","","","Chronos929","","","","","","","","","","","35","1"
"","","","Chronos930","","","","","","","","","","","35","1"
"","","","Chronos931","","","","","","","","","","","35","1"
"","","","Chronos932","","","","","","","","","","","35","1"
"","","","Chronos933","","","","","","","","","","","35","1"
"","","","Chronos934","","","","","","","","","","","35","1"
"","","","Chronos937","","","","","","","","","","","35","1"
"","","","Chronos938","","","","","","","","","","","35","1"
"","","","","","TowerSkin1035","","","","","","","","","100","1"
"","","","","","TowerSkin1036","","","","","","","","","100","1"
"","","","","","TowerSkin1038","","","","","","","","","100","1"
"","","","","","TowerSkin1040","","","","","","","","","100","1"
"","","","","","TowerSkin1045","","","","","","","","","100","1"
"v2_AlbumSnippetPool_Unique","","","","","","","","v2_Snippet1_1","","","","","","60000","1"
"","","","","","","","","v2_Snippet1_2","","","","","","60000","1"
"","","","","","","","","v2_Snippet1_3","","","","","","60000","1"
"","","","","","","","","v2_Snippet1_4","","","","","","60000","1"
"","","","","","","","","v2_Snippet1_5","","","","","","60000","1"
"","","","","","","","","v2_Snippet1_6","","","","","","60000","1"
"","","","","","","","","v2_Snippet1_7","","","","","","60000","1"
"","","","","","","","","v2_Snippet1_8","","","","","","60000","1"
"","","","","","","","","v2_Snippet1_9","","","","","","60000","1"
"","","","","","","","","v2_Snippet2_1","","","","","","30000","1"
"","","","","","","","","v2_Snippet2_2","","","","","","30000","1"
"","","","","","","","","v2_Snippet2_3","","","","","","30000","1"
"","","","","","","","","v2_Snippet2_4","","","","","","30000","1"
"","","","","","","","","v2_Snippet2_5","","","","","","30000","1"
"","","","","","","","","v2_Snippet2_6","","","","","","30000","1"
"","","","","","","","","v2_Snippet2_7","","","","","","30000","1"
"","","","","","","","","v2_Snippet2_8","","","","","","30000","1"
"","","","","","","","","v2_Snippet2_9","","","","","","20000","1"
"","","","","","","","","v2_Snippet3_1","","","","","","15000","1"
"","","","","","","","","v2_Snippet3_2","","","","","","15000","1"
"","","","","","","","","v2_Snippet3_3","","","","","","15000","1"
"","","","","","","","","v2_Snippet3_4","","","","","","15000","1"
"","","","","","","","","v2_Snippet3_5","","","","","","15000","1"
"","","","","","","","","v2_Snippet3_6","","","","","","15000","1"
"","","","","","","","","v2_Snippet3_7","","","","","","15000","1"
"","","","","","","","","v2_Snippet3_8","","","","","","10000","1"
"","","","","","","","","v2_Snippet3_9","","","","","","5000","1"
"","","","","","","","","v2_Snippet4_1","","","","","","6000","1"
"","","","","","","","","v2_Snippet4_2","","","","","","6000","1"
"","","","","","","","","v2_Snippet4_3","","","","","","6000","1"
"","","","","","","","","v2_Snippet4_4","","","","","","6000","1"
"","","","","","","","","v2_Snippet4_5","","","","","","6000","1"
"","","","","","","","","v2_Snippet4_6","","","","","","6000","1"
"","","","","","","","","v2_Snippet4_7","","","","","","4000","1"
"","","","","","","","","v2_Snippet4_8","","","","","","2000","1"
"","","","","","","","","v2_Snippet4_9","","","","","","1000","1"
"","","","","","","","","v2_Snippet5_1","","","","","","3000","1"
"","","","","","","","","v2_Snippet5_2","","","","","","3000","1"
"","","","","","","","","v2_Snippet5_3","","","","","","3000","1"
"","","","","","","","","v2_Snippet5_4","","","","","","3000","1"
"","","","","","","","","v2_Snippet5_5","","","","","","3000","1"
"","","","","","","","","v2_Snippet5_6","","","","","","2000","1"
"","","","","","","","","v2_Snippet5_7","","","","","","2000","1"
"","","","","","","","","v2_Snippet5_8","","","","","","1000","1"
"","","","","","","","","v2_Snippet5_9","","","","","","500","1"
"","","","","","","","","v2_Snippet6_1","","","","","","600","1"
"","","","","","","","","v2_Snippet6_2","","","","","","600","1"
"","","","","","","","","v2_Snippet6_3","","","","","","600","1"
"","","","","","","","","v2_Snippet6_4","","","","","","600","1"
"","","","","","","","","v2_Snippet6_5","","","","","","400","1"
"","","","","","","","","v2_Snippet6_6","","","","","","400","1"
"","","","","","","","","v2_Snippet6_7","","","","","","200","1"
"","","","","","","","","v2_Snippet6_8","","","","","","200","1"
"","","","","","","","","v2_Snippet6_9","","","","","","100","1"
"","IfAllLocked","","","","","","","Snippet_unique_conversion","","","","","","1","1"
"v2_AlbumSnippetPool_Random","Always","","","","","","","v2_Snippet1_1","","","","","","700","1"
"","Always","","","","","","","v2_Snippet1_2","","","","","","700","1"
"","Always","","","","","","","v2_Snippet1_3","","","","","","700","1"
"","Always","","","","","","","v2_Snippet1_4","","","","","","700","1"
"","Always","","","","","","","v2_Snippet1_5","","","","","","700","1"
"","Always","","","","","","","v2_Snippet1_6","","","","","","700","1"
"","Always","","","","","","","v2_Snippet1_7","","","","","","700","1"
"","Always","","","","","","","v2_Snippet1_8","","","","","","700","1"
"","Always","","","","","","","v2_Snippet1_9","","","","","","700","1"
"","Always","","","","","","","v2_Snippet2_1","","","","","","700","1"
"","Always","","","","","","","v2_Snippet2_2","","","","","","700","1"
"","Always","","","","","","","v2_Snippet2_3","","","","","","700","1"
"","Always","","","","","","","v2_Snippet2_4","","","","","","700","1"
"","Always","","","","","","","v2_Snippet2_5","","","","","","700","1"
"","Always","","","","","","","v2_Snippet2_6","","","","","","700","1"
"","Always","","","","","","","v2_Snippet2_7","","","","","","700","1"
"","Always","","","","","","","v2_Snippet2_8","","","","","","700","1"
"","Always","","","","","","","v2_Snippet2_9","","","","","","525","1"
"","Always","","","","","","","v2_Snippet3_1","","","","","","600","1"
"","Always","","","","","","","v2_Snippet3_2","","","","","","600","1"
"","Always","","","","","","","v2_Snippet3_3","","","","","","600","1"
"","Always","","","","","","","v2_Snippet3_4","","","","","","600","1"
"","Always","","","","","","","v2_Snippet3_5","","","","","","600","1"
"","Always","","","","","","","v2_Snippet3_6","","","","","","600","1"
"","Always","","","","","","","v2_Snippet3_7","","","","","","600","1"
"","Always","","","","","","","v2_Snippet3_8","","","","","","450","1"
"","Always","","","","","","","v2_Snippet3_9","","","","","","300","1"
"","Always","","","","","","","v2_Snippet4_1","","","","","","600","1"
"","Always","","","","","","","v2_Snippet4_2","","","","","","600","1"
"","Always","","","","","","","v2_Snippet4_3","","","","","","600","1"
"","Always","","","","","","","v2_Snippet4_4","","","","","","600","1"
"","Always","","","","","","","v2_Snippet4_5","","","","","","600","1"
"","Always","","","","","","","v2_Snippet4_6","","","","","","600","1"
"","Always","","","","","","","v2_Snippet4_7","","","","","","450","1"
"","Always","","","","","","","v2_Snippet4_8","","","","","","300","1"
"","Always","","","","","","","v2_Snippet4_9","","","","","","150","1"
"","Always","","","","","","","v2_Snippet5_1","","","","","","500","1"
"","Always","","","","","","","v2_Snippet5_2","","","","","","500","1"
"","Always","","","","","","","v2_Snippet5_3","","","","","","500","1"
"","Always","","","","","","","v2_Snippet5_4","","","","","","500","1"
"","Always","","","","","","","v2_Snippet5_5","","","","","","500","1"
"","Always","","","","","","","v2_Snippet5_6","","","","","","375","1"
"","Always","","","","","","","v2_Snippet5_7","","","","","","375","1"
"","Always","","","","","","","v2_Snippet5_8","","","","","","250","1"
"","Always","","","","","","","v2_Snippet5_9","","","","","","125","1"
"","Always","","","","","","","v2_Snippet6_1","","","","","","400","1"
"","Always","","","","","","","v2_Snippet6_2","","","","","","400","1"
"","Always","","","","","","","v2_Snippet6_3","","","","","","400","1"
"","Always","","","","","","","v2_Snippet6_4","","","","","","400","1"
"","Always","","","","","","","v2_Snippet6_5","","","","","","300","1"
"","Always","","","","","","","v2_Snippet6_6","","","","","","300","1"
"","Always","","","","","","","v2_Snippet6_7","","","","","","200","1"
"","Always","","","","","","","v2_Snippet6_8","","","","","","200","1"
"","Always","","","","","","","v2_Snippet6_9","","","","","","100","1"
"ChoiceChest_CL1_1Star","","","","","","","","","","Common","","","","877","1"
"","","","","","","","","","","Common","","","","702","2"
"","","","","","","","","","","Common","","","","526","4"
"","","","","","","","","","","Common","","","","351","5"
"","","","","","","","","","","Common","","","","175","6"
"","","","","","","","","","","Rare","","","","987","1"
"","","","","","","","","","","Rare","","","","789","2"
"","","","","","","","","","","Rare","","","","592","3"
"","","","","","","","","","Gold","","","","","1667","25"
"","","","","","","","","","Gold","","","","","1333","38"
"","","","","","","","","","Gold","","","","","1000","50"
"","","","","","","","","","Gold","","","","","667","75"
"","","","","","","","","","Gold","","","","","333","100"
"","","","","","","","","","Gems","","","","","68","35"
"","","","","","","","","","Gems","","","","","54","40"
"","","","","","","","","","Gems","","","","","41","50"
"","","","","","","","","","Gems","","","","","27","55"
"","","","","","","","","","Gems","","","","","14","65"
"ChoiceChest_CL1_2Star","","","","","","","","","","Common","","","","1053","3"
"","","","","","","","","","","Common","","","","842","4"
"","","","","","","","","","","Common","","","","632","6"
"","","","","","","","","","","Common","","","","421","9"
"","","","","","","","","","","Common","","","","211","12"
"","","","","","","","","","","Rare","","","","947","1"
"","","","","","","","","","","Rare","","","","758","2"
"","","","","","","","","","","Rare","","","","568","4"
"","","","","","","","","","","Rare","","","","379","5"
"","","","","","","","","","","Rare","","","","189","6"
"","","","","","","","","","Gold","","","","","1333","100"
"","","","","","","","","","Gold","","","","","1067","150"
"","","","","","","","","","Gold","","","","","800","200"
"","","","","","","","","","Gold","","","","","533","300"
"","","","","","","","","","Gold","","","","","267","400"
"","","","","","","","","","Gems","","","","","68","70"
"","","","","","","","","","Gems","","","","","54","85"
"","","","","","","","","","Gems","","","","","41","100"
"","","","","","","","","","Gems","","","","","27","115"
"","","","","","","","","","Gems","","","","","14","130"
"ChoiceChest_CL1_3Star","","","","","","","","","","Common","","","","1228","12"
"","","","","","","","","","","Common","","","","982","19"
"","","","","","","","","","","Common","","","","737","25"
"","","","","","","","","","","Common","","","","491","38"
"","","","","","","","","","","Common","","","","246","50"
"","","","","","","","","","","Rare","","","","1105","2"
"","","","","","","","","","","Rare","","","","884","4"
"","","","","","","","","","","Rare","","","","663","5"
"","","","","","","","","","","Rare","","","","442","8"
"","","","","","","","","","","Rare","","","","221","10"
"","","","","","","","","","Gold","","","","","1000","400"
"","","","","","","","","","Gold","","","","","800","600"
"","","","","","","","","","Gold","","","","","600","800"
"","","","","","","","","","Gold","","","","","400","1200"
"","","","","","","","","","Gold","","","","","200","1600"
"","","","","","","","","","Gems","","","","","68","175"
"","","","","","","","","","Gems","","","","","54","210"
"","","","","","","","","","Gems","","","","","41","250"
"","","","","","","","","","Gems","","","","","27","290"
"","","","","","","","","","Gems","","","","","14","325"
"ChoiceChest_CL1_4Star","","","","","","","","","","Common","","","","1754","50"
"","","","","","","","","","","Common","","","","1403","75"
"","","","","","","","","","","Common","","","","1053","100"
"","","","","","","","","","","Common","","","","702","150"
"","","","","","","","","","","Common","","","","351","200"
"","","","","","","","","","","Rare","","","","1579","10"
"","","","","","","","","","","Rare","","","","1263","15"
"","","","","","","","","","","Rare","","","","947","20"
"","","","","","","","","","","Rare","","","","632","30"
"","","","","","","","","","","Rare","","","","316","40"
"","","","","","","","","","Gems","","","","","71","350"
"","","","","","","","","","Gems","","","","","57","425"
"","","","","","","","","","Gems","","","","","43","500"
"","","","","","","","","","Gems","","","","","28","575"
"","","","","","","","","","Gems","","","","","14","650"
"ChoiceChest_CL1_5Star","","","","","","","","","","Common","","","","1754","240"
"","","","","","","","","","","Common","","","","1403","270"
"","","","","","","","","","","Common","","","","1053","300"
"","","","","","","","","","","Common","","","","702","330"
"","","","","","","","","","","Common","","","","351","360"
"","","","","","","","","","","Rare","","","","1579","48"
"","","","","","","","","","","Rare","","","","1263","54"
"","","","","","","","","","","Rare","","","","947","60"
"","","","","","","","","","","Rare","","","","632","66"
"","","","","","","","","","","Rare","","","","316","72"
"","","","","","","","","","Gems","","","","","81","700"
"","","","","","","","","","Gems","","","","","65","850"
"","","","","","","","","","Gems","","","","","49","1000"
"","","","","","","","","","Gems","","","","","33","1150"
"","","","","","","","","","Gems","","","","","16","1300"
"ChoiceChest_CL2_1Star","","","","","","","","","","Common","","","","877","1"
"","","","","","","","","","","Common","","","","702","2"
"","","","","","","","","","","Common","","","","526","4"
"","","","","","","","","","","Common","","","","351","5"
"","","","","","","","","","","Common","","","","175","6"
"","","","","","","","","","","Rare","","","","987","1"
"","","","","","","","","","","Rare","","","","789","2"
"","","","","","","","","","","Rare","","","","592","3"
"","","","","","","","","","Gold","","","","","1667","38"
"","","","","","","","","","Gold","","","","","1333","56"
"","","","","","","","","","Gold","","","","","1000","75"
"","","","","","","","","","Gold","","","","","667","112"
"","","","","","","","","","Gold","","","","","333","150"
"","","","","","","","","","Gems","","","","","68","35"
"","","","","","","","","","Gems","","","","","54","40"
"","","","","","","","","","Gems","","","","","41","50"
"","","","","","","","","","Gems","","","","","27","55"
"","","","","","","","","","Gems","","","","","14","65"
"ChoiceChest_CL2_2Star","","","","","","","","","","Common","","","","1053","4"
"","","","","","","","","","","Common","","","","842","7"
"","","","","","","","","","","Common","","","","632","9"
"","","","","","","","","","","Common","","","","421","14"
"","","","","","","","","","","Common","","","","211","18"
"","","","","","","","","","","Rare","","","","947","1"
"","","","","","","","","","","Rare","","","","758","2"
"","","","","","","","","","","Rare","","","","568","4"
"","","","","","","","","","","Rare","","","","379","5"
"","","","","","","","","","","Rare","","","","189","6"
"","","","","","","","","","Gold","","","","","1333","150"
"","","","","","","","","","Gold","","","","","1067","225"
"","","","","","","","","","Gold","","","","","800","300"
"","","","","","","","","","Gold","","","","","533","450"
"","","","","","","","","","Gold","","","","","267","600"
"","","","","","","","","","Gems","","","","","68","70"
"","","","","","","","","","Gems","","","","","54","85"
"","","","","","","","","","Gems","","","","","41","100"
"","","","","","","","","","Gems","","","","","27","115"
"","","","","","","","","","Gems","","","","","14","130"
"ChoiceChest_CL2_3Star","","","","","","","","","","Common","","","","1228","19"
"","","","","","","","","","","Common","","","","982","28"
"","","","","","","","","","","Common","","","","737","38"
"","","","","","","","","","","Common","","","","491","57"
"","","","","","","","","","","Common","","","","246","76"
"","","","","","","","","","","Rare","","","","1105","4"
"","","","","","","","","","","Rare","","","","884","6"
"","","","","","","","","","","Rare","","","","663","8"
"","","","","","","","","","","Rare","","","","442","12"
"","","","","","","","","","","Rare","","","","221","16"
"","","","","","","","","","Gold","","","","","1000","600"
"","","","","","","","","","Gold","","","","","800","900"
"","","","","","","","","","Gold","","","","","600","1200"
"","","","","","","","","","Gold","","","","","400","1800"
"","","","","","","","","","Gold","","","","","200","2400"
"","","","","","","","","","Gems","","","","","68","175"
"","","","","","","","","","Gems","","","","","54","210"
"","","","","","","","","","Gems","","","","","41","250"
"","","","","","","","","","Gems","","","","","27","290"
"","","","","","","","","","Gems","","","","","14","325"
"ChoiceChest_CL2_4Star","","","","","","","","","","Common","","","","1389","75"
"","","","","","","","","","","Common","","","","1111","112"
"","","","","","","","","","","Common","","","","834","150"
"","","","","","","","","","","Common","","","","556","225"
"","","","","","","","","","","Common","","","","278","300"
"","","","","","","","","","","Rare","","","","1250","15"
"","","","","","","","","","","Rare","","","","1000","22"
"","","","","","","","","","","Rare","","","","750","30"
"","","","","","","","","","","Rare","","","","500","45"
"","","","","","","","","","","Rare","","","","250","60"
"","","","","","","","","","","","","WildcardCommon","","462","25"
"","","","","","","","","","","","","WildcardCommon","","369","38"
"","","","","","","","","","","","","WildcardCommon","","278","50"
"","","","","","","","","","","","","WildcardCommon","","185","75"
"","","","","","","","","","","","","WildcardCommon","","93","100"
"","","","","","","","","","","","","WildcardRare","","232","5"
"","","","","","","","","","","","","WildcardRare","","185","8"
"","","","","","","","","","","","","WildcardRare","","139","10"
"","","","","","","","","","","","","WildcardRare","","92","15"
"","","","","","","","","","","","","WildcardRare","","46","20"
"","","","","","","","","","Gems","","","","","71","350"
"","","","","","","","","","Gems","","","","","57","425"
"","","","","","","","","","Gems","","","","","43","500"
"","","","","","","","","","Gems","","","","","28","575"
"","","","","","","","","","Gems","","","","","14","650"
"ChoiceChest_CL2_5Star","","","","","","","","","","Common","","","","1354","360"
"","","","","","","","","","","Common","","","","1083","405"
"","","","","","","","","","","Common","","","","812","450"
"","","","","","","","","","","Common","","","","542","495"
"","","","","","","","","","","Common","","","","271","540"
"","","","","","","","","","","Rare","","","","1219","72"
"","","","","","","","","","","Rare","","","","975","81"
"","","","","","","","","","","Rare","","","","731","90"
"","","","","","","","","","","Rare","","","","487","99"
"","","","","","","","","","","Rare","","","","244","108"
"","","","","","","","","","","","","WildcardCommon","","507","120"
"","","","","","","","","","","","","WildcardCommon","","405","135"
"","","","","","","","","","","","","WildcardCommon","","305","150"
"","","","","","","","","","","","","WildcardCommon","","203","165"
"","","","","","","","","","","","","WildcardCommon","","102","180"
"","","","","","","","","","","","","WildcardRare","","254","24"
"","","","","","","","","","","","","WildcardRare","","203","27"
"","","","","","","","","","","","","WildcardRare","","152","30"
"","","","","","","","","","","","","WildcardRare","","101","33"
"","","","","","","","","","","","","WildcardRare","","51","36"
"","","","","","","","","","Gems","","","","","81","700"
"","","","","","","","","","Gems","","","","","65","850"
"","","","","","","","","","Gems","","","","","49","1000"
"","","","","","","","","","Gems","","","","","33","1150"
"","","","","","","","","","Gems","","","","","16","1300"
"ChoiceChest_CL3_1Star","","","","","","","","","","Common","","","","877","1"
"","","","","","","","","","","Common","","","","702","3"
"","","","","","","","","","","Common","","","","526","5"
"","","","","","","","","","","Common","","","","351","7"
"","","","","","","","","","","Common","","","","175","9"
"","","","","","","","","","","Rare","","","","987","1"
"","","","","","","","","","","Rare","","","","789","2"
"","","","","","","","","","","Rare","","","","592","3"
"","","","","","","","","","Gold","","","","","1667","50"
"","","","","","","","","","Gold","","","","","1333","75"
"","","","","","","","","","Gold","","","","","1000","100"
"","","","","","","","","","Gold","","","","","667","150"
"","","","","","","","","","Gold","","","","","333","200"
"","","","","","","","","","Gems","","","","","68","35"
"","","","","","","","","","Gems","","","","","54","40"
"","","","","","","","","","Gems","","","","","41","50"
"","","","","","","","","","Gems","","","","","27","55"
"","","","","","","","","","Gems","","","","","14","65"
"ChoiceChest_CL3_2Star","","","","","","","","","","Common","","","","1053","6"
"","","","","","","","","","","Common","","","","842","9"
"","","","","","","","","","","Common","","","","632","12"
"","","","","","","","","","","Common","","","","421","18"
"","","","","","","","","","","Common","","","","211","24"
"","","","","","","","","","","Rare","","","","947","1"
"","","","","","","","","","","Rare","","","","758","2"
"","","","","","","","","","","Rare","","","","568","4"
"","","","","","","","","","","Rare","","","","379","5"
"","","","","","","","","","","Rare","","","","189","6"
"","","","","","","","","","Gold","","","","","1333","200"
"","","","","","","","","","Gold","","","","","1067","300"
"","","","","","","","","","Gold","","","","","800","400"
"","","","","","","","","","Gold","","","","","533","600"
"","","","","","","","","","Gold","","","","","267","800"
"","","","","","","","","","Gems","","","","","68","70"
"","","","","","","","","","Gems","","","","","54","85"
"","","","","","","","","","Gems","","","","","41","100"
"","","","","","","","","","Gems","","","","","27","115"
"","","","","","","","","","Gems","","","","","14","130"
"ChoiceChest_CL3_3Star","","","","","","","","","","Common","","","","1228","25"
"","","","","","","","","","","Common","","","","982","38"
"","","","","","","","","","","Common","","","","737","50"
"","","","","","","","","","","Common","","","","491","75"
"","","","","","","","","","","Common","","","","246","100"
"","","","","","","","","","","Rare","","","","1105","5"
"","","","","","","","","","","Rare","","","","884","8"
"","","","","","","","","","","Rare","","","","663","10"
"","","","","","","","","","","Rare","","","","442","15"
"","","","","","","","","","","Rare","","","","221","20"
"","","","","","","","","","Gold","","","","","1000","800"
"","","","","","","","","","Gold","","","","","800","1200"
"","","","","","","","","","Gold","","","","","600","1600"
"","","","","","","","","","Gold","","","","","400","2400"
"","","","","","","","","","Gold","","","","","200","3200"
"","","","","","","","","","Gems","","","","","68","175"
"","","","","","","","","","Gems","","","","","54","210"
"","","","","","","","","","Gems","","","","","41","250"
"","","","","","","","","","Gems","","","","","27","290"
"","","","","","","","","","Gems","","","","","14","325"
"ChoiceChest_CL3_4Star","","","","","","","","","","Common","","","","1294","100"
"","","","","","","","","","","Common","","","","1035","150"
"","","","","","","","","","","Common","","","","776","200"
"","","","","","","","","","","Common","","","","518","300"
"","","","","","","","","","","Common","","","","259","400"
"","","","","","","","","","","Rare","","","","1164","20"
"","","","","","","","","","","Rare","","","","931","30"
"","","","","","","","","","","Rare","","","","699","40"
"","","","","","","","","","","Rare","","","","466","60"
"","","","","","","","","","","Rare","","","","233","80"
"","","","","","","","","","","","","WildcardCommon","","431","34"
"","","","","","","","","","","","","WildcardCommon","","345","50"
"","","","","","","","","","","","","WildcardCommon","","259","67"
"","","","","","","","","","","","","WildcardCommon","","172","100"
"","","","","","","","","","","","","WildcardCommon","","87","134"
"","","","","","","","","","","","","WildcardRare","","215","6"
"","","","","","","","","","","","","WildcardRare","","172","10"
"","","","","","","","","","","","","WildcardRare","","129","13"
"","","","","","","","","","","","","WildcardRare","","86","20"
"","","","","","","","","","","","","WildcardRare","","43","26"
"","","","","","","Cannon","","","","","","","","4","1"
"","","","","","","Cannon","","","","","","","","3","2"
"","","","","","","Cannon","","","","","","","","2","3"
"","","","","","","Mortar","","","","","","","","4","1"
"","","","","","","Mortar","","","","","","","","3","2"
"","","","","","","Mortar","","","","","","","","2","3"
"","","","","","","Tesla","","","","","","","","4","1"
"","","","","","","Tesla","","","","","","","","3","2"
"","","","","","","Tesla","","","","","","","","2","3"
"","","","","","","FirespiritHut","","","","","","","","4","1"
"","","","","","","FirespiritHut","","","","","","","","3","2"
"","","","","","","FirespiritHut","","","","","","","","2","3"
"","","","","","","GoblinCage","","","","","","","","4","1"
"","","","","","","GoblinCage","","","","","","","","3","2"
"","","","","","","GoblinCage","","","","","","","","2","3"
"","","","","","","GoblinDrill","","","","","","","","4","1"
"","","","","","","GoblinDrill","","","","","","","","3","2"
"","","","","","","GoblinDrill","","","","","","","","2","3"
"","","","","","","Knight","","","","","","","","4","1"
"","","","","","","Knight","","","","","","","","3","2"
"","","","","","","Knight","","","","","","","","2","3"
"","","","","","","Archer","","","","","","","","4","1"
"","","","","","","Archer","","","","","","","","3","2"
"","","","","","","Archer","","","","","","","","2","3"
"","","","","","","Pekka","","","","","","","","4","1"
"","","","","","","Pekka","","","","","","","","3","2"
"","","","","","","Pekka","","","","","","","","2","3"
"","","","","","","Witch","","","","","","","","4","1"
"","","","","","","Witch","","","","","","","","3","2"
"","","","","","","Witch","","","","","","","","2","3"
"","","","","","","Barbarians","","","","","","","","4","1"
"","","","","","","Barbarians","","","","","","","","3","2"
"","","","","","","Barbarians","","","","","","","","2","3"
"","","","","","","Skeletons","","","","","","","","4","1"
"","","","","","","Skeletons","","","","","","","","3","2"
"","","","","","","Skeletons","","","","","","","","2","3"
"","","","","","","Valkyrie","","","","","","","","4","1"
"","","","","","","Valkyrie","","","","","","","","3","2"
"","","","","","","Valkyrie","","","","","","","","2","3"
"","","","","","","SkeletonArmy","","","","","","","","4","1"
"","","","","","","SkeletonArmy","","","","","","","","3","2"
"","","","","","","SkeletonArmy","","","","","","","","2","3"
"","","","","","","Bomber","","","","","","","","4","1"
"","","","","","","Bomber","","","","","","","","3","2"
"","","","","","","Bomber","","","","","","","","2","3"
"","","","","","","Musketeer","","","","","","","","4","1"
"","","","","","","Musketeer","","","","","","","","3","2"
"","","","","","","Musketeer","","","","","","","","2","3"
"","","","","","","BabyDragon","","","","","","","","4","1"
"","","","","","","BabyDragon","","","","","","","","3","2"
"","","","","","","BabyDragon","","","","","","","","2","3"
"","","","","","","Wizard","","","","","","","","4","1"
"","","","","","","Wizard","","","","","","","","3","2"
"","","","","","","Wizard","","","","","","","","2","3"
"","","","","","","RoyalGiant","","","","","","","","4","1"
"","","","","","","RoyalGiant","","","","","","","","3","2"
"","","","","","","RoyalGiant","","","","","","","","2","3"
"","","","","","","IceSpirits","","","","","","","","4","1"
"","","","","","","IceSpirits","","","","","","","","3","2"
"","","","","","","IceSpirits","","","","","","","","2","3"
"","","","","","","RageBarbarian","","","","","","","","4","1"
"","","","","","","RageBarbarian","","","","","","","","3","2"
"","","","","","","RageBarbarian","","","","","","","","2","3"
"","","","","","","BattleRam","","","","","","","","4","1"
"","","","","","","BattleRam","","","","","","","","3","2"
"","","","","","","BattleRam","","","","","","","","2","3"
"","","","","","","InfernoDragon","","","","","","","","4","1"
"","","","","","","InfernoDragon","","","","","","","","3","2"
"","","","","","","InfernoDragon","","","","","","","","2","3"
"","","","","","","BlowdartGoblin","","","","","","","","4","1"
"","","","","","","BlowdartGoblin","","","","","","","","3","2"
"","","","","","","BlowdartGoblin","","","","","","","","2","3"
"","","","","","","Hunter","","","","","","","","4","1"
"","","","","","","Hunter","","","","","","","","3","2"
"","","","","","","Hunter","","","","","","","","2","3"
"","","","","","","AxeMan","","","","","","","","4","1"
"","","","","","","AxeMan","","","","","","","","3","2"
"","","","","","","AxeMan","","","","","","","","2","3"
"","","","","","","RoyalRecruits","","","","","","","","4","1"
"","","","","","","RoyalRecruits","","","","","","","","3","2"
"","","","","","","RoyalRecruits","","","","","","","","2","3"
"","","","","","","Bats","","","","","","","","4","1"
"","","","","","","Bats","","","","","","","","3","2"
"","","","","","","Bats","","","","","","","","2","3"
"","","","","","","Ghost","","","","","","","","4","1"
"","","","","","","Ghost","","","","","","","","3","2"
"","","","","","","Ghost","","","","","","","","2","3"
"","","","","","","MegaKnight","","","","","","","","4","1"
"","","","","","","MegaKnight","","","","","","","","3","2"
"","","","","","","MegaKnight","","","","","","","","2","3"
"","","","","","","SkeletonBalloon","","","","","","","","4","1"
"","","","","","","SkeletonBalloon","","","","","","","","3","2"
"","","","","","","SkeletonBalloon","","","","","","","","2","3"
"","","","","","","Wallbreakers","","","","","","","","4","1"
"","","","","","","Wallbreakers","","","","","","","","3","2"
"","","","","","","Wallbreakers","","","","","","","","2","3"
"","","","","","","RoyalHogs","","","","","","","","4","1"
"","","","","","","RoyalHogs","","","","","","","","3","2"
"","","","","","","RoyalHogs","","","","","","","","2","3"
"","","","","","","GoblinGiant","","","","","","","","4","1"
"","","","","","","GoblinGiant","","","","","","","","3","2"
"","","","","","","GoblinGiant","","","","","","","","2","3"
"","","","","","","ElectroDragon","","","","","","","","4","1"
"","","","","","","ElectroDragon","","","","","","","","3","2"
"","","","","","","ElectroDragon","","","","","","","","2","3"
"","","","","","","Firecracker","","","","","","","","4","1"
"","","","","","","Firecracker","","","","","","","","3","2"
"","","","","","","Firecracker","","","","","","","","2","3"
"","","","","","","GoblinBarrel","","","","","","","","4","1"
"","","","","","","GoblinBarrel","","","","","","","","3","2"
"","","","","","","GoblinBarrel","","","","","","","","2","3"
"","","","","","","Zap","","","","","","","","4","1"
"","","","","","","Zap","","","","","","","","3","2"
"","","","","","","Zap","","","","","","","","2","3"
"","","","","","","Snowball","","","","","","","","4","1"
"","","","","","","Snowball","","","","","","","","3","2"
"","","","","","","Snowball","","","","","","","","2","3"
"","","","","","","MinionHorde","","","","","","","","4","1"
"","","","","","","MinionHorde","","","","","","","","3","2"
"","","","","","","MinionHorde","","","","","","","","2","3"
"","","","","","","Princess","","","","","","","","4","1"
"","","","","","","Princess","","","","","","","","3","2"
"","","","","","","Princess","","","","","","","","2","3"
"","","","","","","","","","Gems","","","","","66","350"
"","","","","","","","","","Gems","","","","","53","425"
"","","","","","","","","","Gems","","","","","40","500"
"","","","","","","","","","Gems","","","","","26","575"
"","","","","","","","","","Gems","","","","","13","650"
"ChoiceChest_CL3_5Star","","","","","","","","","","Common","","","","1201","480"
"","","","","","","","","","","Common","","","","961","540"
"","","","","","","","","","","Common","","","","721","600"
"","","","","","","","","","","Common","","","","480","660"
"","","","","","","","","","","Common","","","","240","720"
"","","","","","","","","","","Rare","","","","1081","96"
"","","","","","","","","","","Rare","","","","865","108"
"","","","","","","","","","","Rare","","","","648","120"
"","","","","","","","","","","Rare","","","","432","132"
"","","","","","","","","","","Rare","","","","216","144"
"","","","","","","","","","","","","WildcardCommon","","449","160"
"","","","","","","","","","","","","WildcardCommon","","360","180"
"","","","","","","","","","","","","WildcardCommon","","269","200"
"","","","","","","","","","","","","WildcardCommon","","180","220"
"","","","","","","","","","","","","WildcardCommon","","89","240"
"","","","","","","","","","","","","WildcardRare","","225","32"
"","","","","","","","","","","","","WildcardRare","","180","36"
"","","","","","","","","","","","","WildcardRare","","135","40"
"","","","","","","","","","","","","WildcardRare","","90","44"
"","","","","","","","","","","","","WildcardRare","","45","48"
"","","","","","","Cannon","","","","","","","","9","4"
"","","","","","","Cannon","","","","","","","","7","5"
"","","","","","","Cannon","","","","","","","","5","6"
"","","","","","","Mortar","","","","","","","","9","4"
"","","","","","","Mortar","","","","","","","","7","5"
"","","","","","","Mortar","","","","","","","","5","6"
"","","","","","","Tesla","","","","","","","","9","4"
"","","","","","","Tesla","","","","","","","","7","5"
"","","","","","","Tesla","","","","","","","","5","6"
"","","","","","","FirespiritHut","","","","","","","","9","4"
"","","","","","","FirespiritHut","","","","","","","","7","5"
"","","","","","","FirespiritHut","","","","","","","","5","6"
"","","","","","","GoblinCage","","","","","","","","9","4"
"","","","","","","GoblinCage","","","","","","","","7","5"
"","","","","","","GoblinCage","","","","","","","","5","6"
"","","","","","","GoblinDrill","","","","","","","","9","4"
"","","","","","","GoblinDrill","","","","","","","","7","5"
"","","","","","","GoblinDrill","","","","","","","","5","6"
"","","","","","","Knight","","","","","","","","9","4"
"","","","","","","Knight","","","","","","","","7","5"
"","","","","","","Knight","","","","","","","","5","6"
"","","","","","","Archer","","","","","","","","9","4"
"","","","","","","Archer","","","","","","","","7","5"
"","","","","","","Archer","","","","","","","","5","6"
"","","","","","","Pekka","","","","","","","","9","4"
"","","","","","","Pekka","","","","","","","","7","5"
"","","","","","","Pekka","","","","","","","","5","6"
"","","","","","","Witch","","","","","","","","9","4"
"","","","","","","Witch","","","","","","","","7","5"
"","","","","","","Witch","","","","","","","","5","6"
"","","","","","","Barbarians","","","","","","","","9","4"
"","","","","","","Barbarians","","","","","","","","7","5"
"","","","","","","Barbarians","","","","","","","","5","6"
"","","","","","","Skeletons","","","","","","","","9","4"
"","","","","","","Skeletons","","","","","","","","7","5"
"","","","","","","Skeletons","","","","","","","","5","6"
"","","","","","","Valkyrie","","","","","","","","9","4"
"","","","","","","Valkyrie","","","","","","","","7","5"
"","","","","","","Valkyrie","","","","","","","","5","6"
"","","","","","","SkeletonArmy","","","","","","","","9","4"
"","","","","","","SkeletonArmy","","","","","","","","7","5"
"","","","","","","SkeletonArmy","","","","","","","","5","6"
"","","","","","","Bomber","","","","","","","","9","4"
"","","","","","","Bomber","","","","","","","","7","5"
"","","","","","","Bomber","","","","","","","","5","6"
"","","","","","","Musketeer","","","","","","","","9","4"
"","","","","","","Musketeer","","","","","","","","7","5"
"","","","","","","Musketeer","","","","","","","","5","6"
"","","","","","","BabyDragon","","","","","","","","9","4"
"","","","","","","BabyDragon","","","","","","","","7","5"
"","","","","","","BabyDragon","","","","","","","","5","6"
"","","","","","","Wizard","","","","","","","","9","4"
"","","","","","","Wizard","","","","","","","","7","5"
"","","","","","","Wizard","","","","","","","","5","6"
"","","","","","","RoyalGiant","","","","","","","","9","4"
"","","","","","","RoyalGiant","","","","","","","","7","5"
"","","","","","","RoyalGiant","","","","","","","","5","6"
"","","","","","","IceSpirits","","","","","","","","9","4"
"","","","","","","IceSpirits","","","","","","","","7","5"
"","","","","","","IceSpirits","","","","","","","","5","6"
"","","","","","","RageBarbarian","","","","","","","","9","4"
"","","","","","","RageBarbarian","","","","","","","","7","5"
"","","","","","","RageBarbarian","","","","","","","","5","6"
"","","","","","","BattleRam","","","","","","","","9","4"
"","","","","","","BattleRam","","","","","","","","7","5"
"","","","","","","BattleRam","","","","","","","","5","6"
"","","","","","","InfernoDragon","","","","","","","","9","4"
"","","","","","","InfernoDragon","","","","","","","","7","5"
"","","","","","","InfernoDragon","","","","","","","","5","6"
"","","","","","","BlowdartGoblin","","","","","","","","9","4"
"","","","","","","BlowdartGoblin","","","","","","","","7","5"
"","","","","","","BlowdartGoblin","","","","","","","","5","6"
"","","","","","","Hunter","","","","","","","","9","4"
"","","","","","","Hunter","","","","","","","","7","5"
"","","","","","","Hunter","","","","","","","","5","6"
"","","","","","","AxeMan","","","","","","","","9","4"
"","","","","","","AxeMan","","","","","","","","7","5"
"","","","","","","AxeMan","","","","","","","","5","6"
"","","","","","","RoyalRecruits","","","","","","","","9","4"
"","","","","","","RoyalRecruits","","","","","","","","7","5"
"","","","","","","RoyalRecruits","","","","","","","","5","6"
"","","","","","","Bats","","","","","","","","9","4"
"","","","","","","Bats","","","","","","","","7","5"
"","","","","","","Bats","","","","","","","","5","6"
"","","","","","","Ghost","","","","","","","","9","4"
"","","","","","","Ghost","","","","","","","","7","5"
"","","","","","","Ghost","","","","","","","","5","6"
"","","","","","","MegaKnight","","","","","","","","9","4"
"","","","","","","MegaKnight","","","","","","","","7","5"
"","","","","","","MegaKnight","","","","","","","","5","6"
"","","","","","","SkeletonBalloon","","","","","","","","9","4"
"","","","","","","SkeletonBalloon","","","","","","","","7","5"
"","","","","","","SkeletonBalloon","","","","","","","","5","6"
"","","","","","","Wallbreakers","","","","","","","","9","4"
"","","","","","","Wallbreakers","","","","","","","","7","5"
"","","","","","","Wallbreakers","","","","","","","","5","6"
"","","","","","","RoyalHogs","","","","","","","","9","4"
"","","","","","","RoyalHogs","","","","","","","","7","5"
"","","","","","","RoyalHogs","","","","","","","","5","6"
"","","","","","","GoblinGiant","","","","","","","","9","4"
"","","","","","","GoblinGiant","","","","","","","","7","5"
"","","","","","","GoblinGiant","","","","","","","","5","6"
"","","","","","","ElectroDragon","","","","","","","","9","4"
"","","","","","","ElectroDragon","","","","","","","","7","5"
"","","","","","","ElectroDragon","","","","","","","","5","6"
"","","","","","","Firecracker","","","","","","","","9","4"
"","","","","","","Firecracker","","","","","","","","7","5"
"","","","","","","Firecracker","","","","","","","","5","6"
"","","","","","","GoblinBarrel","","","","","","","","9","4"
"","","","","","","GoblinBarrel","","","","","","","","7","5"
"","","","","","","GoblinBarrel","","","","","","","","5","6"
"","","","","","","Zap","","","","","","","","9","4"
"","","","","","","Zap","","","","","","","","7","5"
"","","","","","","Zap","","","","","","","","5","6"
"","","","","","","Snowball","","","","","","","","9","4"
"","","","","","","Snowball","","","","","","","","7","5"
"","","","","","","Snowball","","","","","","","","5","6"
"","","","","","","MinionHorde","","","","","","","","9","4"
"","","","","","","MinionHorde","","","","","","","","7","5"
"","","","","","","MinionHorde","","","","","","","","5","6"
"","","","","","","Princess","","","","","","","","9","4"
"","","","","","","Princess","","","","","","","","7","5"
"","","","","","","Princess","","","","","","","","5","6"
"","","","","","","","","","Gems","","","","","72","700"
"","","","","","","","","","Gems","","","","","58","850"
"","","","","","","","","","Gems","","","","","43","1000"
"","","","","","","","","","Gems","","","","","29","1150"
"","","","","","","","","","Gems","","","","","14","1300"
"ChoiceChest_CL4_1Star","","","","","","","","","","Common","","","","877","2"
"","","","","","","","","","","Common","","","","702","3"
"","","","","","","","","","","Common","","","","526","4"
"","","","","","","","","","","Common","","","","351","6"
"","","","","","","","","","","Common","","","","175","8"
"","","","","","","","","","","Rare","","","","987","1"
"","","","","","","","","","","Rare","","","","789","2"
"","","","","","","","","","","Rare","","","","592","3"
"","","","","","","","","","Gold","","","","","1667","62"
"","","","","","","","","","Gold","","","","","1333","94"
"","","","","","","","","","Gold","","","","","1000","125"
"","","","","","","","","","Gold","","","","","667","188"
"","","","","","","","","","Gold","","","","","333","250"
"","","","","","","","","","Gems","","","","","68","35"
"","","","","","","","","","Gems","","","","","54","40"
"","","","","","","","","","Gems","","","","","41","50"
"","","","","","","","","","Gems","","","","","27","55"
"","","","","","","","","","Gems","","","","","14","65"
"ChoiceChest_CL4_2Star","","","","","","","","","","Common","","","","1012","8"
"","","","","","","","","","","Common","","","","810","12"
"","","","","","","","","","","Common","","","","607","16"
"","","","","","","","","","","Common","","","","405","24"
"","","","","","","","","","","Common","","","","202","32"
"","","","","","","","","","","Rare","","","","911","1"
"","","","","","","","","","","Rare","","","","729","3"
"","","","","","","","","","","Rare","","","","547","5"
"","","","","","","","","","","Rare","","","","364","7"
"","","","","","","","","","","Rare","","","","182","9"
"","","","","","","","","","Gold","","","","","1234","250"
"","","","","","","","","","Gold","","","","","987","375"
"","","","","","","","","","Gold","","","","","740","500"
"","","","","","","","","","Gold","","","","","494","750"
"","","","","","","","","","Gold","","","","","246","1000"
"","","","Chronos651","","","","","","","","","","","3","1"
"","","","Chronos652","","","","","","","","","","","3","1"
"","","","Chronos653","","","","","","","","","","","3","1"
"","","","Chronos654","","","","","","","","","","","3","1"
"","","","Chronos655","","","","","","","","","","","3","1"
"","","","Chronos656","","","","","","","","","","","3","1"
"","","","Chronos657","","","","","","","","","","","3","1"
"","","","Chronos658","","","","","","","","","","","3","1"
"","","","Chronos659","","","","","","","","","","","3","1"
"","","","Chronos660","","","","","","","","","","","3","1"
"","","","Chronos661","","","","","","","","","","","3","1"
"","","","Chronos662","","","","","","","","","","","3","1"
"","","","Chronos663","","","","","","","","","","","3","1"
"","","","Chronos664","","","","","","","","","","","3","1"
"","","","Chronos667","","","","","","","","","","","3","1"
"","","","Chronos668","","","","","","","","","","","3","1"
"","","","Chronos669","","","","","","","","","","","3","1"
"","","","Chronos670","","","","","","","","","","","3","1"
"","","","Chronos671","","","","","","","","","","","3","1"
"","","","Chronos672","","","","","","","","","","","3","1"
"","","","Chronos673","","","","","","","","","","","3","1"
"","","","Chronos674","","","","","","","","","","","3","1"
"","","","Chronos675","","","","","","","","","","","3","1"
"","","","Chronos676","","","","","","","","","","","3","1"
"","","","Chronos677","","","","","","","","","","","3","1"
"","","","Chronos678","","","","","","","","","","","3","1"
"","","","Chronos681","","","","","","","","","","","3","1"
"","","","Chronos682","","","","","","","","","","","3","1"
"","","","Chronos683","","","","","","","","","","","3","1"
"","","","Chronos684","","","","","","","","","","","3","1"
"","","","Chronos685","","","","","","","","","","","3","1"
"","","","Chronos686","","","","","","","","","","","3","1"
"","","","Chronos687","","","","","","","","","","","3","1"
"","","","Chronos688","","","","","","","","","","","3","1"
"","","","Chronos689","","","","","","","","","","","3","1"
"","","","Chronos690","","","","","","","","","","","3","1"
"","","","Chronos691","","","","","","","","","","","3","1"
"","","","Chronos692","","","","","","","","","","","3","1"
"","","","Chronos695","","","","","","","","","","","3","1"
"","","","Chronos696","","","","","","","","","","","3","1"
"","","","Chronos697","","","","","","","","","","","3","1"
"","","","Chronos698","","","","","","","","","","","3","1"
"","","","Chronos699","","","","","","","","","","","3","1"
"","","","Chronos700","","","","","","","","","","","3","1"
"","","","Chronos701","","","","","","","","","","","3","1"
"","","","Chronos702","","","","","","","","","","","3","1"
"","","","Chronos703","","","","","","","","","","","3","1"
"","","","Chronos704","","","","","","","","","","","3","1"
"","","","Chronos705","","","","","","","","","","","3","1"
"","","","Chronos706","","","","","","","","","","","3","1"
"","","","Chronos707","","","","","","","","","","","3","1"
"","","","Chronos708","","","","","","","","","","","3","1"
"","","","Chronos713","","","","","","","","","","","3","1"
"","","","Chronos714","","","","","","","","","","","3","1"
"","","","Chronos719","","","","","","","","","","","3","1"
"","","","Chronos720","","","","","","","","","","","3","1"
"","","","Chronos721","","","","","","","","","","","3","1"
"","","","Chronos722","","","","","","","","","","","3","1"
"","","","Chronos731","","","","","","","","","","","3","1"
"","","","Chronos732","","","","","","","","","","","3","1"
"","","","Chronos737","","","","","","","","","","","3","1"
"","","","Chronos738","","","","","","","","","","","3","1"
"","","","Chronos747","","","","","","","","","","","3","1"
"","","","Chronos748","","","","","","","","","","","3","1"
"","","","Chronos749","","","","","","","","","","","3","1"
"","","","Chronos750","","","","","","","","","","","3","1"
"","","","Chronos751","","","","","","","","","","","3","1"
"","","","Chronos752","","","","","","","","","","","3","1"
"","","","Chronos757","","","","","","","","","","","3","1"
"","","","Chronos758","","","","","","","","","","","3","1"
"","","","Chronos765","","","","","","","","","","","3","1"
"","","","Chronos766","","","","","","","","","","","3","1"
"","","","Chronos767","","","","","","","","","","","3","1"
"","","","Chronos768","","","","","","","","","","","3","1"
"","","","Chronos777","","","","","","","","","","","3","1"
"","","","Chronos778","","","","","","","","","","","3","1"
"","","","Chronos779","","","","","","","","","","","3","1"
"","","","Chronos780","","","","","","","","","","","3","1"
"","","","Chronos781","","","","","","","","","","","3","1"
"","","","Chronos782","","","","","","","","","","","3","1"
"","","","Chronos789","","","","","","","","","","","3","1"
"","","","Chronos790","","","","","","","","","","","3","1"
"","","","Chronos793","","","","","","","","","","","3","1"
"","","","Chronos794","","","","","","","","","","","3","1"
"","","","Chronos797","","","","","","","","","","","3","1"
"","","","Chronos798","","","","","","","","","","","3","1"
"","","","Chronos803","","","","","","","","","","","3","1"
"","","","Chronos804","","","","","","","","","","","3","1"
"","","","Chronos807","","","","","","","","","","","3","1"
"","","","Chronos808","","","","","","","","","","","3","1"
"","","","Chronos809","","","","","","","","","","","3","1"
"","","","Chronos810","","","","","","","","","","","3","1"
"","","","Chronos811","","","","","","","","","","","3","1"
"","","","Chronos812","","","","","","","","","","","3","1"
"","","","Chronos813","","","","","","","","","","","3","1"
"","","","Chronos814","","","","","","","","","","","3","1"
"","","","Chronos815","","","","","","","","","","","3","1"
"","","","Chronos816","","","","","","","","","","","3","1"
"","","","Chronos817","","","","","","","","","","","3","1"
"","","","Chronos818","","","","","","","","","","","3","1"
"","","","Chronos819","","","","","","","","","","","3","1"
"","","","Chronos820","","","","","","","","","","","3","1"
"","","","Chronos823","","","","","","","","","","","3","1"
"","","","Chronos824","","","","","","","","","","","3","1"
"","","","Chronos825","","","","","","","","","","","3","1"
"","","","Chronos826","","","","","","","","","","","3","1"
"","","","Chronos827","","","","","","","","","","","3","1"
"","","","Chronos828","","","","","","","","","","","3","1"
"","","","Chronos829","","","","","","","","","","","3","1"
"","","","Chronos830","","","","","","","","","","","3","1"
"","","","Chronos833","","","","","","","","","","","3","1"
"","","","Chronos834","","","","","","","","","","","3","1"
"","","","Chronos835","","","","","","","","","","","3","1"
"","","","Chronos836","","","","","","","","","","","3","1"
"","","","Chronos837","","","","","","","","","","","3","1"
"","","","Chronos838","","","","","","","","","","","3","1"
"","","","Chronos839","","","","","","","","","","","3","1"
"","","","Chronos840","","","","","","","","","","","3","1"
"","","","Chronos841","","","","","","","","","","","3","1"
"","","","Chronos842","","","","","","","","","","","3","1"
"","","","Chronos845","","","","","","","","","","","3","1"
"","","","Chronos846","","","","","","","","","","","3","1"
"","","","Chronos849","","","","","","","","","","","3","1"
"","","","Chronos850","","","","","","","","","","","3","1"
"","","","Chronos851","","","","","","","","","","","3","1"
"","","","Chronos852","","","","","","","","","","","3","1"
"","","","Chronos855","","","","","","","","","","","3","1"
"","","","Chronos856","","","","","","","","","","","3","1"
"","","","Chronos857","","","","","","","","","","","3","1"
"","","","Chronos858","","","","","","","","","","","3","1"
"","","","Chronos859","","","","","","","","","","","3","1"
"","","","Chronos860","","","","","","","","","","","3","1"
"","","","Chronos863","","","","","","","","","","","3","1"
"","","","Chronos864","","","","","","","","","","","3","1"
"","","","Chronos869","","","","","","","","","","","3","1"
"","","","Chronos870","","","","","","","","","","","3","1"
"","","","Chronos873","","","","","","","","","","","3","1"
"","","","Chronos874","","","","","","","","","","","3","1"
"","","","Chronos877","","","","","","","","","","","3","1"
"","","","Chronos878","","","","","","","","","","","3","1"
"","","","Chronos879","","","","","","","","","","","3","1"
"","","","Chronos880","","","","","","","","","","","3","1"
"","","","Chronos883","","","","","","","","","","","3","1"
"","","","Chronos884","","","","","","","","","","","3","1"
"","","","Chronos887","","","","","","","","","","","3","1"
"","","","Chronos888","","","","","","","","","","","3","1"
"","","","Chronos889","","","","","","","","","","","3","1"
"","","","Chronos890","","","","","","","","","","","3","1"
"","","","Chronos895","","","","","","","","","","","3","1"
"","","","Chronos896","","","","","","","","","","","3","1"
"","","","Chronos897","","","","","","","","","","","3","1"
"","","","Chronos898","","","","","","","","","","","3","1"
"","","","Chronos899","","","","","","","","","","","3","1"
"","","","Chronos900","","","","","","","","","","","3","1"
"","","","Chronos901","","","","","","","","","","","3","1"
"","","","Chronos902","","","","","","","","","","","3","1"
"","","","Chronos907","","","","","","","","","","","3","1"
"","","","Chronos908","","","","","","","","","","","3","1"
"","","","Chronos909","","","","","","","","","","","3","1"
"","","","Chronos910","","","","","","","","","","","3","1"
"","","","Chronos911","","","","","","","","","","","3","1"
"","","","Chronos912","","","","","","","","","","","3","1"
"","","","Chronos913","","","","","","","","","","","3","1"
"","","","Chronos914","","","","","","","","","","","3","1"
"","","","Chronos915","","","","","","","","","","","3","1"
"","","","Chronos916","","","","","","","","","","","3","1"
"","","","Chronos917","","","","","","","","","","","3","1"
"","","","Chronos918","","","","","","","","","","","3","1"
"","","","Chronos921","","","","","","","","","","","3","1"
"","","","Chronos922","","","","","","","","","","","3","1"
"","","","Chronos923","","","","","","","","","","","3","1"
"","","","Chronos924","","","","","","","","","","","3","1"
"","","","Chronos925","","","","","","","","","","","3","1"
"","","","Chronos926","","","","","","","","","","","3","1"
"","","","Chronos929","","","","","","","","","","","3","1"
"","","","Chronos930","","","","","","","","","","","3","1"
"","","","Chronos931","","","","","","","","","","","3","1"
"","","","Chronos932","","","","","","","","","","","3","1"
"","","","Chronos933","","","","","","","","","","","3","1"
"","","","Chronos934","","","","","","","","","","","3","1"
"","","","Chronos937","","","","","","","","","","","3","1"
"","","","Chronos938","","","","","","","","","","","3","1"
"","","","","","","","","","Gems","","","","","68","70"
"","","","","","","","","","Gems","","","","","54","85"
"","","","","","","","","","Gems","","","","","41","100"
"","","","","","","","","","Gems","","","","","27","115"
"","","","","","","","","","Gems","","","","","14","130"
"ChoiceChest_CL4_3Star","","","","","","","","","","Common","","","","1181","32"
"","","","","","","","","","","Common","","","","945","47"
"","","","","","","","","","","Common","","","","709","63"
"","","","","","","","","","","Common","","","","472","94"
"","","","","","","","","","","Common","","","","236","126"
"","","","","","","","","","","Rare","","","","1063","6"
"","","","","","","","","","","Rare","","","","850","10"
"","","","","","","","","","","Rare","","","","638","13"
"","","","","","","","","","","Rare","","","","425","20"
"","","","","","","","","","","Rare","","","","213","26"
"","","","","","","","","","Gold","","","","","921","1000"
"","","","","","","","","","Gold","","","","","736","1500"
"","","","","","","","","","Gold","","","","","552","2000"
"","","","","","","","","","Gold","","","","","369","3000"
"","","","","","","","","","Gold","","","","","184","4000"
"","","","","EmoteChronos232","","","","","","","","","","12","1"
"","","","","EmoteChronos234","","","","","","","","","","12","1"
"","","","","EmoteChronos235","","","","","","","","","","12","1"
"","","","","EmoteChronos241","","","","","","","","","","12","1"
"","","","","EmoteChronos242","","","","","","","","","","12","1"
"","","","","EmoteChronos247","","","","","","","","","","12","1"
"","","","","EmoteChronos251","","","","","","","","","","12","1"
"","","","","EmoteChronos253","","","","","","","","","","12","1"
"","","","","EmoteChronos255","","","","","","","","","","12","1"
"","","","","EmoteChronos256","","","","","","","","","","12","1"
"","","","","EmoteChronos257","","","","","","","","","","12","1"
"","","","","EmoteChronos259","","","","","","","","","","12","1"
"","","","","EmoteChronos265","","","","","","","","","","12","1"
"","","","","EmoteChronos267","","","","","","","","","","12","1"
"","","","","EmoteChronos270","","","","","","","","","","12","1"
"","","","","EmoteChronos271","","","","","","","","","","12","1"
"","","","","EmoteChronos274","","","","","","","","","","12","1"
"","","","","EmoteChronos277","","","","","","","","","","12","1"
"","","","","EmoteChronos278","","","","","","","","","","12","1"
"","","","","EmoteChronos279","","","","","","","","","","12","1"
"","","","","EmoteChronos280","","","","","","","","","","12","1"
"","","","","EmoteChronos283","","","","","","","","","","12","1"
"","","","","EmoteChronos286","","","","","","","","","","12","1"
"","","","","EmoteChronos291","","","","","","","","","","12","1"
"","","","","EmoteChronos293","","","","","","","","","","12","1"
"","","","","EmoteChronos295","","","","","","","","","","12","1"
"","","","","EmoteChronos297","","","","","","","","","","12","1"
"","","","","EmoteChronos303","","","","","","","","","","12","1"
"","","","","EmoteChronos304","","","","","","","","","","12","1"
"","","","","EmoteChronos305","","","","","","","","","","12","1"
"","","","","EmoteChronos307","","","","","","","","","","12","1"
"","","","","EmoteChronos313","","","","","","","","","","12","1"
"","","","","EmoteChronos315","","","","","","","","","","12","1"
"","","","","EmoteChronos318","","","","","","","","","","12","1"
"","","","","EmoteChronos321","","","","","","","","","","12","1"
"","","","","EmoteChronos323","","","","","","","","","","12","1"
"","","","","EmoteChronos332","","","","","","","","","","12","1"
"","","","","EmoteChronos333","","","","","","","","","","12","1"
"","","","","EmoteChronos336","","","","","","","","","","12","1"
"","","","","EmoteChronos338","","","","","","","","","","12","1"
"","","","","EmoteChronos341","","","","","","","","","","12","1"
"","","","","EmoteChronos343","","","","","","","","","","12","1"
"","","","","EmoteChronos346","","","","","","","","","","12","1"
"","","","","","","","","","Gems","","","","","68","175"
"","","","","","","","","","Gems","","","","","54","210"
"","","","","","","","","","Gems","","","","","41","250"
"","","","","","","","","","Gems","","","","","27","290"
"","","","","","","","","","Gems","","","","","14","325"
"ChoiceChest_CL4_4Star","","","","","","","","","","Common","","","","1226","125"
"","","","","","","","","","","Common","","","","981","188"
"","","","","","","","","","","Common","","","","735","250"
"","","","","","","","","","","Common","","","","491","375"
"","","","","","","","","","","Common","","","","245","500"
"","","","","","","","","","","Rare","","","","1103","25"
"","","","","","","","","","","Rare","","","","882","38"
"","","","","","","","","","","Rare","","","","662","50"
"","","","","","","","","","","Rare","","","","442","75"
"","","","","","","","","","","Rare","","","","221","100"
"","","","","","","","","","","","","WildcardCommon","","409","42"
"","","","","","","","","","","","","WildcardCommon","","327","62"
"","","","","","","","","","","","","WildcardCommon","","244","83"
"","","","","","","","","","","","","WildcardCommon","","163","124"
"","","","","","","","","","","","","WildcardCommon","","81","166"
"","","","","","","","","","","","","WildcardRare","","204","8"
"","","","","","","","","","","","","WildcardRare","","163","13"
"","","","","","","","","","","","","WildcardRare","","122","17"
"","","","","","","","","","","","","WildcardRare","","81","26"
"","","","","","","","","","","","","WildcardRare","","41","34"
"","","","","","","Cannon","","","","","","","","4","1"
"","","","","","","Cannon","","","","","","","","3","2"
"","","","","","","Cannon","","","","","","","","2","3"
"","","","","","","Mortar","","","","","","","","4","1"
"","","","","","","Mortar","","","","","","","","3","2"
"","","","","","","Mortar","","","","","","","","2","3"
"","","","","","","Tesla","","","","","","","","4","1"
"","","","","","","Tesla","","","","","","","","3","2"
"","","","","","","Tesla","","","","","","","","2","3"
"","","","","","","FirespiritHut","","","","","","","","4","1"
"","","","","","","FirespiritHut","","","","","","","","3","2"
"","","","","","","FirespiritHut","","","","","","","","2","3"
"","","","","","","GoblinCage","","","","","","","","4","1"
"","","","","","","GoblinCage","","","","","","","","3","2"
"","","","","","","GoblinCage","","","","","","","","2","3"
"","","","","","","GoblinDrill","","","","","","","","4","1"
"","","","","","","GoblinDrill","","","","","","","","3","2"
"","","","","","","GoblinDrill","","","","","","","","2","3"
"","","","","","","Knight","","","","","","","","4","1"
"","","","","","","Knight","","","","","","","","3","2"
"","","","","","","Knight","","","","","","","","2","3"
"","","","","","","Archer","","","","","","","","4","1"
"","","","","","","Archer","","","","","","","","3","2"
"","","","","","","Archer","","","","","","","","2","3"
"","","","","","","Pekka","","","","","","","","4","1"
"","","","","","","Pekka","","","","","","","","3","2"
"","","","","","","Pekka","","","","","","","","2","3"
"","","","","","","Witch","","","","","","","","4","1"
"","","","","","","Witch","","","","","","","","3","2"
"","","","","","","Witch","","","","","","","","2","3"
"","","","","","","Barbarians","","","","","","","","4","1"
"","","","","","","Barbarians","","","","","","","","3","2"
"","","","","","","Barbarians","","","","","","","","2","3"
"","","","","","","Skeletons","","","","","","","","4","1"
"","","","","","","Skeletons","","","","","","","","3","2"
"","","","","","","Skeletons","","","","","","","","2","3"
"","","","","","","Valkyrie","","","","","","","","4","1"
"","","","","","","Valkyrie","","","","","","","","3","2"
"","","","","","","Valkyrie","","","","","","","","2","3"
"","","","","","","SkeletonArmy","","","","","","","","4","1"
"","","","","","","SkeletonArmy","","","","","","","","3","2"
"","","","","","","SkeletonArmy","","","","","","","","2","3"
"","","","","","","Bomber","","","","","","","","4","1"
"","","","","","","Bomber","","","","","","","","3","2"
"","","","","","","Bomber","","","","","","","","2","3"
"","","","","","","Musketeer","","","","","","","","4","1"
"","","","","","","Musketeer","","","","","","","","3","2"
"","","","","","","Musketeer","","","","","","","","2","3"
"","","","","","","BabyDragon","","","","","","","","4","1"
"","","","","","","BabyDragon","","","","","","","","3","2"
"","","","","","","BabyDragon","","","","","","","","2","3"
"","","","","","","Wizard","","","","","","","","4","1"
"","","","","","","Wizard","","","","","","","","3","2"
"","","","","","","Wizard","","","","","","","","2","3"
"","","","","","","RoyalGiant","","","","","","","","4","1"
"","","","","","","RoyalGiant","","","","","","","","3","2"
"","","","","","","RoyalGiant","","","","","","","","2","3"
"","","","","","","IceSpirits","","","","","","","","4","1"
"","","","","","","IceSpirits","","","","","","","","3","2"
"","","","","","","IceSpirits","","","","","","","","2","3"
"","","","","","","RageBarbarian","","","","","","","","4","1"
"","","","","","","RageBarbarian","","","","","","","","3","2"
"","","","","","","RageBarbarian","","","","","","","","2","3"
"","","","","","","BattleRam","","","","","","","","4","1"
"","","","","","","BattleRam","","","","","","","","3","2"
"","","","","","","BattleRam","","","","","","","","2","3"
"","","","","","","InfernoDragon","","","","","","","","4","1"
"","","","","","","InfernoDragon","","","","","","","","3","2"
"","","","","","","InfernoDragon","","","","","","","","2","3"
"","","","","","","BlowdartGoblin","","","","","","","","4","1"
"","","","","","","BlowdartGoblin","","","","","","","","3","2"
"","","","","","","BlowdartGoblin","","","","","","","","2","3"
"","","","","","","Hunter","","","","","","","","4","1"
"","","","","","","Hunter","","","","","","","","3","2"
"","","","","","","Hunter","","","","","","","","2","3"
"","","","","","","AxeMan","","","","","","","","4","1"
"","","","","","","AxeMan","","","","","","","","3","2"
"","","","","","","AxeMan","","","","","","","","2","3"
"","","","","","","RoyalRecruits","","","","","","","","4","1"
"","","","","","","RoyalRecruits","","","","","","","","3","2"
"","","","","","","RoyalRecruits","","","","","","","","2","3"
"","","","","","","Bats","","","","","","","","4","1"
"","","","","","","Bats","","","","","","","","3","2"
"","","","","","","Bats","","","","","","","","2","3"
"","","","","","","Ghost","","","","","","","","4","1"
"","","","","","","Ghost","","","","","","","","3","2"
"","","","","","","Ghost","","","","","","","","2","3"
"","","","","","","MegaKnight","","","","","","","","4","1"
"","","","","","","MegaKnight","","","","","","","","3","2"
"","","","","","","MegaKnight","","","","","","","","2","3"
"","","","","","","SkeletonBalloon","","","","","","","","4","1"
"","","","","","","SkeletonBalloon","","","","","","","","3","2"
"","","","","","","SkeletonBalloon","","","","","","","","2","3"
"","","","","","","Wallbreakers","","","","","","","","4","1"
"","","","","","","Wallbreakers","","","","","","","","3","2"
"","","","","","","Wallbreakers","","","","","","","","2","3"
"","","","","","","RoyalHogs","","","","","","","","4","1"
"","","","","","","RoyalHogs","","","","","","","","3","2"
"","","","","","","RoyalHogs","","","","","","","","2","3"
"","","","","","","GoblinGiant","","","","","","","","4","1"
"","","","","","","GoblinGiant","","","","","","","","3","2"
"","","","","","","GoblinGiant","","","","","","","","2","3"
"","","","","","","ElectroDragon","","","","","","","","4","1"
"","","","","","","ElectroDragon","","","","","","","","3","2"
"","","","","","","ElectroDragon","","","","","","","","2","3"
"","","","","","","Firecracker","","","","","","","","4","1"
"","","","","","","Firecracker","","","","","","","","3","2"
"","","","","","","Firecracker","","","","","","","","2","3"
"","","","","","","GoblinBarrel","","","","","","","","4","1"
"","","","","","","GoblinBarrel","","","","","","","","3","2"
"","","","","","","GoblinBarrel","","","","","","","","2","3"
"","","","","","","Zap","","","","","","","","4","1"
"","","","","","","Zap","","","","","","","","3","2"
"","","","","","","Zap","","","","","","","","2","3"
"","","","","","","Snowball","","","","","","","","4","1"
"","","","","","","Snowball","","","","","","","","3","2"
"","","","","","","Snowball","","","","","","","","2","3"
"","","","","","","MinionHorde","","","","","","","","4","1"
"","","","","","","MinionHorde","","","","","","","","3","2"
"","","","","","","MinionHorde","","","","","","","","2","3"
"","","","","","","Princess","","","","","","","","4","1"
"","","","","","","Princess","","","","","","","","3","2"
"","","","","","","Princess","","","","","","","","2","3"
"","","","","","TowerSkin1035","","","","","","","","","99","1"
"","","","","","TowerSkin1036","","","","","","","","","99","1"
"","","","","","TowerSkin1038","","","","","","","","","99","1"
"","","","","","TowerSkin1040","","","","","","","","","99","1"
"","","","","","TowerSkin1045","","","","","","","","","99","1"
"","","","","","","","","","Gems","","","","","66","350"
"","","","","","","","","","Gems","","","","","53","425"
"","","","","","","","","","Gems","","","","","40","500"
"","","","","","","","","","Gems","","","","","26","575"
"","","","","","","","","","Gems","","","","","13","650"
"ChoiceChest_CL4_5Star","","","","","","","","","","Common","","","","1129","600"
"","","","","","","","","","","Common","","","","903","675"
"","","","","","","","","","","Common","","","","677","750"
"","","","","","","","","","","Common","","","","451","825"
"","","","","","","","","","","Common","","","","226","900"
"","","","","","","","","","","Rare","","","","1016","120"
"","","","","","","","","","","Rare","","","","813","135"
"","","","","","","","","","","Rare","","","","609","150"
"","","","","","","","","","","Rare","","","","406","165"
"","","","","","","","","","","Rare","","","","203","180"
"","","","","","","","","","","","","WildcardCommon","","422","200"
"","","","","","","","","","","","","WildcardCommon","","339","225"
"","","","","","","","","","","","","WildcardCommon","","253","250"
"","","","","","","","","","","","","WildcardCommon","","169","275"
"","","","","","","","","","","","","WildcardCommon","","84","300"
"","","","","","","","","","","","","WildcardRare","","211","40"
"","","","","","","","","","","","","WildcardRare","","169","45"
"","","","","","","","","","","","","WildcardRare","","127","50"
"","","","","","","","","","","","","WildcardRare","","84","55"
"","","","","","","","","","","","","WildcardRare","","42","60"
"","","","","","","Cannon","","","","","","","","9","4"
"","","","","","","Cannon","","","","","","","","7","5"
"","","","","","","Cannon","","","","","","","","5","6"
"","","","","","","Mortar","","","","","","","","9","4"
"","","","","","","Mortar","","","","","","","","7","5"
"","","","","","","Mortar","","","","","","","","5","6"
"","","","","","","Tesla","","","","","","","","9","4"
"","","","","","","Tesla","","","","","","","","7","5"
"","","","","","","Tesla","","","","","","","","5","6"
"","","","","","","FirespiritHut","","","","","","","","9","4"
"","","","","","","FirespiritHut","","","","","","","","7","5"
"","","","","","","FirespiritHut","","","","","","","","5","6"
"","","","","","","GoblinCage","","","","","","","","9","4"
"","","","","","","GoblinCage","","","","","","","","7","5"
"","","","","","","GoblinCage","","","","","","","","5","6"
"","","","","","","GoblinDrill","","","","","","","","9","4"
"","","","","","","GoblinDrill","","","","","","","","7","5"
"","","","","","","GoblinDrill","","","","","","","","5","6"
"","","","","","","Knight","","","","","","","","9","4"
"","","","","","","Knight","","","","","","","","7","5"
"","","","","","","Knight","","","","","","","","5","6"
"","","","","","","Archer","","","","","","","","9","4"
"","","","","","","Archer","","","","","","","","7","5"
"","","","","","","Archer","","","","","","","","5","6"
"","","","","","","Pekka","","","","","","","","9","4"
"","","","","","","Pekka","","","","","","","","7","5"
"","","","","","","Pekka","","","","","","","","5","6"
"","","","","","","Witch","","","","","","","","9","4"
"","","","","","","Witch","","","","","","","","7","5"
"","","","","","","Witch","","","","","","","","5","6"
"","","","","","","Barbarians","","","","","","","","9","4"
"","","","","","","Barbarians","","","","","","","","7","5"
"","","","","","","Barbarians","","","","","","","","5","6"
"","","","","","","Skeletons","","","","","","","","9","4"
"","","","","","","Skeletons","","","","","","","","7","5"
"","","","","","","Skeletons","","","","","","","","5","6"
"","","","","","","Valkyrie","","","","","","","","9","4"
"","","","","","","Valkyrie","","","","","","","","7","5"
"","","","","","","Valkyrie","","","","","","","","5","6"
"","","","","","","SkeletonArmy","","","","","","","","9","4"
"","","","","","","SkeletonArmy","","","","","","","","7","5"
"","","","","","","SkeletonArmy","","","","","","","","5","6"
"","","","","","","Bomber","","","","","","","","9","4"
"","","","","","","Bomber","","","","","","","","7","5"
"","","","","","","Bomber","","","","","","","","5","6"
"","","","","","","Musketeer","","","","","","","","9","4"
"","","","","","","Musketeer","","","","","","","","7","5"
"","","","","","","Musketeer","","","","","","","","5","6"
"","","","","","","BabyDragon","","","","","","","","9","4"
"","","","","","","BabyDragon","","","","","","","","7","5"
"","","","","","","BabyDragon","","","","","","","","5","6"
"","","","","","","Wizard","","","","","","","","9","4"
"","","","","","","Wizard","","","","","","","","7","5"
"","","","","","","Wizard","","","","","","","","5","6"
"","","","","","","RoyalGiant","","","","","","","","9","4"
"","","","","","","RoyalGiant","","","","","","","","7","5"
"","","","","","","RoyalGiant","","","","","","","","5","6"
"","","","","","","IceSpirits","","","","","","","","9","4"
"","","","","","","IceSpirits","","","","","","","","7","5"
"","","","","","","IceSpirits","","","","","","","","5","6"
"","","","","","","RageBarbarian","","","","","","","","9","4"
"","","","","","","RageBarbarian","","","","","","","","7","5"
"","","","","","","RageBarbarian","","","","","","","","5","6"
"","","","","","","BattleRam","","","","","","","","9","4"
"","","","","","","BattleRam","","","","","","","","7","5"
"","","","","","","BattleRam","","","","","","","","5","6"
"","","","","","","InfernoDragon","","","","","","","","9","4"
"","","","","","","InfernoDragon","","","","","","","","7","5"
"","","","","","","InfernoDragon","","","","","","","","5","6"
"","","","","","","BlowdartGoblin","","","","","","","","9","4"
"","","","","","","BlowdartGoblin","","","","","","","","7","5"
"","","","","","","BlowdartGoblin","","","","","","","","5","6"
"","","","","","","Hunter","","","","","","","","9","4"
"","","","","","","Hunter","","","","","","","","7","5"
"","","","","","","Hunter","","","","","","","","5","6"
"","","","","","","AxeMan","","","","","","","","9","4"
"","","","","","","AxeMan","","","","","","","","7","5"
"","","","","","","AxeMan","","","","","","","","5","6"
"","","","","","","RoyalRecruits","","","","","","","","9","4"
"","","","","","","RoyalRecruits","","","","","","","","7","5"
"","","","","","","RoyalRecruits","","","","","","","","5","6"
"","","","","","","Bats","","","","","","","","9","4"
"","","","","","","Bats","","","","","","","","7","5"
"","","","","","","Bats","","","","","","","","5","6"
"","","","","","","Ghost","","","","","","","","9","4"
"","","","","","","Ghost","","","","","","","","7","5"
"","","","","","","Ghost","","","","","","","","5","6"
"","","","","","","MegaKnight","","","","","","","","9","4"
"","","","","","","MegaKnight","","","","","","","","7","5"
"","","","","","","MegaKnight","","","","","","","","5","6"
"","","","","","","SkeletonBalloon","","","","","","","","9","4"
"","","","","","","SkeletonBalloon","","","","","","","","7","5"
"","","","","","","SkeletonBalloon","","","","","","","","5","6"
"","","","","","","Wallbreakers","","","","","","","","9","4"
"","","","","","","Wallbreakers","","","","","","","","7","5"
"","","","","","","Wallbreakers","","","","","","","","5","6"
"","","","","","","RoyalHogs","","","","","","","","9","4"
"","","","","","","RoyalHogs","","","","","","","","7","5"
"","","","","","","RoyalHogs","","","","","","","","5","6"
"","","","","","","GoblinGiant","","","","","","","","9","4"
"","","","","","","GoblinGiant","","","","","","","","7","5"
"","","","","","","GoblinGiant","","","","","","","","5","6"
"","","","","","","ElectroDragon","","","","","","","","9","4"
"","","","","","","ElectroDragon","","","","","","","","7","5"
"","","","","","","ElectroDragon","","","","","","","","5","6"
"","","","","","","Firecracker","","","","","","","","9","4"
"","","","","","","Firecracker","","","","","","","","7","5"
"","","","","","","Firecracker","","","","","","","","5","6"
"","","","","","","GoblinBarrel","","","","","","","","9","4"
"","","","","","","GoblinBarrel","","","","","","","","7","5"
"","","","","","","GoblinBarrel","","","","","","","","5","6"
"","","","","","","Zap","","","","","","","","9","4"
"","","","","","","Zap","","","","","","","","7","5"
"","","","","","","Zap","","","","","","","","5","6"
"","","","","","","Snowball","","","","","","","","9","4"
"","","","","","","Snowball","","","","","","","","7","5"
"","","","","","","Snowball","","","","","","","","5","6"
"","","","","","","MinionHorde","","","","","","","","9","4"
"","","","","","","MinionHorde","","","","","","","","7","5"
"","","","","","","MinionHorde","","","","","","","","5","6"
"","","","","","","Princess","","","","","","","","9","4"
"","","","","","","Princess","","","","","","","","7","5"
"","","","","","","Princess","","","","","","","","5","6"
"","","","","","TowerSkin1035","","","","","","","","","108","1"
"","","","","","TowerSkin1036","","","","","","","","","108","1"
"","","","","","TowerSkin1038","","","","","","","","","108","1"
"","","","","","TowerSkin1040","","","","","","","","","108","1"
"","","","","","TowerSkin1045","","","","","","","","","108","1"
"","","","","","","","","","Gems","","","","","72","700"
"","","","","","","","","","Gems","","","","","58","850"
"","","","","","","","","","Gems","","","","","43","1000"
"","","","","","","","","","Gems","","","","","29","1150"
"","","","","","","","","","Gems","","","","","14","1300"
"ChoiceChest_CL5_1Star","","","","","","","","","","Common","","","","877","2"
"","","","","","","","","","","Common","","","","702","4"
"","","","","","","","","","","Common","","","","526","5"
"","","","","","","","","","","Common","","","","351","8"
"","","","","","","","","","","Common","","","","175","10"
"","","","","","","","","","","Rare","","","","987","1"
"","","","","","","","","","","Rare","","","","789","2"
"","","","","","","","","","","Rare","","","","592","3"
"","","","","","","","","","Gold","","","","","1667","75"
"","","","","","","","","","Gold","","","","","1333","112"
"","","","","","","","","","Gold","","","","","1000","150"
"","","","","","","","","","Gold","","","","","667","225"
"","","","","","","","","","Gold","","","","","333","300"
"","","","","","","","","","Gems","","","","","68","35"
"","","","","","","","","","Gems","","","","","54","40"
"","","","","","","","","","Gems","","","","","41","50"
"","","","","","","","","","Gems","","","","","27","55"
"","","","","","","","","","Gems","","","","","14","65"
"ChoiceChest_CL5_2Star","","","","","","","","","","Common","","","","1012","10"
"","","","","","","","","","","Common","","","","810","14"
"","","","","","","","","","","Common","","","","607","19"
"","","","","","","","","","","Common","","","","405","28"
"","","","","","","","","","","Common","","","","202","38"
"","","","","","","","","","","Rare","","","","911","2"
"","","","","","","","","","","Rare","","","","729","3"
"","","","","","","","","","","Rare","","","","547","4"
"","","","","","","","","","","Rare","","","","364","6"
"","","","","","","","","","","Rare","","","","182","8"
"","","","","","","","","","Gold","","","","","1234","300"
"","","","","","","","","","Gold","","","","","987","450"
"","","","","","","","","","Gold","","","","","740","600"
"","","","","","","","","","Gold","","","","","494","900"
"","","","","","","","","","Gold","","","","","246","1200"
"","","","Chronos651","","","","","","","","","","","3","1"
"","","","Chronos652","","","","","","","","","","","3","1"
"","","","Chronos653","","","","","","","","","","","3","1"
"","","","Chronos654","","","","","","","","","","","3","1"
"","","","Chronos655","","","","","","","","","","","3","1"
"","","","Chronos656","","","","","","","","","","","3","1"
"","","","Chronos657","","","","","","","","","","","3","1"
"","","","Chronos658","","","","","","","","","","","3","1"
"","","","Chronos659","","","","","","","","","","","3","1"
"","","","Chronos660","","","","","","","","","","","3","1"
"","","","Chronos661","","","","","","","","","","","3","1"
"","","","Chronos662","","","","","","","","","","","3","1"
"","","","Chronos663","","","","","","","","","","","3","1"
"","","","Chronos664","","","","","","","","","","","3","1"
"","","","Chronos667","","","","","","","","","","","3","1"
"","","","Chronos668","","","","","","","","","","","3","1"
"","","","Chronos669","","","","","","","","","","","3","1"
"","","","Chronos670","","","","","","","","","","","3","1"
"","","","Chronos671","","","","","","","","","","","3","1"
"","","","Chronos672","","","","","","","","","","","3","1"
"","","","Chronos673","","","","","","","","","","","3","1"
"","","","Chronos674","","","","","","","","","","","3","1"
"","","","Chronos675","","","","","","","","","","","3","1"
"","","","Chronos676","","","","","","","","","","","3","1"
"","","","Chronos677","","","","","","","","","","","3","1"
"","","","Chronos678","","","","","","","","","","","3","1"
"","","","Chronos681","","","","","","","","","","","3","1"
"","","","Chronos682","","","","","","","","","","","3","1"
"","","","Chronos683","","","","","","","","","","","3","1"
"","","","Chronos684","","","","","","","","","","","3","1"
"","","","Chronos685","","","","","","","","","","","3","1"
"","","","Chronos686","","","","","","","","","","","3","1"
"","","","Chronos687","","","","","","","","","","","3","1"
"","","","Chronos688","","","","","","","","","","","3","1"
"","","","Chronos689","","","","","","","","","","","3","1"
"","","","Chronos690","","","","","","","","","","","3","1"
"","","","Chronos691","","","","","","","","","","","3","1"
"","","","Chronos692","","","","","","","","","","","3","1"
"","","","Chronos695","","","","","","","","","","","3","1"
"","","","Chronos696","","","","","","","","","","","3","1"
"","","","Chronos697","","","","","","","","","","","3","1"
"","","","Chronos698","","","","","","","","","","","3","1"
"","","","Chronos699","","","","","","","","","","","3","1"
"","","","Chronos700","","","","","","","","","","","3","1"
"","","","Chronos701","","","","","","","","","","","3","1"
"","","","Chronos702","","","","","","","","","","","3","1"
"","","","Chronos703","","","","","","","","","","","3","1"
"","","","Chronos704","","","","","","","","","","","3","1"
"","","","Chronos705","","","","","","","","","","","3","1"
"","","","Chronos706","","","","","","","","","","","3","1"
"","","","Chronos707","","","","","","","","","","","3","1"
"","","","Chronos708","","","","","","","","","","","3","1"
"","","","Chronos713","","","","","","","","","","","3","1"
"","","","Chronos714","","","","","","","","","","","3","1"
"","","","Chronos719","","","","","","","","","","","3","1"
"","","","Chronos720","","","","","","","","","","","3","1"
"","","","Chronos721","","","","","","","","","","","3","1"
"","","","Chronos722","","","","","","","","","","","3","1"
"","","","Chronos731","","","","","","","","","","","3","1"
"","","","Chronos732","","","","","","","","","","","3","1"
"","","","Chronos737","","","","","","","","","","","3","1"
"","","","Chronos738","","","","","","","","","","","3","1"
"","","","Chronos747","","","","","","","","","","","3","1"
"","","","Chronos748","","","","","","","","","","","3","1"
"","","","Chronos749","","","","","","","","","","","3","1"
"","","","Chronos750","","","","","","","","","","","3","1"
"","","","Chronos751","","","","","","","","","","","3","1"
"","","","Chronos752","","","","","","","","","","","3","1"
"","","","Chronos757","","","","","","","","","","","3","1"
"","","","Chronos758","","","","","","","","","","","3","1"
"","","","Chronos765","","","","","","","","","","","3","1"
"","","","Chronos766","","","","","","","","","","","3","1"
"","","","Chronos767","","","","","","","","","","","3","1"
"","","","Chronos768","","","","","","","","","","","3","1"
"","","","Chronos777","","","","","","","","","","","3","1"
"","","","Chronos778","","","","","","","","","","","3","1"
"","","","Chronos779","","","","","","","","","","","3","1"
"","","","Chronos780","","","","","","","","","","","3","1"
"","","","Chronos781","","","","","","","","","","","3","1"
"","","","Chronos782","","","","","","","","","","","3","1"
"","","","Chronos789","","","","","","","","","","","3","1"
"","","","Chronos790","","","","","","","","","","","3","1"
"","","","Chronos793","","","","","","","","","","","3","1"
"","","","Chronos794","","","","","","","","","","","3","1"
"","","","Chronos797","","","","","","","","","","","3","1"
"","","","Chronos798","","","","","","","","","","","3","1"
"","","","Chronos803","","","","","","","","","","","3","1"
"","","","Chronos804","","","","","","","","","","","3","1"
"","","","Chronos807","","","","","","","","","","","3","1"
"","","","Chronos808","","","","","","","","","","","3","1"
"","","","Chronos809","","","","","","","","","","","3","1"
"","","","Chronos810","","","","","","","","","","","3","1"
"","","","Chronos811","","","","","","","","","","","3","1"
"","","","Chronos812","","","","","","","","","","","3","1"
"","","","Chronos813","","","","","","","","","","","3","1"
"","","","Chronos814","","","","","","","","","","","3","1"
"","","","Chronos815","","","","","","","","","","","3","1"
"","","","Chronos816","","","","","","","","","","","3","1"
"","","","Chronos817","","","","","","","","","","","3","1"
"","","","Chronos818","","","","","","","","","","","3","1"
"","","","Chronos819","","","","","","","","","","","3","1"
"","","","Chronos820","","","","","","","","","","","3","1"
"","","","Chronos823","","","","","","","","","","","3","1"
"","","","Chronos824","","","","","","","","","","","3","1"
"","","","Chronos825","","","","","","","","","","","3","1"
"","","","Chronos826","","","","","","","","","","","3","1"
"","","","Chronos827","","","","","","","","","","","3","1"
"","","","Chronos828","","","","","","","","","","","3","1"
"","","","Chronos829","","","","","","","","","","","3","1"
"","","","Chronos830","","","","","","","","","","","3","1"
"","","","Chronos833","","","","","","","","","","","3","1"
"","","","Chronos834","","","","","","","","","","","3","1"
"","","","Chronos835","","","","","","","","","","","3","1"
"","","","Chronos836","","","","","","","","","","","3","1"
"","","","Chronos837","","","","","","","","","","","3","1"
"","","","Chronos838","","","","","","","","","","","3","1"
"","","","Chronos839","","","","","","","","","","","3","1"
"","","","Chronos840","","","","","","","","","","","3","1"
"","","","Chronos841","","","","","","","","","","","3","1"
"","","","Chronos842","","","","","","","","","","","3","1"
"","","","Chronos845","","","","","","","","","","","3","1"
"","","","Chronos846","","","","","","","","","","","3","1"
"","","","Chronos849","","","","","","","","","","","3","1"
"","","","Chronos850","","","","","","","","","","","3","1"
"","","","Chronos851","","","","","","","","","","","3","1"
"","","","Chronos852","","","","","","","","","","","3","1"
"","","","Chronos855","","","","","","","","","","","3","1"
"","","","Chronos856","","","","","","","","","","","3","1"
"","","","Chronos857","","","","","","","","","","","3","1"
"","","","Chronos858","","","","","","","","","","","3","1"
"","","","Chronos859","","","","","","","","","","","3","1"
"","","","Chronos860","","","","","","","","","","","3","1"
"","","","Chronos863","","","","","","","","","","","3","1"
"","","","Chronos864","","","","","","","","","","","3","1"
"","","","Chronos869","","","","","","","","","","","3","1"
"","","","Chronos870","","","","","","","","","","","3","1"
"","","","Chronos873","","","","","","","","","","","3","1"
"","","","Chronos874","","","","","","","","","","","3","1"
"","","","Chronos877","","","","","","","","","","","3","1"
"","","","Chronos878","","","","","","","","","","","3","1"
"","","","Chronos879","","","","","","","","","","","3","1"
"","","","Chronos880","","","","","","","","","","","3","1"
"","","","Chronos883","","","","","","","","","","","3","1"
"","","","Chronos884","","","","","","","","","","","3","1"
"","","","Chronos887","","","","","","","","","","","3","1"
"","","","Chronos888","","","","","","","","","","","3","1"
"","","","Chronos889","","","","","","","","","","","3","1"
"","","","Chronos890","","","","","","","","","","","3","1"
"","","","Chronos895","","","","","","","","","","","3","1"
"","","","Chronos896","","","","","","","","","","","3","1"
"","","","Chronos897","","","","","","","","","","","3","1"
"","","","Chronos898","","","","","","","","","","","3","1"
"","","","Chronos899","","","","","","","","","","","3","1"
"","","","Chronos900","","","","","","","","","","","3","1"
"","","","Chronos901","","","","","","","","","","","3","1"
"","","","Chronos902","","","","","","","","","","","3","1"
"","","","Chronos907","","","","","","","","","","","3","1"
"","","","Chronos908","","","","","","","","","","","3","1"
"","","","Chronos909","","","","","","","","","","","3","1"
"","","","Chronos910","","","","","","","","","","","3","1"
"","","","Chronos911","","","","","","","","","","","3","1"
"","","","Chronos912","","","","","","","","","","","3","1"
"","","","Chronos913","","","","","","","","","","","3","1"
"","","","Chronos914","","","","","","","","","","","3","1"
"","","","Chronos915","","","","","","","","","","","3","1"
"","","","Chronos916","","","","","","","","","","","3","1"
"","","","Chronos917","","","","","","","","","","","3","1"
"","","","Chronos918","","","","","","","","","","","3","1"
"","","","Chronos921","","","","","","","","","","","3","1"
"","","","Chronos922","","","","","","","","","","","3","1"
"","","","Chronos923","","","","","","","","","","","3","1"
"","","","Chronos924","","","","","","","","","","","3","1"
"","","","Chronos925","","","","","","","","","","","3","1"
"","","","Chronos926","","","","","","","","","","","3","1"
"","","","Chronos929","","","","","","","","","","","3","1"
"","","","Chronos930","","","","","","","","","","","3","1"
"","","","Chronos931","","","","","","","","","","","3","1"
"","","","Chronos932","","","","","","","","","","","3","1"
"","","","Chronos933","","","","","","","","","","","3","1"
"","","","Chronos934","","","","","","","","","","","3","1"
"","","","Chronos937","","","","","","","","","","","3","1"
"","","","Chronos938","","","","","","","","","","","3","1"
"","","","","","","","","","Gems","","","","","68","70"
"","","","","","","","","","Gems","","","","","54","85"
"","","","","","","","","","Gems","","","","","41","100"
"","","","","","","","","","Gems","","","","","27","115"
"","","","","","","","","","Gems","","","","","14","130"
"ChoiceChest_CL5_3Star","","","","","","","","","","Common","","","","1181","38"
"","","","","","","","","","","Common","","","","945","56"
"","","","","","","","","","","Common","","","","709","75"
"","","","","","","","","","","Common","","","","472","112"
"","","","","","","","","","","Common","","","","236","150"
"","","","","","","","","","","Rare","","","","1063","8"
"","","","","","","","","","","Rare","","","","850","11"
"","","","","","","","","","","Rare","","","","638","15"
"","","","","","","","","","","Rare","","","","425","22"
"","","","","","","","","","","Rare","","","","213","30"
"","","","","","","","","","Gold","","","","","921","1200"
"","","","","","","","","","Gold","","","","","736","1800"
"","","","","","","","","","Gold","","","","","552","2400"
"","","","","","","","","","Gold","","","","","369","3600"
"","","","","","","","","","Gold","","","","","184","4800"
"","","","","EmoteChronos232","","","","","","","","","","12","1"
"","","","","EmoteChronos234","","","","","","","","","","12","1"
"","","","","EmoteChronos235","","","","","","","","","","12","1"
"","","","","EmoteChronos241","","","","","","","","","","12","1"
"","","","","EmoteChronos242","","","","","","","","","","12","1"
"","","","","EmoteChronos247","","","","","","","","","","12","1"
"","","","","EmoteChronos251","","","","","","","","","","12","1"
"","","","","EmoteChronos253","","","","","","","","","","12","1"
"","","","","EmoteChronos255","","","","","","","","","","12","1"
"","","","","EmoteChronos256","","","","","","","","","","12","1"
"","","","","EmoteChronos257","","","","","","","","","","12","1"
"","","","","EmoteChronos259","","","","","","","","","","12","1"
"","","","","EmoteChronos265","","","","","","","","","","12","1"
"","","","","EmoteChronos267","","","","","","","","","","12","1"
"","","","","EmoteChronos270","","","","","","","","","","12","1"
"","","","","EmoteChronos271","","","","","","","","","","12","1"
"","","","","EmoteChronos274","","","","","","","","","","12","1"
"","","","","EmoteChronos277","","","","","","","","","","12","1"
"","","","","EmoteChronos278","","","","","","","","","","12","1"
"","","","","EmoteChronos279","","","","","","","","","","12","1"
"","","","","EmoteChronos280","","","","","","","","","","12","1"
"","","","","EmoteChronos283","","","","","","","","","","12","1"
"","","","","EmoteChronos286","","","","","","","","","","12","1"
"","","","","EmoteChronos291","","","","","","","","","","12","1"
"","","","","EmoteChronos293","","","","","","","","","","12","1"
"","","","","EmoteChronos295","","","","","","","","","","12","1"
"","","","","EmoteChronos297","","","","","","","","","","12","1"
"","","","","EmoteChronos303","","","","","","","","","","12","1"
"","","","","EmoteChronos304","","","","","","","","","","12","1"
"","","","","EmoteChronos305","","","","","","","","","","12","1"
"","","","","EmoteChronos307","","","","","","","","","","12","1"
"","","","","EmoteChronos313","","","","","","","","","","12","1"
"","","","","EmoteChronos315","","","","","","","","","","12","1"
"","","","","EmoteChronos318","","","","","","","","","","12","1"
"","","","","EmoteChronos321","","","","","","","","","","12","1"
"","","","","EmoteChronos323","","","","","","","","","","12","1"
"","","","","EmoteChronos332","","","","","","","","","","12","1"
"","","","","EmoteChronos333","","","","","","","","","","12","1"
"","","","","EmoteChronos336","","","","","","","","","","12","1"
"","","","","EmoteChronos338","","","","","","","","","","12","1"
"","","","","EmoteChronos341","","","","","","","","","","12","1"
"","","","","EmoteChronos343","","","","","","","","","","12","1"
"","","","","EmoteChronos346","","","","","","","","","","12","1"
"","","","","","","","","","Gems","","","","","68","175"
"","","","","","","","","","Gems","","","","","54","210"
"","","","","","","","","","Gems","","","","","41","250"
"","","","","","","","","","Gems","","","","","27","290"
"","","","","","","","","","Gems","","","","","14","325"
"ChoiceChest_CL5_4Star","","","","","","","","","","Common","","","","1226","150"
"","","","","","","","","","","Common","","","","981","225"
"","","","","","","","","","","Common","","","","735","300"
"","","","","","","","","","","Common","","","","491","450"
"","","","","","","","","","","Common","","","","245","600"
"","","","","","","","","","","Rare","","","","1103","30"
"","","","","","","","","","","Rare","","","","882","45"
"","","","","","","","","","","Rare","","","","662","60"
"","","","","","","","","","","Rare","","","","442","90"
"","","","","","","","","","","Rare","","","","221","120"
"","","","","","","","","","","","","WildcardCommon","","409","50"
"","","","","","","","","","","","","WildcardCommon","","327","75"
"","","","","","","","","","","","","WildcardCommon","","244","100"
"","","","","","","","","","","","","WildcardCommon","","163","150"
"","","","","","","","","","","","","WildcardCommon","","81","200"
"","","","","","","","","","","","","WildcardRare","","204","10"
"","","","","","","","","","","","","WildcardRare","","163","15"
"","","","","","","","","","","","","WildcardRare","","122","20"
"","","","","","","","","","","","","WildcardRare","","81","30"
"","","","","","","","","","","","","WildcardRare","","41","40"
"","","","","","","Cannon","","","","","","","","4","1"
"","","","","","","Cannon","","","","","","","","3","2"
"","","","","","","Cannon","","","","","","","","2","3"
"","","","","","","Mortar","","","","","","","","4","1"
"","","","","","","Mortar","","","","","","","","3","2"
"","","","","","","Mortar","","","","","","","","2","3"
"","","","","","","Tesla","","","","","","","","4","1"
"","","","","","","Tesla","","","","","","","","3","2"
"","","","","","","Tesla","","","","","","","","2","3"
"","","","","","","FirespiritHut","","","","","","","","4","1"
"","","","","","","FirespiritHut","","","","","","","","3","2"
"","","","","","","FirespiritHut","","","","","","","","2","3"
"","","","","","","GoblinCage","","","","","","","","4","1"
"","","","","","","GoblinCage","","","","","","","","3","2"
"","","","","","","GoblinCage","","","","","","","","2","3"
"","","","","","","GoblinDrill","","","","","","","","4","1"
"","","","","","","GoblinDrill","","","","","","","","3","2"
"","","","","","","GoblinDrill","","","","","","","","2","3"
"","","","","","","Knight","","","","","","","","4","1"
"","","","","","","Knight","","","","","","","","3","2"
"","","","","","","Knight","","","","","","","","2","3"
"","","","","","","Archer","","","","","","","","4","1"
"","","","","","","Archer","","","","","","","","3","2"
"","","","","","","Archer","","","","","","","","2","3"
"","","","","","","Pekka","","","","","","","","4","1"
"","","","","","","Pekka","","","","","","","","3","2"
"","","","","","","Pekka","","","","","","","","2","3"
"","","","","","","Witch","","","","","","","","4","1"
"","","","","","","Witch","","","","","","","","3","2"
"","","","","","","Witch","","","","","","","","2","3"
"","","","","","","Barbarians","","","","","","","","4","1"
"","","","","","","Barbarians","","","","","","","","3","2"
"","","","","","","Barbarians","","","","","","","","2","3"
"","","","","","","Skeletons","","","","","","","","4","1"
"","","","","","","Skeletons","","","","","","","","3","2"
"","","","","","","Skeletons","","","","","","","","2","3"
"","","","","","","Valkyrie","","","","","","","","4","1"
"","","","","","","Valkyrie","","","","","","","","3","2"
"","","","","","","Valkyrie","","","","","","","","2","3"
"","","","","","","SkeletonArmy","","","","","","","","4","1"
"","","","","","","SkeletonArmy","","","","","","","","3","2"
"","","","","","","SkeletonArmy","","","","","","","","2","3"
"","","","","","","Bomber","","","","","","","","4","1"
"","","","","","","Bomber","","","","","","","","3","2"
"","","","","","","Bomber","","","","","","","","2","3"
"","","","","","","Musketeer","","","","","","","","4","1"
"","","","","","","Musketeer","","","","","","","","3","2"
"","","","","","","Musketeer","","","","","","","","2","3"
"","","","","","","BabyDragon","","","","","","","","4","1"
"","","","","","","BabyDragon","","","","","","","","3","2"
"","","","","","","BabyDragon","","","","","","","","2","3"
"","","","","","","Wizard","","","","","","","","4","1"
"","","","","","","Wizard","","","","","","","","3","2"
"","","","","","","Wizard","","","","","","","","2","3"
"","","","","","","RoyalGiant","","","","","","","","4","1"
"","","","","","","RoyalGiant","","","","","","","","3","2"
"","","","","","","RoyalGiant","","","","","","","","2","3"
"","","","","","","IceSpirits","","","","","","","","4","1"
"","","","","","","IceSpirits","","","","","","","","3","2"
"","","","","","","IceSpirits","","","","","","","","2","3"
"","","","","","","RageBarbarian","","","","","","","","4","1"
"","","","","","","RageBarbarian","","","","","","","","3","2"
"","","","","","","RageBarbarian","","","","","","","","2","3"
"","","","","","","BattleRam","","","","","","","","4","1"
"","","","","","","BattleRam","","","","","","","","3","2"
"","","","","","","BattleRam","","","","","","","","2","3"
"","","","","","","InfernoDragon","","","","","","","","4","1"
"","","","","","","InfernoDragon","","","","","","","","3","2"
"","","","","","","InfernoDragon","","","","","","","","2","3"
"","","","","","","BlowdartGoblin","","","","","","","","4","1"
"","","","","","","BlowdartGoblin","","","","","","","","3","2"
"","","","","","","BlowdartGoblin","","","","","","","","2","3"
"","","","","","","Hunter","","","","","","","","4","1"
"","","","","","","Hunter","","","","","","","","3","2"
"","","","","","","Hunter","","","","","","","","2","3"
"","","","","","","AxeMan","","","","","","","","4","1"
"","","","","","","AxeMan","","","","","","","","3","2"
"","","","","","","AxeMan","","","","","","","","2","3"
"","","","","","","RoyalRecruits","","","","","","","","4","1"
"","","","","","","RoyalRecruits","","","","","","","","3","2"
"","","","","","","RoyalRecruits","","","","","","","","2","3"
"","","","","","","Bats","","","","","","","","4","1"
"","","","","","","Bats","","","","","","","","3","2"
"","","","","","","Bats","","","","","","","","2","3"
"","","","","","","Ghost","","","","","","","","4","1"
"","","","","","","Ghost","","","","","","","","3","2"
"","","","","","","Ghost","","","","","","","","2","3"
"","","","","","","MegaKnight","","","","","","","","4","1"
"","","","","","","MegaKnight","","","","","","","","3","2"
"","","","","","","MegaKnight","","","","","","","","2","3"
"","","","","","","SkeletonBalloon","","","","","","","","4","1"
"","","","","","","SkeletonBalloon","","","","","","","","3","2"
"","","","","","","SkeletonBalloon","","","","","","","","2","3"
"","","","","","","Wallbreakers","","","","","","","","4","1"
"","","","","","","Wallbreakers","","","","","","","","3","2"
"","","","","","","Wallbreakers","","","","","","","","2","3"
"","","","","","","RoyalHogs","","","","","","","","4","1"
"","","","","","","RoyalHogs","","","","","","","","3","2"
"","","","","","","RoyalHogs","","","","","","","","2","3"
"","","","","","","GoblinGiant","","","","","","","","4","1"
"","","","","","","GoblinGiant","","","","","","","","3","2"
"","","","","","","GoblinGiant","","","","","","","","2","3"
"","","","","","","ElectroDragon","","","","","","","","4","1"
"","","","","","","ElectroDragon","","","","","","","","3","2"
"","","","","","","ElectroDragon","","","","","","","","2","3"
"","","","","","","Firecracker","","","","","","","","4","1"
"","","","","","","Firecracker","","","","","","","","3","2"
"","","","","","","Firecracker","","","","","","","","2","3"
"","","","","","","GoblinBarrel","","","","","","","","4","1"
"","","","","","","GoblinBarrel","","","","","","","","3","2"
"","","","","","","GoblinBarrel","","","","","","","","2","3"
"","","","","","","Zap","","","","","","","","4","1"
"","","","","","","Zap","","","","","","","","3","2"
"","","","","","","Zap","","","","","","","","2","3"
"","","","","","","Snowball","","","","","","","","4","1"
"","","","","","","Snowball","","","","","","","","3","2"
"","","","","","","Snowball","","","","","","","","2","3"
"","","","","","","MinionHorde","","","","","","","","4","1"
"","","","","","","MinionHorde","","","","","","","","3","2"
"","","","","","","MinionHorde","","","","","","","","2","3"
"","","","","","","Princess","","","","","","","","4","1"
"","","","","","","Princess","","","","","","","","3","2"
"","","","","","","Princess","","","","","","","","2","3"
"","","","","","TowerSkin1035","","","","","","","","","99","1"
"","","","","","TowerSkin1036","","","","","","","","","99","1"
"","","","","","TowerSkin1038","","","","","","","","","99","1"
"","","","","","TowerSkin1040","","","","","","","","","99","1"
"","","","","","TowerSkin1045","","","","","","","","","99","1"
"","","","","","","","","","Gems","","","","","66","350"
"","","","","","","","","","Gems","","","","","53","425"
"","","","","","","","","","Gems","","","","","40","500"
"","","","","","","","","","Gems","","","","","26","575"
"","","","","","","","","","Gems","","","","","13","650"
"ChoiceChest_CL5_5Star","","","","","","","","","","Common","","","","1129","720"
"","","","","","","","","","","Common","","","","903","810"
"","","","","","","","","","","Common","","","","677","900"
"","","","","","","","","","","Common","","","","451","990"
"","","","","","","","","","","Common","","","","226","1080"
"","","","","","","","","","","Rare","","","","1016","144"
"","","","","","","","","","","Rare","","","","813","162"
"","","","","","","","","","","Rare","","","","609","180"
"","","","","","","","","","","Rare","","","","406","198"
"","","","","","","","","","","Rare","","","","203","216"
"","","","","","","","","","","","","WildcardCommon","","422","240"
"","","","","","","","","","","","","WildcardCommon","","339","270"
"","","","","","","","","","","","","WildcardCommon","","253","300"
"","","","","","","","","","","","","WildcardCommon","","169","330"
"","","","","","","","","","","","","WildcardCommon","","84","360"
"","","","","","","","","","","","","WildcardRare","","211","48"
"","","","","","","","","","","","","WildcardRare","","169","54"
"","","","","","","","","","","","","WildcardRare","","127","60"
"","","","","","","","","","","","","WildcardRare","","84","66"
"","","","","","","","","","","","","WildcardRare","","42","72"
"","","","","","","Cannon","","","","","","","","9","4"
"","","","","","","Cannon","","","","","","","","7","5"
"","","","","","","Cannon","","","","","","","","5","6"
"","","","","","","Mortar","","","","","","","","9","4"
"","","","","","","Mortar","","","","","","","","7","5"
"","","","","","","Mortar","","","","","","","","5","6"
"","","","","","","Tesla","","","","","","","","9","4"
"","","","","","","Tesla","","","","","","","","7","5"
"","","","","","","Tesla","","","","","","","","5","6"
"","","","","","","FirespiritHut","","","","","","","","9","4"
"","","","","","","FirespiritHut","","","","","","","","7","5"
"","","","","","","FirespiritHut","","","","","","","","5","6"
"","","","","","","GoblinCage","","","","","","","","9","4"
"","","","","","","GoblinCage","","","","","","","","7","5"
"","","","","","","GoblinCage","","","","","","","","5","6"
"","","","","","","GoblinDrill","","","","","","","","9","4"
"","","","","","","GoblinDrill","","","","","","","","7","5"
"","","","","","","GoblinDrill","","","","","","","","5","6"
"","","","","","","Knight","","","","","","","","9","4"
"","","","","","","Knight","","","","","","","","7","5"
"","","","","","","Knight","","","","","","","","5","6"
"","","","","","","Archer","","","","","","","","9","4"
"","","","","","","Archer","","","","","","","","7","5"
"","","","","","","Archer","","","","","","","","5","6"
"","","","","","","Pekka","","","","","","","","9","4"
"","","","","","","Pekka","","","","","","","","7","5"
"","","","","","","Pekka","","","","","","","","5","6"
"","","","","","","Witch","","","","","","","","9","4"
"","","","","","","Witch","","","","","","","","7","5"
"","","","","","","Witch","","","","","","","","5","6"
"","","","","","","Barbarians","","","","","","","","9","4"
"","","","","","","Barbarians","","","","","","","","7","5"
"","","","","","","Barbarians","","","","","","","","5","6"
"","","","","","","Skeletons","","","","","","","","9","4"
"","","","","","","Skeletons","","","","","","","","7","5"
"","","","","","","Skeletons","","","","","","","","5","6"
"","","","","","","Valkyrie","","","","","","","","9","4"
"","","","","","","Valkyrie","","","","","","","","7","5"
"","","","","","","Valkyrie","","","","","","","","5","6"
"","","","","","","SkeletonArmy","","","","","","","","9","4"
"","","","","","","SkeletonArmy","","","","","","","","7","5"
"","","","","","","SkeletonArmy","","","","","","","","5","6"
"","","","","","","Bomber","","","","","","","","9","4"
"","","","","","","Bomber","","","","","","","","7","5"
"","","","","","","Bomber","","","","","","","","5","6"
"","","","","","","Musketeer","","","","","","","","9","4"
"","","","","","","Musketeer","","","","","","","","7","5"
"","","","","","","Musketeer","","","","","","","","5","6"
"","","","","","","BabyDragon","","","","","","","","9","4"
"","","","","","","BabyDragon","","","","","","","","7","5"
"","","","","","","BabyDragon","","","","","","","","5","6"
"","","","","","","Wizard","","","","","","","","9","4"
"","","","","","","Wizard","","","","","","","","7","5"
"","","","","","","Wizard","","","","","","","","5","6"
"","","","","","","RoyalGiant","","","","","","","","9","4"
"","","","","","","RoyalGiant","","","","","","","","7","5"
"","","","","","","RoyalGiant","","","","","","","","5","6"
"","","","","","","IceSpirits","","","","","","","","9","4"
"","","","","","","IceSpirits","","","","","","","","7","5"
"","","","","","","IceSpirits","","","","","","","","5","6"
"","","","","","","RageBarbarian","","","","","","","","9","4"
"","","","","","","RageBarbarian","","","","","","","","7","5"
"","","","","","","RageBarbarian","","","","","","","","5","6"
"","","","","","","BattleRam","","","","","","","","9","4"
"","","","","","","BattleRam","","","","","","","","7","5"
"","","","","","","BattleRam","","","","","","","","5","6"
"","","","","","","InfernoDragon","","","","","","","","9","4"
"","","","","","","InfernoDragon","","","","","","","","7","5"
"","","","","","","InfernoDragon","","","","","","","","5","6"
"","","","","","","BlowdartGoblin","","","","","","","","9","4"
"","","","","","","BlowdartGoblin","","","","","","","","7","5"
"","","","","","","BlowdartGoblin","","","","","","","","5","6"
"","","","","","","Hunter","","","","","","","","9","4"
"","","","","","","Hunter","","","","","","","","7","5"
"","","","","","","Hunter","","","","","","","","5","6"
"","","","","","","AxeMan","","","","","","","","9","4"
"","","","","","","AxeMan","","","","","","","","7","5"
"","","","","","","AxeMan","","","","","","","","5","6"
"","","","","","","RoyalRecruits","","","","","","","","9","4"
"","","","","","","RoyalRecruits","","","","","","","","7","5"
"","","","","","","RoyalRecruits","","","","","","","","5","6"
"","","","","","","Bats","","","","","","","","9","4"
"","","","","","","Bats","","","","","","","","7","5"
"","","","","","","Bats","","","","","","","","5","6"
"","","","","","","Ghost","","","","","","","","9","4"
"","","","","","","Ghost","","","","","","","","7","5"
"","","","","","","Ghost","","","","","","","","5","6"
"","","","","","","MegaKnight","","","","","","","","9","4"
"","","","","","","MegaKnight","","","","","","","","7","5"
"","","","","","","MegaKnight","","","","","","","","5","6"
"","","","","","","SkeletonBalloon","","","","","","","","9","4"
"","","","","","","SkeletonBalloon","","","","","","","","7","5"
"","","","","","","SkeletonBalloon","","","","","","","","5","6"
"","","","","","","Wallbreakers","","","","","","","","9","4"
"","","","","","","Wallbreakers","","","","","","","","7","5"
"","","","","","","Wallbreakers","","","","","","","","5","6"
"","","","","","","RoyalHogs","","","","","","","","9","4"
"","","","","","","RoyalHogs","","","","","","","","7","5"
"","","","","","","RoyalHogs","","","","","","","","5","6"
"","","","","","","GoblinGiant","","","","","","","","9","4"
"","","","","","","GoblinGiant","","","","","","","","7","5"
"","","","","","","GoblinGiant","","","","","","","","5","6"
"","","","","","","ElectroDragon","","","","","","","","9","4"
"","","","","","","ElectroDragon","","","","","","","","7","5"
"","","","","","","ElectroDragon","","","","","","","","5","6"
"","","","","","","Firecracker","","","","","","","","9","4"
"","","","","","","Firecracker","","","","","","","","7","5"
"","","","","","","Firecracker","","","","","","","","5","6"
"","","","","","","GoblinBarrel","","","","","","","","9","4"
"","","","","","","GoblinBarrel","","","","","","","","7","5"
"","","","","","","GoblinBarrel","","","","","","","","5","6"
"","","","","","","Zap","","","","","","","","9","4"
"","","","","","","Zap","","","","","","","","7","5"
"","","","","","","Zap","","","","","","","","5","6"
"","","","","","","Snowball","","","","","","","","9","4"
"","","","","","","Snowball","","","","","","","","7","5"
"","","","","","","Snowball","","","","","","","","5","6"
"","","","","","","MinionHorde","","","","","","","","9","4"
"","","","","","","MinionHorde","","","","","","","","7","5"
"","","","","","","MinionHorde","","","","","","","","5","6"
"","","","","","","Princess","","","","","","","","9","4"
"","","","","","","Princess","","","","","","","","7","5"
"","","","","","","Princess","","","","","","","","5","6"
"","","","","","TowerSkin1035","","","","","","","","","108","1"
"","","","","","TowerSkin1036","","","","","","","","","108","1"
"","","","","","TowerSkin1038","","","","","","","","","108","1"
"","","","","","TowerSkin1040","","","","","","","","","108","1"
"","","","","","TowerSkin1045","","","","","","","","","108","1"
"","","","","","","","","","Gems","","","","","72","700"
"","","","","","","","","","Gems","","","","","58","850"
"","","","","","","","","","Gems","","","","","43","1000"
"","","","","","","","","","Gems","","","","","29","1150"
"","","","","","","","","","Gems","","","","","14","1300"
"ChoiceChest_CL6_1Star","","","","","","","","","","Common","","","","877","3"
"","","","","","","","","","","Common","","","","702","4"
"","","","","","","","","","","Common","","","","526","6"
"","","","","","","","","","","Common","","","","351","9"
"","","","","","","","","","","Common","","","","175","12"
"","","","","","","","","","","Rare","","","","987","1"
"","","","","","","","","","","Rare","","","","789","2"
"","","","","","","","","","","Rare","","","","592","3"
"","","","","","","","","","Gold","","","","","1667","100"
"","","","","","","","","","Gold","","","","","1333","150"
"","","","","","","","","","Gold","","","","","1000","200"
"","","","","","","","","","Gold","","","","","667","300"
"","","","","","","","","","Gold","","","","","333","400"
"","","","","","","","","","Gems","","","","","68","35"
"","","","","","","","","","Gems","","","","","54","40"
"","","","","","","","","","Gems","","","","","41","50"
"","","","","","","","","","Gems","","","","","27","55"
"","","","","","","","","","Gems","","","","","14","65"
"ChoiceChest_CL6_2Star","","","","","","","","","","Common","","","","874","12"
"","","","","","","","","","","Common","","","","699","19"
"","","","","","","","","","","Common","","","","524","25"
"","","","","","","","","","","Common","","","","350","38"
"","","","","","","","","","","Common","","","","175","50"
"","","","","","","","","","","Rare","","","","787","2"
"","","","","","","","","","","Rare","","","","629","4"
"","","","","","","","","","","Rare","","","","472","5"
"","","","","","","","","","","Rare","","","","315","8"
"","","","","","","","","","","Rare","","","","157","10"
"","","","","","","","","","","Epic","","","","328","1"
"","","","","","","","","","","Epic","","","","262","2"
"","","","","","","","","","","Epic","","","","197","3"
"","","","","","","","","","Gold","","","","","1234","400"
"","","","","","","","","","Gold","","","","","987","600"
"","","","","","","","","","Gold","","","","","740","800"
"","","","","","","","","","Gold","","","","","494","1200"
"","","","","","","","","","Gold","","","","","246","1600"
"","","","Chronos651","","","","","","","","","","","3","1"
"","","","Chronos652","","","","","","","","","","","3","1"
"","","","Chronos653","","","","","","","","","","","3","1"
"","","","Chronos654","","","","","","","","","","","3","1"
"","","","Chronos655","","","","","","","","","","","3","1"
"","","","Chronos656","","","","","","","","","","","3","1"
"","","","Chronos657","","","","","","","","","","","3","1"
"","","","Chronos658","","","","","","","","","","","3","1"
"","","","Chronos659","","","","","","","","","","","3","1"
"","","","Chronos660","","","","","","","","","","","3","1"
"","","","Chronos661","","","","","","","","","","","3","1"
"","","","Chronos662","","","","","","","","","","","3","1"
"","","","Chronos663","","","","","","","","","","","3","1"
"","","","Chronos664","","","","","","","","","","","3","1"
"","","","Chronos667","","","","","","","","","","","3","1"
"","","","Chronos668","","","","","","","","","","","3","1"
"","","","Chronos669","","","","","","","","","","","3","1"
"","","","Chronos670","","","","","","","","","","","3","1"
"","","","Chronos671","","","","","","","","","","","3","1"
"","","","Chronos672","","","","","","","","","","","3","1"
"","","","Chronos673","","","","","","","","","","","3","1"
"","","","Chronos674","","","","","","","","","","","3","1"
"","","","Chronos675","","","","","","","","","","","3","1"
"","","","Chronos676","","","","","","","","","","","3","1"
"","","","Chronos677","","","","","","","","","","","3","1"
"","","","Chronos678","","","","","","","","","","","3","1"
"","","","Chronos681","","","","","","","","","","","3","1"
"","","","Chronos682","","","","","","","","","","","3","1"
"","","","Chronos683","","","","","","","","","","","3","1"
"","","","Chronos684","","","","","","","","","","","3","1"
"","","","Chronos685","","","","","","","","","","","3","1"
"","","","Chronos686","","","","","","","","","","","3","1"
"","","","Chronos687","","","","","","","","","","","3","1"
"","","","Chronos688","","","","","","","","","","","3","1"
"","","","Chronos689","","","","","","","","","","","3","1"
"","","","Chronos690","","","","","","","","","","","3","1"
"","","","Chronos691","","","","","","","","","","","3","1"
"","","","Chronos692","","","","","","","","","","","3","1"
"","","","Chronos695","","","","","","","","","","","3","1"
"","","","Chronos696","","","","","","","","","","","3","1"
"","","","Chronos697","","","","","","","","","","","3","1"
"","","","Chronos698","","","","","","","","","","","3","1"
"","","","Chronos699","","","","","","","","","","","3","1"
"","","","Chronos700","","","","","","","","","","","3","1"
"","","","Chronos701","","","","","","","","","","","3","1"
"","","","Chronos702","","","","","","","","","","","3","1"
"","","","Chronos703","","","","","","","","","","","3","1"
"","","","Chronos704","","","","","","","","","","","3","1"
"","","","Chronos705","","","","","","","","","","","3","1"
"","","","Chronos706","","","","","","","","","","","3","1"
"","","","Chronos707","","","","","","","","","","","3","1"
"","","","Chronos708","","","","","","","","","","","3","1"
"","","","Chronos713","","","","","","","","","","","3","1"
"","","","Chronos714","","","","","","","","","","","3","1"
"","","","Chronos719","","","","","","","","","","","3","1"
"","","","Chronos720","","","","","","","","","","","3","1"
"","","","Chronos721","","","","","","","","","","","3","1"
"","","","Chronos722","","","","","","","","","","","3","1"
"","","","Chronos731","","","","","","","","","","","3","1"
"","","","Chronos732","","","","","","","","","","","3","1"
"","","","Chronos737","","","","","","","","","","","3","1"
"","","","Chronos738","","","","","","","","","","","3","1"
"","","","Chronos747","","","","","","","","","","","3","1"
"","","","Chronos748","","","","","","","","","","","3","1"
"","","","Chronos749","","","","","","","","","","","3","1"
"","","","Chronos750","","","","","","","","","","","3","1"
"","","","Chronos751","","","","","","","","","","","3","1"
"","","","Chronos752","","","","","","","","","","","3","1"
"","","","Chronos757","","","","","","","","","","","3","1"
"","","","Chronos758","","","","","","","","","","","3","1"
"","","","Chronos765","","","","","","","","","","","3","1"
"","","","Chronos766","","","","","","","","","","","3","1"
"","","","Chronos767","","","","","","","","","","","3","1"
"","","","Chronos768","","","","","","","","","","","3","1"
"","","","Chronos777","","","","","","","","","","","3","1"
"","","","Chronos778","","","","","","","","","","","3","1"
"","","","Chronos779","","","","","","","","","","","3","1"
"","","","Chronos780","","","","","","","","","","","3","1"
"","","","Chronos781","","","","","","","","","","","3","1"
"","","","Chronos782","","","","","","","","","","","3","1"
"","","","Chronos789","","","","","","","","","","","3","1"
"","","","Chronos790","","","","","","","","","","","3","1"
"","","","Chronos793","","","","","","","","","","","3","1"
"","","","Chronos794","","","","","","","","","","","3","1"
"","","","Chronos797","","","","","","","","","","","3","1"
"","","","Chronos798","","","","","","","","","","","3","1"
"","","","Chronos803","","","","","","","","","","","3","1"
"","","","Chronos804","","","","","","","","","","","3","1"
"","","","Chronos807","","","","","","","","","","","3","1"
"","","","Chronos808","","","","","","","","","","","3","1"
"","","","Chronos809","","","","","","","","","","","3","1"
"","","","Chronos810","","","","","","","","","","","3","1"
"","","","Chronos811","","","","","","","","","","","3","1"
"","","","Chronos812","","","","","","","","","","","3","1"
"","","","Chronos813","","","","","","","","","","","3","1"
"","","","Chronos814","","","","","","","","","","","3","1"
"","","","Chronos815","","","","","","","","","","","3","1"
"","","","Chronos816","","","","","","","","","","","3","1"
"","","","Chronos817","","","","","","","","","","","3","1"
"","","","Chronos818","","","","","","","","","","","3","1"
"","","","Chronos819","","","","","","","","","","","3","1"
"","","","Chronos820","","","","","","","","","","","3","1"
"","","","Chronos823","","","","","","","","","","","3","1"
"","","","Chronos824","","","","","","","","","","","3","1"
"","","","Chronos825","","","","","","","","","","","3","1"
"","","","Chronos826","","","","","","","","","","","3","1"
"","","","Chronos827","","","","","","","","","","","3","1"
"","","","Chronos828","","","","","","","","","","","3","1"
"","","","Chronos829","","","","","","","","","","","3","1"
"","","","Chronos830","","","","","","","","","","","3","1"
"","","","Chronos833","","","","","","","","","","","3","1"
"","","","Chronos834","","","","","","","","","","","3","1"
"","","","Chronos835","","","","","","","","","","","3","1"
"","","","Chronos836","","","","","","","","","","","3","1"
"","","","Chronos837","","","","","","","","","","","3","1"
"","","","Chronos838","","","","","","","","","","","3","1"
"","","","Chronos839","","","","","","","","","","","3","1"
"","","","Chronos840","","","","","","","","","","","3","1"
"","","","Chronos841","","","","","","","","","","","3","1"
"","","","Chronos842","","","","","","","","","","","3","1"
"","","","Chronos845","","","","","","","","","","","3","1"
"","","","Chronos846","","","","","","","","","","","3","1"
"","","","Chronos849","","","","","","","","","","","3","1"
"","","","Chronos850","","","","","","","","","","","3","1"
"","","","Chronos851","","","","","","","","","","","3","1"
"","","","Chronos852","","","","","","","","","","","3","1"
"","","","Chronos855","","","","","","","","","","","3","1"
"","","","Chronos856","","","","","","","","","","","3","1"
"","","","Chronos857","","","","","","","","","","","3","1"
"","","","Chronos858","","","","","","","","","","","3","1"
"","","","Chronos859","","","","","","","","","","","3","1"
"","","","Chronos860","","","","","","","","","","","3","1"
"","","","Chronos863","","","","","","","","","","","3","1"
"","","","Chronos864","","","","","","","","","","","3","1"
"","","","Chronos869","","","","","","","","","","","3","1"
"","","","Chronos870","","","","","","","","","","","3","1"
"","","","Chronos873","","","","","","","","","","","3","1"
"","","","Chronos874","","","","","","","","","","","3","1"
"","","","Chronos877","","","","","","","","","","","3","1"
"","","","Chronos878","","","","","","","","","","","3","1"
"","","","Chronos879","","","","","","","","","","","3","1"
"","","","Chronos880","","","","","","","","","","","3","1"
"","","","Chronos883","","","","","","","","","","","3","1"
"","","","Chronos884","","","","","","","","","","","3","1"
"","","","Chronos887","","","","","","","","","","","3","1"
"","","","Chronos888","","","","","","","","","","","3","1"
"","","","Chronos889","","","","","","","","","","","3","1"
"","","","Chronos890","","","","","","","","","","","3","1"
"","","","Chronos895","","","","","","","","","","","3","1"
"","","","Chronos896","","","","","","","","","","","3","1"
"","","","Chronos897","","","","","","","","","","","3","1"
"","","","Chronos898","","","","","","","","","","","3","1"
"","","","Chronos899","","","","","","","","","","","3","1"
"","","","Chronos900","","","","","","","","","","","3","1"
"","","","Chronos901","","","","","","","","","","","3","1"
"","","","Chronos902","","","","","","","","","","","3","1"
"","","","Chronos907","","","","","","","","","","","3","1"
"","","","Chronos908","","","","","","","","","","","3","1"
"","","","Chronos909","","","","","","","","","","","3","1"
"","","","Chronos910","","","","","","","","","","","3","1"
"","","","Chronos911","","","","","","","","","","","3","1"
"","","","Chronos912","","","","","","","","","","","3","1"
"","","","Chronos913","","","","","","","","","","","3","1"
"","","","Chronos914","","","","","","","","","","","3","1"
"","","","Chronos915","","","","","","","","","","","3","1"
"","","","Chronos916","","","","","","","","","","","3","1"
"","","","Chronos917","","","","","","","","","","","3","1"
"","","","Chronos918","","","","","","","","","","","3","1"
"","","","Chronos921","","","","","","","","","","","3","1"
"","","","Chronos922","","","","","","","","","","","3","1"
"","","","Chronos923","","","","","","","","","","","3","1"
"","","","Chronos924","","","","","","","","","","","3","1"
"","","","Chronos925","","","","","","","","","","","3","1"
"","","","Chronos926","","","","","","","","","","","3","1"
"","","","Chronos929","","","","","","","","","","","3","1"
"","","","Chronos930","","","","","","","","","","","3","1"
"","","","Chronos931","","","","","","","","","","","3","1"
"","","","Chronos932","","","","","","","","","","","3","1"
"","","","Chronos933","","","","","","","","","","","3","1"
"","","","Chronos934","","","","","","","","","","","3","1"
"","","","Chronos937","","","","","","","","","","","3","1"
"","","","Chronos938","","","","","","","","","","","3","1"
"","","","","","","","","","Gems","","","","","68","70"
"","","","","","","","","","Gems","","","","","54","85"
"","","","","","","","","","Gems","","","","","41","100"
"","","","","","","","","","Gems","","","","","27","115"
"","","","","","","","","","Gems","","","","","14","130"
"ChoiceChest_CL6_3Star","","","","","","","","","","Common","","","","1020","50"
"","","","","","","","","","","Common","","","","816","75"
"","","","","","","","","","","Common","","","","612","100"
"","","","","","","","","","","Common","","","","408","150"
"","","","","","","","","","","Common","","","","204","200"
"","","","","","","","","","","Rare","","","","918","10"
"","","","","","","","","","","Rare","","","","734","15"
"","","","","","","","","","","Rare","","","","551","20"
"","","","","","","","","","","Rare","","","","367","30"
"","","","","","","","","","","Rare","","","","184","40"
"","","","","","","","","","","Epic","","","","306","1"
"","","","","","","","","","","Epic","","","","245","2"
"","","","","","","","","","","Epic","","","","184","4"
"","","","","","","","","","","Epic","","","","122","5"
"","","","","","","","","","","Epic","","","","61","6"
"","","","","","","","","","Gold","","","","","921","1600"
"","","","","","","","","","Gold","","","","","736","2400"
"","","","","","","","","","Gold","","","","","552","3200"
"","","","","","","","","","Gold","","","","","369","4800"
"","","","","","","","","","Gold","","","","","184","6400"
"","","","","EmoteChronos232","","","","","","","","","","12","1"
"","","","","EmoteChronos234","","","","","","","","","","12","1"
"","","","","EmoteChronos235","","","","","","","","","","12","1"
"","","","","EmoteChronos241","","","","","","","","","","12","1"
"","","","","EmoteChronos242","","","","","","","","","","12","1"
"","","","","EmoteChronos247","","","","","","","","","","12","1"
"","","","","EmoteChronos251","","","","","","","","","","12","1"
"","","","","EmoteChronos253","","","","","","","","","","12","1"
"","","","","EmoteChronos255","","","","","","","","","","12","1"
"","","","","EmoteChronos256","","","","","","","","","","12","1"
"","","","","EmoteChronos257","","","","","","","","","","12","1"
"","","","","EmoteChronos259","","","","","","","","","","12","1"
"","","","","EmoteChronos265","","","","","","","","","","12","1"
"","","","","EmoteChronos267","","","","","","","","","","12","1"
"","","","","EmoteChronos270","","","","","","","","","","12","1"
"","","","","EmoteChronos271","","","","","","","","","","12","1"
"","","","","EmoteChronos274","","","","","","","","","","12","1"
"","","","","EmoteChronos277","","","","","","","","","","12","1"
"","","","","EmoteChronos278","","","","","","","","","","12","1"
"","","","","EmoteChronos279","","","","","","","","","","12","1"
"","","","","EmoteChronos280","","","","","","","","","","12","1"
"","","","","EmoteChronos283","","","","","","","","","","12","1"
"","","","","EmoteChronos286","","","","","","","","","","12","1"
"","","","","EmoteChronos291","","","","","","","","","","12","1"
"","","","","EmoteChronos293","","","","","","","","","","12","1"
"","","","","EmoteChronos295","","","","","","","","","","12","1"
"","","","","EmoteChronos297","","","","","","","","","","12","1"
"","","","","EmoteChronos303","","","","","","","","","","12","1"
"","","","","EmoteChronos304","","","","","","","","","","12","1"
"","","","","EmoteChronos305","","","","","","","","","","12","1"
"","","","","EmoteChronos307","","","","","","","","","","12","1"
"","","","","EmoteChronos313","","","","","","","","","","12","1"
"","","","","EmoteChronos315","","","","","","","","","","12","1"
"","","","","EmoteChronos318","","","","","","","","","","12","1"
"","","","","EmoteChronos321","","","","","","","","","","12","1"
"","","","","EmoteChronos323","","","","","","","","","","12","1"
"","","","","EmoteChronos332","","","","","","","","","","12","1"
"","","","","EmoteChronos333","","","","","","","","","","12","1"
"","","","","EmoteChronos336","","","","","","","","","","12","1"
"","","","","EmoteChronos338","","","","","","","","","","12","1"
"","","","","EmoteChronos341","","","","","","","","","","12","1"
"","","","","EmoteChronos343","","","","","","","","","","12","1"
"","","","","EmoteChronos346","","","","","","","","","","12","1"
"","","","","","","","","","Gems","","","","","68","175"
"","","","","","","","","","Gems","","","","","54","210"
"","","","","","","","","","Gems","","","","","41","250"
"","","","","","","","","","Gems","","","","","27","290"
"","","","","","","","","","Gems","","","","","14","325"
"ChoiceChest_CL6_4Star","","","","","","","","","","Common","","","","974","200"
"","","","","","","","","","","Common","","","","779","300"
"","","","","","","","","","","Common","","","","585","400"
"","","","","","","","","","","Common","","","","389","600"
"","","","","","","","","","","Common","","","","195","800"
"","","","","","","","","","","Rare","","","","876","40"
"","","","","","","","","","","Rare","","","","701","60"
"","","","","","","","","","","Rare","","","","526","80"
"","","","","","","","","","","Rare","","","","351","120"
"","","","","","","","","","","Rare","","","","175","160"
"","","","","","","","","","","Epic","","","","292","5"
"","","","","","","","","","","Epic","","","","234","8"
"","","","","","","","","","","Epic","","","","175","10"
"","","","","","","","","","","Epic","","","","117","15"
"","","","","","","","","","","Epic","","","","59","20"
"","","","","","","","","","","","","WildcardCommon","","409","68"
"","","","","","","","","","","","","WildcardCommon","","326","101"
"","","","","","","","","","","","","WildcardCommon","","245","135"
"","","","","","","","","","","","","WildcardCommon","","164","202"
"","","","","","","","","","","","","WildcardCommon","","82","270"
"","","","","","","","","","","","","WildcardRare","","272","14"
"","","","","","","","","","","","","WildcardRare","","218","20"
"","","","","","","","","","","","","WildcardRare","","163","27"
"","","","","","","","","","","","","WildcardRare","","109","40"
"","","","","","","","","","","","","WildcardRare","","54","54"
"","","","","","","","","","","","","WildcardEpic","","136","1"
"","","","","","","","","","","","","WildcardEpic","","109","3"
"","","","","","","","","","","","","WildcardEpic","","82","5"
"","","","","","","","","","","","","WildcardEpic","","54","7"
"","","","","","","","","","","","","WildcardEpic","","27","9"
"","","","","","","Cannon","","","","","","","","4","1"
"","","","","","","Cannon","","","","","","","","3","2"
"","","","","","","Cannon","","","","","","","","2","3"
"","","","","","","Mortar","","","","","","","","4","1"
"","","","","","","Mortar","","","","","","","","3","2"
"","","","","","","Mortar","","","","","","","","2","3"
"","","","","","","Tesla","","","","","","","","4","1"
"","","","","","","Tesla","","","","","","","","3","2"
"","","","","","","Tesla","","","","","","","","2","3"
"","","","","","","FirespiritHut","","","","","","","","4","1"
"","","","","","","FirespiritHut","","","","","","","","3","2"
"","","","","","","FirespiritHut","","","","","","","","2","3"
"","","","","","","GoblinCage","","","","","","","","4","1"
"","","","","","","GoblinCage","","","","","","","","3","2"
"","","","","","","GoblinCage","","","","","","","","2","3"
"","","","","","","GoblinDrill","","","","","","","","4","1"
"","","","","","","GoblinDrill","","","","","","","","3","2"
"","","","","","","GoblinDrill","","","","","","","","2","3"
"","","","","","","Knight","","","","","","","","4","1"
"","","","","","","Knight","","","","","","","","3","2"
"","","","","","","Knight","","","","","","","","2","3"
"","","","","","","Archer","","","","","","","","4","1"
"","","","","","","Archer","","","","","","","","3","2"
"","","","","","","Archer","","","","","","","","2","3"
"","","","","","","Pekka","","","","","","","","4","1"
"","","","","","","Pekka","","","","","","","","3","2"
"","","","","","","Pekka","","","","","","","","2","3"
"","","","","","","Witch","","","","","","","","4","1"
"","","","","","","Witch","","","","","","","","3","2"
"","","","","","","Witch","","","","","","","","2","3"
"","","","","","","Barbarians","","","","","","","","4","1"
"","","","","","","Barbarians","","","","","","","","3","2"
"","","","","","","Barbarians","","","","","","","","2","3"
"","","","","","","Skeletons","","","","","","","","4","1"
"","","","","","","Skeletons","","","","","","","","3","2"
"","","","","","","Skeletons","","","","","","","","2","3"
"","","","","","","Valkyrie","","","","","","","","4","1"
"","","","","","","Valkyrie","","","","","","","","3","2"
"","","","","","","Valkyrie","","","","","","","","2","3"
"","","","","","","SkeletonArmy","","","","","","","","4","1"
"","","","","","","SkeletonArmy","","","","","","","","3","2"
"","","","","","","SkeletonArmy","","","","","","","","2","3"
"","","","","","","Bomber","","","","","","","","4","1"
"","","","","","","Bomber","","","","","","","","3","2"
"","","","","","","Bomber","","","","","","","","2","3"
"","","","","","","Musketeer","","","","","","","","4","1"
"","","","","","","Musketeer","","","","","","","","3","2"
"","","","","","","Musketeer","","","","","","","","2","3"
"","","","","","","BabyDragon","","","","","","","","4","1"
"","","","","","","BabyDragon","","","","","","","","3","2"
"","","","","","","BabyDragon","","","","","","","","2","3"
"","","","","","","Wizard","","","","","","","","4","1"
"","","","","","","Wizard","","","","","","","","3","2"
"","","","","","","Wizard","","","","","","","","2","3"
"","","","","","","RoyalGiant","","","","","","","","4","1"
"","","","","","","RoyalGiant","","","","","","","","3","2"
"","","","","","","RoyalGiant","","","","","","","","2","3"
"","","","","","","IceSpirits","","","","","","","","4","1"
"","","","","","","IceSpirits","","","","","","","","3","2"
"","","","","","","IceSpirits","","","","","","","","2","3"
"","","","","","","RageBarbarian","","","","","","","","4","1"
"","","","","","","RageBarbarian","","","","","","","","3","2"
"","","","","","","RageBarbarian","","","","","","","","2","3"
"","","","","","","BattleRam","","","","","","","","4","1"
"","","","","","","BattleRam","","","","","","","","3","2"
"","","","","","","BattleRam","","","","","","","","2","3"
"","","","","","","InfernoDragon","","","","","","","","4","1"
"","","","","","","InfernoDragon","","","","","","","","3","2"
"","","","","","","InfernoDragon","","","","","","","","2","3"
"","","","","","","BlowdartGoblin","","","","","","","","4","1"
"","","","","","","BlowdartGoblin","","","","","","","","3","2"
"","","","","","","BlowdartGoblin","","","","","","","","2","3"
"","","","","","","Hunter","","","","","","","","4","1"
"","","","","","","Hunter","","","","","","","","3","2"
"","","","","","","Hunter","","","","","","","","2","3"
"","","","","","","AxeMan","","","","","","","","4","1"
"","","","","","","AxeMan","","","","","","","","3","2"
"","","","","","","AxeMan","","","","","","","","2","3"
"","","","","","","RoyalRecruits","","","","","","","","4","1"
"","","","","","","RoyalRecruits","","","","","","","","3","2"
"","","","","","","RoyalRecruits","","","","","","","","2","3"
"","","","","","","Bats","","","","","","","","4","1"
"","","","","","","Bats","","","","","","","","3","2"
"","","","","","","Bats","","","","","","","","2","3"
"","","","","","","Ghost","","","","","","","","4","1"
"","","","","","","Ghost","","","","","","","","3","2"
"","","","","","","Ghost","","","","","","","","2","3"
"","","","","","","MegaKnight","","","","","","","","4","1"
"","","","","","","MegaKnight","","","","","","","","3","2"
"","","","","","","MegaKnight","","","","","","","","2","3"
"","","","","","","SkeletonBalloon","","","","","","","","4","1"
"","","","","","","SkeletonBalloon","","","","","","","","3","2"
"","","","","","","SkeletonBalloon","","","","","","","","2","3"
"","","","","","","Wallbreakers","","","","","","","","4","1"
"","","","","","","Wallbreakers","","","","","","","","3","2"
"","","","","","","Wallbreakers","","","","","","","","2","3"
"","","","","","","RoyalHogs","","","","","","","","4","1"
"","","","","","","RoyalHogs","","","","","","","","3","2"
"","","","","","","RoyalHogs","","","","","","","","2","3"
"","","","","","","GoblinGiant","","","","","","","","4","1"
"","","","","","","GoblinGiant","","","","","","","","3","2"
"","","","","","","GoblinGiant","","","","","","","","2","3"
"","","","","","","ElectroDragon","","","","","","","","4","1"
"","","","","","","ElectroDragon","","","","","","","","3","2"
"","","","","","","ElectroDragon","","","","","","","","2","3"
"","","","","","","Firecracker","","","","","","","","4","1"
"","","","","","","Firecracker","","","","","","","","3","2"
"","","","","","","Firecracker","","","","","","","","2","3"
"","","","","","","GoblinBarrel","","","","","","","","4","1"
"","","","","","","GoblinBarrel","","","","","","","","3","2"
"","","","","","","GoblinBarrel","","","","","","","","2","3"
"","","","","","","Zap","","","","","","","","4","1"
"","","","","","","Zap","","","","","","","","3","2"
"","","","","","","Zap","","","","","","","","2","3"
"","","","","","","Snowball","","","","","","","","4","1"
"","","","","","","Snowball","","","","","","","","3","2"
"","","","","","","Snowball","","","","","","","","2","3"
"","","","","","","MinionHorde","","","","","","","","4","1"
"","","","","","","MinionHorde","","","","","","","","3","2"
"","","","","","","MinionHorde","","","","","","","","2","3"
"","","","","","","Princess","","","","","","","","4","1"
"","","","","","","Princess","","","","","","","","3","2"
"","","","","","","Princess","","","","","","","","2","3"
"","","","","","TowerSkin1035","","","","","","","","","99","1"
"","","","","","TowerSkin1036","","","","","","","","","99","1"
"","","","","","TowerSkin1038","","","","","","","","","99","1"
"","","","","","TowerSkin1040","","","","","","","","","99","1"
"","","","","","TowerSkin1045","","","","","","","","","99","1"
"","","","","","","","","","Gems","","","","","66","350"
"","","","","","","","","","Gems","","","","","53","425"
"","","","","","","","","","Gems","","","","","40","500"
"","","","","","","","","","Gems","","","","","27","575"
"","","","","","","","","","Gems","","","","","13","650"
"ChoiceChest_CL6_5Star","","","","","","","","","","Common","","","","905","960"
"","","","","","","","","","","Common","","","","724","1080"
"","","","","","","","","","","Common","","","","543","1200"
"","","","","","","","","","","Common","","","","362","1320"
"","","","","","","","","","","Common","","","","181","1440"
"","","","","","","","","","","Rare","","","","814","192"
"","","","","","","","","","","Rare","","","","651","216"
"","","","","","","","","","","Rare","","","","489","240"
"","","","","","","","","","","Rare","","","","326","264"
"","","","","","","","","","","Rare","","","","163","288"
"","","","","","","","","","","Epic","","","","272","24"
"","","","","","","","","","","Epic","","","","217","27"
"","","","","","","","","","","Epic","","","","163","30"
"","","","","","","","","","","Epic","","","","108","33"
"","","","","","","","","","","Epic","","","","55","36"
"","","","","","","","","","","","","WildcardCommon","","406","320"
"","","","","","","","","","","","","WildcardCommon","","325","360"
"","","","","","","","","","","","","WildcardCommon","","244","400"
"","","","","","","","","","","","","WildcardCommon","","163","440"
"","","","","","","","","","","","","WildcardCommon","","81","480"
"","","","","","","","","","","","","WildcardRare","","271","64"
"","","","","","","","","","","","","WildcardRare","","217","72"
"","","","","","","","","","","","","WildcardRare","","162","80"
"","","","","","","","","","","","","WildcardRare","","109","88"
"","","","","","","","","","","","","WildcardRare","","54","96"
"","","","","","","","","","","","","WildcardEpic","","136","8"
"","","","","","","","","","","","","WildcardEpic","","108","9"
"","","","","","","","","","","","","WildcardEpic","","81","10"
"","","","","","","","","","","","","WildcardEpic","","54","11"
"","","","","","","","","","","","","WildcardEpic","","27","12"
"","","","","","","Cannon","","","","","","","","9","4"
"","","","","","","Cannon","","","","","","","","7","5"
"","","","","","","Cannon","","","","","","","","5","6"
"","","","","","","Mortar","","","","","","","","9","4"
"","","","","","","Mortar","","","","","","","","7","5"
"","","","","","","Mortar","","","","","","","","5","6"
"","","","","","","Tesla","","","","","","","","9","4"
"","","","","","","Tesla","","","","","","","","7","5"
"","","","","","","Tesla","","","","","","","","5","6"
"","","","","","","FirespiritHut","","","","","","","","9","4"
"","","","","","","FirespiritHut","","","","","","","","7","5"
"","","","","","","FirespiritHut","","","","","","","","5","6"
"","","","","","","GoblinCage","","","","","","","","9","4"
"","","","","","","GoblinCage","","","","","","","","7","5"
"","","","","","","GoblinCage","","","","","","","","5","6"
"","","","","","","GoblinDrill","","","","","","","","9","4"
"","","","","","","GoblinDrill","","","","","","","","7","5"
"","","","","","","GoblinDrill","","","","","","","","5","6"
"","","","","","","Knight","","","","","","","","9","4"
"","","","","","","Knight","","","","","","","","7","5"
"","","","","","","Knight","","","","","","","","5","6"
"","","","","","","Archer","","","","","","","","9","4"
"","","","","","","Archer","","","","","","","","7","5"
"","","","","","","Archer","","","","","","","","5","6"
"","","","","","","Pekka","","","","","","","","9","4"
"","","","","","","Pekka","","","","","","","","7","5"
"","","","","","","Pekka","","","","","","","","5","6"
"","","","","","","Witch","","","","","","","","9","4"
"","","","","","","Witch","","","","","","","","7","5"
"","","","","","","Witch","","","","","","","","5","6"
"","","","","","","Barbarians","","","","","","","","9","4"
"","","","","","","Barbarians","","","","","","","","7","5"
"","","","","","","Barbarians","","","","","","","","5","6"
"","","","","","","Skeletons","","","","","","","","9","4"
"","","","","","","Skeletons","","","","","","","","7","5"
"","","","","","","Skeletons","","","","","","","","5","6"
"","","","","","","Valkyrie","","","","","","","","9","4"
"","","","","","","Valkyrie","","","","","","","","7","5"
"","","","","","","Valkyrie","","","","","","","","5","6"
"","","","","","","SkeletonArmy","","","","","","","","9","4"
"","","","","","","SkeletonArmy","","","","","","","","7","5"
"","","","","","","SkeletonArmy","","","","","","","","5","6"
"","","","","","","Bomber","","","","","","","","9","4"
"","","","","","","Bomber","","","","","","","","7","5"
"","","","","","","Bomber","","","","","","","","5","6"
"","","","","","","Musketeer","","","","","","","","9","4"
"","","","","","","Musketeer","","","","","","","","7","5"
"","","","","","","Musketeer","","","","","","","","5","6"
"","","","","","","BabyDragon","","","","","","","","9","4"
"","","","","","","BabyDragon","","","","","","","","7","5"
"","","","","","","BabyDragon","","","","","","","","5","6"
"","","","","","","Wizard","","","","","","","","9","4"
"","","","","","","Wizard","","","","","","","","7","5"
"","","","","","","Wizard","","","","","","","","5","6"
"","","","","","","RoyalGiant","","","","","","","","9","4"
"","","","","","","RoyalGiant","","","","","","","","7","5"
"","","","","","","RoyalGiant","","","","","","","","5","6"
"","","","","","","IceSpirits","","","","","","","","9","4"
"","","","","","","IceSpirits","","","","","","","","7","5"
"","","","","","","IceSpirits","","","","","","","","5","6"
"","","","","","","RageBarbarian","","","","","","","","9","4"
"","","","","","","RageBarbarian","","","","","","","","7","5"
"","","","","","","RageBarbarian","","","","","","","","5","6"
"","","","","","","BattleRam","","","","","","","","9","4"
"","","","","","","BattleRam","","","","","","","","7","5"
"","","","","","","BattleRam","","","","","","","","5","6"
"","","","","","","InfernoDragon","","","","","","","","9","4"
"","","","","","","InfernoDragon","","","","","","","","7","5"
"","","","","","","InfernoDragon","","","","","","","","5","6"
"","","","","","","BlowdartGoblin","","","","","","","","9","4"
"","","","","","","BlowdartGoblin","","","","","","","","7","5"
"","","","","","","BlowdartGoblin","","","","","","","","5","6"
"","","","","","","Hunter","","","","","","","","9","4"
"","","","","","","Hunter","","","","","","","","7","5"
"","","","","","","Hunter","","","","","","","","5","6"
"","","","","","","AxeMan","","","","","","","","9","4"
"","","","","","","AxeMan","","","","","","","","7","5"
"","","","","","","AxeMan","","","","","","","","5","6"
"","","","","","","RoyalRecruits","","","","","","","","9","4"
"","","","","","","RoyalRecruits","","","","","","","","7","5"
"","","","","","","RoyalRecruits","","","","","","","","5","6"
"","","","","","","Bats","","","","","","","","9","4"
"","","","","","","Bats","","","","","","","","7","5"
"","","","","","","Bats","","","","","","","","5","6"
"","","","","","","Ghost","","","","","","","","9","4"
"","","","","","","Ghost","","","","","","","","7","5"
"","","","","","","Ghost","","","","","","","","5","6"
"","","","","","","MegaKnight","","","","","","","","9","4"
"","","","","","","MegaKnight","","","","","","","","7","5"
"","","","","","","MegaKnight","","","","","","","","5","6"
"","","","","","","SkeletonBalloon","","","","","","","","9","4"
"","","","","","","SkeletonBalloon","","","","","","","","7","5"
"","","","","","","SkeletonBalloon","","","","","","","","5","6"
"","","","","","","Wallbreakers","","","","","","","","9","4"
"","","","","","","Wallbreakers","","","","","","","","7","5"
"","","","","","","Wallbreakers","","","","","","","","5","6"
"","","","","","","RoyalHogs","","","","","","","","9","4"
"","","","","","","RoyalHogs","","","","","","","","7","5"
"","","","","","","RoyalHogs","","","","","","","","5","6"
"","","","","","","GoblinGiant","","","","","","","","9","4"
"","","","","","","GoblinGiant","","","","","","","","7","5"
"","","","","","","GoblinGiant","","","","","","","","5","6"
"","","","","","","ElectroDragon","","","","","","","","9","4"
"","","","","","","ElectroDragon","","","","","","","","7","5"
"","","","","","","ElectroDragon","","","","","","","","5","6"
"","","","","","","Firecracker","","","","","","","","9","4"
"","","","","","","Firecracker","","","","","","","","7","5"
"","","","","","","Firecracker","","","","","","","","5","6"
"","","","","","","GoblinBarrel","","","","","","","","9","4"
"","","","","","","GoblinBarrel","","","","","","","","7","5"
"","","","","","","GoblinBarrel","","","","","","","","5","6"
"","","","","","","Zap","","","","","","","","9","4"
"","","","","","","Zap","","","","","","","","7","5"
"","","","","","","Zap","","","","","","","","5","6"
"","","","","","","Snowball","","","","","","","","9","4"
"","","","","","","Snowball","","","","","","","","7","5"
"","","","","","","Snowball","","","","","","","","5","6"
"","","","","","","MinionHorde","","","","","","","","9","4"
"","","","","","","MinionHorde","","","","","","","","7","5"
"","","","","","","MinionHorde","","","","","","","","5","6"
"","","","","","","Princess","","","","","","","","9","4"
"","","","","","","Princess","","","","","","","","7","5"
"","","","","","","Princess","","","","","","","","5","6"
"","","","","","TowerSkin1035","","","","","","","","","109","1"
"","","","","","TowerSkin1036","","","","","","","","","109","1"
"","","","","","TowerSkin1038","","","","","","","","","109","1"
"","","","","","TowerSkin1040","","","","","","","","","109","1"
"","","","","","TowerSkin1045","","","","","","","","","109","1"
"","","","","","","","","","Gems","","","","","73","700"
"","","","","","","","","","Gems","","","","","58","850"
"","","","","","","","","","Gems","","","","","44","1000"
"","","","","","","","","","Gems","","","","","29","1150"
"","","","","","","","","","Gems","","","","","15","1300"
"ChoiceChest_CL7_1Star","","","","","","","","","","Common","","","","877","4"
"","","","","","","","","","","Common","","","","702","6"
"","","","","","","","","","","Common","","","","526","8"
"","","","","","","","","","","Common","","","","351","12"
"","","","","","","","","","","Common","","","","175","16"
"","","","","","","","","","","Rare","","","","789","1"
"","","","","","","","","","","Rare","","","","631","2"
"","","","","","","","","","","Rare","","","","474","4"
"","","","","","","","","","","Rare","","","","316","5"
"","","","","","","","","","","Rare","","","","158","6"
"","","","","","","","","","Gold","","","","","1667","125"
"","","","","","","","","","Gold","","","","","1333","188"
"","","","","","","","","","Gold","","","","","1000","250"
"","","","","","","","","","Gold","","","","","667","375"
"","","","","","","","","","Gold","","","","","333","500"
"","","","","","","","","","Gems","","","","","68","35"
"","","","","","","","","","Gems","","","","","54","40"
"","","","","","","","","","Gems","","","","","41","50"
"","","","","","","","","","Gems","","","","","27","55"
"","","","","","","","","","Gems","","","","","14","65"
"ChoiceChest_CL7_2Star","","","","","","","","","","Common","","","","836","16"
"","","","","","","","","","","Common","","","","669","23"
"","","","","","","","","","","Common","","","","502","31"
"","","","","","","","","","","Common","","","","334","46"
"","","","","","","","","","","Common","","","","167","62"
"","","","","","","","","","","Rare","","","","753","3"
"","","","","","","","","","","Rare","","","","602","4"
"","","","","","","","","","","Rare","","","","452","6"
"","","","","","","","","","","Rare","","","","301","9"
"","","","","","","","","","","Rare","","","","151","12"
"","","","","","","","","","","Epic","","","","418","1"
"","","","","","","","","","","Epic","","","","334","2"
"","","","","","","","","","","Epic","","","","251","3"
"","","","","","","","","","Gold","","","","","1234","500"
"","","","","","","","","","Gold","","","","","987","750"
"","","","","","","","","","Gold","","","","","740","1000"
"","","","","","","","","","Gold","","","","","494","1500"
"","","","","","","","","","Gold","","","","","246","2000"
"","","","Chronos651","","","","","","","","","","","3","1"
"","","","Chronos652","","","","","","","","","","","3","1"
"","","","Chronos653","","","","","","","","","","","3","1"
"","","","Chronos654","","","","","","","","","","","3","1"
"","","","Chronos655","","","","","","","","","","","3","1"
"","","","Chronos656","","","","","","","","","","","3","1"
"","","","Chronos657","","","","","","","","","","","3","1"
"","","","Chronos658","","","","","","","","","","","3","1"
"","","","Chronos659","","","","","","","","","","","3","1"
"","","","Chronos660","","","","","","","","","","","3","1"
"","","","Chronos661","","","","","","","","","","","3","1"
"","","","Chronos662","","","","","","","","","","","3","1"
"","","","Chronos663","","","","","","","","","","","3","1"
"","","","Chronos664","","","","","","","","","","","3","1"
"","","","Chronos667","","","","","","","","","","","3","1"
"","","","Chronos668","","","","","","","","","","","3","1"
"","","","Chronos669","","","","","","","","","","","3","1"
"","","","Chronos670","","","","","","","","","","","3","1"
"","","","Chronos671","","","","","","","","","","","3","1"
"","","","Chronos672","","","","","","","","","","","3","1"
"","","","Chronos673","","","","","","","","","","","3","1"
"","","","Chronos674","","","","","","","","","","","3","1"
"","","","Chronos675","","","","","","","","","","","3","1"
"","","","Chronos676","","","","","","","","","","","3","1"
"","","","Chronos677","","","","","","","","","","","3","1"
"","","","Chronos678","","","","","","","","","","","3","1"
"","","","Chronos681","","","","","","","","","","","3","1"
"","","","Chronos682","","","","","","","","","","","3","1"
"","","","Chronos683","","","","","","","","","","","3","1"
"","","","Chronos684","","","","","","","","","","","3","1"
"","","","Chronos685","","","","","","","","","","","3","1"
"","","","Chronos686","","","","","","","","","","","3","1"
"","","","Chronos687","","","","","","","","","","","3","1"
"","","","Chronos688","","","","","","","","","","","3","1"
"","","","Chronos689","","","","","","","","","","","3","1"
"","","","Chronos690","","","","","","","","","","","3","1"
"","","","Chronos691","","","","","","","","","","","3","1"
"","","","Chronos692","","","","","","","","","","","3","1"
"","","","Chronos695","","","","","","","","","","","3","1"
"","","","Chronos696","","","","","","","","","","","3","1"
"","","","Chronos697","","","","","","","","","","","3","1"
"","","","Chronos698","","","","","","","","","","","3","1"
"","","","Chronos699","","","","","","","","","","","3","1"
"","","","Chronos700","","","","","","","","","","","3","1"
"","","","Chronos701","","","","","","","","","","","3","1"
"","","","Chronos702","","","","","","","","","","","3","1"
"","","","Chronos703","","","","","","","","","","","3","1"
"","","","Chronos704","","","","","","","","","","","3","1"
"","","","Chronos705","","","","","","","","","","","3","1"
"","","","Chronos706","","","","","","","","","","","3","1"
"","","","Chronos707","","","","","","","","","","","3","1"
"","","","Chronos708","","","","","","","","","","","3","1"
"","","","Chronos713","","","","","","","","","","","3","1"
"","","","Chronos714","","","","","","","","","","","3","1"
"","","","Chronos719","","","","","","","","","","","3","1"
"","","","Chronos720","","","","","","","","","","","3","1"
"","","","Chronos721","","","","","","","","","","","3","1"
"","","","Chronos722","","","","","","","","","","","3","1"
"","","","Chronos731","","","","","","","","","","","3","1"
"","","","Chronos732","","","","","","","","","","","3","1"
"","","","Chronos737","","","","","","","","","","","3","1"
"","","","Chronos738","","","","","","","","","","","3","1"
"","","","Chronos747","","","","","","","","","","","3","1"
"","","","Chronos748","","","","","","","","","","","3","1"
"","","","Chronos749","","","","","","","","","","","3","1"
"","","","Chronos750","","","","","","","","","","","3","1"
"","","","Chronos751","","","","","","","","","","","3","1"
"","","","Chronos752","","","","","","","","","","","3","1"
"","","","Chronos757","","","","","","","","","","","3","1"
"","","","Chronos758","","","","","","","","","","","3","1"
"","","","Chronos765","","","","","","","","","","","3","1"
"","","","Chronos766","","","","","","","","","","","3","1"
"","","","Chronos767","","","","","","","","","","","3","1"
"","","","Chronos768","","","","","","","","","","","3","1"
"","","","Chronos777","","","","","","","","","","","3","1"
"","","","Chronos778","","","","","","","","","","","3","1"
"","","","Chronos779","","","","","","","","","","","3","1"
"","","","Chronos780","","","","","","","","","","","3","1"
"","","","Chronos781","","","","","","","","","","","3","1"
"","","","Chronos782","","","","","","","","","","","3","1"
"","","","Chronos789","","","","","","","","","","","3","1"
"","","","Chronos790","","","","","","","","","","","3","1"
"","","","Chronos793","","","","","","","","","","","3","1"
"","","","Chronos794","","","","","","","","","","","3","1"
"","","","Chronos797","","","","","","","","","","","3","1"
"","","","Chronos798","","","","","","","","","","","3","1"
"","","","Chronos803","","","","","","","","","","","3","1"
"","","","Chronos804","","","","","","","","","","","3","1"
"","","","Chronos807","","","","","","","","","","","3","1"
"","","","Chronos808","","","","","","","","","","","3","1"
"","","","Chronos809","","","","","","","","","","","3","1"
"","","","Chronos810","","","","","","","","","","","3","1"
"","","","Chronos811","","","","","","","","","","","3","1"
"","","","Chronos812","","","","","","","","","","","3","1"
"","","","Chronos813","","","","","","","","","","","3","1"
"","","","Chronos814","","","","","","","","","","","3","1"
"","","","Chronos815","","","","","","","","","","","3","1"
"","","","Chronos816","","","","","","","","","","","3","1"
"","","","Chronos817","","","","","","","","","","","3","1"
"","","","Chronos818","","","","","","","","","","","3","1"
"","","","Chronos819","","","","","","","","","","","3","1"
"","","","Chronos820","","","","","","","","","","","3","1"
"","","","Chronos823","","","","","","","","","","","3","1"
"","","","Chronos824","","","","","","","","","","","3","1"
"","","","Chronos825","","","","","","","","","","","3","1"
"","","","Chronos826","","","","","","","","","","","3","1"
"","","","Chronos827","","","","","","","","","","","3","1"
"","","","Chronos828","","","","","","","","","","","3","1"
"","","","Chronos829","","","","","","","","","","","3","1"
"","","","Chronos830","","","","","","","","","","","3","1"
"","","","Chronos833","","","","","","","","","","","3","1"
"","","","Chronos834","","","","","","","","","","","3","1"
"","","","Chronos835","","","","","","","","","","","3","1"
"","","","Chronos836","","","","","","","","","","","3","1"
"","","","Chronos837","","","","","","","","","","","3","1"
"","","","Chronos838","","","","","","","","","","","3","1"
"","","","Chronos839","","","","","","","","","","","3","1"
"","","","Chronos840","","","","","","","","","","","3","1"
"","","","Chronos841","","","","","","","","","","","3","1"
"","","","Chronos842","","","","","","","","","","","3","1"
"","","","Chronos845","","","","","","","","","","","3","1"
"","","","Chronos846","","","","","","","","","","","3","1"
"","","","Chronos849","","","","","","","","","","","3","1"
"","","","Chronos850","","","","","","","","","","","3","1"
"","","","Chronos851","","","","","","","","","","","3","1"
"","","","Chronos852","","","","","","","","","","","3","1"
"","","","Chronos855","","","","","","","","","","","3","1"
"","","","Chronos856","","","","","","","","","","","3","1"
"","","","Chronos857","","","","","","","","","","","3","1"
"","","","Chronos858","","","","","","","","","","","3","1"
"","","","Chronos859","","","","","","","","","","","3","1"
"","","","Chronos860","","","","","","","","","","","3","1"
"","","","Chronos863","","","","","","","","","","","3","1"
"","","","Chronos864","","","","","","","","","","","3","1"
"","","","Chronos869","","","","","","","","","","","3","1"
"","","","Chronos870","","","","","","","","","","","3","1"
"","","","Chronos873","","","","","","","","","","","3","1"
"","","","Chronos874","","","","","","","","","","","3","1"
"","","","Chronos877","","","","","","","","","","","3","1"
"","","","Chronos878","","","","","","","","","","","3","1"
"","","","Chronos879","","","","","","","","","","","3","1"
"","","","Chronos880","","","","","","","","","","","3","1"
"","","","Chronos883","","","","","","","","","","","3","1"
"","","","Chronos884","","","","","","","","","","","3","1"
"","","","Chronos887","","","","","","","","","","","3","1"
"","","","Chronos888","","","","","","","","","","","3","1"
"","","","Chronos889","","","","","","","","","","","3","1"
"","","","Chronos890","","","","","","","","","","","3","1"
"","","","Chronos895","","","","","","","","","","","3","1"
"","","","Chronos896","","","","","","","","","","","3","1"
"","","","Chronos897","","","","","","","","","","","3","1"
"","","","Chronos898","","","","","","","","","","","3","1"
"","","","Chronos899","","","","","","","","","","","3","1"
"","","","Chronos900","","","","","","","","","","","3","1"
"","","","Chronos901","","","","","","","","","","","3","1"
"","","","Chronos902","","","","","","","","","","","3","1"
"","","","Chronos907","","","","","","","","","","","3","1"
"","","","Chronos908","","","","","","","","","","","3","1"
"","","","Chronos909","","","","","","","","","","","3","1"
"","","","Chronos910","","","","","","","","","","","3","1"
"","","","Chronos911","","","","","","","","","","","3","1"
"","","","Chronos912","","","","","","","","","","","3","1"
"","","","Chronos913","","","","","","","","","","","3","1"
"","","","Chronos914","","","","","","","","","","","3","1"
"","","","Chronos915","","","","","","","","","","","3","1"
"","","","Chronos916","","","","","","","","","","","3","1"
"","","","Chronos917","","","","","","","","","","","3","1"
"","","","Chronos918","","","","","","","","","","","3","1"
"","","","Chronos921","","","","","","","","","","","3","1"
"","","","Chronos922","","","","","","","","","","","3","1"
"","","","Chronos923","","","","","","","","","","","3","1"
"","","","Chronos924","","","","","","","","","","","3","1"
"","","","Chronos925","","","","","","","","","","","3","1"
"","","","Chronos926","","","","","","","","","","","3","1"
"","","","Chronos929","","","","","","","","","","","3","1"
"","","","Chronos930","","","","","","","","","","","3","1"
"","","","Chronos931","","","","","","","","","","","3","1"
"","","","Chronos932","","","","","","","","","","","3","1"
"","","","Chronos933","","","","","","","","","","","3","1"
"","","","Chronos934","","","","","","","","","","","3","1"
"","","","Chronos937","","","","","","","","","","","3","1"
"","","","Chronos938","","","","","","","","","","","3","1"
"","","","","","","","","","Gems","","","","","68","70"
"","","","","","","","","","Gems","","","","","54","85"
"","","","","","","","","","Gems","","","","","41","100"
"","","","","","","","","","Gems","","","","","27","115"
"","","","","","","","","","Gems","","","","","14","130"
"ChoiceChest_CL7_3Star","","","","","","","","","","Common","","","","975","62"
"","","","","","","","","","","Common","","","","780","94"
"","","","","","","","","","","Common","","","","585","125"
"","","","","","","","","","","Common","","","","390","188"
"","","","","","","","","","","Common","","","","195","250"
"","","","","","","","","","","Rare","","","","878","12"
"","","","","","","","","","","Rare","","","","702","19"
"","","","","","","","","","","Rare","","","","527","25"
"","","","","","","","","","","Rare","","","","351","38"
"","","","","","","","","","","Rare","","","","176","50"
"","","","","","","","","","","Epic","","","","390","1"
"","","","","","","","","","","Epic","","","","312","3"
"","","","","","","","","","","Epic","","","","234","5"
"","","","","","","","","","","Epic","","","","156","7"
"","","","","","","","","","","Epic","","","","78","9"
"","","","","","","","","","Gold","","","","","921","2000"
"","","","","","","","","","Gold","","","","","736","3000"
"","","","","","","","","","Gold","","","","","552","4000"
"","","","","","","","","","Gold","","","","","369","6000"
"","","","","","","","","","Gold","","","","","184","8000"
"","","","","EmoteChronos232","","","","","","","","","","12","1"
"","","","","EmoteChronos234","","","","","","","","","","12","1"
"","","","","EmoteChronos235","","","","","","","","","","12","1"
"","","","","EmoteChronos241","","","","","","","","","","12","1"
"","","","","EmoteChronos242","","","","","","","","","","12","1"
"","","","","EmoteChronos247","","","","","","","","","","12","1"
"","","","","EmoteChronos251","","","","","","","","","","12","1"
"","","","","EmoteChronos253","","","","","","","","","","12","1"
"","","","","EmoteChronos255","","","","","","","","","","12","1"
"","","","","EmoteChronos256","","","","","","","","","","12","1"
"","","","","EmoteChronos257","","","","","","","","","","12","1"
"","","","","EmoteChronos259","","","","","","","","","","12","1"
"","","","","EmoteChronos265","","","","","","","","","","12","1"
"","","","","EmoteChronos267","","","","","","","","","","12","1"
"","","","","EmoteChronos270","","","","","","","","","","12","1"
"","","","","EmoteChronos271","","","","","","","","","","12","1"
"","","","","EmoteChronos274","","","","","","","","","","12","1"
"","","","","EmoteChronos277","","","","","","","","","","12","1"
"","","","","EmoteChronos278","","","","","","","","","","12","1"
"","","","","EmoteChronos279","","","","","","","","","","12","1"
"","","","","EmoteChronos280","","","","","","","","","","12","1"
"","","","","EmoteChronos283","","","","","","","","","","12","1"
"","","","","EmoteChronos286","","","","","","","","","","12","1"
"","","","","EmoteChronos291","","","","","","","","","","12","1"
"","","","","EmoteChronos293","","","","","","","","","","12","1"
"","","","","EmoteChronos295","","","","","","","","","","12","1"
"","","","","EmoteChronos297","","","","","","","","","","12","1"
"","","","","EmoteChronos303","","","","","","","","","","12","1"
"","","","","EmoteChronos304","","","","","","","","","","12","1"
"","","","","EmoteChronos305","","","","","","","","","","12","1"
"","","","","EmoteChronos307","","","","","","","","","","12","1"
"","","","","EmoteChronos313","","","","","","","","","","12","1"
"","","","","EmoteChronos315","","","","","","","","","","12","1"
"","","","","EmoteChronos318","","","","","","","","","","12","1"
"","","","","EmoteChronos321","","","","","","","","","","12","1"
"","","","","EmoteChronos323","","","","","","","","","","12","1"
"","","","","EmoteChronos332","","","","","","","","","","12","1"
"","","","","EmoteChronos333","","","","","","","","","","12","1"
"","","","","EmoteChronos336","","","","","","","","","","12","1"
"","","","","EmoteChronos338","","","","","","","","","","12","1"
"","","","","EmoteChronos341","","","","","","","","","","12","1"
"","","","","EmoteChronos343","","","","","","","","","","12","1"
"","","","","EmoteChronos346","","","","","","","","","","12","1"
"","","","","","","","","","Gems","","","","","68","175"
"","","","","","","","","","Gems","","","","","54","210"
"","","","","","","","","","Gems","","","","","41","250"
"","","","","","","","","","Gems","","","","","27","290"
"","","","","","","","","","Gems","","","","","14","325"
"ChoiceChest_CL7_4Star","","","","","","","","","","Common","","","","931","250"
"","","","","","","","","","","Common","","","","745","375"
"","","","","","","","","","","Common","","","","559","500"
"","","","","","","","","","","Common","","","","372","750"
"","","","","","","","","","","Common","","","","187","1000"
"","","","","","","","","","","Rare","","","","839","50"
"","","","","","","","","","","Rare","","","","671","75"
"","","","","","","","","","","Rare","","","","503","100"
"","","","","","","","","","","Rare","","","","335","150"
"","","","","","","","","","","Rare","","","","168","200"
"","","","","","","","","","","Epic","","","","372","6"
"","","","","","","","","","","Epic","","","","298","10"
"","","","","","","","","","","Epic","","","","224","13"
"","","","","","","","","","","Epic","","","","149","20"
"","","","","","","","","","","Epic","","","","75","26"
"","","","","","","","","","","","","WildcardCommon","","409","82"
"","","","","","","","","","","","","WildcardCommon","","326","124"
"","","","","","","","","","","","","WildcardCommon","","245","165"
"","","","","","","","","","","","","WildcardCommon","","164","248"
"","","","","","","","","","","","","WildcardCommon","","82","330"
"","","","","","","","","","","","","WildcardRare","","272","16"
"","","","","","","","","","","","","WildcardRare","","218","25"
"","","","","","","","","","","","","WildcardRare","","163","33"
"","","","","","","","","","","","","WildcardRare","","109","50"
"","","","","","","","","","","","","WildcardRare","","54","66"
"","","","","","","","","","","","","WildcardEpic","","136","2"
"","","","","","","","","","","","","WildcardEpic","","109","3"
"","","","","","","","","","","","","WildcardEpic","","82","4"
"","","","","","","","","","","","","WildcardEpic","","54","6"
"","","","","","","","","","","","","WildcardEpic","","27","8"
"","","","","","","Cannon","","","","","","","","4","1"
"","","","","","","Cannon","","","","","","","","3","2"
"","","","","","","Cannon","","","","","","","","2","3"
"","","","","","","Mortar","","","","","","","","4","1"
"","","","","","","Mortar","","","","","","","","3","2"
"","","","","","","Mortar","","","","","","","","2","3"
"","","","","","","Tesla","","","","","","","","4","1"
"","","","","","","Tesla","","","","","","","","3","2"
"","","","","","","Tesla","","","","","","","","2","3"
"","","","","","","FirespiritHut","","","","","","","","4","1"
"","","","","","","FirespiritHut","","","","","","","","3","2"
"","","","","","","FirespiritHut","","","","","","","","2","3"
"","","","","","","GoblinCage","","","","","","","","4","1"
"","","","","","","GoblinCage","","","","","","","","3","2"
"","","","","","","GoblinCage","","","","","","","","2","3"
"","","","","","","GoblinDrill","","","","","","","","4","1"
"","","","","","","GoblinDrill","","","","","","","","3","2"
"","","","","","","GoblinDrill","","","","","","","","2","3"
"","","","","","","Knight","","","","","","","","4","1"
"","","","","","","Knight","","","","","","","","3","2"
"","","","","","","Knight","","","","","","","","2","3"
"","","","","","","Archer","","","","","","","","4","1"
"","","","","","","Archer","","","","","","","","3","2"
"","","","","","","Archer","","","","","","","","2","3"
"","","","","","","Pekka","","","","","","","","4","1"
"","","","","","","Pekka","","","","","","","","3","2"
"","","","","","","Pekka","","","","","","","","2","3"
"","","","","","","Witch","","","","","","","","4","1"
"","","","","","","Witch","","","","","","","","3","2"
"","","","","","","Witch","","","","","","","","2","3"
"","","","","","","Barbarians","","","","","","","","4","1"
"","","","","","","Barbarians","","","","","","","","3","2"
"","","","","","","Barbarians","","","","","","","","2","3"
"","","","","","","Skeletons","","","","","","","","4","1"
"","","","","","","Skeletons","","","","","","","","3","2"
"","","","","","","Skeletons","","","","","","","","2","3"
"","","","","","","Valkyrie","","","","","","","","4","1"
"","","","","","","Valkyrie","","","","","","","","3","2"
"","","","","","","Valkyrie","","","","","","","","2","3"
"","","","","","","SkeletonArmy","","","","","","","","4","1"
"","","","","","","SkeletonArmy","","","","","","","","3","2"
"","","","","","","SkeletonArmy","","","","","","","","2","3"
"","","","","","","Bomber","","","","","","","","4","1"
"","","","","","","Bomber","","","","","","","","3","2"
"","","","","","","Bomber","","","","","","","","2","3"
"","","","","","","Musketeer","","","","","","","","4","1"
"","","","","","","Musketeer","","","","","","","","3","2"
"","","","","","","Musketeer","","","","","","","","2","3"
"","","","","","","BabyDragon","","","","","","","","4","1"
"","","","","","","BabyDragon","","","","","","","","3","2"
"","","","","","","BabyDragon","","","","","","","","2","3"
"","","","","","","Wizard","","","","","","","","4","1"
"","","","","","","Wizard","","","","","","","","3","2"
"","","","","","","Wizard","","","","","","","","2","3"
"","","","","","","RoyalGiant","","","","","","","","4","1"
"","","","","","","RoyalGiant","","","","","","","","3","2"
"","","","","","","RoyalGiant","","","","","","","","2","3"
"","","","","","","IceSpirits","","","","","","","","4","1"
"","","","","","","IceSpirits","","","","","","","","3","2"
"","","","","","","IceSpirits","","","","","","","","2","3"
"","","","","","","RageBarbarian","","","","","","","","4","1"
"","","","","","","RageBarbarian","","","","","","","","3","2"
"","","","","","","RageBarbarian","","","","","","","","2","3"
"","","","","","","BattleRam","","","","","","","","4","1"
"","","","","","","BattleRam","","","","","","","","3","2"
"","","","","","","BattleRam","","","","","","","","2","3"
"","","","","","","InfernoDragon","","","","","","","","4","1"
"","","","","","","InfernoDragon","","","","","","","","3","2"
"","","","","","","InfernoDragon","","","","","","","","2","3"
"","","","","","","BlowdartGoblin","","","","","","","","4","1"
"","","","","","","BlowdartGoblin","","","","","","","","3","2"
"","","","","","","BlowdartGoblin","","","","","","","","2","3"
"","","","","","","Hunter","","","","","","","","4","1"
"","","","","","","Hunter","","","","","","","","3","2"
"","","","","","","Hunter","","","","","","","","2","3"
"","","","","","","AxeMan","","","","","","","","4","1"
"","","","","","","AxeMan","","","","","","","","3","2"
"","","","","","","AxeMan","","","","","","","","2","3"
"","","","","","","RoyalRecruits","","","","","","","","4","1"
"","","","","","","RoyalRecruits","","","","","","","","3","2"
"","","","","","","RoyalRecruits","","","","","","","","2","3"
"","","","","","","Bats","","","","","","","","4","1"
"","","","","","","Bats","","","","","","","","3","2"
"","","","","","","Bats","","","","","","","","2","3"
"","","","","","","Ghost","","","","","","","","4","1"
"","","","","","","Ghost","","","","","","","","3","2"
"","","","","","","Ghost","","","","","","","","2","3"
"","","","","","","MegaKnight","","","","","","","","4","1"
"","","","","","","MegaKnight","","","","","","","","3","2"
"","","","","","","MegaKnight","","","","","","","","2","3"
"","","","","","","SkeletonBalloon","","","","","","","","4","1"
"","","","","","","SkeletonBalloon","","","","","","","","3","2"
"","","","","","","SkeletonBalloon","","","","","","","","2","3"
"","","","","","","Wallbreakers","","","","","","","","4","1"
"","","","","","","Wallbreakers","","","","","","","","3","2"
"","","","","","","Wallbreakers","","","","","","","","2","3"
"","","","","","","RoyalHogs","","","","","","","","4","1"
"","","","","","","RoyalHogs","","","","","","","","3","2"
"","","","","","","RoyalHogs","","","","","","","","2","3"
"","","","","","","GoblinGiant","","","","","","","","4","1"
"","","","","","","GoblinGiant","","","","","","","","3","2"
"","","","","","","GoblinGiant","","","","","","","","2","3"
"","","","","","","ElectroDragon","","","","","","","","4","1"
"","","","","","","ElectroDragon","","","","","","","","3","2"
"","","","","","","ElectroDragon","","","","","","","","2","3"
"","","","","","","Firecracker","","","","","","","","4","1"
"","","","","","","Firecracker","","","","","","","","3","2"
"","","","","","","Firecracker","","","","","","","","2","3"
"","","","","","","GoblinBarrel","","","","","","","","4","1"
"","","","","","","GoblinBarrel","","","","","","","","3","2"
"","","","","","","GoblinBarrel","","","","","","","","2","3"
"","","","","","","Zap","","","","","","","","4","1"
"","","","","","","Zap","","","","","","","","3","2"
"","","","","","","Zap","","","","","","","","2","3"
"","","","","","","Snowball","","","","","","","","4","1"
"","","","","","","Snowball","","","","","","","","3","2"
"","","","","","","Snowball","","","","","","","","2","3"
"","","","","","","MinionHorde","","","","","","","","4","1"
"","","","","","","MinionHorde","","","","","","","","3","2"
"","","","","","","MinionHorde","","","","","","","","2","3"
"","","","","","","Princess","","","","","","","","4","1"
"","","","","","","Princess","","","","","","","","3","2"
"","","","","","","Princess","","","","","","","","2","3"
"","","","","","TowerSkin1035","","","","","","","","","99","1"
"","","","","","TowerSkin1036","","","","","","","","","99","1"
"","","","","","TowerSkin1038","","","","","","","","","99","1"
"","","","","","TowerSkin1040","","","","","","","","","99","1"
"","","","","","TowerSkin1045","","","","","","","","","99","1"
"","","","","","","","","","Gems","","","","","66","350"
"","","","","","","","","","Gems","","","","","53","425"
"","","","","","","","","","Gems","","","","","40","500"
"","","","","","","","","","Gems","","","","","27","575"
"","","","","","","","","","Gems","","","","","13","650"
"ChoiceChest_CL7_5Star","","","","","","","","","","Common","","","","866","1200"
"","","","","","","","","","","Common","","","","693","1350"
"","","","","","","","","","","Common","","","","519","1500"
"","","","","","","","","","","Common","","","","346","1650"
"","","","","","","","","","","Common","","","","173","1800"
"","","","","","","","","","","Rare","","","","779","240"
"","","","","","","","","","","Rare","","","","623","270"
"","","","","","","","","","","Rare","","","","467","300"
"","","","","","","","","","","Rare","","","","311","330"
"","","","","","","","","","","Rare","","","","156","360"
"","","","","","","","","","","Epic","","","","346","30"
"","","","","","","","","","","Epic","","","","277","34"
"","","","","","","","","","","Epic","","","","208","38"
"","","","","","","","","","","Epic","","","","138","42"
"","","","","","","","","","","Epic","","","","70","46"
"","","","","","","","","","","","","WildcardCommon","","406","400"
"","","","","","","","","","","","","WildcardCommon","","325","450"
"","","","","","","","","","","","","WildcardCommon","","244","500"
"","","","","","","","","","","","","WildcardCommon","","163","550"
"","","","","","","","","","","","","WildcardCommon","","81","600"
"","","","","","","","","","","","","WildcardRare","","271","80"
"","","","","","","","","","","","","WildcardRare","","217","90"
"","","","","","","","","","","","","WildcardRare","","162","100"
"","","","","","","","","","","","","WildcardRare","","109","110"
"","","","","","","","","","","","","WildcardRare","","54","120"
"","","","","","","","","","","","","WildcardEpic","","136","10"
"","","","","","","","","","","","","WildcardEpic","","108","12"
"","","","","","","","","","","","","WildcardEpic","","81","13"
"","","","","","","","","","","","","WildcardEpic","","54","14"
"","","","","","","","","","","","","WildcardEpic","","27","16"
"","","","","","","Cannon","","","","","","","","9","4"
"","","","","","","Cannon","","","","","","","","7","5"
"","","","","","","Cannon","","","","","","","","5","6"
"","","","","","","Mortar","","","","","","","","9","4"
"","","","","","","Mortar","","","","","","","","7","5"
"","","","","","","Mortar","","","","","","","","5","6"
"","","","","","","Tesla","","","","","","","","9","4"
"","","","","","","Tesla","","","","","","","","7","5"
"","","","","","","Tesla","","","","","","","","5","6"
"","","","","","","FirespiritHut","","","","","","","","9","4"
"","","","","","","FirespiritHut","","","","","","","","7","5"
"","","","","","","FirespiritHut","","","","","","","","5","6"
"","","","","","","GoblinCage","","","","","","","","9","4"
"","","","","","","GoblinCage","","","","","","","","7","5"
"","","","","","","GoblinCage","","","","","","","","5","6"
"","","","","","","GoblinDrill","","","","","","","","9","4"
"","","","","","","GoblinDrill","","","","","","","","7","5"
"","","","","","","GoblinDrill","","","","","","","","5","6"
"","","","","","","Knight","","","","","","","","9","4"
"","","","","","","Knight","","","","","","","","7","5"
"","","","","","","Knight","","","","","","","","5","6"
"","","","","","","Archer","","","","","","","","9","4"
"","","","","","","Archer","","","","","","","","7","5"
"","","","","","","Archer","","","","","","","","5","6"
"","","","","","","Pekka","","","","","","","","9","4"
"","","","","","","Pekka","","","","","","","","7","5"
"","","","","","","Pekka","","","","","","","","5","6"
"","","","","","","Witch","","","","","","","","9","4"
"","","","","","","Witch","","","","","","","","7","5"
"","","","","","","Witch","","","","","","","","5","6"
"","","","","","","Barbarians","","","","","","","","9","4"
"","","","","","","Barbarians","","","","","","","","7","5"
"","","","","","","Barbarians","","","","","","","","5","6"
"","","","","","","Skeletons","","","","","","","","9","4"
"","","","","","","Skeletons","","","","","","","","7","5"
"","","","","","","Skeletons","","","","","","","","5","6"
"","","","","","","Valkyrie","","","","","","","","9","4"
"","","","","","","Valkyrie","","","","","","","","7","5"
"","","","","","","Valkyrie","","","","","","","","5","6"
"","","","","","","SkeletonArmy","","","","","","","","9","4"
"","","","","","","SkeletonArmy","","","","","","","","7","5"
"","","","","","","SkeletonArmy","","","","","","","","5","6"
"","","","","","","Bomber","","","","","","","","9","4"
"","","","","","","Bomber","","","","","","","","7","5"
"","","","","","","Bomber","","","","","","","","5","6"
"","","","","","","Musketeer","","","","","","","","9","4"
"","","","","","","Musketeer","","","","","","","","7","5"
"","","","","","","Musketeer","","","","","","","","5","6"
"","","","","","","BabyDragon","","","","","","","","9","4"
"","","","","","","BabyDragon","","","","","","","","7","5"
"","","","","","","BabyDragon","","","","","","","","5","6"
"","","","","","","Wizard","","","","","","","","9","4"
"","","","","","","Wizard","","","","","","","","7","5"
"","","","","","","Wizard","","","","","","","","5","6"
"","","","","","","RoyalGiant","","","","","","","","9","4"
"","","","","","","RoyalGiant","","","","","","","","7","5"
"","","","","","","RoyalGiant","","","","","","","","5","6"
"","","","","","","IceSpirits","","","","","","","","9","4"
"","","","","","","IceSpirits","","","","","","","","7","5"
"","","","","","","IceSpirits","","","","","","","","5","6"
"","","","","","","RageBarbarian","","","","","","","","9","4"
"","","","","","","RageBarbarian","","","","","","","","7","5"
"","","","","","","RageBarbarian","","","","","","","","5","6"
"","","","","","","BattleRam","","","","","","","","9","4"
"","","","","","","BattleRam","","","","","","","","7","5"
"","","","","","","BattleRam","","","","","","","","5","6"
"","","","","","","InfernoDragon","","","","","","","","9","4"
"","","","","","","InfernoDragon","","","","","","","","7","5"
"","","","","","","InfernoDragon","","","","","","","","5","6"
"","","","","","","BlowdartGoblin","","","","","","","","9","4"
"","","","","","","BlowdartGoblin","","","","","","","","7","5"
"","","","","","","BlowdartGoblin","","","","","","","","5","6"
"","","","","","","Hunter","","","","","","","","9","4"
"","","","","","","Hunter","","","","","","","","7","5"
"","","","","","","Hunter","","","","","","","","5","6"
"","","","","","","AxeMan","","","","","","","","9","4"
"","","","","","","AxeMan","","","","","","","","7","5"
"","","","","","","AxeMan","","","","","","","","5","6"
"","","","","","","RoyalRecruits","","","","","","","","9","4"
"","","","","","","RoyalRecruits","","","","","","","","7","5"
"","","","","","","RoyalRecruits","","","","","","","","5","6"
"","","","","","","Bats","","","","","","","","9","4"
"","","","","","","Bats","","","","","","","","7","5"
"","","","","","","Bats","","","","","","","","5","6"
"","","","","","","Ghost","","","","","","","","9","4"
"","","","","","","Ghost","","","","","","","","7","5"
"","","","","","","Ghost","","","","","","","","5","6"
"","","","","","","MegaKnight","","","","","","","","9","4"
"","","","","","","MegaKnight","","","","","","","","7","5"
"","","","","","","MegaKnight","","","","","","","","5","6"
"","","","","","","SkeletonBalloon","","","","","","","","9","4"
"","","","","","","SkeletonBalloon","","","","","","","","7","5"
"","","","","","","SkeletonBalloon","","","","","","","","5","6"
"","","","","","","Wallbreakers","","","","","","","","9","4"
"","","","","","","Wallbreakers","","","","","","","","7","5"
"","","","","","","Wallbreakers","","","","","","","","5","6"
"","","","","","","RoyalHogs","","","","","","","","9","4"
"","","","","","","RoyalHogs","","","","","","","","7","5"
"","","","","","","RoyalHogs","","","","","","","","5","6"
"","","","","","","GoblinGiant","","","","","","","","9","4"
"","","","","","","GoblinGiant","","","","","","","","7","5"
"","","","","","","GoblinGiant","","","","","","","","5","6"
"","","","","","","ElectroDragon","","","","","","","","9","4"
"","","","","","","ElectroDragon","","","","","","","","7","5"
"","","","","","","ElectroDragon","","","","","","","","5","6"
"","","","","","","Firecracker","","","","","","","","9","4"
"","","","","","","Firecracker","","","","","","","","7","5"
"","","","","","","Firecracker","","","","","","","","5","6"
"","","","","","","GoblinBarrel","","","","","","","","9","4"
"","","","","","","GoblinBarrel","","","","","","","","7","5"
"","","","","","","GoblinBarrel","","","","","","","","5","6"
"","","","","","","Zap","","","","","","","","9","4"
"","","","","","","Zap","","","","","","","","7","5"
"","","","","","","Zap","","","","","","","","5","6"
"","","","","","","Snowball","","","","","","","","9","4"
"","","","","","","Snowball","","","","","","","","7","5"
"","","","","","","Snowball","","","","","","","","5","6"
"","","","","","","MinionHorde","","","","","","","","9","4"
"","","","","","","MinionHorde","","","","","","","","7","5"
"","","","","","","MinionHorde","","","","","","","","5","6"
"","","","","","","Princess","","","","","","","","9","4"
"","","","","","","Princess","","","","","","","","7","5"
"","","","","","","Princess","","","","","","","","5","6"
"","","","","","TowerSkin1035","","","","","","","","","109","1"
"","","","","","TowerSkin1036","","","","","","","","","109","1"
"","","","","","TowerSkin1038","","","","","","","","","109","1"
"","","","","","TowerSkin1040","","","","","","","","","109","1"
"","","","","","TowerSkin1045","","","","","","","","","109","1"
"","","","","","","","","","Gems","","","","","73","700"
"","","","","","","","","","Gems","","","","","58","850"
"","","","","","","","","","Gems","","","","","44","1000"
"","","","","","","","","","Gems","","","","","29","1150"
"","","","","","","","","","Gems","","","","","15","1300"
"ChoiceChest_CL8_1Star","","","","","","","","","","Common","","","","877","5"
"","","","","","","","","","","Common","","","","702","8"
"","","","","","","","","","","Common","","","","526","10"
"","","","","","","","","","","Common","","","","351","15"
"","","","","","","","","","","Common","","","","175","20"
"","","","","","","","","","","Rare","","","","789","1"
"","","","","","","","","","","Rare","","","","631","2"
"","","","","","","","","","","Rare","","","","474","4"
"","","","","","","","","","","Rare","","","","316","5"
"","","","","","","","","","","Rare","","","","158","6"
"","","","","","","","","","Gold","","","","","1667","162"
"","","","","","","","","","Gold","","","","","1333","244"
"","","","","","","","","","Gold","","","","","1000","325"
"","","","","","","","","","Gold","","","","","667","488"
"","","","","","","","","","Gold","","","","","333","650"
"","","","","","","","","","Gems","","","","","68","35"
"","","","","","","","","","Gems","","","","","54","40"
"","","","","","","","","","Gems","","","","","41","50"
"","","","","","","","","","Gems","","","","","27","55"
"","","","","","","","","","Gems","","","","","14","65"
"ChoiceChest_CL8_2Star","","","","","","","","","","Common","","","","782","20"
"","","","","","","","","","","Common","","","","625","30"
"","","","","","","","","","","Common","","","","469","40"
"","","","","","","","","","","Common","","","","313","60"
"","","","","","","","","","","Common","","","","156","80"
"","","","","","","","","","","Rare","","","","704","4"
"","","","","","","","","","","Rare","","","","563","6"
"","","","","","","","","","","Rare","","","","422","8"
"","","","","","","","","","","Rare","","","","281","12"
"","","","","","","","","","","Rare","","","","141","16"
"","","","","","","","","","","Epic","","","","508","1"
"","","","","","","","","","","Epic","","","","407","2"
"","","","","","","","","","","Epic","","","","305","3"
"","","","","","","","","","","","Epic","","","39","1"
"","","","","","","","","","","","Epic","","","31","2"
"","","","","","","","","","","","Epic","","","24","3"
"","","","","","","","","","Gold","","","","","1234","650"
"","","","","","","","","","Gold","","","","","987","975"
"","","","","","","","","","Gold","","","","","740","1300"
"","","","","","","","","","Gold","","","","","494","1950"
"","","","","","","","","","Gold","","","","","246","2600"
"","","","Chronos651","","","","","","","","","","","3","1"
"","","","Chronos652","","","","","","","","","","","3","1"
"","","","Chronos653","","","","","","","","","","","3","1"
"","","","Chronos654","","","","","","","","","","","3","1"
"","","","Chronos655","","","","","","","","","","","3","1"
"","","","Chronos656","","","","","","","","","","","3","1"
"","","","Chronos657","","","","","","","","","","","3","1"
"","","","Chronos658","","","","","","","","","","","3","1"
"","","","Chronos659","","","","","","","","","","","3","1"
"","","","Chronos660","","","","","","","","","","","3","1"
"","","","Chronos661","","","","","","","","","","","3","1"
"","","","Chronos662","","","","","","","","","","","3","1"
"","","","Chronos663","","","","","","","","","","","3","1"
"","","","Chronos664","","","","","","","","","","","3","1"
"","","","Chronos667","","","","","","","","","","","3","1"
"","","","Chronos668","","","","","","","","","","","3","1"
"","","","Chronos669","","","","","","","","","","","3","1"
"","","","Chronos670","","","","","","","","","","","3","1"
"","","","Chronos671","","","","","","","","","","","3","1"
"","","","Chronos672","","","","","","","","","","","3","1"
"","","","Chronos673","","","","","","","","","","","3","1"
"","","","Chronos674","","","","","","","","","","","3","1"
"","","","Chronos675","","","","","","","","","","","3","1"
"","","","Chronos676","","","","","","","","","","","3","1"
"","","","Chronos677","","","","","","","","","","","3","1"
"","","","Chronos678","","","","","","","","","","","3","1"
"","","","Chronos681","","","","","","","","","","","3","1"
"","","","Chronos682","","","","","","","","","","","3","1"
"","","","Chronos683","","","","","","","","","","","3","1"
"","","","Chronos684","","","","","","","","","","","3","1"
"","","","Chronos685","","","","","","","","","","","3","1"
"","","","Chronos686","","","","","","","","","","","3","1"
"","","","Chronos687","","","","","","","","","","","3","1"
"","","","Chronos688","","","","","","","","","","","3","1"
"","","","Chronos689","","","","","","","","","","","3","1"
"","","","Chronos690","","","","","","","","","","","3","1"
"","","","Chronos691","","","","","","","","","","","3","1"
"","","","Chronos692","","","","","","","","","","","3","1"
"","","","Chronos695","","","","","","","","","","","3","1"
"","","","Chronos696","","","","","","","","","","","3","1"
"","","","Chronos697","","","","","","","","","","","3","1"
"","","","Chronos698","","","","","","","","","","","3","1"
"","","","Chronos699","","","","","","","","","","","3","1"
"","","","Chronos700","","","","","","","","","","","3","1"
"","","","Chronos701","","","","","","","","","","","3","1"
"","","","Chronos702","","","","","","","","","","","3","1"
"","","","Chronos703","","","","","","","","","","","3","1"
"","","","Chronos704","","","","","","","","","","","3","1"
"","","","Chronos705","","","","","","","","","","","3","1"
"","","","Chronos706","","","","","","","","","","","3","1"
"","","","Chronos707","","","","","","","","","","","3","1"
"","","","Chronos708","","","","","","","","","","","3","1"
"","","","Chronos713","","","","","","","","","","","3","1"
"","","","Chronos714","","","","","","","","","","","3","1"
"","","","Chronos719","","","","","","","","","","","3","1"
"","","","Chronos720","","","","","","","","","","","3","1"
"","","","Chronos721","","","","","","","","","","","3","1"
"","","","Chronos722","","","","","","","","","","","3","1"
"","","","Chronos731","","","","","","","","","","","3","1"
"","","","Chronos732","","","","","","","","","","","3","1"
"","","","Chronos737","","","","","","","","","","","3","1"
"","","","Chronos738","","","","","","","","","","","3","1"
"","","","Chronos747","","","","","","","","","","","3","1"
"","","","Chronos748","","","","","","","","","","","3","1"
"","","","Chronos749","","","","","","","","","","","3","1"
"","","","Chronos750","","","","","","","","","","","3","1"
"","","","Chronos751","","","","","","","","","","","3","1"
"","","","Chronos752","","","","","","","","","","","3","1"
"","","","Chronos757","","","","","","","","","","","3","1"
"","","","Chronos758","","","","","","","","","","","3","1"
"","","","Chronos765","","","","","","","","","","","3","1"
"","","","Chronos766","","","","","","","","","","","3","1"
"","","","Chronos767","","","","","","","","","","","3","1"
"","","","Chronos768","","","","","","","","","","","3","1"
"","","","Chronos777","","","","","","","","","","","3","1"
"","","","Chronos778","","","","","","","","","","","3","1"
"","","","Chronos779","","","","","","","","","","","3","1"
"","","","Chronos780","","","","","","","","","","","3","1"
"","","","Chronos781","","","","","","","","","","","3","1"
"","","","Chronos782","","","","","","","","","","","3","1"
"","","","Chronos789","","","","","","","","","","","3","1"
"","","","Chronos790","","","","","","","","","","","3","1"
"","","","Chronos793","","","","","","","","","","","3","1"
"","","","Chronos794","","","","","","","","","","","3","1"
"","","","Chronos797","","","","","","","","","","","3","1"
"","","","Chronos798","","","","","","","","","","","3","1"
"","","","Chronos803","","","","","","","","","","","3","1"
"","","","Chronos804","","","","","","","","","","","3","1"
"","","","Chronos807","","","","","","","","","","","3","1"
"","","","Chronos808","","","","","","","","","","","3","1"
"","","","Chronos809","","","","","","","","","","","3","1"
"","","","Chronos810","","","","","","","","","","","3","1"
"","","","Chronos811","","","","","","","","","","","3","1"
"","","","Chronos812","","","","","","","","","","","3","1"
"","","","Chronos813","","","","","","","","","","","3","1"
"","","","Chronos814","","","","","","","","","","","3","1"
"","","","Chronos815","","","","","","","","","","","3","1"
"","","","Chronos816","","","","","","","","","","","3","1"
"","","","Chronos817","","","","","","","","","","","3","1"
"","","","Chronos818","","","","","","","","","","","3","1"
"","","","Chronos819","","","","","","","","","","","3","1"
"","","","Chronos820","","","","","","","","","","","3","1"
"","","","Chronos823","","","","","","","","","","","3","1"
"","","","Chronos824","","","","","","","","","","","3","1"
"","","","Chronos825","","","","","","","","","","","3","1"
"","","","Chronos826","","","","","","","","","","","3","1"
"","","","Chronos827","","","","","","","","","","","3","1"
"","","","Chronos828","","","","","","","","","","","3","1"
"","","","Chronos829","","","","","","","","","","","3","1"
"","","","Chronos830","","","","","","","","","","","3","1"
"","","","Chronos833","","","","","","","","","","","3","1"
"","","","Chronos834","","","","","","","","","","","3","1"
"","","","Chronos835","","","","","","","","","","","3","1"
"","","","Chronos836","","","","","","","","","","","3","1"
"","","","Chronos837","","","","","","","","","","","3","1"
"","","","Chronos838","","","","","","","","","","","3","1"
"","","","Chronos839","","","","","","","","","","","3","1"
"","","","Chronos840","","","","","","","","","","","3","1"
"","","","Chronos841","","","","","","","","","","","3","1"
"","","","Chronos842","","","","","","","","","","","3","1"
"","","","Chronos845","","","","","","","","","","","3","1"
"","","","Chronos846","","","","","","","","","","","3","1"
"","","","Chronos849","","","","","","","","","","","3","1"
"","","","Chronos850","","","","","","","","","","","3","1"
"","","","Chronos851","","","","","","","","","","","3","1"
"","","","Chronos852","","","","","","","","","","","3","1"
"","","","Chronos855","","","","","","","","","","","3","1"
"","","","Chronos856","","","","","","","","","","","3","1"
"","","","Chronos857","","","","","","","","","","","3","1"
"","","","Chronos858","","","","","","","","","","","3","1"
"","","","Chronos859","","","","","","","","","","","3","1"
"","","","Chronos860","","","","","","","","","","","3","1"
"","","","Chronos863","","","","","","","","","","","3","1"
"","","","Chronos864","","","","","","","","","","","3","1"
"","","","Chronos869","","","","","","","","","","","3","1"
"","","","Chronos870","","","","","","","","","","","3","1"
"","","","Chronos873","","","","","","","","","","","3","1"
"","","","Chronos874","","","","","","","","","","","3","1"
"","","","Chronos877","","","","","","","","","","","3","1"
"","","","Chronos878","","","","","","","","","","","3","1"
"","","","Chronos879","","","","","","","","","","","3","1"
"","","","Chronos880","","","","","","","","","","","3","1"
"","","","Chronos883","","","","","","","","","","","3","1"
"","","","Chronos884","","","","","","","","","","","3","1"
"","","","Chronos887","","","","","","","","","","","3","1"
"","","","Chronos888","","","","","","","","","","","3","1"
"","","","Chronos889","","","","","","","","","","","3","1"
"","","","Chronos890","","","","","","","","","","","3","1"
"","","","Chronos895","","","","","","","","","","","3","1"
"","","","Chronos896","","","","","","","","","","","3","1"
"","","","Chronos897","","","","","","","","","","","3","1"
"","","","Chronos898","","","","","","","","","","","3","1"
"","","","Chronos899","","","","","","","","","","","3","1"
"","","","Chronos900","","","","","","","","","","","3","1"
"","","","Chronos901","","","","","","","","","","","3","1"
"","","","Chronos902","","","","","","","","","","","3","1"
"","","","Chronos907","","","","","","","","","","","3","1"
"","","","Chronos908","","","","","","","","","","","3","1"
"","","","Chronos909","","","","","","","","","","","3","1"
"","","","Chronos910","","","","","","","","","","","3","1"
"","","","Chronos911","","","","","","","","","","","3","1"
"","","","Chronos912","","","","","","","","","","","3","1"
"","","","Chronos913","","","","","","","","","","","3","1"
"","","","Chronos914","","","","","","","","","","","3","1"
"","","","Chronos915","","","","","","","","","","","3","1"
"","","","Chronos916","","","","","","","","","","","3","1"
"","","","Chronos917","","","","","","","","","","","3","1"
"","","","Chronos918","","","","","","","","","","","3","1"
"","","","Chronos921","","","","","","","","","","","3","1"
"","","","Chronos922","","","","","","","","","","","3","1"
"","","","Chronos923","","","","","","","","","","","3","1"
"","","","Chronos924","","","","","","","","","","","3","1"
"","","","Chronos925","","","","","","","","","","","3","1"
"","","","Chronos926","","","","","","","","","","","3","1"
"","","","Chronos929","","","","","","","","","","","3","1"
"","","","Chronos930","","","","","","","","","","","3","1"
"","","","Chronos931","","","","","","","","","","","3","1"
"","","","Chronos932","","","","","","","","","","","3","1"
"","","","Chronos933","","","","","","","","","","","3","1"
"","","","Chronos934","","","","","","","","","","","3","1"
"","","","Chronos937","","","","","","","","","","","3","1"
"","","","Chronos938","","","","","","","","","","","3","1"
"","","","","","","","","","Gems","","","","","68","70"
"","","","","","","","","","Gems","","","","","54","85"
"","","","","","","","","","Gems","","","","","41","100"
"","","","","","","","","","Gems","","","","","27","115"
"","","","","","","","","","Gems","","","","","14","130"
"ChoiceChest_CL8_3Star","","","","","","","","","","Common","","","","912","82"
"","","","","","","","","","","Common","","","","730","122"
"","","","","","","","","","","Common","","","","547","163"
"","","","","","","","","","","Common","","","","365","244"
"","","","","","","","","","","Common","","","","182","326"
"","","","","","","","","","","Rare","","","","821","16"
"","","","","","","","","","","Rare","","","","657","25"
"","","","","","","","","","","Rare","","","","492","33"
"","","","","","","","","","","Rare","","","","328","50"
"","","","","","","","","","","Rare","","","","164","66"
"","","","","","","","","","","Epic","","","","474","2"
"","","","","","","","","","","Epic","","","","379","3"
"","","","","","","","","","","Epic","","","","285","4"
"","","","","","","","","","","Epic","","","","190","6"
"","","","","","","","","","","Epic","","","","95","8"
"","","","","","","","","","","","Epic","","","36","2"
"","","","","","","","","","","","Epic","","","29","3"
"","","","","","","","","","","","Epic","","","22","4"
"","","","","","","","","","","","Epic","","","15","6"
"","","","","","","","","","","","Epic","","","7","8"
"","","","","","","","","","Gold","","","","","921","2600"
"","","","","","","","","","Gold","","","","","736","3900"
"","","","","","","","","","Gold","","","","","552","5200"
"","","","","","","","","","Gold","","","","","369","7800"
"","","","","","","","","","Gold","","","","","184","10400"
"","","","","EmoteChronos232","","","","","","","","","","12","1"
"","","","","EmoteChronos234","","","","","","","","","","12","1"
"","","","","EmoteChronos235","","","","","","","","","","12","1"
"","","","","EmoteChronos241","","","","","","","","","","12","1"
"","","","","EmoteChronos242","","","","","","","","","","12","1"
"","","","","EmoteChronos247","","","","","","","","","","12","1"
"","","","","EmoteChronos251","","","","","","","","","","12","1"
"","","","","EmoteChronos253","","","","","","","","","","12","1"
"","","","","EmoteChronos255","","","","","","","","","","12","1"
"","","","","EmoteChronos256","","","","","","","","","","12","1"
"","","","","EmoteChronos257","","","","","","","","","","12","1"
"","","","","EmoteChronos259","","","","","","","","","","12","1"
"","","","","EmoteChronos265","","","","","","","","","","12","1"
"","","","","EmoteChronos267","","","","","","","","","","12","1"
"","","","","EmoteChronos270","","","","","","","","","","12","1"
"","","","","EmoteChronos271","","","","","","","","","","12","1"
"","","","","EmoteChronos274","","","","","","","","","","12","1"
"","","","","EmoteChronos277","","","","","","","","","","12","1"
"","","","","EmoteChronos278","","","","","","","","","","12","1"
"","","","","EmoteChronos279","","","","","","","","","","12","1"
"","","","","EmoteChronos280","","","","","","","","","","12","1"
"","","","","EmoteChronos283","","","","","","","","","","12","1"
"","","","","EmoteChronos286","","","","","","","","","","12","1"
"","","","","EmoteChronos291","","","","","","","","","","12","1"
"","","","","EmoteChronos293","","","","","","","","","","12","1"
"","","","","EmoteChronos295","","","","","","","","","","12","1"
"","","","","EmoteChronos297","","","","","","","","","","12","1"
"","","","","EmoteChronos303","","","","","","","","","","12","1"
"","","","","EmoteChronos304","","","","","","","","","","12","1"
"","","","","EmoteChronos305","","","","","","","","","","12","1"
"","","","","EmoteChronos307","","","","","","","","","","12","1"
"","","","","EmoteChronos313","","","","","","","","","","12","1"
"","","","","EmoteChronos315","","","","","","","","","","12","1"
"","","","","EmoteChronos318","","","","","","","","","","12","1"
"","","","","EmoteChronos321","","","","","","","","","","12","1"
"","","","","EmoteChronos323","","","","","","","","","","12","1"
"","","","","EmoteChronos332","","","","","","","","","","12","1"
"","","","","EmoteChronos333","","","","","","","","","","12","1"
"","","","","EmoteChronos336","","","","","","","","","","12","1"
"","","","","EmoteChronos338","","","","","","","","","","12","1"
"","","","","EmoteChronos341","","","","","","","","","","12","1"
"","","","","EmoteChronos343","","","","","","","","","","12","1"
"","","","","EmoteChronos346","","","","","","","","","","12","1"
"","","","","","","","","","Gems","","","","","68","175"
"","","","","","","","","","Gems","","","","","54","210"
"","","","","","","","","","Gems","","","","","41","250"
"","","","","","","","","","Gems","","","","","27","290"
"","","","","","","","","","Gems","","","","","14","325"
"ChoiceChest_CL8_4Star","","","","","","","","","","Common","","","","871","325"
"","","","","","","","","","","Common","","","","696","488"
"","","","","","","","","","","Common","","","","522","650"
"","","","","","","","","","","Common","","","","349","975"
"","","","","","","","","","","Common","","","","174","1300"
"","","","","","","","","","","Rare","","","","784","65"
"","","","","","","","","","","Rare","","","","627","98"
"","","","","","","","","","","Rare","","","","470","130"
"","","","","","","","","","","Rare","","","","314","195"
"","","","","","","","","","","Rare","","","","156","260"
"","","","","","","","","","","Epic","","","","453","8"
"","","","","","","","","","","Epic","","","","362","12"
"","","","","","","","","","","Epic","","","","272","16"
"","","","","","","","","","","Epic","","","","181","24"
"","","","","","","","","","","Epic","","","","91","32"
"","","","","","","","","","","","","WildcardCommon","","409","108"
"","","","","","","","","","","","","WildcardCommon","","326","161"
"","","","","","","","","","","","","WildcardCommon","","245","215"
"","","","","","","","","","","","","WildcardCommon","","164","322"
"","","","","","","","","","","","","WildcardCommon","","82","430"
"","","","","","","","","","","","","WildcardRare","","272","22"
"","","","","","","","","","","","","WildcardRare","","218","32"
"","","","","","","","","","","","","WildcardRare","","163","43"
"","","","","","","","","","","","","WildcardRare","","109","64"
"","","","","","","","","","","","","WildcardRare","","54","86"
"","","","","","","","","","","","","WildcardEpic","","136","2"
"","","","","","","","","","","","","WildcardEpic","","109","4"
"","","","","","","","","","","","","WildcardEpic","","82","5"
"","","","","","","","","","","","","WildcardEpic","","54","8"
"","","","","","","","","","","","","WildcardEpic","","27","10"
"","","","","","","","","","","","Epic","","","35","8"
"","","","","","","","","","","","Epic","","","27","12"
"","","","","","","","","","","","Epic","","","21","16"
"","","","","","","","","","","","Epic","","","14","24"
"","","","","","","","","","","","Epic","","","7","32"
"","","","","","","Cannon","","","","","","","","4","1"
"","","","","","","Cannon","","","","","","","","3","2"
"","","","","","","Cannon","","","","","","","","2","3"
"","","","","","","Mortar","","","","","","","","4","1"
"","","","","","","Mortar","","","","","","","","3","2"
"","","","","","","Mortar","","","","","","","","2","3"
"","","","","","","Tesla","","","","","","","","4","1"
"","","","","","","Tesla","","","","","","","","3","2"
"","","","","","","Tesla","","","","","","","","2","3"
"","","","","","","FirespiritHut","","","","","","","","4","1"
"","","","","","","FirespiritHut","","","","","","","","3","2"
"","","","","","","FirespiritHut","","","","","","","","2","3"
"","","","","","","GoblinCage","","","","","","","","4","1"
"","","","","","","GoblinCage","","","","","","","","3","2"
"","","","","","","GoblinCage","","","","","","","","2","3"
"","","","","","","GoblinDrill","","","","","","","","4","1"
"","","","","","","GoblinDrill","","","","","","","","3","2"
"","","","","","","GoblinDrill","","","","","","","","2","3"
"","","","","","","Knight","","","","","","","","4","1"
"","","","","","","Knight","","","","","","","","3","2"
"","","","","","","Knight","","","","","","","","2","3"
"","","","","","","Archer","","","","","","","","4","1"
"","","","","","","Archer","","","","","","","","3","2"
"","","","","","","Archer","","","","","","","","2","3"
"","","","","","","Pekka","","","","","","","","4","1"
"","","","","","","Pekka","","","","","","","","3","2"
"","","","","","","Pekka","","","","","","","","2","3"
"","","","","","","Witch","","","","","","","","4","1"
"","","","","","","Witch","","","","","","","","3","2"
"","","","","","","Witch","","","","","","","","2","3"
"","","","","","","Barbarians","","","","","","","","4","1"
"","","","","","","Barbarians","","","","","","","","3","2"
"","","","","","","Barbarians","","","","","","","","2","3"
"","","","","","","Skeletons","","","","","","","","4","1"
"","","","","","","Skeletons","","","","","","","","3","2"
"","","","","","","Skeletons","","","","","","","","2","3"
"","","","","","","Valkyrie","","","","","","","","4","1"
"","","","","","","Valkyrie","","","","","","","","3","2"
"","","","","","","Valkyrie","","","","","","","","2","3"
"","","","","","","SkeletonArmy","","","","","","","","4","1"
"","","","","","","SkeletonArmy","","","","","","","","3","2"
"","","","","","","SkeletonArmy","","","","","","","","2","3"
"","","","","","","Bomber","","","","","","","","4","1"
"","","","","","","Bomber","","","","","","","","3","2"
"","","","","","","Bomber","","","","","","","","2","3"
"","","","","","","Musketeer","","","","","","","","4","1"
"","","","","","","Musketeer","","","","","","","","3","2"
"","","","","","","Musketeer","","","","","","","","2","3"
"","","","","","","BabyDragon","","","","","","","","4","1"
"","","","","","","BabyDragon","","","","","","","","3","2"
"","","","","","","BabyDragon","","","","","","","","2","3"
"","","","","","","Wizard","","","","","","","","4","1"
"","","","","","","Wizard","","","","","","","","3","2"
"","","","","","","Wizard","","","","","","","","2","3"
"","","","","","","RoyalGiant","","","","","","","","4","1"
"","","","","","","RoyalGiant","","","","","","","","3","2"
"","","","","","","RoyalGiant","","","","","","","","2","3"
"","","","","","","IceSpirits","","","","","","","","4","1"
"","","","","","","IceSpirits","","","","","","","","3","2"
"","","","","","","IceSpirits","","","","","","","","2","3"
"","","","","","","RageBarbarian","","","","","","","","4","1"
"","","","","","","RageBarbarian","","","","","","","","3","2"
"","","","","","","RageBarbarian","","","","","","","","2","3"
"","","","","","","BattleRam","","","","","","","","4","1"
"","","","","","","BattleRam","","","","","","","","3","2"
"","","","","","","BattleRam","","","","","","","","2","3"
"","","","","","","InfernoDragon","","","","","","","","4","1"
"","","","","","","InfernoDragon","","","","","","","","3","2"
"","","","","","","InfernoDragon","","","","","","","","2","3"
"","","","","","","BlowdartGoblin","","","","","","","","4","1"
"","","","","","","BlowdartGoblin","","","","","","","","3","2"
"","","","","","","BlowdartGoblin","","","","","","","","2","3"
"","","","","","","Hunter","","","","","","","","4","1"
"","","","","","","Hunter","","","","","","","","3","2"
"","","","","","","Hunter","","","","","","","","2","3"
"","","","","","","AxeMan","","","","","","","","4","1"
"","","","","","","AxeMan","","","","","","","","3","2"
"","","","","","","AxeMan","","","","","","","","2","3"
"","","","","","","RoyalRecruits","","","","","","","","4","1"
"","","","","","","RoyalRecruits","","","","","","","","3","2"
"","","","","","","RoyalRecruits","","","","","","","","2","3"
"","","","","","","Bats","","","","","","","","4","1"
"","","","","","","Bats","","","","","","","","3","2"
"","","","","","","Bats","","","","","","","","2","3"
"","","","","","","Ghost","","","","","","","","4","1"
"","","","","","","Ghost","","","","","","","","3","2"
"","","","","","","Ghost","","","","","","","","2","3"
"","","","","","","MegaKnight","","","","","","","","4","1"
"","","","","","","MegaKnight","","","","","","","","3","2"
"","","","","","","MegaKnight","","","","","","","","2","3"
"","","","","","","SkeletonBalloon","","","","","","","","4","1"
"","","","","","","SkeletonBalloon","","","","","","","","3","2"
"","","","","","","SkeletonBalloon","","","","","","","","2","3"
"","","","","","","Wallbreakers","","","","","","","","4","1"
"","","","","","","Wallbreakers","","","","","","","","3","2"
"","","","","","","Wallbreakers","","","","","","","","2","3"
"","","","","","","RoyalHogs","","","","","","","","4","1"
"","","","","","","RoyalHogs","","","","","","","","3","2"
"","","","","","","RoyalHogs","","","","","","","","2","3"
"","","","","","","GoblinGiant","","","","","","","","4","1"
"","","","","","","GoblinGiant","","","","","","","","3","2"
"","","","","","","GoblinGiant","","","","","","","","2","3"
"","","","","","","ElectroDragon","","","","","","","","4","1"
"","","","","","","ElectroDragon","","","","","","","","3","2"
"","","","","","","ElectroDragon","","","","","","","","2","3"
"","","","","","","Firecracker","","","","","","","","4","1"
"","","","","","","Firecracker","","","","","","","","3","2"
"","","","","","","Firecracker","","","","","","","","2","3"
"","","","","","","GoblinBarrel","","","","","","","","4","1"
"","","","","","","GoblinBarrel","","","","","","","","3","2"
"","","","","","","GoblinBarrel","","","","","","","","2","3"
"","","","","","","Zap","","","","","","","","4","1"
"","","","","","","Zap","","","","","","","","3","2"
"","","","","","","Zap","","","","","","","","2","3"
"","","","","","","Snowball","","","","","","","","4","1"
"","","","","","","Snowball","","","","","","","","3","2"
"","","","","","","Snowball","","","","","","","","2","3"
"","","","","","","MinionHorde","","","","","","","","4","1"
"","","","","","","MinionHorde","","","","","","","","3","2"
"","","","","","","MinionHorde","","","","","","","","2","3"
"","","","","","","Princess","","","","","","","","4","1"
"","","","","","","Princess","","","","","","","","3","2"
"","","","","","","Princess","","","","","","","","2","3"
"","","","","","TowerSkin1035","","","","","","","","","99","1"
"","","","","","TowerSkin1036","","","","","","","","","99","1"
"","","","","","TowerSkin1038","","","","","","","","","99","1"
"","","","","","TowerSkin1040","","","","","","","","","99","1"
"","","","","","TowerSkin1045","","","","","","","","","99","1"
"","","","","","","","","","Gems","","","","","66","350"
"","","","","","","","","","Gems","","","","","53","425"
"","","","","","","","","","Gems","","","","","40","500"
"","","","","","","","","","Gems","","","","","27","575"
"","","","","","","","","","Gems","","","","","13","650"
"ChoiceChest_CL8_5Star","","","","","","","","","","Common","","","","809","1560"
"","","","","","","","","","","Common","","","","648","1755"
"","","","","","","","","","","Common","","","","486","1950"
"","","","","","","","","","","Common","","","","323","2145"
"","","","","","","","","","","Common","","","","162","2340"
"","","","","","","","","","","Rare","","","","728","312"
"","","","","","","","","","","Rare","","","","583","351"
"","","","","","","","","","","Rare","","","","437","390"
"","","","","","","","","","","Rare","","","","291","429"
"","","","","","","","","","","Rare","","","","146","468"
"","","","","","","","","","","Epic","","","","421","38"
"","","","","","","","","","","Epic","","","","336","43"
"","","","","","","","","","","Epic","","","","253","48"
"","","","","","","","","","","Epic","","","","168","53"
"","","","","","","","","","","Epic","","","","85","58"
"","","","","","","","","","","","","WildcardCommon","","406","520"
"","","","","","","","","","","","","WildcardCommon","","325","585"
"","","","","","","","","","","","","WildcardCommon","","244","650"
"","","","","","","","","","","","","WildcardCommon","","163","715"
"","","","","","","","","","","","","WildcardCommon","","81","780"
"","","","","","","","","","","","","WildcardRare","","271","104"
"","","","","","","","","","","","","WildcardRare","","217","117"
"","","","","","","","","","","","","WildcardRare","","162","130"
"","","","","","","","","","","","","WildcardRare","","109","143"
"","","","","","","","","","","","","WildcardRare","","54","156"
"","","","","","","","","","","","","WildcardEpic","","136","13"
"","","","","","","","","","","","","WildcardEpic","","108","14"
"","","","","","","","","","","","","WildcardEpic","","81","16"
"","","","","","","","","","","","","WildcardEpic","","54","18"
"","","","","","","","","","","","","WildcardEpic","","27","19"
"","","","","","","","","","","","Epic","","","32","24"
"","","","","","","","","","","","Epic","","","25","36"
"","","","","","","","","","","","Epic","","","20","48"
"","","","","","","","","","","","Epic","","","13","72"
"","","","","","","","","","","","Epic","","","7","96"
"","","","","","","Cannon","","","","","","","","9","4"
"","","","","","","Cannon","","","","","","","","7","5"
"","","","","","","Cannon","","","","","","","","5","6"
"","","","","","","Mortar","","","","","","","","9","4"
"","","","","","","Mortar","","","","","","","","7","5"
"","","","","","","Mortar","","","","","","","","5","6"
"","","","","","","Tesla","","","","","","","","9","4"
"","","","","","","Tesla","","","","","","","","7","5"
"","","","","","","Tesla","","","","","","","","5","6"
"","","","","","","FirespiritHut","","","","","","","","9","4"
"","","","","","","FirespiritHut","","","","","","","","7","5"
"","","","","","","FirespiritHut","","","","","","","","5","6"
"","","","","","","GoblinCage","","","","","","","","9","4"
"","","","","","","GoblinCage","","","","","","","","7","5"
"","","","","","","GoblinCage","","","","","","","","5","6"
"","","","","","","GoblinDrill","","","","","","","","9","4"
"","","","","","","GoblinDrill","","","","","","","","7","5"
"","","","","","","GoblinDrill","","","","","","","","5","6"
"","","","","","","Knight","","","","","","","","9","4"
"","","","","","","Knight","","","","","","","","7","5"
"","","","","","","Knight","","","","","","","","5","6"
"","","","","","","Archer","","","","","","","","9","4"
"","","","","","","Archer","","","","","","","","7","5"
"","","","","","","Archer","","","","","","","","5","6"
"","","","","","","Pekka","","","","","","","","9","4"
"","","","","","","Pekka","","","","","","","","7","5"
"","","","","","","Pekka","","","","","","","","5","6"
"","","","","","","Witch","","","","","","","","9","4"
"","","","","","","Witch","","","","","","","","7","5"
"","","","","","","Witch","","","","","","","","5","6"
"","","","","","","Barbarians","","","","","","","","9","4"
"","","","","","","Barbarians","","","","","","","","7","5"
"","","","","","","Barbarians","","","","","","","","5","6"
"","","","","","","Skeletons","","","","","","","","9","4"
"","","","","","","Skeletons","","","","","","","","7","5"
"","","","","","","Skeletons","","","","","","","","5","6"
"","","","","","","Valkyrie","","","","","","","","9","4"
"","","","","","","Valkyrie","","","","","","","","7","5"
"","","","","","","Valkyrie","","","","","","","","5","6"
"","","","","","","SkeletonArmy","","","","","","","","9","4"
"","","","","","","SkeletonArmy","","","","","","","","7","5"
"","","","","","","SkeletonArmy","","","","","","","","5","6"
"","","","","","","Bomber","","","","","","","","9","4"
"","","","","","","Bomber","","","","","","","","7","5"
"","","","","","","Bomber","","","","","","","","5","6"
"","","","","","","Musketeer","","","","","","","","9","4"
"","","","","","","Musketeer","","","","","","","","7","5"
"","","","","","","Musketeer","","","","","","","","5","6"
"","","","","","","BabyDragon","","","","","","","","9","4"
"","","","","","","BabyDragon","","","","","","","","7","5"
"","","","","","","BabyDragon","","","","","","","","5","6"
"","","","","","","Wizard","","","","","","","","9","4"
"","","","","","","Wizard","","","","","","","","7","5"
"","","","","","","Wizard","","","","","","","","5","6"
"","","","","","","RoyalGiant","","","","","","","","9","4"
"","","","","","","RoyalGiant","","","","","","","","7","5"
"","","","","","","RoyalGiant","","","","","","","","5","6"
"","","","","","","IceSpirits","","","","","","","","9","4"
"","","","","","","IceSpirits","","","","","","","","7","5"
"","","","","","","IceSpirits","","","","","","","","5","6"
"","","","","","","RageBarbarian","","","","","","","","9","4"
"","","","","","","RageBarbarian","","","","","","","","7","5"
"","","","","","","RageBarbarian","","","","","","","","5","6"
"","","","","","","BattleRam","","","","","","","","9","4"
"","","","","","","BattleRam","","","","","","","","7","5"
"","","","","","","BattleRam","","","","","","","","5","6"
"","","","","","","InfernoDragon","","","","","","","","9","4"
"","","","","","","InfernoDragon","","","","","","","","7","5"
"","","","","","","InfernoDragon","","","","","","","","5","6"
"","","","","","","BlowdartGoblin","","","","","","","","9","4"
"","","","","","","BlowdartGoblin","","","","","","","","7","5"
"","","","","","","BlowdartGoblin","","","","","","","","5","6"
"","","","","","","Hunter","","","","","","","","9","4"
"","","","","","","Hunter","","","","","","","","7","5"
"","","","","","","Hunter","","","","","","","","5","6"
"","","","","","","AxeMan","","","","","","","","9","4"
"","","","","","","AxeMan","","","","","","","","7","5"
"","","","","","","AxeMan","","","","","","","","5","6"
"","","","","","","RoyalRecruits","","","","","","","","9","4"
"","","","","","","RoyalRecruits","","","","","","","","7","5"
"","","","","","","RoyalRecruits","","","","","","","","5","6"
"","","","","","","Bats","","","","","","","","9","4"
"","","","","","","Bats","","","","","","","","7","5"
"","","","","","","Bats","","","","","","","","5","6"
"","","","","","","Ghost","","","","","","","","9","4"
"","","","","","","Ghost","","","","","","","","7","5"
"","","","","","","Ghost","","","","","","","","5","6"
"","","","","","","MegaKnight","","","","","","","","9","4"
"","","","","","","MegaKnight","","","","","","","","7","5"
"","","","","","","MegaKnight","","","","","","","","5","6"
"","","","","","","SkeletonBalloon","","","","","","","","9","4"
"","","","","","","SkeletonBalloon","","","","","","","","7","5"
"","","","","","","SkeletonBalloon","","","","","","","","5","6"
"","","","","","","Wallbreakers","","","","","","","","9","4"
"","","","","","","Wallbreakers","","","","","","","","7","5"
"","","","","","","Wallbreakers","","","","","","","","5","6"
"","","","","","","RoyalHogs","","","","","","","","9","4"
"","","","","","","RoyalHogs","","","","","","","","7","5"
"","","","","","","RoyalHogs","","","","","","","","5","6"
"","","","","","","GoblinGiant","","","","","","","","9","4"
"","","","","","","GoblinGiant","","","","","","","","7","5"
"","","","","","","GoblinGiant","","","","","","","","5","6"
"","","","","","","ElectroDragon","","","","","","","","9","4"
"","","","","","","ElectroDragon","","","","","","","","7","5"
"","","","","","","ElectroDragon","","","","","","","","5","6"
"","","","","","","Firecracker","","","","","","","","9","4"
"","","","","","","Firecracker","","","","","","","","7","5"
"","","","","","","Firecracker","","","","","","","","5","6"
"","","","","","","GoblinBarrel","","","","","","","","9","4"
"","","","","","","GoblinBarrel","","","","","","","","7","5"
"","","","","","","GoblinBarrel","","","","","","","","5","6"
"","","","","","","Zap","","","","","","","","9","4"
"","","","","","","Zap","","","","","","","","7","5"
"","","","","","","Zap","","","","","","","","5","6"
"","","","","","","Snowball","","","","","","","","9","4"
"","","","","","","Snowball","","","","","","","","7","5"
"","","","","","","Snowball","","","","","","","","5","6"
"","","","","","","MinionHorde","","","","","","","","9","4"
"","","","","","","MinionHorde","","","","","","","","7","5"
"","","","","","","MinionHorde","","","","","","","","5","6"
"","","","","","","Princess","","","","","","","","9","4"
"","","","","","","Princess","","","","","","","","7","5"
"","","","","","","Princess","","","","","","","","5","6"
"","","","","","TowerSkin1035","","","","","","","","","109","1"
"","","","","","TowerSkin1036","","","","","","","","","109","1"
"","","","","","TowerSkin1038","","","","","","","","","109","1"
"","","","","","TowerSkin1040","","","","","","","","","109","1"
"","","","","","TowerSkin1045","","","","","","","","","109","1"
"","","","","","","","","","Gems","","","","","73","700"
"","","","","","","","","","Gems","","","","","58","850"
"","","","","","","","","","Gems","","","","","44","1000"
"","","","","","","","","","Gems","","","","","29","1150"
"","","","","","","","","","Gems","","","","","15","1300"
"ChoiceChest_CL9_1Star","","","","","","","","","","Common","","","","896","6"
"","","","","","","","","","","Common","","","","717","10"
"","","","","","","","","","","Common","","","","537","13"
"","","","","","","","","","","Common","","","","358","20"
"","","","","","","","","","","Common","","","","179","26"
"","","","","","","","","","","Rare","","","","771","1"
"","","","","","","","","","","Rare","","","","617","3"
"","","","","","","","","","","Rare","","","","463","5"
"","","","","","","","","","","Rare","","","","308","7"
"","","","","","","","","","","Rare","","","","154","9"
"","","","","","","","","","Gold","","","","","1667","200"
"","","","","","","","","","Gold","","","","","1333","300"
"","","","","","","","","","Gold","","","","","1000","400"
"","","","","","","","","","Gold","","","","","667","600"
"","","","","","","","","","Gold","","","","","333","800"
"","","","","","","","","","Gems","","","","","68","35"
"","","","","","","","","","Gems","","","","","54","40"
"","","","","","","","","","Gems","","","","","41","50"
"","","","","","","","","","Gems","","","","","27","55"
"","","","","","","","","","Gems","","","","","14","65"
"ChoiceChest_CL9_2Star","","","","","","","","","","Common","","","","773","25"
"","","","","","","","","","","Common","","","","619","38"
"","","","","","","","","","","Common","","","","464","50"
"","","","","","","","","","","Common","","","","309","75"
"","","","","","","","","","","Common","","","","155","100"
"","","","","","","","","","","Rare","","","","666","5"
"","","","","","","","","","","Rare","","","","533","8"
"","","","","","","","","","","Rare","","","","399","10"
"","","","","","","","","","","Rare","","","","266","15"
"","","","","","","","","","","Rare","","","","133","20"
"","","","","","","","","","","Epic","","","","572","1"
"","","","","","","","","","","Epic","","","","457","2"
"","","","","","","","","","","Epic","","","","343","3"
"","","","","","","","","","","","Epic","","","34","1"
"","","","","","","","","","","","Epic","","","27","2"
"","","","","","","","","","","","Epic","","","20","3"
"","","","","","","","","","Gold","","","","","1234","800"
"","","","","","","","","","Gold","","","","","987","1200"
"","","","","","","","","","Gold","","","","","740","1600"
"","","","","","","","","","Gold","","","","","494","2400"
"","","","","","","","","","Gold","","","","","246","3200"
"","","","Chronos651","","","","","","","","","","","3","1"
"","","","Chronos652","","","","","","","","","","","3","1"
"","","","Chronos653","","","","","","","","","","","3","1"
"","","","Chronos654","","","","","","","","","","","3","1"
"","","","Chronos655","","","","","","","","","","","3","1"
"","","","Chronos656","","","","","","","","","","","3","1"
"","","","Chronos657","","","","","","","","","","","3","1"
"","","","Chronos658","","","","","","","","","","","3","1"
"","","","Chronos659","","","","","","","","","","","3","1"
"","","","Chronos660","","","","","","","","","","","3","1"
"","","","Chronos661","","","","","","","","","","","3","1"
"","","","Chronos662","","","","","","","","","","","3","1"
"","","","Chronos663","","","","","","","","","","","3","1"
"","","","Chronos664","","","","","","","","","","","3","1"
"","","","Chronos667","","","","","","","","","","","3","1"
"","","","Chronos668","","","","","","","","","","","3","1"
"","","","Chronos669","","","","","","","","","","","3","1"
"","","","Chronos670","","","","","","","","","","","3","1"
"","","","Chronos671","","","","","","","","","","","3","1"
"","","","Chronos672","","","","","","","","","","","3","1"
"","","","Chronos673","","","","","","","","","","","3","1"
"","","","Chronos674","","","","","","","","","","","3","1"
"","","","Chronos675","","","","","","","","","","","3","1"
"","","","Chronos676","","","","","","","","","","","3","1"
"","","","Chronos677","","","","","","","","","","","3","1"
"","","","Chronos678","","","","","","","","","","","3","1"
"","","","Chronos681","","","","","","","","","","","3","1"
"","","","Chronos682","","","","","","","","","","","3","1"
"","","","Chronos683","","","","","","","","","","","3","1"
"","","","Chronos684","","","","","","","","","","","3","1"
"","","","Chronos685","","","","","","","","","","","3","1"
"","","","Chronos686","","","","","","","","","","","3","1"
"","","","Chronos687","","","","","","","","","","","3","1"
"","","","Chronos688","","","","","","","","","","","3","1"
"","","","Chronos689","","","","","","","","","","","3","1"
"","","","Chronos690","","","","","","","","","","","3","1"
"","","","Chronos691","","","","","","","","","","","3","1"
"","","","Chronos692","","","","","","","","","","","3","1"
"","","","Chronos695","","","","","","","","","","","3","1"
"","","","Chronos696","","","","","","","","","","","3","1"
"","","","Chronos697","","","","","","","","","","","3","1"
"","","","Chronos698","","","","","","","","","","","3","1"
"","","","Chronos699","","","","","","","","","","","3","1"
"","","","Chronos700","","","","","","","","","","","3","1"
"","","","Chronos701","","","","","","","","","","","3","1"
"","","","Chronos702","","","","","","","","","","","3","1"
"","","","Chronos703","","","","","","","","","","","3","1"
"","","","Chronos704","","","","","","","","","","","3","1"
"","","","Chronos705","","","","","","","","","","","3","1"
"","","","Chronos706","","","","","","","","","","","3","1"
"","","","Chronos707","","","","","","","","","","","3","1"
"","","","Chronos708","","","","","","","","","","","3","1"
"","","","Chronos713","","","","","","","","","","","3","1"
"","","","Chronos714","","","","","","","","","","","3","1"
"","","","Chronos719","","","","","","","","","","","3","1"
"","","","Chronos720","","","","","","","","","","","3","1"
"","","","Chronos721","","","","","","","","","","","3","1"
"","","","Chronos722","","","","","","","","","","","3","1"
"","","","Chronos731","","","","","","","","","","","3","1"
"","","","Chronos732","","","","","","","","","","","3","1"
"","","","Chronos737","","","","","","","","","","","3","1"
"","","","Chronos738","","","","","","","","","","","3","1"
"","","","Chronos747","","","","","","","","","","","3","1"
"","","","Chronos748","","","","","","","","","","","3","1"
"","","","Chronos749","","","","","","","","","","","3","1"
"","","","Chronos750","","","","","","","","","","","3","1"
"","","","Chronos751","","","","","","","","","","","3","1"
"","","","Chronos752","","","","","","","","","","","3","1"
"","","","Chronos757","","","","","","","","","","","3","1"
"","","","Chronos758","","","","","","","","","","","3","1"
"","","","Chronos765","","","","","","","","","","","3","1"
"","","","Chronos766","","","","","","","","","","","3","1"
"","","","Chronos767","","","","","","","","","","","3","1"
"","","","Chronos768","","","","","","","","","","","3","1"
"","","","Chronos777","","","","","","","","","","","3","1"
"","","","Chronos778","","","","","","","","","","","3","1"
"","","","Chronos779","","","","","","","","","","","3","1"
"","","","Chronos780","","","","","","","","","","","3","1"
"","","","Chronos781","","","","","","","","","","","3","1"
"","","","Chronos782","","","","","","","","","","","3","1"
"","","","Chronos789","","","","","","","","","","","3","1"
"","","","Chronos790","","","","","","","","","","","3","1"
"","","","Chronos793","","","","","","","","","","","3","1"
"","","","Chronos794","","","","","","","","","","","3","1"
"","","","Chronos797","","","","","","","","","","","3","1"
"","","","Chronos798","","","","","","","","","","","3","1"
"","","","Chronos803","","","","","","","","","","","3","1"
"","","","Chronos804","","","","","","","","","","","3","1"
"","","","Chronos807","","","","","","","","","","","3","1"
"","","","Chronos808","","","","","","","","","","","3","1"
"","","","Chronos809","","","","","","","","","","","3","1"
"","","","Chronos810","","","","","","","","","","","3","1"
"","","","Chronos811","","","","","","","","","","","3","1"
"","","","Chronos812","","","","","","","","","","","3","1"
"","","","Chronos813","","","","","","","","","","","3","1"
"","","","Chronos814","","","","","","","","","","","3","1"
"","","","Chronos815","","","","","","","","","","","3","1"
"","","","Chronos816","","","","","","","","","","","3","1"
"","","","Chronos817","","","","","","","","","","","3","1"
"","","","Chronos818","","","","","","","","","","","3","1"
"","","","Chronos819","","","","","","","","","","","3","1"
"","","","Chronos820","","","","","","","","","","","3","1"
"","","","Chronos823","","","","","","","","","","","3","1"
"","","","Chronos824","","","","","","","","","","","3","1"
"","","","Chronos825","","","","","","","","","","","3","1"
"","","","Chronos826","","","","","","","","","","","3","1"
"","","","Chronos827","","","","","","","","","","","3","1"
"","","","Chronos828","","","","","","","","","","","3","1"
"","","","Chronos829","","","","","","","","","","","3","1"
"","","","Chronos830","","","","","","","","","","","3","1"
"","","","Chronos833","","","","","","","","","","","3","1"
"","","","Chronos834","","","","","","","","","","","3","1"
"","","","Chronos835","","","","","","","","","","","3","1"
"","","","Chronos836","","","","","","","","","","","3","1"
"","","","Chronos837","","","","","","","","","","","3","1"
"","","","Chronos838","","","","","","","","","","","3","1"
"","","","Chronos839","","","","","","","","","","","3","1"
"","","","Chronos840","","","","","","","","","","","3","1"
"","","","Chronos841","","","","","","","","","","","3","1"
"","","","Chronos842","","","","","","","","","","","3","1"
"","","","Chronos845","","","","","","","","","","","3","1"
"","","","Chronos846","","","","","","","","","","","3","1"
"","","","Chronos849","","","","","","","","","","","3","1"
"","","","Chronos850","","","","","","","","","","","3","1"
"","","","Chronos851","","","","","","","","","","","3","1"
"","","","Chronos852","","","","","","","","","","","3","1"
"","","","Chronos855","","","","","","","","","","","3","1"
"","","","Chronos856","","","","","","","","","","","3","1"
"","","","Chronos857","","","","","","","","","","","3","1"
"","","","Chronos858","","","","","","","","","","","3","1"
"","","","Chronos859","","","","","","","","","","","3","1"
"","","","Chronos860","","","","","","","","","","","3","1"
"","","","Chronos863","","","","","","","","","","","3","1"
"","","","Chronos864","","","","","","","","","","","3","1"
"","","","Chronos869","","","","","","","","","","","3","1"
"","","","Chronos870","","","","","","","","","","","3","1"
"","","","Chronos873","","","","","","","","","","","3","1"
"","","","Chronos874","","","","","","","","","","","3","1"
"","","","Chronos877","","","","","","","","","","","3","1"
"","","","Chronos878","","","","","","","","","","","3","1"
"","","","Chronos879","","","","","","","","","","","3","1"
"","","","Chronos880","","","","","","","","","","","3","1"
"","","","Chronos883","","","","","","","","","","","3","1"
"","","","Chronos884","","","","","","","","","","","3","1"
"","","","Chronos887","","","","","","","","","","","3","1"
"","","","Chronos888","","","","","","","","","","","3","1"
"","","","Chronos889","","","","","","","","","","","3","1"
"","","","Chronos890","","","","","","","","","","","3","1"
"","","","Chronos895","","","","","","","","","","","3","1"
"","","","Chronos896","","","","","","","","","","","3","1"
"","","","Chronos897","","","","","","","","","","","3","1"
"","","","Chronos898","","","","","","","","","","","3","1"
"","","","Chronos899","","","","","","","","","","","3","1"
"","","","Chronos900","","","","","","","","","","","3","1"
"","","","Chronos901","","","","","","","","","","","3","1"
"","","","Chronos902","","","","","","","","","","","3","1"
"","","","Chronos907","","","","","","","","","","","3","1"
"","","","Chronos908","","","","","","","","","","","3","1"
"","","","Chronos909","","","","","","","","","","","3","1"
"","","","Chronos910","","","","","","","","","","","3","1"
"","","","Chronos911","","","","","","","","","","","3","1"
"","","","Chronos912","","","","","","","","","","","3","1"
"","","","Chronos913","","","","","","","","","","","3","1"
"","","","Chronos914","","","","","","","","","","","3","1"
"","","","Chronos915","","","","","","","","","","","3","1"
"","","","Chronos916","","","","","","","","","","","3","1"
"","","","Chronos917","","","","","","","","","","","3","1"
"","","","Chronos918","","","","","","","","","","","3","1"
"","","","Chronos921","","","","","","","","","","","3","1"
"","","","Chronos922","","","","","","","","","","","3","1"
"","","","Chronos923","","","","","","","","","","","3","1"
"","","","Chronos924","","","","","","","","","","","3","1"
"","","","Chronos925","","","","","","","","","","","3","1"
"","","","Chronos926","","","","","","","","","","","3","1"
"","","","Chronos929","","","","","","","","","","","3","1"
"","","","Chronos930","","","","","","","","","","","3","1"
"","","","Chronos931","","","","","","","","","","","3","1"
"","","","Chronos932","","","","","","","","","","","3","1"
"","","","Chronos933","","","","","","","","","","","3","1"
"","","","Chronos934","","","","","","","","","","","3","1"
"","","","Chronos937","","","","","","","","","","","3","1"
"","","","Chronos938","","","","","","","","","","","3","1"
"","","","","","","","","","Gems","","","","","68","70"
"","","","","","","","","","Gems","","","","","54","85"
"","","","","","","","","","Gems","","","","","41","100"
"","","","","","","","","","Gems","","","","","27","115"
"","","","","","","","","","Gems","","","","","14","130"
"ChoiceChest_CL9_3Star","","","","","","","","","","Common","","","","902","100"
"","","","","","","","","","","Common","","","","722","150"
"","","","","","","","","","","Common","","","","541","200"
"","","","","","","","","","","Common","","","","361","300"
"","","","","","","","","","","Common","","","","180","400"
"","","","","","","","","","","Rare","","","","777","20"
"","","","","","","","","","","Rare","","","","621","30"
"","","","","","","","","","","Rare","","","","466","40"
"","","","","","","","","","","Rare","","","","311","60"
"","","","","","","","","","","Rare","","","","155","80"
"","","","","","","","","","","Epic","","","","533","2"
"","","","","","","","","","","Epic","","","","427","4"
"","","","","","","","","","","Epic","","","","320","5"
"","","","","","","","","","","Epic","","","","213","8"
"","","","","","","","","","","Epic","","","","107","10"
"","","","","","","","","","","","Epic","","","31","2"
"","","","","","","","","","","","Epic","","","25","4"
"","","","","","","","","","","","Epic","","","19","5"
"","","","","","","","","","","","Epic","","","13","8"
"","","","","","","","","","","","Epic","","","6","10"
"","","","","","","","","","Gold","","","","","921","3200"
"","","","","","","","","","Gold","","","","","736","4800"
"","","","","","","","","","Gold","","","","","552","6400"
"","","","","","","","","","Gold","","","","","369","9600"
"","","","","","","","","","Gold","","","","","184","12800"
"","","","","EmoteChronos232","","","","","","","","","","12","1"
"","","","","EmoteChronos234","","","","","","","","","","12","1"
"","","","","EmoteChronos235","","","","","","","","","","12","1"
"","","","","EmoteChronos241","","","","","","","","","","12","1"
"","","","","EmoteChronos242","","","","","","","","","","12","1"
"","","","","EmoteChronos247","","","","","","","","","","12","1"
"","","","","EmoteChronos251","","","","","","","","","","12","1"
"","","","","EmoteChronos253","","","","","","","","","","12","1"
"","","","","EmoteChronos255","","","","","","","","","","12","1"
"","","","","EmoteChronos256","","","","","","","","","","12","1"
"","","","","EmoteChronos257","","","","","","","","","","12","1"
"","","","","EmoteChronos259","","","","","","","","","","12","1"
"","","","","EmoteChronos265","","","","","","","","","","12","1"
"","","","","EmoteChronos267","","","","","","","","","","12","1"
"","","","","EmoteChronos270","","","","","","","","","","12","1"
"","","","","EmoteChronos271","","","","","","","","","","12","1"
"","","","","EmoteChronos274","","","","","","","","","","12","1"
"","","","","EmoteChronos277","","","","","","","","","","12","1"
"","","","","EmoteChronos278","","","","","","","","","","12","1"
"","","","","EmoteChronos279","","","","","","","","","","12","1"
"","","","","EmoteChronos280","","","","","","","","","","12","1"
"","","","","EmoteChronos283","","","","","","","","","","12","1"
"","","","","EmoteChronos286","","","","","","","","","","12","1"
"","","","","EmoteChronos291","","","","","","","","","","12","1"
"","","","","EmoteChronos293","","","","","","","","","","12","1"
"","","","","EmoteChronos295","","","","","","","","","","12","1"
"","","","","EmoteChronos297","","","","","","","","","","12","1"
"","","","","EmoteChronos303","","","","","","","","","","12","1"
"","","","","EmoteChronos304","","","","","","","","","","12","1"
"","","","","EmoteChronos305","","","","","","","","","","12","1"
"","","","","EmoteChronos307","","","","","","","","","","12","1"
"","","","","EmoteChronos313","","","","","","","","","","12","1"
"","","","","EmoteChronos315","","","","","","","","","","12","1"
"","","","","EmoteChronos318","","","","","","","","","","12","1"
"","","","","EmoteChronos321","","","","","","","","","","12","1"
"","","","","EmoteChronos323","","","","","","","","","","12","1"
"","","","","EmoteChronos332","","","","","","","","","","12","1"
"","","","","EmoteChronos333","","","","","","","","","","12","1"
"","","","","EmoteChronos336","","","","","","","","","","12","1"
"","","","","EmoteChronos338","","","","","","","","","","12","1"
"","","","","EmoteChronos341","","","","","","","","","","12","1"
"","","","","EmoteChronos343","","","","","","","","","","12","1"
"","","","","EmoteChronos346","","","","","","","","","","12","1"
"","","","","","","","","","Gems","","","","","68","175"
"","","","","","","","","","Gems","","","","","54","210"
"","","","","","","","","","Gems","","","","","41","250"
"","","","","","","","","","Gems","","","","","27","290"
"","","","","","","","","","Gems","","","","","14","325"
"ChoiceChest_CL9_4Star","","","","","","","","","","Common","","","","861","400"
"","","","","","","","","","","Common","","","","689","600"
"","","","","","","","","","","Common","","","","516","800"
"","","","","","","","","","","Common","","","","345","1200"
"","","","","","","","","","","Common","","","","172","1600"
"","","","","","","","","","","Rare","","","","741","80"
"","","","","","","","","","","Rare","","","","593","120"
"","","","","","","","","","","Rare","","","","444","160"
"","","","","","","","","","","Rare","","","","297","240"
"","","","","","","","","","","Rare","","","","148","320"
"","","","","","","","","","","Epic","","","","509","10"
"","","","","","","","","","","Epic","","","","407","15"
"","","","","","","","","","","Epic","","","","305","20"
"","","","","","","","","","","Epic","","","","204","30"
"","","","","","","","","","","Epic","","","","101","40"
"","","","","","","","","","","","","WildcardCommon","","409","132"
"","","","","","","","","","","","","WildcardCommon","","326","199"
"","","","","","","","","","","","","WildcardCommon","","245","265"
"","","","","","","","","","","","","WildcardCommon","","164","398"
"","","","","","","","","","","","","WildcardCommon","","82","530"
"","","","","","","","","","","","","WildcardRare","","272","26"
"","","","","","","","","","","","","WildcardRare","","218","40"
"","","","","","","","","","","","","WildcardRare","","163","53"
"","","","","","","","","","","","","WildcardRare","","109","80"
"","","","","","","","","","","","","WildcardRare","","54","106"
"","","","","","","","","","","","","WildcardEpic","","136","4"
"","","","","","","","","","","","","WildcardEpic","","109","5"
"","","","","","","","","","","","","WildcardEpic","","82","7"
"","","","","","","","","","","","","WildcardEpic","","54","10"
"","","","","","","","","","","","","WildcardEpic","","27","14"
"","","","","","","","","","","","Epic","","","30","10"
"","","","","","","","","","","","Epic","","","24","15"
"","","","","","","","","","","","Epic","","","18","20"
"","","","","","","","","","","","Epic","","","12","30"
"","","","","","","","","","","","Epic","","","6","40"
"","","","","","","Cannon","","","","","","","","4","1"
"","","","","","","Cannon","","","","","","","","3","2"
"","","","","","","Cannon","","","","","","","","2","3"
"","","","","","","Mortar","","","","","","","","4","1"
"","","","","","","Mortar","","","","","","","","3","2"
"","","","","","","Mortar","","","","","","","","2","3"
"","","","","","","Tesla","","","","","","","","4","1"
"","","","","","","Tesla","","","","","","","","3","2"
"","","","","","","Tesla","","","","","","","","2","3"
"","","","","","","FirespiritHut","","","","","","","","4","1"
"","","","","","","FirespiritHut","","","","","","","","3","2"
"","","","","","","FirespiritHut","","","","","","","","2","3"
"","","","","","","GoblinCage","","","","","","","","4","1"
"","","","","","","GoblinCage","","","","","","","","3","2"
"","","","","","","GoblinCage","","","","","","","","2","3"
"","","","","","","GoblinDrill","","","","","","","","4","1"
"","","","","","","GoblinDrill","","","","","","","","3","2"
"","","","","","","GoblinDrill","","","","","","","","2","3"
"","","","","","","Knight","","","","","","","","4","1"
"","","","","","","Knight","","","","","","","","3","2"
"","","","","","","Knight","","","","","","","","2","3"
"","","","","","","Archer","","","","","","","","4","1"
"","","","","","","Archer","","","","","","","","3","2"
"","","","","","","Archer","","","","","","","","2","3"
"","","","","","","Pekka","","","","","","","","4","1"
"","","","","","","Pekka","","","","","","","","3","2"
"","","","","","","Pekka","","","","","","","","2","3"
"","","","","","","Witch","","","","","","","","4","1"
"","","","","","","Witch","","","","","","","","3","2"
"","","","","","","Witch","","","","","","","","2","3"
"","","","","","","Barbarians","","","","","","","","4","1"
"","","","","","","Barbarians","","","","","","","","3","2"
"","","","","","","Barbarians","","","","","","","","2","3"
"","","","","","","Skeletons","","","","","","","","4","1"
"","","","","","","Skeletons","","","","","","","","3","2"
"","","","","","","Skeletons","","","","","","","","2","3"
"","","","","","","Valkyrie","","","","","","","","4","1"
"","","","","","","Valkyrie","","","","","","","","3","2"
"","","","","","","Valkyrie","","","","","","","","2","3"
"","","","","","","SkeletonArmy","","","","","","","","4","1"
"","","","","","","SkeletonArmy","","","","","","","","3","2"
"","","","","","","SkeletonArmy","","","","","","","","2","3"
"","","","","","","Bomber","","","","","","","","4","1"
"","","","","","","Bomber","","","","","","","","3","2"
"","","","","","","Bomber","","","","","","","","2","3"
"","","","","","","Musketeer","","","","","","","","4","1"
"","","","","","","Musketeer","","","","","","","","3","2"
"","","","","","","Musketeer","","","","","","","","2","3"
"","","","","","","BabyDragon","","","","","","","","4","1"
"","","","","","","BabyDragon","","","","","","","","3","2"
"","","","","","","BabyDragon","","","","","","","","2","3"
"","","","","","","Wizard","","","","","","","","4","1"
"","","","","","","Wizard","","","","","","","","3","2"
"","","","","","","Wizard","","","","","","","","2","3"
"","","","","","","RoyalGiant","","","","","","","","4","1"
"","","","","","","RoyalGiant","","","","","","","","3","2"
"","","","","","","RoyalGiant","","","","","","","","2","3"
"","","","","","","IceSpirits","","","","","","","","4","1"
"","","","","","","IceSpirits","","","","","","","","3","2"
"","","","","","","IceSpirits","","","","","","","","2","3"
"","","","","","","RageBarbarian","","","","","","","","4","1"
"","","","","","","RageBarbarian","","","","","","","","3","2"
"","","","","","","RageBarbarian","","","","","","","","2","3"
"","","","","","","BattleRam","","","","","","","","4","1"
"","","","","","","BattleRam","","","","","","","","3","2"
"","","","","","","BattleRam","","","","","","","","2","3"
"","","","","","","InfernoDragon","","","","","","","","4","1"
"","","","","","","InfernoDragon","","","","","","","","3","2"
"","","","","","","InfernoDragon","","","","","","","","2","3"
"","","","","","","BlowdartGoblin","","","","","","","","4","1"
"","","","","","","BlowdartGoblin","","","","","","","","3","2"
"","","","","","","BlowdartGoblin","","","","","","","","2","3"
"","","","","","","Hunter","","","","","","","","4","1"
"","","","","","","Hunter","","","","","","","","3","2"
"","","","","","","Hunter","","","","","","","","2","3"
"","","","","","","AxeMan","","","","","","","","4","1"
"","","","","","","AxeMan","","","","","","","","3","2"
"","","","","","","AxeMan","","","","","","","","2","3"
"","","","","","","RoyalRecruits","","","","","","","","4","1"
"","","","","","","RoyalRecruits","","","","","","","","3","2"
"","","","","","","RoyalRecruits","","","","","","","","2","3"
"","","","","","","Bats","","","","","","","","4","1"
"","","","","","","Bats","","","","","","","","3","2"
"","","","","","","Bats","","","","","","","","2","3"
"","","","","","","Ghost","","","","","","","","4","1"
"","","","","","","Ghost","","","","","","","","3","2"
"","","","","","","Ghost","","","","","","","","2","3"
"","","","","","","MegaKnight","","","","","","","","4","1"
"","","","","","","MegaKnight","","","","","","","","3","2"
"","","","","","","MegaKnight","","","","","","","","2","3"
"","","","","","","SkeletonBalloon","","","","","","","","4","1"
"","","","","","","SkeletonBalloon","","","","","","","","3","2"
"","","","","","","SkeletonBalloon","","","","","","","","2","3"
"","","","","","","Wallbreakers","","","","","","","","4","1"
"","","","","","","Wallbreakers","","","","","","","","3","2"
"","","","","","","Wallbreakers","","","","","","","","2","3"
"","","","","","","RoyalHogs","","","","","","","","4","1"
"","","","","","","RoyalHogs","","","","","","","","3","2"
"","","","","","","RoyalHogs","","","","","","","","2","3"
"","","","","","","GoblinGiant","","","","","","","","4","1"
"","","","","","","GoblinGiant","","","","","","","","3","2"
"","","","","","","GoblinGiant","","","","","","","","2","3"
"","","","","","","ElectroDragon","","","","","","","","4","1"
"","","","","","","ElectroDragon","","","","","","","","3","2"
"","","","","","","ElectroDragon","","","","","","","","2","3"
"","","","","","","Firecracker","","","","","","","","4","1"
"","","","","","","Firecracker","","","","","","","","3","2"
"","","","","","","Firecracker","","","","","","","","2","3"
"","","","","","","GoblinBarrel","","","","","","","","4","1"
"","","","","","","GoblinBarrel","","","","","","","","3","2"
"","","","","","","GoblinBarrel","","","","","","","","2","3"
"","","","","","","Zap","","","","","","","","4","1"
"","","","","","","Zap","","","","","","","","3","2"
"","","","","","","Zap","","","","","","","","2","3"
"","","","","","","Snowball","","","","","","","","4","1"
"","","","","","","Snowball","","","","","","","","3","2"
"","","","","","","Snowball","","","","","","","","2","3"
"","","","","","","MinionHorde","","","","","","","","4","1"
"","","","","","","MinionHorde","","","","","","","","3","2"
"","","","","","","MinionHorde","","","","","","","","2","3"
"","","","","","","Princess","","","","","","","","4","1"
"","","","","","","Princess","","","","","","","","3","2"
"","","","","","","Princess","","","","","","","","2","3"
"","","","","","TowerSkin1035","","","","","","","","","99","1"
"","","","","","TowerSkin1036","","","","","","","","","99","1"
"","","","","","TowerSkin1038","","","","","","","","","99","1"
"","","","","","TowerSkin1040","","","","","","","","","99","1"
"","","","","","TowerSkin1045","","","","","","","","","99","1"
"","","","","","","","","","Gems","","","","","66","350"
"","","","","","","","","","Gems","","","","","53","425"
"","","","","","","","","","Gems","","","","","40","500"
"","","","","","","","","","Gems","","","","","27","575"
"","","","","","","","","","Gems","","","","","13","650"
"ChoiceChest_CL9_5Star","","","","","","","","","","Common","","","","801","1920"
"","","","","","","","","","","Common","","","","640","2160"
"","","","","","","","","","","Common","","","","480","2400"
"","","","","","","","","","","Common","","","","320","2640"
"","","","","","","","","","","Common","","","","160","2880"
"","","","","","","","","","","Rare","","","","689","384"
"","","","","","","","","","","Rare","","","","551","432"
"","","","","","","","","","","Rare","","","","414","480"
"","","","","","","","","","","Rare","","","","275","528"
"","","","","","","","","","","Rare","","","","138","576"
"","","","","","","","","","","Epic","","","","474","48"
"","","","","","","","","","","Epic","","","","379","54"
"","","","","","","","","","","Epic","","","","284","60"
"","","","","","","","","","","Epic","","","","189","66"
"","","","","","","","","","","Epic","","","","95","72"
"","","","","","","","","","","","","WildcardCommon","","406","640"
"","","","","","","","","","","","","WildcardCommon","","325","720"
"","","","","","","","","","","","","WildcardCommon","","244","800"
"","","","","","","","","","","","","WildcardCommon","","163","880"
"","","","","","","","","","","","","WildcardCommon","","81","960"
"","","","","","","","","","","","","WildcardRare","","271","128"
"","","","","","","","","","","","","WildcardRare","","217","144"
"","","","","","","","","","","","","WildcardRare","","162","160"
"","","","","","","","","","","","","WildcardRare","","109","176"
"","","","","","","","","","","","","WildcardRare","","54","192"
"","","","","","","","","","","","","WildcardEpic","","136","16"
"","","","","","","","","","","","","WildcardEpic","","108","18"
"","","","","","","","","","","","","WildcardEpic","","81","20"
"","","","","","","","","","","","","WildcardEpic","","54","22"
"","","","","","","","","","","","","WildcardEpic","","27","24"
"","","","","","","","","","","","Epic","","","28","30"
"","","","","","","","","","","","Epic","","","23","45"
"","","","","","","","","","","","Epic","","","17","60"
"","","","","","","","","","","","Epic","","","11","90"
"","","","","","","","","","","","Epic","","","6","120"
"","","","","","","Cannon","","","","","","","","9","4"
"","","","","","","Cannon","","","","","","","","7","5"
"","","","","","","Cannon","","","","","","","","5","6"
"","","","","","","Mortar","","","","","","","","9","4"
"","","","","","","Mortar","","","","","","","","7","5"
"","","","","","","Mortar","","","","","","","","5","6"
"","","","","","","Tesla","","","","","","","","9","4"
"","","","","","","Tesla","","","","","","","","7","5"
"","","","","","","Tesla","","","","","","","","5","6"
"","","","","","","FirespiritHut","","","","","","","","9","4"
"","","","","","","FirespiritHut","","","","","","","","7","5"
"","","","","","","FirespiritHut","","","","","","","","5","6"
"","","","","","","GoblinCage","","","","","","","","9","4"
"","","","","","","GoblinCage","","","","","","","","7","5"
"","","","","","","GoblinCage","","","","","","","","5","6"
"","","","","","","GoblinDrill","","","","","","","","9","4"
"","","","","","","GoblinDrill","","","","","","","","7","5"
"","","","","","","GoblinDrill","","","","","","","","5","6"
"","","","","","","Knight","","","","","","","","9","4"
"","","","","","","Knight","","","","","","","","7","5"
"","","","","","","Knight","","","","","","","","5","6"
"","","","","","","Archer","","","","","","","","9","4"
"","","","","","","Archer","","","","","","","","7","5"
"","","","","","","Archer","","","","","","","","5","6"
"","","","","","","Pekka","","","","","","","","9","4"
"","","","","","","Pekka","","","","","","","","7","5"
"","","","","","","Pekka","","","","","","","","5","6"
"","","","","","","Witch","","","","","","","","9","4"
"","","","","","","Witch","","","","","","","","7","5"
"","","","","","","Witch","","","","","","","","5","6"
"","","","","","","Barbarians","","","","","","","","9","4"
"","","","","","","Barbarians","","","","","","","","7","5"
"","","","","","","Barbarians","","","","","","","","5","6"
"","","","","","","Skeletons","","","","","","","","9","4"
"","","","","","","Skeletons","","","","","","","","7","5"
"","","","","","","Skeletons","","","","","","","","5","6"
"","","","","","","Valkyrie","","","","","","","","9","4"
"","","","","","","Valkyrie","","","","","","","","7","5"
"","","","","","","Valkyrie","","","","","","","","5","6"
"","","","","","","SkeletonArmy","","","","","","","","9","4"
"","","","","","","SkeletonArmy","","","","","","","","7","5"
"","","","","","","SkeletonArmy","","","","","","","","5","6"
"","","","","","","Bomber","","","","","","","","9","4"
"","","","","","","Bomber","","","","","","","","7","5"
"","","","","","","Bomber","","","","","","","","5","6"
"","","","","","","Musketeer","","","","","","","","9","4"
"","","","","","","Musketeer","","","","","","","","7","5"
"","","","","","","Musketeer","","","","","","","","5","6"
"","","","","","","BabyDragon","","","","","","","","9","4"
"","","","","","","BabyDragon","","","","","","","","7","5"
"","","","","","","BabyDragon","","","","","","","","5","6"
"","","","","","","Wizard","","","","","","","","9","4"
"","","","","","","Wizard","","","","","","","","7","5"
"","","","","","","Wizard","","","","","","","","5","6"
"","","","","","","RoyalGiant","","","","","","","","9","4"
"","","","","","","RoyalGiant","","","","","","","","7","5"
"","","","","","","RoyalGiant","","","","","","","","5","6"
"","","","","","","IceSpirits","","","","","","","","9","4"
"","","","","","","IceSpirits","","","","","","","","7","5"
"","","","","","","IceSpirits","","","","","","","","5","6"
"","","","","","","RageBarbarian","","","","","","","","9","4"
"","","","","","","RageBarbarian","","","","","","","","7","5"
"","","","","","","RageBarbarian","","","","","","","","5","6"
"","","","","","","BattleRam","","","","","","","","9","4"
"","","","","","","BattleRam","","","","","","","","7","5"
"","","","","","","BattleRam","","","","","","","","5","6"
"","","","","","","InfernoDragon","","","","","","","","9","4"
"","","","","","","InfernoDragon","","","","","","","","7","5"
"","","","","","","InfernoDragon","","","","","","","","5","6"
"","","","","","","BlowdartGoblin","","","","","","","","9","4"
"","","","","","","BlowdartGoblin","","","","","","","","7","5"
"","","","","","","BlowdartGoblin","","","","","","","","5","6"
"","","","","","","Hunter","","","","","","","","9","4"
"","","","","","","Hunter","","","","","","","","7","5"
"","","","","","","Hunter","","","","","","","","5","6"
"","","","","","","AxeMan","","","","","","","","9","4"
"","","","","","","AxeMan","","","","","","","","7","5"
"","","","","","","AxeMan","","","","","","","","5","6"
"","","","","","","RoyalRecruits","","","","","","","","9","4"
"","","","","","","RoyalRecruits","","","","","","","","7","5"
"","","","","","","RoyalRecruits","","","","","","","","5","6"
"","","","","","","Bats","","","","","","","","9","4"
"","","","","","","Bats","","","","","","","","7","5"
"","","","","","","Bats","","","","","","","","5","6"
"","","","","","","Ghost","","","","","","","","9","4"
"","","","","","","Ghost","","","","","","","","7","5"
"","","","","","","Ghost","","","","","","","","5","6"
"","","","","","","MegaKnight","","","","","","","","9","4"
"","","","","","","MegaKnight","","","","","","","","7","5"
"","","","","","","MegaKnight","","","","","","","","5","6"
"","","","","","","SkeletonBalloon","","","","","","","","9","4"
"","","","","","","SkeletonBalloon","","","","","","","","7","5"
"","","","","","","SkeletonBalloon","","","","","","","","5","6"
"","","","","","","Wallbreakers","","","","","","","","9","4"
"","","","","","","Wallbreakers","","","","","","","","7","5"
"","","","","","","Wallbreakers","","","","","","","","5","6"
"","","","","","","RoyalHogs","","","","","","","","9","4"
"","","","","","","RoyalHogs","","","","","","","","7","5"
"","","","","","","RoyalHogs","","","","","","","","5","6"
"","","","","","","GoblinGiant","","","","","","","","9","4"
"","","","","","","GoblinGiant","","","","","","","","7","5"
"","","","","","","GoblinGiant","","","","","","","","5","6"
"","","","","","","ElectroDragon","","","","","","","","9","4"
"","","","","","","ElectroDragon","","","","","","","","7","5"
"","","","","","","ElectroDragon","","","","","","","","5","6"
"","","","","","","Firecracker","","","","","","","","9","4"
"","","","","","","Firecracker","","","","","","","","7","5"
"","","","","","","Firecracker","","","","","","","","5","6"
"","","","","","","GoblinBarrel","","","","","","","","9","4"
"","","","","","","GoblinBarrel","","","","","","","","7","5"
"","","","","","","GoblinBarrel","","","","","","","","5","6"
"","","","","","","Zap","","","","","","","","9","4"
"","","","","","","Zap","","","","","","","","7","5"
"","","","","","","Zap","","","","","","","","5","6"
"","","","","","","Snowball","","","","","","","","9","4"
"","","","","","","Snowball","","","","","","","","7","5"
"","","","","","","Snowball","","","","","","","","5","6"
"","","","","","","MinionHorde","","","","","","","","9","4"
"","","","","","","MinionHorde","","","","","","","","7","5"
"","","","","","","MinionHorde","","","","","","","","5","6"
"","","","","","","Princess","","","","","","","","9","4"
"","","","","","","Princess","","","","","","","","7","5"
"","","","","","","Princess","","","","","","","","5","6"
"","","","","","TowerSkin1035","","","","","","","","","109","1"
"","","","","","TowerSkin1036","","","","","","","","","109","1"
"","","","","","TowerSkin1038","","","","","","","","","109","1"
"","","","","","TowerSkin1040","","","","","","","","","109","1"
"","","","","","TowerSkin1045","","","","","","","","","109","1"
"","","","","","","","","","Gems","","","","","73","700"
"","","","","","","","","","Gems","","","","","58","850"
"","","","","","","","","","Gems","","","","","44","1000"
"","","","","","","","","","Gems","","","","","29","1150"
"","","","","","","","","","Gems","","","","","15","1300"
"ChoiceChest_CL10_1Star","","","","","","","","","","Common","","","","910","8"
"","","","","","","","","","","Common","","","","728","12"
"","","","","","","","","","","Common","","","","546","16"
"","","","","","","","","","","Common","","","","364","24"
"","","","","","","","","","","Common","","","","182","32"
"","","","","","","","","","","Rare","","","","756","1"
"","","","","","","","","","","Rare","","","","605","3"
"","","","","","","","","","","Rare","","","","454","5"
"","","","","","","","","","","Rare","","","","303","7"
"","","","","","","","","","","Rare","","","","151","9"
"","","","","","","","","","Gold","","","","","1667","250"
"","","","","","","","","","Gold","","","","","1333","375"
"","","","","","","","","","Gold","","","","","1000","500"
"","","","","","","","","","Gold","","","","","667","750"
"","","","","","","","","","Gold","","","","","333","1000"
"","","","","","","","","","Gems","","","","","68","35"
"","","","","","","","","","Gems","","","","","54","40"
"","","","","","","","","","Gems","","","","","41","50"
"","","","","","","","","","Gems","","","","","27","55"
"","","","","","","","","","Gems","","","","","14","65"
"ChoiceChest_CL10_2Star","","","","","","","","","","Common","","","","776","31"
"","","","","","","","","","","Common","","","","621","46"
"","","","","","","","","","","Common","","","","466","62"
"","","","","","","","","","","Common","","","","311","93"
"","","","","","","","","","","Common","","","","155","124"
"","","","","","","","","","","Rare","","","","645","6"
"","","","","","","","","","","Rare","","","","516","9"
"","","","","","","","","","","Rare","","","","387","12"
"","","","","","","","","","","Rare","","","","258","18"
"","","","","","","","","","","Rare","","","","129","24"
"","","","","","","","","","","Epic","","","","478","1"
"","","","","","","","","","","Epic","","","","382","2"
"","","","","","","","","","","Epic","","","","287","4"
"","","","","","","","","","","Epic","","","","191","5"
"","","","","","","","","","","Epic","","","","96","6"
"","","","","","","","","","","","Epic","","","24","1"
"","","","","","","","","","","","Epic","","","19","2"
"","","","","","","","","","","","Epic","","","14","4"
"","","","","","","","","","","","Epic","","","10","5"
"","","","","","","","","","","","Epic","","","5","6"
"","","","","","","","","","Gold","","","","","1234","1000"
"","","","","","","","","","Gold","","","","","987","1500"
"","","","","","","","","","Gold","","","","","740","2000"
"","","","","","","","","","Gold","","","","","494","3000"
"","","","","","","","","","Gold","","","","","246","4000"
"","","","Chronos651","","","","","","","","","","","3","1"
"","","","Chronos652","","","","","","","","","","","3","1"
"","","","Chronos653","","","","","","","","","","","3","1"
"","","","Chronos654","","","","","","","","","","","3","1"
"","","","Chronos655","","","","","","","","","","","3","1"
"","","","Chronos656","","","","","","","","","","","3","1"
"","","","Chronos657","","","","","","","","","","","3","1"
"","","","Chronos658","","","","","","","","","","","3","1"
"","","","Chronos659","","","","","","","","","","","3","1"
"","","","Chronos660","","","","","","","","","","","3","1"
"","","","Chronos661","","","","","","","","","","","3","1"
"","","","Chronos662","","","","","","","","","","","3","1"
"","","","Chronos663","","","","","","","","","","","3","1"
"","","","Chronos664","","","","","","","","","","","3","1"
"","","","Chronos667","","","","","","","","","","","3","1"
"","","","Chronos668","","","","","","","","","","","3","1"
"","","","Chronos669","","","","","","","","","","","3","1"
"","","","Chronos670","","","","","","","","","","","3","1"
"","","","Chronos671","","","","","","","","","","","3","1"
"","","","Chronos672","","","","","","","","","","","3","1"
"","","","Chronos673","","","","","","","","","","","3","1"
"","","","Chronos674","","","","","","","","","","","3","1"
"","","","Chronos675","","","","","","","","","","","3","1"
"","","","Chronos676","","","","","","","","","","","3","1"
"","","","Chronos677","","","","","","","","","","","3","1"
"","","","Chronos678","","","","","","","","","","","3","1"
"","","","Chronos681","","","","","","","","","","","3","1"
"","","","Chronos682","","","","","","","","","","","3","1"
"","","","Chronos683","","","","","","","","","","","3","1"
"","","","Chronos684","","","","","","","","","","","3","1"
"","","","Chronos685","","","","","","","","","","","3","1"
"","","","Chronos686","","","","","","","","","","","3","1"
"","","","Chronos687","","","","","","","","","","","3","1"
"","","","Chronos688","","","","","","","","","","","3","1"
"","","","Chronos689","","","","","","","","","","","3","1"
"","","","Chronos690","","","","","","","","","","","3","1"
"","","","Chronos691","","","","","","","","","","","3","1"
"","","","Chronos692","","","","","","","","","","","3","1"
"","","","Chronos695","","","","","","","","","","","3","1"
"","","","Chronos696","","","","","","","","","","","3","1"
"","","","Chronos697","","","","","","","","","","","3","1"
"","","","Chronos698","","","","","","","","","","","3","1"
"","","","Chronos699","","","","","","","","","","","3","1"
"","","","Chronos700","","","","","","","","","","","3","1"
"","","","Chronos701","","","","","","","","","","","3","1"
"","","","Chronos702","","","","","","","","","","","3","1"
"","","","Chronos703","","","","","","","","","","","3","1"
"","","","Chronos704","","","","","","","","","","","3","1"
"","","","Chronos705","","","","","","","","","","","3","1"
"","","","Chronos706","","","","","","","","","","","3","1"
"","","","Chronos707","","","","","","","","","","","3","1"
"","","","Chronos708","","","","","","","","","","","3","1"
"","","","Chronos713","","","","","","","","","","","3","1"
"","","","Chronos714","","","","","","","","","","","3","1"
"","","","Chronos719","","","","","","","","","","","3","1"
"","","","Chronos720","","","","","","","","","","","3","1"
"","","","Chronos721","","","","","","","","","","","3","1"
"","","","Chronos722","","","","","","","","","","","3","1"
"","","","Chronos731","","","","","","","","","","","3","1"
"","","","Chronos732","","","","","","","","","","","3","1"
"","","","Chronos737","","","","","","","","","","","3","1"
"","","","Chronos738","","","","","","","","","","","3","1"
"","","","Chronos747","","","","","","","","","","","3","1"
"","","","Chronos748","","","","","","","","","","","3","1"
"","","","Chronos749","","","","","","","","","","","3","1"
"","","","Chronos750","","","","","","","","","","","3","1"
"","","","Chronos751","","","","","","","","","","","3","1"
"","","","Chronos752","","","","","","","","","","","3","1"
"","","","Chronos757","","","","","","","","","","","3","1"
"","","","Chronos758","","","","","","","","","","","3","1"
"","","","Chronos765","","","","","","","","","","","3","1"
"","","","Chronos766","","","","","","","","","","","3","1"
"","","","Chronos767","","","","","","","","","","","3","1"
"","","","Chronos768","","","","","","","","","","","3","1"
"","","","Chronos777","","","","","","","","","","","3","1"
"","","","Chronos778","","","","","","","","","","","3","1"
"","","","Chronos779","","","","","","","","","","","3","1"
"","","","Chronos780","","","","","","","","","","","3","1"
"","","","Chronos781","","","","","","","","","","","3","1"
"","","","Chronos782","","","","","","","","","","","3","1"
"","","","Chronos789","","","","","","","","","","","3","1"
"","","","Chronos790","","","","","","","","","","","3","1"
"","","","Chronos793","","","","","","","","","","","3","1"
"","","","Chronos794","","","","","","","","","","","3","1"
"","","","Chronos797","","","","","","","","","","","3","1"
"","","","Chronos798","","","","","","","","","","","3","1"
"","","","Chronos803","","","","","","","","","","","3","1"
"","","","Chronos804","","","","","","","","","","","3","1"
"","","","Chronos807","","","","","","","","","","","3","1"
"","","","Chronos808","","","","","","","","","","","3","1"
"","","","Chronos809","","","","","","","","","","","3","1"
"","","","Chronos810","","","","","","","","","","","3","1"
"","","","Chronos811","","","","","","","","","","","3","1"
"","","","Chronos812","","","","","","","","","","","3","1"
"","","","Chronos813","","","","","","","","","","","3","1"
"","","","Chronos814","","","","","","","","","","","3","1"
"","","","Chronos815","","","","","","","","","","","3","1"
"","","","Chronos816","","","","","","","","","","","3","1"
"","","","Chronos817","","","","","","","","","","","3","1"
"","","","Chronos818","","","","","","","","","","","3","1"
"","","","Chronos819","","","","","","","","","","","3","1"
"","","","Chronos820","","","","","","","","","","","3","1"
"","","","Chronos823","","","","","","","","","","","3","1"
"","","","Chronos824","","","","","","","","","","","3","1"
"","","","Chronos825","","","","","","","","","","","3","1"
"","","","Chronos826","","","","","","","","","","","3","1"
"","","","Chronos827","","","","","","","","","","","3","1"
"","","","Chronos828","","","","","","","","","","","3","1"
"","","","Chronos829","","","","","","","","","","","3","1"
"","","","Chronos830","","","","","","","","","","","3","1"
"","","","Chronos833","","","","","","","","","","","3","1"
"","","","Chronos834","","","","","","","","","","","3","1"
"","","","Chronos835","","","","","","","","","","","3","1"
"","","","Chronos836","","","","","","","","","","","3","1"
"","","","Chronos837","","","","","","","","","","","3","1"
"","","","Chronos838","","","","","","","","","","","3","1"
"","","","Chronos839","","","","","","","","","","","3","1"
"","","","Chronos840","","","","","","","","","","","3","1"
"","","","Chronos841","","","","","","","","","","","3","1"
"","","","Chronos842","","","","","","","","","","","3","1"
"","","","Chronos845","","","","","","","","","","","3","1"
"","","","Chronos846","","","","","","","","","","","3","1"
"","","","Chronos849","","","","","","","","","","","3","1"
"","","","Chronos850","","","","","","","","","","","3","1"
"","","","Chronos851","","","","","","","","","","","3","1"
"","","","Chronos852","","","","","","","","","","","3","1"
"","","","Chronos855","","","","","","","","","","","3","1"
"","","","Chronos856","","","","","","","","","","","3","1"
"","","","Chronos857","","","","","","","","","","","3","1"
"","","","Chronos858","","","","","","","","","","","3","1"
"","","","Chronos859","","","","","","","","","","","3","1"
"","","","Chronos860","","","","","","","","","","","3","1"
"","","","Chronos863","","","","","","","","","","","3","1"
"","","","Chronos864","","","","","","","","","","","3","1"
"","","","Chronos869","","","","","","","","","","","3","1"
"","","","Chronos870","","","","","","","","","","","3","1"
"","","","Chronos873","","","","","","","","","","","3","1"
"","","","Chronos874","","","","","","","","","","","3","1"
"","","","Chronos877","","","","","","","","","","","3","1"
"","","","Chronos878","","","","","","","","","","","3","1"
"","","","Chronos879","","","","","","","","","","","3","1"
"","","","Chronos880","","","","","","","","","","","3","1"
"","","","Chronos883","","","","","","","","","","","3","1"
"","","","Chronos884","","","","","","","","","","","3","1"
"","","","Chronos887","","","","","","","","","","","3","1"
"","","","Chronos888","","","","","","","","","","","3","1"
"","","","Chronos889","","","","","","","","","","","3","1"
"","","","Chronos890","","","","","","","","","","","3","1"
"","","","Chronos895","","","","","","","","","","","3","1"
"","","","Chronos896","","","","","","","","","","","3","1"
"","","","Chronos897","","","","","","","","","","","3","1"
"","","","Chronos898","","","","","","","","","","","3","1"
"","","","Chronos899","","","","","","","","","","","3","1"
"","","","Chronos900","","","","","","","","","","","3","1"
"","","","Chronos901","","","","","","","","","","","3","1"
"","","","Chronos902","","","","","","","","","","","3","1"
"","","","Chronos907","","","","","","","","","","","3","1"
"","","","Chronos908","","","","","","","","","","","3","1"
"","","","Chronos909","","","","","","","","","","","3","1"
"","","","Chronos910","","","","","","","","","","","3","1"
"","","","Chronos911","","","","","","","","","","","3","1"
"","","","Chronos912","","","","","","","","","","","3","1"
"","","","Chronos913","","","","","","","","","","","3","1"
"","","","Chronos914","","","","","","","","","","","3","1"
"","","","Chronos915","","","","","","","","","","","3","1"
"","","","Chronos916","","","","","","","","","","","3","1"
"","","","Chronos917","","","","","","","","","","","3","1"
"","","","Chronos918","","","","","","","","","","","3","1"
"","","","Chronos921","","","","","","","","","","","3","1"
"","","","Chronos922","","","","","","","","","","","3","1"
"","","","Chronos923","","","","","","","","","","","3","1"
"","","","Chronos924","","","","","","","","","","","3","1"
"","","","Chronos925","","","","","","","","","","","3","1"
"","","","Chronos926","","","","","","","","","","","3","1"
"","","","Chronos929","","","","","","","","","","","3","1"
"","","","Chronos930","","","","","","","","","","","3","1"
"","","","Chronos931","","","","","","","","","","","3","1"
"","","","Chronos932","","","","","","","","","","","3","1"
"","","","Chronos933","","","","","","","","","","","3","1"
"","","","Chronos934","","","","","","","","","","","3","1"
"","","","Chronos937","","","","","","","","","","","3","1"
"","","","Chronos938","","","","","","","","","","","3","1"
"","","","","","","","","","Gems","","","","","68","70"
"","","","","","","","","","Gems","","","","","54","85"
"","","","","","","","","","Gems","","","","","41","100"
"","","","","","","","","","Gems","","","","","27","115"
"","","","","","","","","","Gems","","","","","14","130"
"ChoiceChest_CL10_3Star","","","","","","","","","","Common","","","","825","125"
"","","","","","","","","","","Common","","","","660","188"
"","","","","","","","","","","Common","","","","495","250"
"","","","","","","","","","","Common","","","","330","375"
"","","","","","","","","","","Common","","","","165","500"
"","","","","","","","","","","Rare","","","","685","25"
"","","","","","","","","","","Rare","","","","548","38"
"","","","","","","","","","","Rare","","","","411","50"
"","","","","","","","","","","Rare","","","","274","75"
"","","","","","","","","","","Rare","","","","137","100"
"","","","","","","","","","","Epic","","","","508","3"
"","","","","","","","","","","Epic","","","","406","4"
"","","","","","","","","","","Epic","","","","305","6"
"","","","","","","","","","","Epic","","","","203","9"
"","","","","","","","","","","Epic","","","","102","12"
"","","","","","","","","","","Legendary","","","","296","1"
"","","","","","","","","","","Legendary","","","","237","2"
"","","","","","","","","","","","Epic","","","25","3"
"","","","","","","","","","","","Epic","","","20","4"
"","","","","","","","","","","","Epic","","","15","6"
"","","","","","","","","","","","Epic","","","10","9"
"","","","","","","","","","","","Epic","","","5","12"
"","","","","","","","","","","","Legendary","","","37","1"
"","","","","","","","","","","","Legendary","","","30","2"
"","","","","","","","","","Gold","","","","","921","4000"
"","","","","","","","","","Gold","","","","","736","6000"
"","","","","","","","","","Gold","","","","","552","8000"
"","","","","","","","","","Gold","","","","","369","12000"
"","","","","","","","","","Gold","","","","","184","16000"
"","","","","EmoteChronos232","","","","","","","","","","12","1"
"","","","","EmoteChronos234","","","","","","","","","","12","1"
"","","","","EmoteChronos235","","","","","","","","","","12","1"
"","","","","EmoteChronos241","","","","","","","","","","12","1"
"","","","","EmoteChronos242","","","","","","","","","","12","1"
"","","","","EmoteChronos247","","","","","","","","","","12","1"
"","","","","EmoteChronos251","","","","","","","","","","12","1"
"","","","","EmoteChronos253","","","","","","","","","","12","1"
"","","","","EmoteChronos255","","","","","","","","","","12","1"
"","","","","EmoteChronos256","","","","","","","","","","12","1"
"","","","","EmoteChronos257","","","","","","","","","","12","1"
"","","","","EmoteChronos259","","","","","","","","","","12","1"
"","","","","EmoteChronos265","","","","","","","","","","12","1"
"","","","","EmoteChronos267","","","","","","","","","","12","1"
"","","","","EmoteChronos270","","","","","","","","","","12","1"
"","","","","EmoteChronos271","","","","","","","","","","12","1"
"","","","","EmoteChronos274","","","","","","","","","","12","1"
"","","","","EmoteChronos277","","","","","","","","","","12","1"
"","","","","EmoteChronos278","","","","","","","","","","12","1"
"","","","","EmoteChronos279","","","","","","","","","","12","1"
"","","","","EmoteChronos280","","","","","","","","","","12","1"
"","","","","EmoteChronos283","","","","","","","","","","12","1"
"","","","","EmoteChronos286","","","","","","","","","","12","1"
"","","","","EmoteChronos291","","","","","","","","","","12","1"
"","","","","EmoteChronos293","","","","","","","","","","12","1"
"","","","","EmoteChronos295","","","","","","","","","","12","1"
"","","","","EmoteChronos297","","","","","","","","","","12","1"
"","","","","EmoteChronos303","","","","","","","","","","12","1"
"","","","","EmoteChronos304","","","","","","","","","","12","1"
"","","","","EmoteChronos305","","","","","","","","","","12","1"
"","","","","EmoteChronos307","","","","","","","","","","12","1"
"","","","","EmoteChronos313","","","","","","","","","","12","1"
"","","","","EmoteChronos315","","","","","","","","","","12","1"
"","","","","EmoteChronos318","","","","","","","","","","12","1"
"","","","","EmoteChronos321","","","","","","","","","","12","1"
"","","","","EmoteChronos323","","","","","","","","","","12","1"
"","","","","EmoteChronos332","","","","","","","","","","12","1"
"","","","","EmoteChronos333","","","","","","","","","","12","1"
"","","","","EmoteChronos336","","","","","","","","","","12","1"
"","","","","EmoteChronos338","","","","","","","","","","12","1"
"","","","","EmoteChronos341","","","","","","","","","","12","1"
"","","","","EmoteChronos343","","","","","","","","","","12","1"
"","","","","EmoteChronos346","","","","","","","","","","12","1"
"","","","","","","","","","Gems","","","","","68","175"
"","","","","","","","","","Gems","","","","","54","210"
"","","","","","","","","","Gems","","","","","41","250"
"","","","","","","","","","Gems","","","","","27","290"
"","","","","","","","","","Gems","","","","","14","325"
"ChoiceChest_CL10_4Star","","","","","","","","","","Common","","","","733","500"
"","","","","","","","","","","Common","","","","586","750"
"","","","","","","","","","","Common","","","","440","1000"
"","","","","","","","","","","Common","","","","293","1500"
"","","","","","","","","","","Common","","","","147","2000"
"","","","","","","","","","","Rare","","","","609","100"
"","","","","","","","","","","Rare","","","","487","150"
"","","","","","","","","","","Rare","","","","366","200"
"","","","","","","","","","","Rare","","","","243","300"
"","","","","","","","","","","Rare","","","","122","400"
"","","","","","","","","","","Epic","","","","451","12"
"","","","","","","","","","","Epic","","","","361","19"
"","","","","","","","","","","Epic","","","","271","25"
"","","","","","","","","","","Epic","","","","180","38"
"","","","","","","","","","","Epic","","","","90","50"
"","","","","","","","","","","Legendary","","","","158","2"
"","","","","","","","","","","Legendary","","","","126","3"
"","","","","","","","","","","Legendary","","","","95","4"
"","","","","","","","","","","Legendary","","","","63","5"
"","","","","","","","","","","Legendary","","","","31","6"
"","","","","","","","","","","","","WildcardCommon","","392","168"
"","","","","","","","","","","","","WildcardCommon","","313","251"
"","","","","","","","","","","","","WildcardCommon","","235","335"
"","","","","","","","","","","","","WildcardCommon","","157","502"
"","","","","","","","","","","","","WildcardCommon","","78","670"
"","","","","","","","","","","","","WildcardRare","","294","34"
"","","","","","","","","","","","","WildcardRare","","236","50"
"","","","","","","","","","","","","WildcardRare","","176","67"
"","","","","","","","","","","","","WildcardRare","","117","100"
"","","","","","","","","","","","","WildcardRare","","58","134"
"","","","","","","","","","","","","WildcardEpic","","196","4"
"","","","","","","","","","","","","WildcardEpic","","157","6"
"","","","","","","","","","","","","WildcardEpic","","118","8"
"","","","","","","","","","","","","WildcardEpic","","79","12"
"","","","","","","","","","","","","WildcardEpic","","39","16"
"","","","","","","","","","","","","WildcardLegendary","","163","1"
"","","","","","","","","","","","","WildcardLegendary","","131","2"
"","","","","","","","","","","","Epic","","","23","12"
"","","","","","","","","","","","Epic","","","18","19"
"","","","","","","","","","","","Epic","","","13","25"
"","","","","","","","","","","","Epic","","","9","38"
"","","","","","","","","","","","Epic","","","5","50"
"","","","","","","","","","","","Legendary","","","20","2"
"","","","","","","","","","","","Legendary","","","16","3"
"","","","","","","","","","","","Legendary","","","11","4"
"","","","","","","","","","","","Legendary","","","8","5"
"","","","","","","","","","","","Legendary","","","4","6"
"","","","","","","Cannon","","","","","","","","4","1"
"","","","","","","Cannon","","","","","","","","3","2"
"","","","","","","Cannon","","","","","","","","3","3"
"","","","","","","Mortar","","","","","","","","4","1"
"","","","","","","Mortar","","","","","","","","3","2"
"","","","","","","Mortar","","","","","","","","3","3"
"","","","","","","Tesla","","","","","","","","4","1"
"","","","","","","Tesla","","","","","","","","3","2"
"","","","","","","Tesla","","","","","","","","3","3"
"","","","","","","FirespiritHut","","","","","","","","4","1"
"","","","","","","FirespiritHut","","","","","","","","3","2"
"","","","","","","FirespiritHut","","","","","","","","3","3"
"","","","","","","GoblinCage","","","","","","","","4","1"
"","","","","","","GoblinCage","","","","","","","","3","2"
"","","","","","","GoblinCage","","","","","","","","3","3"
"","","","","","","GoblinDrill","","","","","","","","4","1"
"","","","","","","GoblinDrill","","","","","","","","3","2"
"","","","","","","GoblinDrill","","","","","","","","3","3"
"","","","","","","Knight","","","","","","","","4","1"
"","","","","","","Knight","","","","","","","","3","2"
"","","","","","","Knight","","","","","","","","3","3"
"","","","","","","Archer","","","","","","","","4","1"
"","","","","","","Archer","","","","","","","","3","2"
"","","","","","","Archer","","","","","","","","3","3"
"","","","","","","Pekka","","","","","","","","4","1"
"","","","","","","Pekka","","","","","","","","3","2"
"","","","","","","Pekka","","","","","","","","3","3"
"","","","","","","Witch","","","","","","","","4","1"
"","","","","","","Witch","","","","","","","","3","2"
"","","","","","","Witch","","","","","","","","3","3"
"","","","","","","Barbarians","","","","","","","","4","1"
"","","","","","","Barbarians","","","","","","","","3","2"
"","","","","","","Barbarians","","","","","","","","3","3"
"","","","","","","Skeletons","","","","","","","","4","1"
"","","","","","","Skeletons","","","","","","","","3","2"
"","","","","","","Skeletons","","","","","","","","3","3"
"","","","","","","Valkyrie","","","","","","","","4","1"
"","","","","","","Valkyrie","","","","","","","","3","2"
"","","","","","","Valkyrie","","","","","","","","3","3"
"","","","","","","SkeletonArmy","","","","","","","","4","1"
"","","","","","","SkeletonArmy","","","","","","","","3","2"
"","","","","","","SkeletonArmy","","","","","","","","3","3"
"","","","","","","Bomber","","","","","","","","4","1"
"","","","","","","Bomber","","","","","","","","3","2"
"","","","","","","Bomber","","","","","","","","3","3"
"","","","","","","Musketeer","","","","","","","","4","1"
"","","","","","","Musketeer","","","","","","","","3","2"
"","","","","","","Musketeer","","","","","","","","3","3"
"","","","","","","BabyDragon","","","","","","","","4","1"
"","","","","","","BabyDragon","","","","","","","","3","2"
"","","","","","","BabyDragon","","","","","","","","3","3"
"","","","","","","Wizard","","","","","","","","4","1"
"","","","","","","Wizard","","","","","","","","3","2"
"","","","","","","Wizard","","","","","","","","3","3"
"","","","","","","RoyalGiant","","","","","","","","4","1"
"","","","","","","RoyalGiant","","","","","","","","3","2"
"","","","","","","RoyalGiant","","","","","","","","3","3"
"","","","","","","IceSpirits","","","","","","","","4","1"
"","","","","","","IceSpirits","","","","","","","","3","2"
"","","","","","","IceSpirits","","","","","","","","3","3"
"","","","","","","RageBarbarian","","","","","","","","4","1"
"","","","","","","RageBarbarian","","","","","","","","3","2"
"","","","","","","RageBarbarian","","","","","","","","3","3"
"","","","","","","BattleRam","","","","","","","","4","1"
"","","","","","","BattleRam","","","","","","","","3","2"
"","","","","","","BattleRam","","","","","","","","3","3"
"","","","","","","InfernoDragon","","","","","","","","4","1"
"","","","","","","InfernoDragon","","","","","","","","3","2"
"","","","","","","InfernoDragon","","","","","","","","3","3"
"","","","","","","BlowdartGoblin","","","","","","","","4","1"
"","","","","","","BlowdartGoblin","","","","","","","","3","2"
"","","","","","","BlowdartGoblin","","","","","","","","3","3"
"","","","","","","Hunter","","","","","","","","4","1"
"","","","","","","Hunter","","","","","","","","3","2"
"","","","","","","Hunter","","","","","","","","3","3"
"","","","","","","AxeMan","","","","","","","","4","1"
"","","","","","","AxeMan","","","","","","","","3","2"
"","","","","","","AxeMan","","","","","","","","3","3"
"","","","","","","RoyalRecruits","","","","","","","","4","1"
"","","","","","","RoyalRecruits","","","","","","","","3","2"
"","","","","","","RoyalRecruits","","","","","","","","3","3"
"","","","","","","Bats","","","","","","","","4","1"
"","","","","","","Bats","","","","","","","","3","2"
"","","","","","","Bats","","","","","","","","3","3"
"","","","","","","Ghost","","","","","","","","4","1"
"","","","","","","Ghost","","","","","","","","3","2"
"","","","","","","Ghost","","","","","","","","3","3"
"","","","","","","MegaKnight","","","","","","","","4","1"
"","","","","","","MegaKnight","","","","","","","","3","2"
"","","","","","","MegaKnight","","","","","","","","3","3"
"","","","","","","SkeletonBalloon","","","","","","","","4","1"
"","","","","","","SkeletonBalloon","","","","","","","","3","2"
"","","","","","","SkeletonBalloon","","","","","","","","3","3"
"","","","","","","Wallbreakers","","","","","","","","4","1"
"","","","","","","Wallbreakers","","","","","","","","3","2"
"","","","","","","Wallbreakers","","","","","","","","3","3"
"","","","","","","RoyalHogs","","","","","","","","4","1"
"","","","","","","RoyalHogs","","","","","","","","3","2"
"","","","","","","RoyalHogs","","","","","","","","3","3"
"","","","","","","GoblinGiant","","","","","","","","4","1"
"","","","","","","GoblinGiant","","","","","","","","3","2"
"","","","","","","GoblinGiant","","","","","","","","3","3"
"","","","","","","ElectroDragon","","","","","","","","4","1"
"","","","","","","ElectroDragon","","","","","","","","3","2"
"","","","","","","ElectroDragon","","","","","","","","3","3"
"","","","","","","Firecracker","","","","","","","","4","1"
"","","","","","","Firecracker","","","","","","","","3","2"
"","","","","","","Firecracker","","","","","","","","3","3"
"","","","","","","GoblinBarrel","","","","","","","","4","1"
"","","","","","","GoblinBarrel","","","","","","","","3","2"
"","","","","","","GoblinBarrel","","","","","","","","3","3"
"","","","","","","Zap","","","","","","","","4","1"
"","","","","","","Zap","","","","","","","","3","2"
"","","","","","","Zap","","","","","","","","3","3"
"","","","","","","Snowball","","","","","","","","4","1"
"","","","","","","Snowball","","","","","","","","3","2"
"","","","","","","Snowball","","","","","","","","3","3"
"","","","","","","MinionHorde","","","","","","","","4","1"
"","","","","","","MinionHorde","","","","","","","","3","2"
"","","","","","","MinionHorde","","","","","","","","3","3"
"","","","","","","Princess","","","","","","","","4","1"
"","","","","","","Princess","","","","","","","","3","2"
"","","","","","","Princess","","","","","","","","3","3"
"","","","","","TowerSkin1035","","","","","","","","","100","1"
"","","","","","TowerSkin1036","","","","","","","","","100","1"
"","","","","","TowerSkin1038","","","","","","","","","100","1"
"","","","","","TowerSkin1040","","","","","","","","","100","1"
"","","","","","TowerSkin1045","","","","","","","","","100","1"
"","","","","","","","","","Gems","","","","","67","350"
"","","","","","","","","","Gems","","","","","53","425"
"","","","","","","","","","Gems","","","","","40","500"
"","","","","","","","","","Gems","","","","","27","575"
"","","","","","","","","","Gems","","","","","13","650"
"ChoiceChest_CL10_5Star","","","","","","","","","","Common","","","","690","2400"
"","","","","","","","","","","Common","","","","552","2700"
"","","","","","","","","","","Common","","","","414","3000"
"","","","","","","","","","","Common","","","","276","3300"
"","","","","","","","","","","Common","","","","138","3600"
"","","","","","","","","","","Rare","","","","573","480"
"","","","","","","","","","","Rare","","","","458","540"
"","","","","","","","","","","Rare","","","","344","600"
"","","","","","","","","","","Rare","","","","229","660"
"","","","","","","","","","","Rare","","","","115","720"
"","","","","","","","","","","Epic","","","","425","60"
"","","","","","","","","","","Epic","","","","339","68"
"","","","","","","","","","","Epic","","","","255","75"
"","","","","","","","","","","Epic","","","","170","82"
"","","","","","","","","","","Epic","","","","85","90"
"","","","","","","","","","","Legendary","","","","148","6"
"","","","","","","","","","","Legendary","","","","118","7"
"","","","","","","","","","","Legendary","","","","89","8"
"","","","","","","","","","","Legendary","","","","59","9"
"","","","","","","","","","","Legendary","","","","30","10"
"","","","","","","","","","","","","WildcardCommon","","379","800"
"","","","","","","","","","","","","WildcardCommon","","303","900"
"","","","","","","","","","","","","WildcardCommon","","228","1000"
"","","","","","","","","","","","","WildcardCommon","","151","1100"
"","","","","","","","","","","","","WildcardCommon","","76","1200"
"","","","","","","","","","","","","WildcardRare","","284","160"
"","","","","","","","","","","","","WildcardRare","","227","180"
"","","","","","","","","","","","","WildcardRare","","171","200"
"","","","","","","","","","","","","WildcardRare","","113","220"
"","","","","","","","","","","","","WildcardRare","","58","240"
"","","","","","","","","","","","","WildcardEpic","","189","20"
"","","","","","","","","","","","","WildcardEpic","","152","22"
"","","","","","","","","","","","","WildcardEpic","","113","25"
"","","","","","","","","","","","","WildcardEpic","","76","28"
"","","","","","","","","","","","","WildcardEpic","","38","30"
"","","","","","","","","","","","","WildcardLegendary","","94","3"
"","","","","","","","","","","","","WildcardLegendary","","76","4"
"","","","","","","","","","","","","WildcardLegendary","","57","5"
"","","","","","","","","","","","Epic","","","22","38"
"","","","","","","","","","","","Epic","","","17","56"
"","","","","","","","","","","","Epic","","","13","75"
"","","","","","","","","","","","Epic","","","8","112"
"","","","","","","","","","","","Epic","","","5","150"
"","","","","","","","","","","","Legendary","","","19","4"
"","","","","","","","","","","","Legendary","","","15","6"
"","","","","","","","","","","","Legendary","","","11","8"
"","","","","","","","","","","","Legendary","","","8","12"
"","","","","","","","","","","","Legendary","","","4","16"
"","","","","","","Cannon","","","","","","","","9","4"
"","","","","","","Cannon","","","","","","","","7","5"
"","","","","","","Cannon","","","","","","","","6","6"
"","","","","","","Mortar","","","","","","","","9","4"
"","","","","","","Mortar","","","","","","","","7","5"
"","","","","","","Mortar","","","","","","","","6","6"
"","","","","","","Tesla","","","","","","","","9","4"
"","","","","","","Tesla","","","","","","","","7","5"
"","","","","","","Tesla","","","","","","","","6","6"
"","","","","","","FirespiritHut","","","","","","","","9","4"
"","","","","","","FirespiritHut","","","","","","","","7","5"
"","","","","","","FirespiritHut","","","","","","","","6","6"
"","","","","","","GoblinCage","","","","","","","","9","4"
"","","","","","","GoblinCage","","","","","","","","7","5"
"","","","","","","GoblinCage","","","","","","","","6","6"
"","","","","","","GoblinDrill","","","","","","","","9","4"
"","","","","","","GoblinDrill","","","","","","","","7","5"
"","","","","","","GoblinDrill","","","","","","","","6","6"
"","","","","","","Knight","","","","","","","","9","4"
"","","","","","","Knight","","","","","","","","7","5"
"","","","","","","Knight","","","","","","","","6","6"
"","","","","","","Archer","","","","","","","","9","4"
"","","","","","","Archer","","","","","","","","7","5"
"","","","","","","Archer","","","","","","","","6","6"
"","","","","","","Pekka","","","","","","","","9","4"
"","","","","","","Pekka","","","","","","","","7","5"
"","","","","","","Pekka","","","","","","","","6","6"
"","","","","","","Witch","","","","","","","","9","4"
"","","","","","","Witch","","","","","","","","7","5"
"","","","","","","Witch","","","","","","","","6","6"
"","","","","","","Barbarians","","","","","","","","9","4"
"","","","","","","Barbarians","","","","","","","","7","5"
"","","","","","","Barbarians","","","","","","","","6","6"
"","","","","","","Skeletons","","","","","","","","9","4"
"","","","","","","Skeletons","","","","","","","","7","5"
"","","","","","","Skeletons","","","","","","","","6","6"
"","","","","","","Valkyrie","","","","","","","","9","4"
"","","","","","","Valkyrie","","","","","","","","7","5"
"","","","","","","Valkyrie","","","","","","","","6","6"
"","","","","","","SkeletonArmy","","","","","","","","9","4"
"","","","","","","SkeletonArmy","","","","","","","","7","5"
"","","","","","","SkeletonArmy","","","","","","","","6","6"
"","","","","","","Bomber","","","","","","","","9","4"
"","","","","","","Bomber","","","","","","","","7","5"
"","","","","","","Bomber","","","","","","","","6","6"
"","","","","","","Musketeer","","","","","","","","9","4"
"","","","","","","Musketeer","","","","","","","","7","5"
"","","","","","","Musketeer","","","","","","","","6","6"
"","","","","","","BabyDragon","","","","","","","","9","4"
"","","","","","","BabyDragon","","","","","","","","7","5"
"","","","","","","BabyDragon","","","","","","","","6","6"
"","","","","","","Wizard","","","","","","","","9","4"
"","","","","","","Wizard","","","","","","","","7","5"
"","","","","","","Wizard","","","","","","","","6","6"
"","","","","","","RoyalGiant","","","","","","","","9","4"
"","","","","","","RoyalGiant","","","","","","","","7","5"
"","","","","","","RoyalGiant","","","","","","","","6","6"
"","","","","","","IceSpirits","","","","","","","","9","4"
"","","","","","","IceSpirits","","","","","","","","7","5"
"","","","","","","IceSpirits","","","","","","","","6","6"
"","","","","","","RageBarbarian","","","","","","","","9","4"
"","","","","","","RageBarbarian","","","","","","","","7","5"
"","","","","","","RageBarbarian","","","","","","","","6","6"
"","","","","","","BattleRam","","","","","","","","9","4"
"","","","","","","BattleRam","","","","","","","","7","5"
"","","","","","","BattleRam","","","","","","","","6","6"
"","","","","","","InfernoDragon","","","","","","","","9","4"
"","","","","","","InfernoDragon","","","","","","","","7","5"
"","","","","","","InfernoDragon","","","","","","","","6","6"
"","","","","","","BlowdartGoblin","","","","","","","","9","4"
"","","","","","","BlowdartGoblin","","","","","","","","7","5"
"","","","","","","BlowdartGoblin","","","","","","","","6","6"
"","","","","","","Hunter","","","","","","","","9","4"
"","","","","","","Hunter","","","","","","","","7","5"
"","","","","","","Hunter","","","","","","","","6","6"
"","","","","","","AxeMan","","","","","","","","9","4"
"","","","","","","AxeMan","","","","","","","","7","5"
"","","","","","","AxeMan","","","","","","","","6","6"
"","","","","","","RoyalRecruits","","","","","","","","9","4"
"","","","","","","RoyalRecruits","","","","","","","","7","5"
"","","","","","","RoyalRecruits","","","","","","","","6","6"
"","","","","","","Bats","","","","","","","","9","4"
"","","","","","","Bats","","","","","","","","7","5"
"","","","","","","Bats","","","","","","","","6","6"
"","","","","","","Ghost","","","","","","","","9","4"
"","","","","","","Ghost","","","","","","","","7","5"
"","","","","","","Ghost","","","","","","","","6","6"
"","","","","","","MegaKnight","","","","","","","","9","4"
"","","","","","","MegaKnight","","","","","","","","7","5"
"","","","","","","MegaKnight","","","","","","","","6","6"
"","","","","","","SkeletonBalloon","","","","","","","","9","4"
"","","","","","","SkeletonBalloon","","","","","","","","7","5"
"","","","","","","SkeletonBalloon","","","","","","","","6","6"
"","","","","","","Wallbreakers","","","","","","","","9","4"
"","","","","","","Wallbreakers","","","","","","","","7","5"
"","","","","","","Wallbreakers","","","","","","","","6","6"
"","","","","","","RoyalHogs","","","","","","","","9","4"
"","","","","","","RoyalHogs","","","","","","","","7","5"
"","","","","","","RoyalHogs","","","","","","","","6","6"
"","","","","","","GoblinGiant","","","","","","","","9","4"
"","","","","","","GoblinGiant","","","","","","","","7","5"
"","","","","","","GoblinGiant","","","","","","","","6","6"
"","","","","","","ElectroDragon","","","","","","","","9","4"
"","","","","","","ElectroDragon","","","","","","","","7","5"
"","","","","","","ElectroDragon","","","","","","","","6","6"
"","","","","","","Firecracker","","","","","","","","9","4"
"","","","","","","Firecracker","","","","","","","","7","5"
"","","","","","","Firecracker","","","","","","","","6","6"
"","","","","","","GoblinBarrel","","","","","","","","9","4"
"","","","","","","GoblinBarrel","","","","","","","","7","5"
"","","","","","","GoblinBarrel","","","","","","","","6","6"
"","","","","","","Zap","","","","","","","","9","4"
"","","","","","","Zap","","","","","","","","7","5"
"","","","","","","Zap","","","","","","","","6","6"
"","","","","","","Snowball","","","","","","","","9","4"
"","","","","","","Snowball","","","","","","","","7","5"
"","","","","","","Snowball","","","","","","","","6","6"
"","","","","","","MinionHorde","","","","","","","","9","4"
"","","","","","","MinionHorde","","","","","","","","7","5"
"","","","","","","MinionHorde","","","","","","","","6","6"
"","","","","","","Princess","","","","","","","","9","4"
"","","","","","","Princess","","","","","","","","7","5"
"","","","","","","Princess","","","","","","","","6","6"
"","","","","","TowerSkin1035","","","","","","","","","110","1"
"","","","","","TowerSkin1036","","","","","","","","","110","1"
"","","","","","TowerSkin1038","","","","","","","","","110","1"
"","","","","","TowerSkin1040","","","","","","","","","110","1"
"","","","","","TowerSkin1045","","","","","","","","","110","1"
"","","","","","","","","","Gems","","","","","73","700"
"","","","","","","","","","Gems","","","","","59","850"
"","","","","","","","","","Gems","","","","","44","1000"
"","","","","","","","","","Gems","","","","","29","1150"
"","","","","","","","","","Gems","","","","","15","1300"
"ChoiceChest_CL11_1Star","","","","","","","","","","Common","","","","877","10"
"","","","","","","","","","","Common","","","","702","14"
"","","","","","","","","","","Common","","","","526","19"
"","","","","","","","","","","Common","","","","351","28"
"","","","","","","","","","","Common","","","","175","38"
"","","","","","","","","","","Rare","","","","789","2"
"","","","","","","","","","","Rare","","","","631","3"
"","","","","","","","","","","Rare","","","","474","4"
"","","","","","","","","","","Rare","","","","316","6"
"","","","","","","","","","","Rare","","","","158","8"
"","","","","","","","","","Gold","","","","","1667","300"
"","","","","","","","","","Gold","","","","","1333","450"
"","","","","","","","","","Gold","","","","","1000","600"
"","","","","","","","","","Gold","","","","","667","900"
"","","","","","","","","","Gold","","","","","333","1200"
"","","","","","","","","","Gems","","","","","68","35"
"","","","","","","","","","Gems","","","","","54","40"
"","","","","","","","","","Gems","","","","","41","50"
"","","","","","","","","","Gems","","","","","27","55"
"","","","","","","","","","Gems","","","","","14","65"
"ChoiceChest_CL11_2Star","","","","","","","","","","Common","","","","736","38"
"","","","","","","","","","","Common","","","","589","56"
"","","","","","","","","","","Common","","","","441","75"
"","","","","","","","","","","Common","","","","294","112"
"","","","","","","","","","","Common","","","","147","150"
"","","","","","","","","","","Rare","","","","662","8"
"","","","","","","","","","","Rare","","","","530","11"
"","","","","","","","","","","Rare","","","","397","15"
"","","","","","","","","","","Rare","","","","265","22"
"","","","","","","","","","","Rare","","","","132","30"
"","","","","","","","","","","Epic","","","","504","1"
"","","","","","","","","","","Epic","","","","403","2"
"","","","","","","","","","","Epic","","","","303","4"
"","","","","","","","","","","Epic","","","","202","5"
"","","","","","","","","","","Epic","","","","101","6"
"","","","","","","","","","","","Epic","","","21","1"
"","","","","","","","","","","","Epic","","","17","2"
"","","","","","","","","","","","Epic","","","13","4"
"","","","","","","","","","","","Epic","","","8","5"
"","","","","","","","","","","","Epic","","","4","6"
"","","","","","","","","","Gold","","","","","1234","1200"
"","","","","","","","","","Gold","","","","","987","1800"
"","","","","","","","","","Gold","","","","","740","2400"
"","","","","","","","","","Gold","","","","","494","3600"
"","","","","","","","","","Gold","","","","","246","4800"
"","","","Chronos651","","","","","","","","","","","3","1"
"","","","Chronos652","","","","","","","","","","","3","1"
"","","","Chronos653","","","","","","","","","","","3","1"
"","","","Chronos654","","","","","","","","","","","3","1"
"","","","Chronos655","","","","","","","","","","","3","1"
"","","","Chronos656","","","","","","","","","","","3","1"
"","","","Chronos657","","","","","","","","","","","3","1"
"","","","Chronos658","","","","","","","","","","","3","1"
"","","","Chronos659","","","","","","","","","","","3","1"
"","","","Chronos660","","","","","","","","","","","3","1"
"","","","Chronos661","","","","","","","","","","","3","1"
"","","","Chronos662","","","","","","","","","","","3","1"
"","","","Chronos663","","","","","","","","","","","3","1"
"","","","Chronos664","","","","","","","","","","","3","1"
"","","","Chronos667","","","","","","","","","","","3","1"
"","","","Chronos668","","","","","","","","","","","3","1"
"","","","Chronos669","","","","","","","","","","","3","1"
"","","","Chronos670","","","","","","","","","","","3","1"
"","","","Chronos671","","","","","","","","","","","3","1"
"","","","Chronos672","","","","","","","","","","","3","1"
"","","","Chronos673","","","","","","","","","","","3","1"
"","","","Chronos674","","","","","","","","","","","3","1"
"","","","Chronos675","","","","","","","","","","","3","1"
"","","","Chronos676","","","","","","","","","","","3","1"
"","","","Chronos677","","","","","","","","","","","3","1"
"","","","Chronos678","","","","","","","","","","","3","1"
"","","","Chronos681","","","","","","","","","","","3","1"
"","","","Chronos682","","","","","","","","","","","3","1"
"","","","Chronos683","","","","","","","","","","","3","1"
"","","","Chronos684","","","","","","","","","","","3","1"
"","","","Chronos685","","","","","","","","","","","3","1"
"","","","Chronos686","","","","","","","","","","","3","1"
"","","","Chronos687","","","","","","","","","","","3","1"
"","","","Chronos688","","","","","","","","","","","3","1"
"","","","Chronos689","","","","","","","","","","","3","1"
"","","","Chronos690","","","","","","","","","","","3","1"
"","","","Chronos691","","","","","","","","","","","3","1"
"","","","Chronos692","","","","","","","","","","","3","1"
"","","","Chronos695","","","","","","","","","","","3","1"
"","","","Chronos696","","","","","","","","","","","3","1"
"","","","Chronos697","","","","","","","","","","","3","1"
"","","","Chronos698","","","","","","","","","","","3","1"
"","","","Chronos699","","","","","","","","","","","3","1"
"","","","Chronos700","","","","","","","","","","","3","1"
"","","","Chronos701","","","","","","","","","","","3","1"
"","","","Chronos702","","","","","","","","","","","3","1"
"","","","Chronos703","","","","","","","","","","","3","1"
"","","","Chronos704","","","","","","","","","","","3","1"
"","","","Chronos705","","","","","","","","","","","3","1"
"","","","Chronos706","","","","","","","","","","","3","1"
"","","","Chronos707","","","","","","","","","","","3","1"
"","","","Chronos708","","","","","","","","","","","3","1"
"","","","Chronos713","","","","","","","","","","","3","1"
"","","","Chronos714","","","","","","","","","","","3","1"
"","","","Chronos719","","","","","","","","","","","3","1"
"","","","Chronos720","","","","","","","","","","","3","1"
"","","","Chronos721","","","","","","","","","","","3","1"
"","","","Chronos722","","","","","","","","","","","3","1"
"","","","Chronos731","","","","","","","","","","","3","1"
"","","","Chronos732","","","","","","","","","","","3","1"
"","","","Chronos737","","","","","","","","","","","3","1"
"","","","Chronos738","","","","","","","","","","","3","1"
"","","","Chronos747","","","","","","","","","","","3","1"
"","","","Chronos748","","","","","","","","","","","3","1"
"","","","Chronos749","","","","","","","","","","","3","1"
"","","","Chronos750","","","","","","","","","","","3","1"
"","","","Chronos751","","","","","","","","","","","3","1"
"","","","Chronos752","","","","","","","","","","","3","1"
"","","","Chronos757","","","","","","","","","","","3","1"
"","","","Chronos758","","","","","","","","","","","3","1"
"","","","Chronos765","","","","","","","","","","","3","1"
"","","","Chronos766","","","","","","","","","","","3","1"
"","","","Chronos767","","","","","","","","","","","3","1"
"","","","Chronos768","","","","","","","","","","","3","1"
"","","","Chronos777","","","","","","","","","","","3","1"
"","","","Chronos778","","","","","","","","","","","3","1"
"","","","Chronos779","","","","","","","","","","","3","1"
"","","","Chronos780","","","","","","","","","","","3","1"
"","","","Chronos781","","","","","","","","","","","3","1"
"","","","Chronos782","","","","","","","","","","","3","1"
"","","","Chronos789","","","","","","","","","","","3","1"
"","","","Chronos790","","","","","","","","","","","3","1"
"","","","Chronos793","","","","","","","","","","","3","1"
"","","","Chronos794","","","","","","","","","","","3","1"
"","","","Chronos797","","","","","","","","","","","3","1"
"","","","Chronos798","","","","","","","","","","","3","1"
"","","","Chronos803","","","","","","","","","","","3","1"
"","","","Chronos804","","","","","","","","","","","3","1"
"","","","Chronos807","","","","","","","","","","","3","1"
"","","","Chronos808","","","","","","","","","","","3","1"
"","","","Chronos809","","","","","","","","","","","3","1"
"","","","Chronos810","","","","","","","","","","","3","1"
"","","","Chronos811","","","","","","","","","","","3","1"
"","","","Chronos812","","","","","","","","","","","3","1"
"","","","Chronos813","","","","","","","","","","","3","1"
"","","","Chronos814","","","","","","","","","","","3","1"
"","","","Chronos815","","","","","","","","","","","3","1"
"","","","Chronos816","","","","","","","","","","","3","1"
"","","","Chronos817","","","","","","","","","","","3","1"
"","","","Chronos818","","","","","","","","","","","3","1"
"","","","Chronos819","","","","","","","","","","","3","1"
"","","","Chronos820","","","","","","","","","","","3","1"
"","","","Chronos823","","","","","","","","","","","3","1"
"","","","Chronos824","","","","","","","","","","","3","1"
"","","","Chronos825","","","","","","","","","","","3","1"
"","","","Chronos826","","","","","","","","","","","3","1"
"","","","Chronos827","","","","","","","","","","","3","1"
"","","","Chronos828","","","","","","","","","","","3","1"
"","","","Chronos829","","","","","","","","","","","3","1"
"","","","Chronos830","","","","","","","","","","","3","1"
"","","","Chronos833","","","","","","","","","","","3","1"
"","","","Chronos834","","","","","","","","","","","3","1"
"","","","Chronos835","","","","","","","","","","","3","1"
"","","","Chronos836","","","","","","","","","","","3","1"
"","","","Chronos837","","","","","","","","","","","3","1"
"","","","Chronos838","","","","","","","","","","","3","1"
"","","","Chronos839","","","","","","","","","","","3","1"
"","","","Chronos840","","","","","","","","","","","3","1"
"","","","Chronos841","","","","","","","","","","","3","1"
"","","","Chronos842","","","","","","","","","","","3","1"
"","","","Chronos845","","","","","","","","","","","3","1"
"","","","Chronos846","","","","","","","","","","","3","1"
"","","","Chronos849","","","","","","","","","","","3","1"
"","","","Chronos850","","","","","","","","","","","3","1"
"","","","Chronos851","","","","","","","","","","","3","1"
"","","","Chronos852","","","","","","","","","","","3","1"
"","","","Chronos855","","","","","","","","","","","3","1"
"","","","Chronos856","","","","","","","","","","","3","1"
"","","","Chronos857","","","","","","","","","","","3","1"
"","","","Chronos858","","","","","","","","","","","3","1"
"","","","Chronos859","","","","","","","","","","","3","1"
"","","","Chronos860","","","","","","","","","","","3","1"
"","","","Chronos863","","","","","","","","","","","3","1"
"","","","Chronos864","","","","","","","","","","","3","1"
"","","","Chronos869","","","","","","","","","","","3","1"
"","","","Chronos870","","","","","","","","","","","3","1"
"","","","Chronos873","","","","","","","","","","","3","1"
"","","","Chronos874","","","","","","","","","","","3","1"
"","","","Chronos877","","","","","","","","","","","3","1"
"","","","Chronos878","","","","","","","","","","","3","1"
"","","","Chronos879","","","","","","","","","","","3","1"
"","","","Chronos880","","","","","","","","","","","3","1"
"","","","Chronos883","","","","","","","","","","","3","1"
"","","","Chronos884","","","","","","","","","","","3","1"
"","","","Chronos887","","","","","","","","","","","3","1"
"","","","Chronos888","","","","","","","","","","","3","1"
"","","","Chronos889","","","","","","","","","","","3","1"
"","","","Chronos890","","","","","","","","","","","3","1"
"","","","Chronos895","","","","","","","","","","","3","1"
"","","","Chronos896","","","","","","","","","","","3","1"
"","","","Chronos897","","","","","","","","","","","3","1"
"","","","Chronos898","","","","","","","","","","","3","1"
"","","","Chronos899","","","","","","","","","","","3","1"
"","","","Chronos900","","","","","","","","","","","3","1"
"","","","Chronos901","","","","","","","","","","","3","1"
"","","","Chronos902","","","","","","","","","","","3","1"
"","","","Chronos907","","","","","","","","","","","3","1"
"","","","Chronos908","","","","","","","","","","","3","1"
"","","","Chronos909","","","","","","","","","","","3","1"
"","","","Chronos910","","","","","","","","","","","3","1"
"","","","Chronos911","","","","","","","","","","","3","1"
"","","","Chronos912","","","","","","","","","","","3","1"
"","","","Chronos913","","","","","","","","","","","3","1"
"","","","Chronos914","","","","","","","","","","","3","1"
"","","","Chronos915","","","","","","","","","","","3","1"
"","","","Chronos916","","","","","","","","","","","3","1"
"","","","Chronos917","","","","","","","","","","","3","1"
"","","","Chronos918","","","","","","","","","","","3","1"
"","","","Chronos921","","","","","","","","","","","3","1"
"","","","Chronos922","","","","","","","","","","","3","1"
"","","","Chronos923","","","","","","","","","","","3","1"
"","","","Chronos924","","","","","","","","","","","3","1"
"","","","Chronos925","","","","","","","","","","","3","1"
"","","","Chronos926","","","","","","","","","","","3","1"
"","","","Chronos929","","","","","","","","","","","3","1"
"","","","Chronos930","","","","","","","","","","","3","1"
"","","","Chronos931","","","","","","","","","","","3","1"
"","","","Chronos932","","","","","","","","","","","3","1"
"","","","Chronos933","","","","","","","","","","","3","1"
"","","","Chronos934","","","","","","","","","","","3","1"
"","","","Chronos937","","","","","","","","","","","3","1"
"","","","Chronos938","","","","","","","","","","","3","1"
"","","","","","","","","","Gems","","","","","68","70"
"","","","","","","","","","Gems","","","","","54","85"
"","","","","","","","","","Gems","","","","","41","100"
"","","","","","","","","","Gems","","","","","27","115"
"","","","","","","","","","Gems","","","","","14","130"
"ChoiceChest_CL11_3Star","","","","","","","","","","Common","","","","738","150"
"","","","","","","","","","","Common","","","","591","225"
"","","","","","","","","","","Common","","","","443","300"
"","","","","","","","","","","Common","","","","295","450"
"","","","","","","","","","","Common","","","","148","600"
"","","","","","","","","","","Rare","","","","664","30"
"","","","","","","","","","","Rare","","","","531","45"
"","","","","","","","","","","Rare","","","","399","60"
"","","","","","","","","","","Rare","","","","266","90"
"","","","","","","","","","","Rare","","","","133","120"
"","","","","","","","","","","Epic","","","","506","4"
"","","","","","","","","","","Epic","","","","405","6"
"","","","","","","","","","","Epic","","","","304","8"
"","","","","","","","","","","Epic","","","","203","12"
"","","","","","","","","","","Epic","","","","101","16"
"","","","","","","","","","","Legendary","","","","461","1"
"","","","","","","","","","","Legendary","","","","369","2"
"","","","","","","","","","","","Epic","","","56","4"
"","","","","","","","","","","","Epic","","","56","6"
"","","","","","","","","","","","Epic","","","56","8"
"","","","","","","","","","","","Epic","","","56","12"
"","","","","","","","","","","","Epic","","","56","16"
"","","","","","","","","","","","Legendary","","","12","1"
"","","","","","","","","","","","Legendary","","","12","2"
"","","","","","","","","","Gold","","","","","919","4800"
"","","","","","","","","","Gold","","","","","734","7200"
"","","","","","","","","","Gold","","","","","551","9600"
"","","","","","","","","","Gold","","","","","368","14400"
"","","","","","","","","","Gold","","","","","183","19200"
"","","","","EmoteChronos232","","","","","","","","","","12","1"
"","","","","EmoteChronos234","","","","","","","","","","12","1"
"","","","","EmoteChronos235","","","","","","","","","","12","1"
"","","","","EmoteChronos241","","","","","","","","","","12","1"
"","","","","EmoteChronos242","","","","","","","","","","12","1"
"","","","","EmoteChronos247","","","","","","","","","","12","1"
"","","","","EmoteChronos251","","","","","","","","","","12","1"
"","","","","EmoteChronos253","","","","","","","","","","12","1"
"","","","","EmoteChronos255","","","","","","","","","","12","1"
"","","","","EmoteChronos256","","","","","","","","","","12","1"
"","","","","EmoteChronos257","","","","","","","","","","12","1"
"","","","","EmoteChronos259","","","","","","","","","","12","1"
"","","","","EmoteChronos265","","","","","","","","","","12","1"
"","","","","EmoteChronos267","","","","","","","","","","12","1"
"","","","","EmoteChronos270","","","","","","","","","","12","1"
"","","","","EmoteChronos271","","","","","","","","","","12","1"
"","","","","EmoteChronos274","","","","","","","","","","12","1"
"","","","","EmoteChronos277","","","","","","","","","","12","1"
"","","","","EmoteChronos278","","","","","","","","","","12","1"
"","","","","EmoteChronos279","","","","","","","","","","12","1"
"","","","","EmoteChronos280","","","","","","","","","","12","1"
"","","","","EmoteChronos283","","","","","","","","","","12","1"
"","","","","EmoteChronos286","","","","","","","","","","12","1"
"","","","","EmoteChronos291","","","","","","","","","","12","1"
"","","","","EmoteChronos293","","","","","","","","","","12","1"
"","","","","EmoteChronos295","","","","","","","","","","12","1"
"","","","","EmoteChronos297","","","","","","","","","","12","1"
"","","","","EmoteChronos303","","","","","","","","","","12","1"
"","","","","EmoteChronos304","","","","","","","","","","12","1"
"","","","","EmoteChronos305","","","","","","","","","","12","1"
"","","","","EmoteChronos307","","","","","","","","","","12","1"
"","","","","EmoteChronos313","","","","","","","","","","12","1"
"","","","","EmoteChronos315","","","","","","","","","","12","1"
"","","","","EmoteChronos318","","","","","","","","","","12","1"
"","","","","EmoteChronos321","","","","","","","","","","12","1"
"","","","","EmoteChronos323","","","","","","","","","","12","1"
"","","","","EmoteChronos332","","","","","","","","","","12","1"
"","","","","EmoteChronos333","","","","","","","","","","12","1"
"","","","","EmoteChronos336","","","","","","","","","","12","1"
"","","","","EmoteChronos338","","","","","","","","","","12","1"
"","","","","EmoteChronos341","","","","","","","","","","12","1"
"","","","","EmoteChronos343","","","","","","","","","","12","1"
"","","","","EmoteChronos346","","","","","","","","","","12","1"
"","","","","","","","","","Gems","","","","","68","175"
"","","","","","","","","","Gems","","","","","54","210"
"","","","","","","","","","Gems","","","","","41","250"
"","","","","","","","","","Gems","","","","","27","290"
"","","","","","","","","","Gems","","","","","14","325"
"ChoiceChest_CL11_4Star","","","","","","","","","","Common","","","","656","600"
"","","","","","","","","","","Common","","","","525","900"
"","","","","","","","","","","Common","","","","393","1200"
"","","","","","","","","","","Common","","","","262","1800"
"","","","","","","","","","","Common","","","","131","2400"
"","","","","","","","","","","Rare","","","","590","120"
"","","","","","","","","","","Rare","","","","472","180"
"","","","","","","","","","","Rare","","","","354","240"
"","","","","","","","","","","Rare","","","","236","360"
"","","","","","","","","","","Rare","","","","118","480"
"","","","","","","","","","","Epic","","","","450","15"
"","","","","","","","","","","Epic","","","","360","22"
"","","","","","","","","","","Epic","","","","270","30"
"","","","","","","","","","","Epic","","","","180","45"
"","","","","","","","","","","Epic","","","","90","60"
"","","","","","","","","","","Legendary","","","","246","2"
"","","","","","","","","","","Legendary","","","","197","3"
"","","","","","","","","","","Legendary","","","","148","4"
"","","","","","","","","","","Legendary","","","","99","5"
"","","","","","","","","","","Legendary","","","","49","6"
"","","","","","","","","","","","","WildcardCommon","","392","200"
"","","","","","","","","","","","","WildcardCommon","","313","300"
"","","","","","","","","","","","","WildcardCommon","","235","400"
"","","","","","","","","","","","","WildcardCommon","","157","600"
"","","","","","","","","","","","","WildcardCommon","","78","800"
"","","","","","","","","","","","","WildcardRare","","294","40"
"","","","","","","","","","","","","WildcardRare","","236","60"
"","","","","","","","","","","","","WildcardRare","","176","80"
"","","","","","","","","","","","","WildcardRare","","117","120"
"","","","","","","","","","","","","WildcardRare","","58","160"
"","","","","","","","","","","","","WildcardEpic","","196","5"
"","","","","","","","","","","","","WildcardEpic","","157","8"
"","","","","","","","","","","","","WildcardEpic","","118","10"
"","","","","","","","","","","","","WildcardEpic","","79","15"
"","","","","","","","","","","","","WildcardEpic","","39","20"
"","","","","","","","","","","","","WildcardLegendary","","163","1"
"","","","","","","","","","","","","WildcardLegendary","","131","2"
"","","","","","","","","","","","Epic","","","21","15"
"","","","","","","","","","","","Epic","","","21","22"
"","","","","","","","","","","","Epic","","","21","30"
"","","","","","","","","","","","Epic","","","21","45"
"","","","","","","","","","","","Epic","","","21","60"
"","","","","","","","","","","","Legendary","","","11","2"
"","","","","","","","","","","","Legendary","","","11","3"
"","","","","","","","","","","","Legendary","","","11","4"
"","","","","","","","","","","","Legendary","","","11","5"
"","","","","","","","","","","","Legendary","","","11","6"
"","","","","","","Cannon","","","","","","","","4","1"
"","","","","","","Cannon","","","","","","","","3","2"
"","","","","","","Cannon","","","","","","","","3","3"
"","","","","","","Mortar","","","","","","","","4","1"
"","","","","","","Mortar","","","","","","","","3","2"
"","","","","","","Mortar","","","","","","","","3","3"
"","","","","","","Tesla","","","","","","","","4","1"
"","","","","","","Tesla","","","","","","","","3","2"
"","","","","","","Tesla","","","","","","","","3","3"
"","","","","","","FirespiritHut","","","","","","","","4","1"
"","","","","","","FirespiritHut","","","","","","","","3","2"
"","","","","","","FirespiritHut","","","","","","","","3","3"
"","","","","","","GoblinCage","","","","","","","","4","1"
"","","","","","","GoblinCage","","","","","","","","3","2"
"","","","","","","GoblinCage","","","","","","","","3","3"
"","","","","","","GoblinDrill","","","","","","","","4","1"
"","","","","","","GoblinDrill","","","","","","","","3","2"
"","","","","","","GoblinDrill","","","","","","","","3","3"
"","","","","","","Knight","","","","","","","","4","1"
"","","","","","","Knight","","","","","","","","3","2"
"","","","","","","Knight","","","","","","","","3","3"
"","","","","","","Archer","","","","","","","","4","1"
"","","","","","","Archer","","","","","","","","3","2"
"","","","","","","Archer","","","","","","","","3","3"
"","","","","","","Pekka","","","","","","","","4","1"
"","","","","","","Pekka","","","","","","","","3","2"
"","","","","","","Pekka","","","","","","","","3","3"
"","","","","","","Witch","","","","","","","","4","1"
"","","","","","","Witch","","","","","","","","3","2"
"","","","","","","Witch","","","","","","","","3","3"
"","","","","","","Barbarians","","","","","","","","4","1"
"","","","","","","Barbarians","","","","","","","","3","2"
"","","","","","","Barbarians","","","","","","","","3","3"
"","","","","","","Skeletons","","","","","","","","4","1"
"","","","","","","Skeletons","","","","","","","","3","2"
"","","","","","","Skeletons","","","","","","","","3","3"
"","","","","","","Valkyrie","","","","","","","","4","1"
"","","","","","","Valkyrie","","","","","","","","3","2"
"","","","","","","Valkyrie","","","","","","","","3","3"
"","","","","","","SkeletonArmy","","","","","","","","4","1"
"","","","","","","SkeletonArmy","","","","","","","","3","2"
"","","","","","","SkeletonArmy","","","","","","","","3","3"
"","","","","","","Bomber","","","","","","","","4","1"
"","","","","","","Bomber","","","","","","","","3","2"
"","","","","","","Bomber","","","","","","","","3","3"
"","","","","","","Musketeer","","","","","","","","4","1"
"","","","","","","Musketeer","","","","","","","","3","2"
"","","","","","","Musketeer","","","","","","","","3","3"
"","","","","","","BabyDragon","","","","","","","","4","1"
"","","","","","","BabyDragon","","","","","","","","3","2"
"","","","","","","BabyDragon","","","","","","","","3","3"
"","","","","","","Wizard","","","","","","","","4","1"
"","","","","","","Wizard","","","","","","","","3","2"
"","","","","","","Wizard","","","","","","","","3","3"
"","","","","","","RoyalGiant","","","","","","","","4","1"
"","","","","","","RoyalGiant","","","","","","","","3","2"
"","","","","","","RoyalGiant","","","","","","","","3","3"
"","","","","","","IceSpirits","","","","","","","","4","1"
"","","","","","","IceSpirits","","","","","","","","3","2"
"","","","","","","IceSpirits","","","","","","","","3","3"
"","","","","","","RageBarbarian","","","","","","","","4","1"
"","","","","","","RageBarbarian","","","","","","","","3","2"
"","","","","","","RageBarbarian","","","","","","","","3","3"
"","","","","","","BattleRam","","","","","","","","4","1"
"","","","","","","BattleRam","","","","","","","","3","2"
"","","","","","","BattleRam","","","","","","","","3","3"
"","","","","","","InfernoDragon","","","","","","","","4","1"
"","","","","","","InfernoDragon","","","","","","","","3","2"
"","","","","","","InfernoDragon","","","","","","","","3","3"
"","","","","","","BlowdartGoblin","","","","","","","","4","1"
"","","","","","","BlowdartGoblin","","","","","","","","3","2"
"","","","","","","BlowdartGoblin","","","","","","","","3","3"
"","","","","","","Hunter","","","","","","","","4","1"
"","","","","","","Hunter","","","","","","","","3","2"
"","","","","","","Hunter","","","","","","","","3","3"
"","","","","","","AxeMan","","","","","","","","4","1"
"","","","","","","AxeMan","","","","","","","","3","2"
"","","","","","","AxeMan","","","","","","","","3","3"
"","","","","","","RoyalRecruits","","","","","","","","4","1"
"","","","","","","RoyalRecruits","","","","","","","","3","2"
"","","","","","","RoyalRecruits","","","","","","","","3","3"
"","","","","","","Bats","","","","","","","","4","1"
"","","","","","","Bats","","","","","","","","3","2"
"","","","","","","Bats","","","","","","","","3","3"
"","","","","","","Ghost","","","","","","","","4","1"
"","","","","","","Ghost","","","","","","","","3","2"
"","","","","","","Ghost","","","","","","","","3","3"
"","","","","","","MegaKnight","","","","","","","","4","1"
"","","","","","","MegaKnight","","","","","","","","3","2"
"","","","","","","MegaKnight","","","","","","","","3","3"
"","","","","","","SkeletonBalloon","","","","","","","","4","1"
"","","","","","","SkeletonBalloon","","","","","","","","3","2"
"","","","","","","SkeletonBalloon","","","","","","","","3","3"
"","","","","","","Wallbreakers","","","","","","","","4","1"
"","","","","","","Wallbreakers","","","","","","","","3","2"
"","","","","","","Wallbreakers","","","","","","","","3","3"
"","","","","","","RoyalHogs","","","","","","","","4","1"
"","","","","","","RoyalHogs","","","","","","","","3","2"
"","","","","","","RoyalHogs","","","","","","","","3","3"
"","","","","","","GoblinGiant","","","","","","","","4","1"
"","","","","","","GoblinGiant","","","","","","","","3","2"
"","","","","","","GoblinGiant","","","","","","","","3","3"
"","","","","","","ElectroDragon","","","","","","","","4","1"
"","","","","","","ElectroDragon","","","","","","","","3","2"
"","","","","","","ElectroDragon","","","","","","","","3","3"
"","","","","","","Firecracker","","","","","","","","4","1"
"","","","","","","Firecracker","","","","","","","","3","2"
"","","","","","","Firecracker","","","","","","","","3","3"
"","","","","","","GoblinBarrel","","","","","","","","4","1"
"","","","","","","GoblinBarrel","","","","","","","","3","2"
"","","","","","","GoblinBarrel","","","","","","","","3","3"
"","","","","","","Zap","","","","","","","","4","1"
"","","","","","","Zap","","","","","","","","3","2"
"","","","","","","Zap","","","","","","","","3","3"
"","","","","","","Snowball","","","","","","","","4","1"
"","","","","","","Snowball","","","","","","","","3","2"
"","","","","","","Snowball","","","","","","","","3","3"
"","","","","","","MinionHorde","","","","","","","","4","1"
"","","","","","","MinionHorde","","","","","","","","3","2"
"","","","","","","MinionHorde","","","","","","","","3","3"
"","","","","","","Princess","","","","","","","","4","1"
"","","","","","","Princess","","","","","","","","3","2"
"","","","","","","Princess","","","","","","","","3","3"
"","","","","","TowerSkin1035","","","","","","","","","100","1"
"","","","","","TowerSkin1036","","","","","","","","","100","1"
"","","","","","TowerSkin1038","","","","","","","","","100","1"
"","","","","","TowerSkin1040","","","","","","","","","100","1"
"","","","","","TowerSkin1045","","","","","","","","","100","1"
"","","","","","","","","","Gems","","","","","67","350"
"","","","","","","","","","Gems","","","","","53","425"
"","","","","","","","","","Gems","","","","","40","500"
"","","","","","","","","","Gems","","","","","27","575"
"","","","","","","","","","Gems","","","","","13","650"
"ChoiceChest_CL11_5Star","","","","","","","","","","Common","","","","617","2880"
"","","","","","","","","","","Common","","","","494","3240"
"","","","","","","","","","","Common","","","","370","3600"
"","","","","","","","","","","Common","","","","247","3960"
"","","","","","","","","","","Common","","","","123","4320"
"","","","","","","","","","","Rare","","","","555","576"
"","","","","","","","","","","Rare","","","","444","648"
"","","","","","","","","","","Rare","","","","334","720"
"","","","","","","","","","","Rare","","","","223","792"
"","","","","","","","","","","Rare","","","","111","864"
"","","","","","","","","","","Epic","","","","423","72"
"","","","","","","","","","","Epic","","","","338","81"
"","","","","","","","","","","Epic","","","","254","90"
"","","","","","","","","","","Epic","","","","169","99"
"","","","","","","","","","","Epic","","","","85","108"
"","","","","","","","","","","Legendary","","","","231","8"
"","","","","","","","","","","Legendary","","","","185","9"
"","","","","","","","","","","Legendary","","","","139","10"
"","","","","","","","","","","Legendary","","","","93","11"
"","","","","","","","","","","Legendary","","","","46","12"
"","","","","","","","","","","","","WildcardCommon","","379","960"
"","","","","","","","","","","","","WildcardCommon","","303","1080"
"","","","","","","","","","","","","WildcardCommon","","228","1200"
"","","","","","","","","","","","","WildcardCommon","","151","1320"
"","","","","","","","","","","","","WildcardCommon","","76","1440"
"","","","","","","","","","","","","WildcardRare","","284","240"
"","","","","","","","","","","","","WildcardRare","","227","270"
"","","","","","","","","","","","","WildcardRare","","171","300"
"","","","","","","","","","","","","WildcardRare","","113","330"
"","","","","","","","","","","","","WildcardRare","","58","360"
"","","","","","","","","","","","","WildcardEpic","","189","24"
"","","","","","","","","","","","","WildcardEpic","","152","27"
"","","","","","","","","","","","","WildcardEpic","","113","30"
"","","","","","","","","","","","","WildcardEpic","","76","33"
"","","","","","","","","","","","","WildcardEpic","","38","36"
"","","","","","","","","","","","","WildcardLegendary","","94","3"
"","","","","","","","","","","","","WildcardLegendary","","76","4"
"","","","","","","","","","","","","WildcardLegendary","","57","5"
"","","","","","","","","","","","Epic","","","19","45"
"","","","","","","","","","","","Epic","","","19","68"
"","","","","","","","","","","","Epic","","","19","90"
"","","","","","","","","","","","Epic","","","19","135"
"","","","","","","","","","","","Epic","","","19","180"
"","","","","","","","","","","","Legendary","","","10","5"
"","","","","","","","","","","","Legendary","","","10","8"
"","","","","","","","","","","","Legendary","","","10","10"
"","","","","","","","","","","","Legendary","","","10","15"
"","","","","","","","","","","","Legendary","","","10","20"
"","","","","","","Cannon","","","","","","","","9","4"
"","","","","","","Cannon","","","","","","","","7","5"
"","","","","","","Cannon","","","","","","","","6","6"
"","","","","","","Mortar","","","","","","","","9","4"
"","","","","","","Mortar","","","","","","","","7","5"
"","","","","","","Mortar","","","","","","","","6","6"
"","","","","","","Tesla","","","","","","","","9","4"
"","","","","","","Tesla","","","","","","","","7","5"
"","","","","","","Tesla","","","","","","","","6","6"
"","","","","","","FirespiritHut","","","","","","","","9","4"
"","","","","","","FirespiritHut","","","","","","","","7","5"
"","","","","","","FirespiritHut","","","","","","","","6","6"
"","","","","","","GoblinCage","","","","","","","","9","4"
"","","","","","","GoblinCage","","","","","","","","7","5"
"","","","","","","GoblinCage","","","","","","","","6","6"
"","","","","","","GoblinDrill","","","","","","","","9","4"
"","","","","","","GoblinDrill","","","","","","","","7","5"
"","","","","","","GoblinDrill","","","","","","","","6","6"
"","","","","","","Knight","","","","","","","","9","4"
"","","","","","","Knight","","","","","","","","7","5"
"","","","","","","Knight","","","","","","","","6","6"
"","","","","","","Archer","","","","","","","","9","4"
"","","","","","","Archer","","","","","","","","7","5"
"","","","","","","Archer","","","","","","","","6","6"
"","","","","","","Pekka","","","","","","","","9","4"
"","","","","","","Pekka","","","","","","","","7","5"
"","","","","","","Pekka","","","","","","","","6","6"
"","","","","","","Witch","","","","","","","","9","4"
"","","","","","","Witch","","","","","","","","7","5"
"","","","","","","Witch","","","","","","","","6","6"
"","","","","","","Barbarians","","","","","","","","9","4"
"","","","","","","Barbarians","","","","","","","","7","5"
"","","","","","","Barbarians","","","","","","","","6","6"
"","","","","","","Skeletons","","","","","","","","9","4"
"","","","","","","Skeletons","","","","","","","","7","5"
"","","","","","","Skeletons","","","","","","","","6","6"
"","","","","","","Valkyrie","","","","","","","","9","4"
"","","","","","","Valkyrie","","","","","","","","7","5"
"","","","","","","Valkyrie","","","","","","","","6","6"
"","","","","","","SkeletonArmy","","","","","","","","9","4"
"","","","","","","SkeletonArmy","","","","","","","","7","5"
"","","","","","","SkeletonArmy","","","","","","","","6","6"
"","","","","","","Bomber","","","","","","","","9","4"
"","","","","","","Bomber","","","","","","","","7","5"
"","","","","","","Bomber","","","","","","","","6","6"
"","","","","","","Musketeer","","","","","","","","9","4"
"","","","","","","Musketeer","","","","","","","","7","5"
"","","","","","","Musketeer","","","","","","","","6","6"
"","","","","","","BabyDragon","","","","","","","","9","4"
"","","","","","","BabyDragon","","","","","","","","7","5"
"","","","","","","BabyDragon","","","","","","","","6","6"
"","","","","","","Wizard","","","","","","","","9","4"
"","","","","","","Wizard","","","","","","","","7","5"
"","","","","","","Wizard","","","","","","","","6","6"
"","","","","","","RoyalGiant","","","","","","","","9","4"
"","","","","","","RoyalGiant","","","","","","","","7","5"
"","","","","","","RoyalGiant","","","","","","","","6","6"
"","","","","","","IceSpirits","","","","","","","","9","4"
"","","","","","","IceSpirits","","","","","","","","7","5"
"","","","","","","IceSpirits","","","","","","","","6","6"
"","","","","","","RageBarbarian","","","","","","","","9","4"
"","","","","","","RageBarbarian","","","","","","","","7","5"
"","","","","","","RageBarbarian","","","","","","","","6","6"
"","","","","","","BattleRam","","","","","","","","9","4"
"","","","","","","BattleRam","","","","","","","","7","5"
"","","","","","","BattleRam","","","","","","","","6","6"
"","","","","","","InfernoDragon","","","","","","","","9","4"
"","","","","","","InfernoDragon","","","","","","","","7","5"
"","","","","","","InfernoDragon","","","","","","","","6","6"
"","","","","","","BlowdartGoblin","","","","","","","","9","4"
"","","","","","","BlowdartGoblin","","","","","","","","7","5"
"","","","","","","BlowdartGoblin","","","","","","","","6","6"
"","","","","","","Hunter","","","","","","","","9","4"
"","","","","","","Hunter","","","","","","","","7","5"
"","","","","","","Hunter","","","","","","","","6","6"
"","","","","","","AxeMan","","","","","","","","9","4"
"","","","","","","AxeMan","","","","","","","","7","5"
"","","","","","","AxeMan","","","","","","","","6","6"
"","","","","","","RoyalRecruits","","","","","","","","9","4"
"","","","","","","RoyalRecruits","","","","","","","","7","5"
"","","","","","","RoyalRecruits","","","","","","","","6","6"
"","","","","","","Bats","","","","","","","","9","4"
"","","","","","","Bats","","","","","","","","7","5"
"","","","","","","Bats","","","","","","","","6","6"
"","","","","","","Ghost","","","","","","","","9","4"
"","","","","","","Ghost","","","","","","","","7","5"
"","","","","","","Ghost","","","","","","","","6","6"
"","","","","","","MegaKnight","","","","","","","","9","4"
"","","","","","","MegaKnight","","","","","","","","7","5"
"","","","","","","MegaKnight","","","","","","","","6","6"
"","","","","","","SkeletonBalloon","","","","","","","","9","4"
"","","","","","","SkeletonBalloon","","","","","","","","7","5"
"","","","","","","SkeletonBalloon","","","","","","","","6","6"
"","","","","","","Wallbreakers","","","","","","","","9","4"
"","","","","","","Wallbreakers","","","","","","","","7","5"
"","","","","","","Wallbreakers","","","","","","","","6","6"
"","","","","","","RoyalHogs","","","","","","","","9","4"
"","","","","","","RoyalHogs","","","","","","","","7","5"
"","","","","","","RoyalHogs","","","","","","","","6","6"
"","","","","","","GoblinGiant","","","","","","","","9","4"
"","","","","","","GoblinGiant","","","","","","","","7","5"
"","","","","","","GoblinGiant","","","","","","","","6","6"
"","","","","","","ElectroDragon","","","","","","","","9","4"
"","","","","","","ElectroDragon","","","","","","","","7","5"
"","","","","","","ElectroDragon","","","","","","","","6","6"
"","","","","","","Firecracker","","","","","","","","9","4"
"","","","","","","Firecracker","","","","","","","","7","5"
"","","","","","","Firecracker","","","","","","","","6","6"
"","","","","","","GoblinBarrel","","","","","","","","9","4"
"","","","","","","GoblinBarrel","","","","","","","","7","5"
"","","","","","","GoblinBarrel","","","","","","","","6","6"
"","","","","","","Zap","","","","","","","","9","4"
"","","","","","","Zap","","","","","","","","7","5"
"","","","","","","Zap","","","","","","","","6","6"
"","","","","","","Snowball","","","","","","","","9","4"
"","","","","","","Snowball","","","","","","","","7","5"
"","","","","","","Snowball","","","","","","","","6","6"
"","","","","","","MinionHorde","","","","","","","","9","4"
"","","","","","","MinionHorde","","","","","","","","7","5"
"","","","","","","MinionHorde","","","","","","","","6","6"
"","","","","","","Princess","","","","","","","","9","4"
"","","","","","","Princess","","","","","","","","7","5"
"","","","","","","Princess","","","","","","","","6","6"
"","","","","","TowerSkin1035","","","","","","","","","110","1"
"","","","","","TowerSkin1036","","","","","","","","","110","1"
"","","","","","TowerSkin1038","","","","","","","","","110","1"
"","","","","","TowerSkin1040","","","","","","","","","110","1"
"","","","","","TowerSkin1045","","","","","","","","","110","1"
"","","","","","","","","","Gems","","","","","73","700"
"","","","","","","","","","Gems","","","","","59","850"
"","","","","","","","","","Gems","","","","","44","1000"
"","","","","","","","","","Gems","","","","","29","1150"
"","","","","","","","","","Gems","","","","","15","1300"
"ChoiceChest_CL12_1Star","","","","","","","","","","Common","","","","863","11"
"","","","","","","","","","","Common","","","","690","16"
"","","","","","","","","","","Common","","","","518","22"
"","","","","","","","","","","Common","","","","345","33"
"","","","","","","","","","","Common","","","","173","44"
"","","","","","","","","","","Rare","","","","804","2"
"","","","","","","","","","","Rare","","","","643","3"
"","","","","","","","","","","Rare","","","","482","4"
"","","","","","","","","","","Rare","","","","321","6"
"","","","","","","","","","","Rare","","","","161","8"
"","","","","","","","","","Gold","","","","","1667","350"
"","","","","","","","","","Gold","","","","","1333","525"
"","","","","","","","","","Gold","","","","","1000","700"
"","","","","","","","","","Gold","","","","","667","1050"
"","","","","","","","","","Gold","","","","","333","1400"
"","","","","","","","","","Gems","","","","","68","35"
"","","","","","","","","","Gems","","","","","54","40"
"","","","","","","","","","Gems","","","","","41","50"
"","","","","","","","","","Gems","","","","","27","55"
"","","","","","","","","","Gems","","","","","14","65"
"ChoiceChest_CL12_2Star","","","","","","","","","","Common","","","","670","44"
"","","","","","","","","","","Common","","","","536","66"
"","","","","","","","","","","Common","","","","402","88"
"","","","","","","","","","","Common","","","","268","132"
"","","","","","","","","","","Common","","","","134","176"
"","","","","","","","","","","Rare","","","","624","9"
"","","","","","","","","","","Rare","","","","499","14"
"","","","","","","","","","","Rare","","","","374","18"
"","","","","","","","","","","Rare","","","","250","27"
"","","","","","","","","","","Rare","","","","125","36"
"","","","","","","","","","","Epic","","","","610","1"
"","","","","","","","","","","Epic","","","","488","2"
"","","","","","","","","","","Epic","","","","366","4"
"","","","","","","","","","","Epic","","","","244","5"
"","","","","","","","","","","Epic","","","","122","6"
"","","","","","","","","","","","Epic","","","18","1"
"","","","","","","","","","","","Epic","","","15","2"
"","","","","","","","","","","","Epic","","","11","4"
"","","","","","","","","","","","Epic","","","7","5"
"","","","","","","","","","","","Epic","","","4","6"
"","","","","","","","","","Gold","","","","","1234","1400"
"","","","","","","","","","Gold","","","","","987","2100"
"","","","","","","","","","Gold","","","","","740","2800"
"","","","","","","","","","Gold","","","","","494","4200"
"","","","","","","","","","Gold","","","","","246","5600"
"","","","Chronos651","","","","","","","","","","","3","1"
"","","","Chronos652","","","","","","","","","","","3","1"
"","","","Chronos653","","","","","","","","","","","3","1"
"","","","Chronos654","","","","","","","","","","","3","1"
"","","","Chronos655","","","","","","","","","","","3","1"
"","","","Chronos656","","","","","","","","","","","3","1"
"","","","Chronos657","","","","","","","","","","","3","1"
"","","","Chronos658","","","","","","","","","","","3","1"
"","","","Chronos659","","","","","","","","","","","3","1"
"","","","Chronos660","","","","","","","","","","","3","1"
"","","","Chronos661","","","","","","","","","","","3","1"
"","","","Chronos662","","","","","","","","","","","3","1"
"","","","Chronos663","","","","","","","","","","","3","1"
"","","","Chronos664","","","","","","","","","","","3","1"
"","","","Chronos667","","","","","","","","","","","3","1"
"","","","Chronos668","","","","","","","","","","","3","1"
"","","","Chronos669","","","","","","","","","","","3","1"
"","","","Chronos670","","","","","","","","","","","3","1"
"","","","Chronos671","","","","","","","","","","","3","1"
"","","","Chronos672","","","","","","","","","","","3","1"
"","","","Chronos673","","","","","","","","","","","3","1"
"","","","Chronos674","","","","","","","","","","","3","1"
"","","","Chronos675","","","","","","","","","","","3","1"
"","","","Chronos676","","","","","","","","","","","3","1"
"","","","Chronos677","","","","","","","","","","","3","1"
"","","","Chronos678","","","","","","","","","","","3","1"
"","","","Chronos681","","","","","","","","","","","3","1"
"","","","Chronos682","","","","","","","","","","","3","1"
"","","","Chronos683","","","","","","","","","","","3","1"
"","","","Chronos684","","","","","","","","","","","3","1"
"","","","Chronos685","","","","","","","","","","","3","1"
"","","","Chronos686","","","","","","","","","","","3","1"
"","","","Chronos687","","","","","","","","","","","3","1"
"","","","Chronos688","","","","","","","","","","","3","1"
"","","","Chronos689","","","","","","","","","","","3","1"
"","","","Chronos690","","","","","","","","","","","3","1"
"","","","Chronos691","","","","","","","","","","","3","1"
"","","","Chronos692","","","","","","","","","","","3","1"
"","","","Chronos695","","","","","","","","","","","3","1"
"","","","Chronos696","","","","","","","","","","","3","1"
"","","","Chronos697","","","","","","","","","","","3","1"
"","","","Chronos698","","","","","","","","","","","3","1"
"","","","Chronos699","","","","","","","","","","","3","1"
"","","","Chronos700","","","","","","","","","","","3","1"
"","","","Chronos701","","","","","","","","","","","3","1"
"","","","Chronos702","","","","","","","","","","","3","1"
"","","","Chronos703","","","","","","","","","","","3","1"
"","","","Chronos704","","","","","","","","","","","3","1"
"","","","Chronos705","","","","","","","","","","","3","1"
"","","","Chronos706","","","","","","","","","","","3","1"
"","","","Chronos707","","","","","","","","","","","3","1"
"","","","Chronos708","","","","","","","","","","","3","1"
"","","","Chronos713","","","","","","","","","","","3","1"
"","","","Chronos714","","","","","","","","","","","3","1"
"","","","Chronos719","","","","","","","","","","","3","1"
"","","","Chronos720","","","","","","","","","","","3","1"
"","","","Chronos721","","","","","","","","","","","3","1"
"","","","Chronos722","","","","","","","","","","","3","1"
"","","","Chronos731","","","","","","","","","","","3","1"
"","","","Chronos732","","","","","","","","","","","3","1"
"","","","Chronos737","","","","","","","","","","","3","1"
"","","","Chronos738","","","","","","","","","","","3","1"
"","","","Chronos747","","","","","","","","","","","3","1"
"","","","Chronos748","","","","","","","","","","","3","1"
"","","","Chronos749","","","","","","","","","","","3","1"
"","","","Chronos750","","","","","","","","","","","3","1"
"","","","Chronos751","","","","","","","","","","","3","1"
"","","","Chronos752","","","","","","","","","","","3","1"
"","","","Chronos757","","","","","","","","","","","3","1"
"","","","Chronos758","","","","","","","","","","","3","1"
"","","","Chronos765","","","","","","","","","","","3","1"
"","","","Chronos766","","","","","","","","","","","3","1"
"","","","Chronos767","","","","","","","","","","","3","1"
"","","","Chronos768","","","","","","","","","","","3","1"
"","","","Chronos777","","","","","","","","","","","3","1"
"","","","Chronos778","","","","","","","","","","","3","1"
"","","","Chronos779","","","","","","","","","","","3","1"
"","","","Chronos780","","","","","","","","","","","3","1"
"","","","Chronos781","","","","","","","","","","","3","1"
"","","","Chronos782","","","","","","","","","","","3","1"
"","","","Chronos789","","","","","","","","","","","3","1"
"","","","Chronos790","","","","","","","","","","","3","1"
"","","","Chronos793","","","","","","","","","","","3","1"
"","","","Chronos794","","","","","","","","","","","3","1"
"","","","Chronos797","","","","","","","","","","","3","1"
"","","","Chronos798","","","","","","","","","","","3","1"
"","","","Chronos803","","","","","","","","","","","3","1"
"","","","Chronos804","","","","","","","","","","","3","1"
"","","","Chronos807","","","","","","","","","","","3","1"
"","","","Chronos808","","","","","","","","","","","3","1"
"","","","Chronos809","","","","","","","","","","","3","1"
"","","","Chronos810","","","","","","","","","","","3","1"
"","","","Chronos811","","","","","","","","","","","3","1"
"","","","Chronos812","","","","","","","","","","","3","1"
"","","","Chronos813","","","","","","","","","","","3","1"
"","","","Chronos814","","","","","","","","","","","3","1"
"","","","Chronos815","","","","","","","","","","","3","1"
"","","","Chronos816","","","","","","","","","","","3","1"
"","","","Chronos817","","","","","","","","","","","3","1"
"","","","Chronos818","","","","","","","","","","","3","1"
"","","","Chronos819","","","","","","","","","","","3","1"
"","","","Chronos820","","","","","","","","","","","3","1"
"","","","Chronos823","","","","","","","","","","","3","1"
"","","","Chronos824","","","","","","","","","","","3","1"
"","","","Chronos825","","","","","","","","","","","3","1"
"","","","Chronos826","","","","","","","","","","","3","1"
"","","","Chronos827","","","","","","","","","","","3","1"
"","","","Chronos828","","","","","","","","","","","3","1"
"","","","Chronos829","","","","","","","","","","","3","1"
"","","","Chronos830","","","","","","","","","","","3","1"
"","","","Chronos833","","","","","","","","","","","3","1"
"","","","Chronos834","","","","","","","","","","","3","1"
"","","","Chronos835","","","","","","","","","","","3","1"
"","","","Chronos836","","","","","","","","","","","3","1"
"","","","Chronos837","","","","","","","","","","","3","1"
"","","","Chronos838","","","","","","","","","","","3","1"
"","","","Chronos839","","","","","","","","","","","3","1"
"","","","Chronos840","","","","","","","","","","","3","1"
"","","","Chronos841","","","","","","","","","","","3","1"
"","","","Chronos842","","","","","","","","","","","3","1"
"","","","Chronos845","","","","","","","","","","","3","1"
"","","","Chronos846","","","","","","","","","","","3","1"
"","","","Chronos849","","","","","","","","","","","3","1"
"","","","Chronos850","","","","","","","","","","","3","1"
"","","","Chronos851","","","","","","","","","","","3","1"
"","","","Chronos852","","","","","","","","","","","3","1"
"","","","Chronos855","","","","","","","","","","","3","1"
"","","","Chronos856","","","","","","","","","","","3","1"
"","","","Chronos857","","","","","","","","","","","3","1"
"","","","Chronos858","","","","","","","","","","","3","1"
"","","","Chronos859","","","","","","","","","","","3","1"
"","","","Chronos860","","","","","","","","","","","3","1"
"","","","Chronos863","","","","","","","","","","","3","1"
"","","","Chronos864","","","","","","","","","","","3","1"
"","","","Chronos869","","","","","","","","","","","3","1"
"","","","Chronos870","","","","","","","","","","","3","1"
"","","","Chronos873","","","","","","","","","","","3","1"
"","","","Chronos874","","","","","","","","","","","3","1"
"","","","Chronos877","","","","","","","","","","","3","1"
"","","","Chronos878","","","","","","","","","","","3","1"
"","","","Chronos879","","","","","","","","","","","3","1"
"","","","Chronos880","","","","","","","","","","","3","1"
"","","","Chronos883","","","","","","","","","","","3","1"
"","","","Chronos884","","","","","","","","","","","3","1"
"","","","Chronos887","","","","","","","","","","","3","1"
"","","","Chronos888","","","","","","","","","","","3","1"
"","","","Chronos889","","","","","","","","","","","3","1"
"","","","Chronos890","","","","","","","","","","","3","1"
"","","","Chronos895","","","","","","","","","","","3","1"
"","","","Chronos896","","","","","","","","","","","3","1"
"","","","Chronos897","","","","","","","","","","","3","1"
"","","","Chronos898","","","","","","","","","","","3","1"
"","","","Chronos899","","","","","","","","","","","3","1"
"","","","Chronos900","","","","","","","","","","","3","1"
"","","","Chronos901","","","","","","","","","","","3","1"
"","","","Chronos902","","","","","","","","","","","3","1"
"","","","Chronos907","","","","","","","","","","","3","1"
"","","","Chronos908","","","","","","","","","","","3","1"
"","","","Chronos909","","","","","","","","","","","3","1"
"","","","Chronos910","","","","","","","","","","","3","1"
"","","","Chronos911","","","","","","","","","","","3","1"
"","","","Chronos912","","","","","","","","","","","3","1"
"","","","Chronos913","","","","","","","","","","","3","1"
"","","","Chronos914","","","","","","","","","","","3","1"
"","","","Chronos915","","","","","","","","","","","3","1"
"","","","Chronos916","","","","","","","","","","","3","1"
"","","","Chronos917","","","","","","","","","","","3","1"
"","","","Chronos918","","","","","","","","","","","3","1"
"","","","Chronos921","","","","","","","","","","","3","1"
"","","","Chronos922","","","","","","","","","","","3","1"
"","","","Chronos923","","","","","","","","","","","3","1"
"","","","Chronos924","","","","","","","","","","","3","1"
"","","","Chronos925","","","","","","","","","","","3","1"
"","","","Chronos926","","","","","","","","","","","3","1"
"","","","Chronos929","","","","","","","","","","","3","1"
"","","","Chronos930","","","","","","","","","","","3","1"
"","","","Chronos931","","","","","","","","","","","3","1"
"","","","Chronos932","","","","","","","","","","","3","1"
"","","","Chronos933","","","","","","","","","","","3","1"
"","","","Chronos934","","","","","","","","","","","3","1"
"","","","Chronos937","","","","","","","","","","","3","1"
"","","","Chronos938","","","","","","","","","","","3","1"
"","","","","","","","","","Gems","","","","","68","70"
"","","","","","","","","","Gems","","","","","54","85"
"","","","","","","","","","Gems","","","","","41","100"
"","","","","","","","","","Gems","","","","","27","115"
"","","","","","","","","","Gems","","","","","14","130"
"ChoiceChest_CL12_3Star","","","","","","","","","","Common","","","","647","175"
"","","","","","","","","","","Common","","","","518","262"
"","","","","","","","","","","Common","","","","388","350"
"","","","","","","","","","","Common","","","","259","525"
"","","","","","","","","","","Common","","","","129","700"
"","","","","","","","","","","Rare","","","","603","35"
"","","","","","","","","","","Rare","","","","482","52"
"","","","","","","","","","","Rare","","","","362","70"
"","","","","","","","","","","Rare","","","","241","105"
"","","","","","","","","","","Rare","","","","121","140"
"","","","","","","","","","","Epic","","","","589","4"
"","","","","","","","","","","Epic","","","","471","7"
"","","","","","","","","","","Epic","","","","354","9"
"","","","","","","","","","","Epic","","","","236","14"
"","","","","","","","","","","Epic","","","","118","18"
"","","","","","","","","","","Legendary","","","","547","1"
"","","","","","","","","","","Legendary","","","","438","2"
"","","","","","","","","","","Champion","","","","44","1"
"","","","","","","","","","","Champion","","","","36","2"
"","","","","","","","","","","","Epic","","","48","4"
"","","","","","","","","","","","Epic","","","48","7"
"","","","","","","","","","","","Epic","","","48","9"
"","","","","","","","","","","","Epic","","","48","14"
"","","","","","","","","","","","Epic","","","48","18"
"","","","","","","","","","","","Legendary","","","11","1"
"","","","","","","","","","","","Legendary","","","11","2"
"","","","","","","","","","Gold","","","","","919","5600"
"","","","","","","","","","Gold","","","","","735","8400"
"","","","","","","","","","Gold","","","","","551","11200"
"","","","","","","","","","Gold","","","","","368","16800"
"","","","","","","","","","Gold","","","","","183","22400"
"","","","","EmoteChronos232","","","","","","","","","","12","1"
"","","","","EmoteChronos234","","","","","","","","","","12","1"
"","","","","EmoteChronos235","","","","","","","","","","12","1"
"","","","","EmoteChronos241","","","","","","","","","","12","1"
"","","","","EmoteChronos242","","","","","","","","","","12","1"
"","","","","EmoteChronos247","","","","","","","","","","12","1"
"","","","","EmoteChronos251","","","","","","","","","","12","1"
"","","","","EmoteChronos253","","","","","","","","","","12","1"
"","","","","EmoteChronos255","","","","","","","","","","12","1"
"","","","","EmoteChronos256","","","","","","","","","","12","1"
"","","","","EmoteChronos257","","","","","","","","","","12","1"
"","","","","EmoteChronos259","","","","","","","","","","12","1"
"","","","","EmoteChronos265","","","","","","","","","","12","1"
"","","","","EmoteChronos267","","","","","","","","","","12","1"
"","","","","EmoteChronos270","","","","","","","","","","12","1"
"","","","","EmoteChronos271","","","","","","","","","","12","1"
"","","","","EmoteChronos274","","","","","","","","","","12","1"
"","","","","EmoteChronos277","","","","","","","","","","12","1"
"","","","","EmoteChronos278","","","","","","","","","","12","1"
"","","","","EmoteChronos279","","","","","","","","","","12","1"
"","","","","EmoteChronos280","","","","","","","","","","12","1"
"","","","","EmoteChronos283","","","","","","","","","","12","1"
"","","","","EmoteChronos286","","","","","","","","","","12","1"
"","","","","EmoteChronos291","","","","","","","","","","12","1"
"","","","","EmoteChronos293","","","","","","","","","","12","1"
"","","","","EmoteChronos295","","","","","","","","","","12","1"
"","","","","EmoteChronos297","","","","","","","","","","12","1"
"","","","","EmoteChronos303","","","","","","","","","","12","1"
"","","","","EmoteChronos304","","","","","","","","","","12","1"
"","","","","EmoteChronos305","","","","","","","","","","12","1"
"","","","","EmoteChronos307","","","","","","","","","","12","1"
"","","","","EmoteChronos313","","","","","","","","","","12","1"
"","","","","EmoteChronos315","","","","","","","","","","12","1"
"","","","","EmoteChronos318","","","","","","","","","","12","1"
"","","","","EmoteChronos321","","","","","","","","","","12","1"
"","","","","EmoteChronos323","","","","","","","","","","12","1"
"","","","","EmoteChronos332","","","","","","","","","","12","1"
"","","","","EmoteChronos333","","","","","","","","","","12","1"
"","","","","EmoteChronos336","","","","","","","","","","12","1"
"","","","","EmoteChronos338","","","","","","","","","","12","1"
"","","","","EmoteChronos341","","","","","","","","","","12","1"
"","","","","EmoteChronos343","","","","","","","","","","12","1"
"","","","","EmoteChronos346","","","","","","","","","","12","1"
"","","","","","","","","","Gems","","","","","68","175"
"","","","","","","","","","Gems","","","","","54","210"
"","","","","","","","","","Gems","","","","","41","250"
"","","","","","","","","","Gems","","","","","27","290"
"","","","","","","","","","Gems","","","","","14","325"
"ChoiceChest_CL12_4Star","","","","","","","","","","Common","","","","537","700"
"","","","","","","","","","","Common","","","","430","1050"
"","","","","","","","","","","Common","","","","322","1400"
"","","","","","","","","","","Common","","","","215","2100"
"","","","","","","","","","","Common","","","","107","2800"
"","","","","","","","","","","Rare","","","","500","140"
"","","","","","","","","","","Rare","","","","401","210"
"","","","","","","","","","","Rare","","","","300","280"
"","","","","","","","","","","Rare","","","","200","420"
"","","","","","","","","","","Rare","","","","100","560"
"","","","","","","","","","","Epic","","","","490","18"
"","","","","","","","","","","Epic","","","","391","26"
"","","","","","","","","","","Epic","","","","294","35"
"","","","","","","","","","","Epic","","","","196","52"
"","","","","","","","","","","Epic","","","","98","70"
"","","","","","","","","","","Legendary","","","","273","2"
"","","","","","","","","","","Legendary","","","","218","3"
"","","","","","","","","","","Legendary","","","","164","4"
"","","","","","","","","","","Legendary","","","","109","6"
"","","","","","","","","","","Legendary","","","","55","8"
"","","","","","","","","","","Champion","","","","22","2"
"","","","","","","","","","","Champion","","","","18","3"
"","","","","","","","","","","Champion","","","","13","4"
"","","","","","","","","","","Champion","","","","9","5"
"","","","","","","","","","","Champion","","","","5","6"
"","","","","","","","","","","","","WildcardCommon","","374","232"
"","","","","","","","","","","","","WildcardCommon","","299","349"
"","","","","","","","","","","","","WildcardCommon","","225","465"
"","","","","","","","","","","","","WildcardCommon","","149","698"
"","","","","","","","","","","","","WildcardCommon","","74","930"
"","","","","","","","","","","","","WildcardRare","","299","46"
"","","","","","","","","","","","","WildcardRare","","239","70"
"","","","","","","","","","","","","WildcardRare","","179","93"
"","","","","","","","","","","","","WildcardRare","","120","140"
"","","","","","","","","","","","","WildcardRare","","59","186"
"","","","","","","","","","","","","WildcardEpic","","224","6"
"","","","","","","","","","","","","WildcardEpic","","179","9"
"","","","","","","","","","","","","WildcardEpic","","135","12"
"","","","","","","","","","","","","WildcardEpic","","89","18"
"","","","","","","","","","","","","WildcardEpic","","46","24"
"","","","","","","","","","","","","WildcardLegendary","","249","1"
"","","","","","","","","","","","","WildcardLegendary","","200","2"
"","","","","","","","","","","","","WildcardChampion","","36","1"
"","","","","","","","","","","","","WildcardChampion","","29","2"
"","","","","","","","","","","","Epic","","","16","18"
"","","","","","","","","","","","Epic","","","16","26"
"","","","","","","","","","","","Epic","","","16","35"
"","","","","","","","","","","","Epic","","","16","52"
"","","","","","","","","","","","Epic","","","16","70"
"","","","","","","","","","","","Legendary","","","9","2"
"","","","","","","","","","","","Legendary","","","9","3"
"","","","","","","","","","","","Legendary","","","9","4"
"","","","","","","","","","","","Legendary","","","9","6"
"","","","","","","","","","","","Legendary","","","9","8"
"","","","","","","Cannon","","","","","","","","4","1"
"","","","","","","Cannon","","","","","","","","3","2"
"","","","","","","Cannon","","","","","","","","3","3"
"","","","","","","Mortar","","","","","","","","4","1"
"","","","","","","Mortar","","","","","","","","3","2"
"","","","","","","Mortar","","","","","","","","3","3"
"","","","","","","Tesla","","","","","","","","4","1"
"","","","","","","Tesla","","","","","","","","3","2"
"","","","","","","Tesla","","","","","","","","3","3"
"","","","","","","FirespiritHut","","","","","","","","4","1"
"","","","","","","FirespiritHut","","","","","","","","3","2"
"","","","","","","FirespiritHut","","","","","","","","3","3"
"","","","","","","GoblinCage","","","","","","","","4","1"
"","","","","","","GoblinCage","","","","","","","","3","2"
"","","","","","","GoblinCage","","","","","","","","3","3"
"","","","","","","GoblinDrill","","","","","","","","4","1"
"","","","","","","GoblinDrill","","","","","","","","3","2"
"","","","","","","GoblinDrill","","","","","","","","3","3"
"","","","","","","Knight","","","","","","","","4","1"
"","","","","","","Knight","","","","","","","","3","2"
"","","","","","","Knight","","","","","","","","3","3"
"","","","","","","Archer","","","","","","","","4","1"
"","","","","","","Archer","","","","","","","","3","2"
"","","","","","","Archer","","","","","","","","3","3"
"","","","","","","Pekka","","","","","","","","4","1"
"","","","","","","Pekka","","","","","","","","3","2"
"","","","","","","Pekka","","","","","","","","3","3"
"","","","","","","Witch","","","","","","","","4","1"
"","","","","","","Witch","","","","","","","","3","2"
"","","","","","","Witch","","","","","","","","3","3"
"","","","","","","Barbarians","","","","","","","","4","1"
"","","","","","","Barbarians","","","","","","","","3","2"
"","","","","","","Barbarians","","","","","","","","3","3"
"","","","","","","Skeletons","","","","","","","","4","1"
"","","","","","","Skeletons","","","","","","","","3","2"
"","","","","","","Skeletons","","","","","","","","3","3"
"","","","","","","Valkyrie","","","","","","","","4","1"
"","","","","","","Valkyrie","","","","","","","","3","2"
"","","","","","","Valkyrie","","","","","","","","3","3"
"","","","","","","SkeletonArmy","","","","","","","","4","1"
"","","","","","","SkeletonArmy","","","","","","","","3","2"
"","","","","","","SkeletonArmy","","","","","","","","3","3"
"","","","","","","Bomber","","","","","","","","4","1"
"","","","","","","Bomber","","","","","","","","3","2"
"","","","","","","Bomber","","","","","","","","3","3"
"","","","","","","Musketeer","","","","","","","","4","1"
"","","","","","","Musketeer","","","","","","","","3","2"
"","","","","","","Musketeer","","","","","","","","3","3"
"","","","","","","BabyDragon","","","","","","","","4","1"
"","","","","","","BabyDragon","","","","","","","","3","2"
"","","","","","","BabyDragon","","","","","","","","3","3"
"","","","","","","Wizard","","","","","","","","4","1"
"","","","","","","Wizard","","","","","","","","3","2"
"","","","","","","Wizard","","","","","","","","3","3"
"","","","","","","RoyalGiant","","","","","","","","4","1"
"","","","","","","RoyalGiant","","","","","","","","3","2"
"","","","","","","RoyalGiant","","","","","","","","3","3"
"","","","","","","IceSpirits","","","","","","","","4","1"
"","","","","","","IceSpirits","","","","","","","","3","2"
"","","","","","","IceSpirits","","","","","","","","3","3"
"","","","","","","RageBarbarian","","","","","","","","4","1"
"","","","","","","RageBarbarian","","","","","","","","3","2"
"","","","","","","RageBarbarian","","","","","","","","3","3"
"","","","","","","BattleRam","","","","","","","","4","1"
"","","","","","","BattleRam","","","","","","","","3","2"
"","","","","","","BattleRam","","","","","","","","3","3"
"","","","","","","InfernoDragon","","","","","","","","4","1"
"","","","","","","InfernoDragon","","","","","","","","3","2"
"","","","","","","InfernoDragon","","","","","","","","3","3"
"","","","","","","BlowdartGoblin","","","","","","","","4","1"
"","","","","","","BlowdartGoblin","","","","","","","","3","2"
"","","","","","","BlowdartGoblin","","","","","","","","3","3"
"","","","","","","Hunter","","","","","","","","4","1"
"","","","","","","Hunter","","","","","","","","3","2"
"","","","","","","Hunter","","","","","","","","3","3"
"","","","","","","AxeMan","","","","","","","","4","1"
"","","","","","","AxeMan","","","","","","","","3","2"
"","","","","","","AxeMan","","","","","","","","3","3"
"","","","","","","RoyalRecruits","","","","","","","","4","1"
"","","","","","","RoyalRecruits","","","","","","","","3","2"
"","","","","","","RoyalRecruits","","","","","","","","3","3"
"","","","","","","Bats","","","","","","","","4","1"
"","","","","","","Bats","","","","","","","","3","2"
"","","","","","","Bats","","","","","","","","3","3"
"","","","","","","Ghost","","","","","","","","4","1"
"","","","","","","Ghost","","","","","","","","3","2"
"","","","","","","Ghost","","","","","","","","3","3"
"","","","","","","MegaKnight","","","","","","","","4","1"
"","","","","","","MegaKnight","","","","","","","","3","2"
"","","","","","","MegaKnight","","","","","","","","3","3"
"","","","","","","SkeletonBalloon","","","","","","","","4","1"
"","","","","","","SkeletonBalloon","","","","","","","","3","2"
"","","","","","","SkeletonBalloon","","","","","","","","3","3"
"","","","","","","Wallbreakers","","","","","","","","4","1"
"","","","","","","Wallbreakers","","","","","","","","3","2"
"","","","","","","Wallbreakers","","","","","","","","3","3"
"","","","","","","RoyalHogs","","","","","","","","4","1"
"","","","","","","RoyalHogs","","","","","","","","3","2"
"","","","","","","RoyalHogs","","","","","","","","3","3"
"","","","","","","GoblinGiant","","","","","","","","4","1"
"","","","","","","GoblinGiant","","","","","","","","3","2"
"","","","","","","GoblinGiant","","","","","","","","3","3"
"","","","","","","ElectroDragon","","","","","","","","4","1"
"","","","","","","ElectroDragon","","","","","","","","3","2"
"","","","","","","ElectroDragon","","","","","","","","3","3"
"","","","","","","Firecracker","","","","","","","","4","1"
"","","","","","","Firecracker","","","","","","","","3","2"
"","","","","","","Firecracker","","","","","","","","3","3"
"","","","","","","GoblinBarrel","","","","","","","","4","1"
"","","","","","","GoblinBarrel","","","","","","","","3","2"
"","","","","","","GoblinBarrel","","","","","","","","3","3"
"","","","","","","Zap","","","","","","","","4","1"
"","","","","","","Zap","","","","","","","","3","2"
"","","","","","","Zap","","","","","","","","3","3"
"","","","","","","Snowball","","","","","","","","4","1"
"","","","","","","Snowball","","","","","","","","3","2"
"","","","","","","Snowball","","","","","","","","3","3"
"","","","","","","MinionHorde","","","","","","","","4","1"
"","","","","","","MinionHorde","","","","","","","","3","2"
"","","","","","","MinionHorde","","","","","","","","3","3"
"","","","","","","Princess","","","","","","","","4","1"
"","","","","","","Princess","","","","","","","","3","2"
"","","","","","","Princess","","","","","","","","3","3"
"","","","","","TowerSkin1035","","","","","","","","","101","1"
"","","","","","TowerSkin1036","","","","","","","","","101","1"
"","","","","","TowerSkin1038","","","","","","","","","101","1"
"","","","","","TowerSkin1040","","","","","","","","","101","1"
"","","","","","TowerSkin1045","","","","","","","","","101","1"
"","","","","","","","","","Gems","","","","","67","350"
"","","","","","","","","","Gems","","","","","54","425"
"","","","","","","","","","Gems","","","","","40","500"
"","","","","","","","","","Gems","","","","","27","575"
"","","","","","","","","","Gems","","","","","13","650"
"ChoiceChest_CL12_5Star","","","","","","","","","","Common","","","","520","3360"
"","","","","","","","","","","Common","","","","415","3780"
"","","","","","","","","","","Common","","","","312","4200"
"","","","","","","","","","","Common","","","","208","4620"
"","","","","","","","","","","Common","","","","104","5040"
"","","","","","","","","","","Rare","","","","484","672"
"","","","","","","","","","","Rare","","","","387","756"
"","","","","","","","","","","Rare","","","","290","840"
"","","","","","","","","","","Rare","","","","194","924"
"","","","","","","","","","","Rare","","","","97","1008"
"","","","","","","","","","","Epic","","","","473","84"
"","","","","","","","","","","Epic","","","","379","94"
"","","","","","","","","","","Epic","","","","284","105"
"","","","","","","","","","","Epic","","","","189","116"
"","","","","","","","","","","Epic","","","","95","126"
"","","","","","","","","","","Legendary","","","","263","9"
"","","","","","","","","","","Legendary","","","","210","10"
"","","","","","","","","","","Legendary","","","","158","11"
"","","","","","","","","","","Legendary","","","","105","12"
"","","","","","","","","","","Legendary","","","","53","13"
"","","","","","","","","","","Champion","","","","22","6"
"","","","","","","","","","","Champion","","","","17","7"
"","","","","","","","","","","Champion","","","","13","8"
"","","","","","","","","","","Champion","","","","8","9"
"","","","","","","","","","","Champion","","","","5","10"
"","","","","","","","","","","","","WildcardCommon","","345","1200"
"","","","","","","","","","","","","WildcardCommon","","275","1350"
"","","","","","","","","","","","","WildcardCommon","","207","1500"
"","","","","","","","","","","","","WildcardCommon","","138","1650"
"","","","","","","","","","","","","WildcardCommon","","69","1800"
"","","","","","","","","","","","","WildcardRare","","276","320"
"","","","","","","","","","","","","WildcardRare","","220","360"
"","","","","","","","","","","","","WildcardRare","","165","400"
"","","","","","","","","","","","","WildcardRare","","111","440"
"","","","","","","","","","","","","WildcardRare","","55","480"
"","","","","","","","","","","","","WildcardEpic","","207","40"
"","","","","","","","","","","","","WildcardEpic","","165","45"
"","","","","","","","","","","","","WildcardEpic","","124","50"
"","","","","","","","","","","","","WildcardEpic","","83","55"
"","","","","","","","","","","","","WildcardEpic","","41","60"
"","","","","","","","","","","","","WildcardLegendary","","137","5"
"","","","","","","","","","","","","WildcardLegendary","","110","6"
"","","","","","","","","","","","","WildcardLegendary","","82","7"
"","","","","","","","","","","","","WildcardChampion","","20","3"
"","","","","","","","","","","","","WildcardChampion","","16","4"
"","","","","","","","","","","","","WildcardChampion","","12","5"
"","","","","","","","","","","","Epic","","","16","52"
"","","","","","","","","","","","Epic","","","16","79"
"","","","","","","","","","","","Epic","","","16","105"
"","","","","","","","","","","","Epic","","","16","158"
"","","","","","","","","","","","Epic","","","16","210"
"","","","","","","","","","","","Legendary","","","8","6"
"","","","","","","","","","","","Legendary","","","8","8"
"","","","","","","","","","","","Legendary","","","8","11"
"","","","","","","","","","","","Legendary","","","8","16"
"","","","","","","","","","","","Legendary","","","8","22"
"","","","","","","Cannon","","","","","","","","9","4"
"","","","","","","Cannon","","","","","","","","7","5"
"","","","","","","Cannon","","","","","","","","6","6"
"","","","","","","Mortar","","","","","","","","9","4"
"","","","","","","Mortar","","","","","","","","7","5"
"","","","","","","Mortar","","","","","","","","6","6"
"","","","","","","Tesla","","","","","","","","9","4"
"","","","","","","Tesla","","","","","","","","7","5"
"","","","","","","Tesla","","","","","","","","6","6"
"","","","","","","FirespiritHut","","","","","","","","9","4"
"","","","","","","FirespiritHut","","","","","","","","7","5"
"","","","","","","FirespiritHut","","","","","","","","6","6"
"","","","","","","GoblinCage","","","","","","","","9","4"
"","","","","","","GoblinCage","","","","","","","","7","5"
"","","","","","","GoblinCage","","","","","","","","6","6"
"","","","","","","GoblinDrill","","","","","","","","9","4"
"","","","","","","GoblinDrill","","","","","","","","7","5"
"","","","","","","GoblinDrill","","","","","","","","6","6"
"","","","","","","Knight","","","","","","","","9","4"
"","","","","","","Knight","","","","","","","","7","5"
"","","","","","","Knight","","","","","","","","6","6"
"","","","","","","Archer","","","","","","","","9","4"
"","","","","","","Archer","","","","","","","","7","5"
"","","","","","","Archer","","","","","","","","6","6"
"","","","","","","Pekka","","","","","","","","9","4"
"","","","","","","Pekka","","","","","","","","7","5"
"","","","","","","Pekka","","","","","","","","6","6"
"","","","","","","Witch","","","","","","","","9","4"
"","","","","","","Witch","","","","","","","","7","5"
"","","","","","","Witch","","","","","","","","6","6"
"","","","","","","Barbarians","","","","","","","","9","4"
"","","","","","","Barbarians","","","","","","","","7","5"
"","","","","","","Barbarians","","","","","","","","6","6"
"","","","","","","Skeletons","","","","","","","","9","4"
"","","","","","","Skeletons","","","","","","","","7","5"
"","","","","","","Skeletons","","","","","","","","6","6"
"","","","","","","Valkyrie","","","","","","","","9","4"
"","","","","","","Valkyrie","","","","","","","","7","5"
"","","","","","","Valkyrie","","","","","","","","6","6"
"","","","","","","SkeletonArmy","","","","","","","","9","4"
"","","","","","","SkeletonArmy","","","","","","","","7","5"
"","","","","","","SkeletonArmy","","","","","","","","6","6"
"","","","","","","Bomber","","","","","","","","9","4"
"","","","","","","Bomber","","","","","","","","7","5"
"","","","","","","Bomber","","","","","","","","6","6"
"","","","","","","Musketeer","","","","","","","","9","4"
"","","","","","","Musketeer","","","","","","","","7","5"
"","","","","","","Musketeer","","","","","","","","6","6"
"","","","","","","BabyDragon","","","","","","","","9","4"
"","","","","","","BabyDragon","","","","","","","","7","5"
"","","","","","","BabyDragon","","","","","","","","6","6"
"","","","","","","Wizard","","","","","","","","9","4"
"","","","","","","Wizard","","","","","","","","7","5"
"","","","","","","Wizard","","","","","","","","6","6"
"","","","","","","RoyalGiant","","","","","","","","9","4"
"","","","","","","RoyalGiant","","","","","","","","7","5"
"","","","","","","RoyalGiant","","","","","","","","6","6"
"","","","","","","IceSpirits","","","","","","","","9","4"
"","","","","","","IceSpirits","","","","","","","","7","5"
"","","","","","","IceSpirits","","","","","","","","6","6"
"","","","","","","RageBarbarian","","","","","","","","9","4"
"","","","","","","RageBarbarian","","","","","","","","7","5"
"","","","","","","RageBarbarian","","","","","","","","6","6"
"","","","","","","BattleRam","","","","","","","","9","4"
"","","","","","","BattleRam","","","","","","","","7","5"
"","","","","","","BattleRam","","","","","","","","6","6"
"","","","","","","InfernoDragon","","","","","","","","9","4"
"","","","","","","InfernoDragon","","","","","","","","7","5"
"","","","","","","InfernoDragon","","","","","","","","6","6"
"","","","","","","BlowdartGoblin","","","","","","","","9","4"
"","","","","","","BlowdartGoblin","","","","","","","","7","5"
"","","","","","","BlowdartGoblin","","","","","","","","6","6"
"","","","","","","Hunter","","","","","","","","9","4"
"","","","","","","Hunter","","","","","","","","7","5"
"","","","","","","Hunter","","","","","","","","6","6"
"","","","","","","AxeMan","","","","","","","","9","4"
"","","","","","","AxeMan","","","","","","","","7","5"
"","","","","","","AxeMan","","","","","","","","6","6"
"","","","","","","RoyalRecruits","","","","","","","","9","4"
"","","","","","","RoyalRecruits","","","","","","","","7","5"
"","","","","","","RoyalRecruits","","","","","","","","6","6"
"","","","","","","Bats","","","","","","","","9","4"
"","","","","","","Bats","","","","","","","","7","5"
"","","","","","","Bats","","","","","","","","6","6"
"","","","","","","Ghost","","","","","","","","9","4"
"","","","","","","Ghost","","","","","","","","7","5"
"","","","","","","Ghost","","","","","","","","6","6"
"","","","","","","MegaKnight","","","","","","","","9","4"
"","","","","","","MegaKnight","","","","","","","","7","5"
"","","","","","","MegaKnight","","","","","","","","6","6"
"","","","","","","SkeletonBalloon","","","","","","","","9","4"
"","","","","","","SkeletonBalloon","","","","","","","","7","5"
"","","","","","","SkeletonBalloon","","","","","","","","6","6"
"","","","","","","Wallbreakers","","","","","","","","9","4"
"","","","","","","Wallbreakers","","","","","","","","7","5"
"","","","","","","Wallbreakers","","","","","","","","6","6"
"","","","","","","RoyalHogs","","","","","","","","9","4"
"","","","","","","RoyalHogs","","","","","","","","7","5"
"","","","","","","RoyalHogs","","","","","","","","6","6"
"","","","","","","GoblinGiant","","","","","","","","9","4"
"","","","","","","GoblinGiant","","","","","","","","7","5"
"","","","","","","GoblinGiant","","","","","","","","6","6"
"","","","","","","ElectroDragon","","","","","","","","9","4"
"","","","","","","ElectroDragon","","","","","","","","7","5"
"","","","","","","ElectroDragon","","","","","","","","6","6"
"","","","","","","Firecracker","","","","","","","","9","4"
"","","","","","","Firecracker","","","","","","","","7","5"
"","","","","","","Firecracker","","","","","","","","6","6"
"","","","","","","GoblinBarrel","","","","","","","","9","4"
"","","","","","","GoblinBarrel","","","","","","","","7","5"
"","","","","","","GoblinBarrel","","","","","","","","6","6"
"","","","","","","Zap","","","","","","","","9","4"
"","","","","","","Zap","","","","","","","","7","5"
"","","","","","","Zap","","","","","","","","6","6"
"","","","","","","Snowball","","","","","","","","9","4"
"","","","","","","Snowball","","","","","","","","7","5"
"","","","","","","Snowball","","","","","","","","6","6"
"","","","","","","MinionHorde","","","","","","","","9","4"
"","","","","","","MinionHorde","","","","","","","","7","5"
"","","","","","","MinionHorde","","","","","","","","6","6"
"","","","","","","Princess","","","","","","","","9","4"
"","","","","","","Princess","","","","","","","","7","5"
"","","","","","","Princess","","","","","","","","6","6"
"","","","","","TowerSkin1035","","","","","","","","","110","1"
"","","","","","TowerSkin1036","","","","","","","","","110","1"
"","","","","","TowerSkin1038","","","","","","","","","110","1"
"","","","","","TowerSkin1040","","","","","","","","","110","1"
"","","","","","TowerSkin1045","","","","","","","","","110","1"
"","","","","","","","","","Gems","","","","","74","700"
"","","","","","","","","","Gems","","","","","59","850"
"","","","","","","","","","Gems","","","","","44","1000"
"","","","","","","","","","Gems","","","","","29","1150"
"","","","","","","","","","Gems","","","","","15","1300"
"ChoiceChest_CL13_1Star","","","","","","","","","","Common","","","","863","12"
"","","","","","","","","","","Common","","","","690","19"
"","","","","","","","","","","Common","","","","518","25"
"","","","","","","","","","","Common","","","","345","38"
"","","","","","","","","","","Common","","","","173","50"
"","","","","","","","","","","Rare","","","","804","2"
"","","","","","","","","","","Rare","","","","643","4"
"","","","","","","","","","","Rare","","","","482","5"
"","","","","","","","","","","Rare","","","","321","8"
"","","","","","","","","","","Rare","","","","161","10"
"","","","","","","","","","Gold","","","","","1667","400"
"","","","","","","","","","Gold","","","","","1333","600"
"","","","","","","","","","Gold","","","","","1000","800"
"","","","","","","","","","Gold","","","","","667","1200"
"","","","","","","","","","Gold","","","","","333","1600"
"","","","","","","","","","Gems","","","","","68","35"
"","","","","","","","","","Gems","","","","","54","40"
"","","","","","","","","","Gems","","","","","41","50"
"","","","","","","","","","Gems","","","","","27","55"
"","","","","","","","","","Gems","","","","","14","65"
"ChoiceChest_CL13_2Star","","","","","","","","","","Common","","","","670","50"
"","","","","","","","","","","Common","","","","536","75"
"","","","","","","","","","","Common","","","","402","100"
"","","","","","","","","","","Common","","","","268","150"
"","","","","","","","","","","Common","","","","134","200"
"","","","","","","","","","","Rare","","","","624","10"
"","","","","","","","","","","Rare","","","","499","15"
"","","","","","","","","","","Rare","","","","374","20"
"","","","","","","","","","","Rare","","","","250","30"
"","","","","","","","","","","Rare","","","","125","40"
"","","","","","","","","","","Epic","","","","610","1"
"","","","","","","","","","","Epic","","","","488","3"
"","","","","","","","","","","Epic","","","","366","5"
"","","","","","","","","","","Epic","","","","244","7"
"","","","","","","","","","","Epic","","","","122","9"
"","","","","","","","","","","","Epic","","","18","1"
"","","","","","","","","","","","Epic","","","15","3"
"","","","","","","","","","","","Epic","","","11","5"
"","","","","","","","","","","","Epic","","","7","7"
"","","","","","","","","","","","Epic","","","4","9"
"","","","","","","","","","Gold","","","","","1234","1600"
"","","","","","","","","","Gold","","","","","987","2400"
"","","","","","","","","","Gold","","","","","740","3200"
"","","","","","","","","","Gold","","","","","494","4800"
"","","","","","","","","","Gold","","","","","246","6400"
"","","","Chronos651","","","","","","","","","","","3","1"
"","","","Chronos652","","","","","","","","","","","3","1"
"","","","Chronos653","","","","","","","","","","","3","1"
"","","","Chronos654","","","","","","","","","","","3","1"
"","","","Chronos655","","","","","","","","","","","3","1"
"","","","Chronos656","","","","","","","","","","","3","1"
"","","","Chronos657","","","","","","","","","","","3","1"
"","","","Chronos658","","","","","","","","","","","3","1"
"","","","Chronos659","","","","","","","","","","","3","1"
"","","","Chronos660","","","","","","","","","","","3","1"
"","","","Chronos661","","","","","","","","","","","3","1"
"","","","Chronos662","","","","","","","","","","","3","1"
"","","","Chronos663","","","","","","","","","","","3","1"
"","","","Chronos664","","","","","","","","","","","3","1"
"","","","Chronos667","","","","","","","","","","","3","1"
"","","","Chronos668","","","","","","","","","","","3","1"
"","","","Chronos669","","","","","","","","","","","3","1"
"","","","Chronos670","","","","","","","","","","","3","1"
"","","","Chronos671","","","","","","","","","","","3","1"
"","","","Chronos672","","","","","","","","","","","3","1"
"","","","Chronos673","","","","","","","","","","","3","1"
"","","","Chronos674","","","","","","","","","","","3","1"
"","","","Chronos675","","","","","","","","","","","3","1"
"","","","Chronos676","","","","","","","","","","","3","1"
"","","","Chronos677","","","","","","","","","","","3","1"
"","","","Chronos678","","","","","","","","","","","3","1"
"","","","Chronos681","","","","","","","","","","","3","1"
"","","","Chronos682","","","","","","","","","","","3","1"
"","","","Chronos683","","","","","","","","","","","3","1"
"","","","Chronos684","","","","","","","","","","","3","1"
"","","","Chronos685","","","","","","","","","","","3","1"
"","","","Chronos686","","","","","","","","","","","3","1"
"","","","Chronos687","","","","","","","","","","","3","1"
"","","","Chronos688","","","","","","","","","","","3","1"
"","","","Chronos689","","","","","","","","","","","3","1"
"","","","Chronos690","","","","","","","","","","","3","1"
"","","","Chronos691","","","","","","","","","","","3","1"
"","","","Chronos692","","","","","","","","","","","3","1"
"","","","Chronos695","","","","","","","","","","","3","1"
"","","","Chronos696","","","","","","","","","","","3","1"
"","","","Chronos697","","","","","","","","","","","3","1"
"","","","Chronos698","","","","","","","","","","","3","1"
"","","","Chronos699","","","","","","","","","","","3","1"
"","","","Chronos700","","","","","","","","","","","3","1"
"","","","Chronos701","","","","","","","","","","","3","1"
"","","","Chronos702","","","","","","","","","","","3","1"
"","","","Chronos703","","","","","","","","","","","3","1"
"","","","Chronos704","","","","","","","","","","","3","1"
"","","","Chronos705","","","","","","","","","","","3","1"
"","","","Chronos706","","","","","","","","","","","3","1"
"","","","Chronos707","","","","","","","","","","","3","1"
"","","","Chronos708","","","","","","","","","","","3","1"
"","","","Chronos713","","","","","","","","","","","3","1"
"","","","Chronos714","","","","","","","","","","","3","1"
"","","","Chronos719","","","","","","","","","","","3","1"
"","","","Chronos720","","","","","","","","","","","3","1"
"","","","Chronos721","","","","","","","","","","","3","1"
"","","","Chronos722","","","","","","","","","","","3","1"
"","","","Chronos731","","","","","","","","","","","3","1"
"","","","Chronos732","","","","","","","","","","","3","1"
"","","","Chronos737","","","","","","","","","","","3","1"
"","","","Chronos738","","","","","","","","","","","3","1"
"","","","Chronos747","","","","","","","","","","","3","1"
"","","","Chronos748","","","","","","","","","","","3","1"
"","","","Chronos749","","","","","","","","","","","3","1"
"","","","Chronos750","","","","","","","","","","","3","1"
"","","","Chronos751","","","","","","","","","","","3","1"
"","","","Chronos752","","","","","","","","","","","3","1"
"","","","Chronos757","","","","","","","","","","","3","1"
"","","","Chronos758","","","","","","","","","","","3","1"
"","","","Chronos765","","","","","","","","","","","3","1"
"","","","Chronos766","","","","","","","","","","","3","1"
"","","","Chronos767","","","","","","","","","","","3","1"
"","","","Chronos768","","","","","","","","","","","3","1"
"","","","Chronos777","","","","","","","","","","","3","1"
"","","","Chronos778","","","","","","","","","","","3","1"
"","","","Chronos779","","","","","","","","","","","3","1"
"","","","Chronos780","","","","","","","","","","","3","1"
"","","","Chronos781","","","","","","","","","","","3","1"
"","","","Chronos782","","","","","","","","","","","3","1"
"","","","Chronos789","","","","","","","","","","","3","1"
"","","","Chronos790","","","","","","","","","","","3","1"
"","","","Chronos793","","","","","","","","","","","3","1"
"","","","Chronos794","","","","","","","","","","","3","1"
"","","","Chronos797","","","","","","","","","","","3","1"
"","","","Chronos798","","","","","","","","","","","3","1"
"","","","Chronos803","","","","","","","","","","","3","1"
"","","","Chronos804","","","","","","","","","","","3","1"
"","","","Chronos807","","","","","","","","","","","3","1"
"","","","Chronos808","","","","","","","","","","","3","1"
"","","","Chronos809","","","","","","","","","","","3","1"
"","","","Chronos810","","","","","","","","","","","3","1"
"","","","Chronos811","","","","","","","","","","","3","1"
"","","","Chronos812","","","","","","","","","","","3","1"
"","","","Chronos813","","","","","","","","","","","3","1"
"","","","Chronos814","","","","","","","","","","","3","1"
"","","","Chronos815","","","","","","","","","","","3","1"
"","","","Chronos816","","","","","","","","","","","3","1"
"","","","Chronos817","","","","","","","","","","","3","1"
"","","","Chronos818","","","","","","","","","","","3","1"
"","","","Chronos819","","","","","","","","","","","3","1"
"","","","Chronos820","","","","","","","","","","","3","1"
"","","","Chronos823","","","","","","","","","","","3","1"
"","","","Chronos824","","","","","","","","","","","3","1"
"","","","Chronos825","","","","","","","","","","","3","1"
"","","","Chronos826","","","","","","","","","","","3","1"
"","","","Chronos827","","","","","","","","","","","3","1"
"","","","Chronos828","","","","","","","","","","","3","1"
"","","","Chronos829","","","","","","","","","","","3","1"
"","","","Chronos830","","","","","","","","","","","3","1"
"","","","Chronos833","","","","","","","","","","","3","1"
"","","","Chronos834","","","","","","","","","","","3","1"
"","","","Chronos835","","","","","","","","","","","3","1"
"","","","Chronos836","","","","","","","","","","","3","1"
"","","","Chronos837","","","","","","","","","","","3","1"
"","","","Chronos838","","","","","","","","","","","3","1"
"","","","Chronos839","","","","","","","","","","","3","1"
"","","","Chronos840","","","","","","","","","","","3","1"
"","","","Chronos841","","","","","","","","","","","3","1"
"","","","Chronos842","","","","","","","","","","","3","1"
"","","","Chronos845","","","","","","","","","","","3","1"
"","","","Chronos846","","","","","","","","","","","3","1"
"","","","Chronos849","","","","","","","","","","","3","1"
"","","","Chronos850","","","","","","","","","","","3","1"
"","","","Chronos851","","","","","","","","","","","3","1"
"","","","Chronos852","","","","","","","","","","","3","1"
"","","","Chronos855","","","","","","","","","","","3","1"
"","","","Chronos856","","","","","","","","","","","3","1"
"","","","Chronos857","","","","","","","","","","","3","1"
"","","","Chronos858","","","","","","","","","","","3","1"
"","","","Chronos859","","","","","","","","","","","3","1"
"","","","Chronos860","","","","","","","","","","","3","1"
"","","","Chronos863","","","","","","","","","","","3","1"
"","","","Chronos864","","","","","","","","","","","3","1"
"","","","Chronos869","","","","","","","","","","","3","1"
"","","","Chronos870","","","","","","","","","","","3","1"
"","","","Chronos873","","","","","","","","","","","3","1"
"","","","Chronos874","","","","","","","","","","","3","1"
"","","","Chronos877","","","","","","","","","","","3","1"
"","","","Chronos878","","","","","","","","","","","3","1"
"","","","Chronos879","","","","","","","","","","","3","1"
"","","","Chronos880","","","","","","","","","","","3","1"
"","","","Chronos883","","","","","","","","","","","3","1"
"","","","Chronos884","","","","","","","","","","","3","1"
"","","","Chronos887","","","","","","","","","","","3","1"
"","","","Chronos888","","","","","","","","","","","3","1"
"","","","Chronos889","","","","","","","","","","","3","1"
"","","","Chronos890","","","","","","","","","","","3","1"
"","","","Chronos895","","","","","","","","","","","3","1"
"","","","Chronos896","","","","","","","","","","","3","1"
"","","","Chronos897","","","","","","","","","","","3","1"
"","","","Chronos898","","","","","","","","","","","3","1"
"","","","Chronos899","","","","","","","","","","","3","1"
"","","","Chronos900","","","","","","","","","","","3","1"
"","","","Chronos901","","","","","","","","","","","3","1"
"","","","Chronos902","","","","","","","","","","","3","1"
"","","","Chronos907","","","","","","","","","","","3","1"
"","","","Chronos908","","","","","","","","","","","3","1"
"","","","Chronos909","","","","","","","","","","","3","1"
"","","","Chronos910","","","","","","","","","","","3","1"
"","","","Chronos911","","","","","","","","","","","3","1"
"","","","Chronos912","","","","","","","","","","","3","1"
"","","","Chronos913","","","","","","","","","","","3","1"
"","","","Chronos914","","","","","","","","","","","3","1"
"","","","Chronos915","","","","","","","","","","","3","1"
"","","","Chronos916","","","","","","","","","","","3","1"
"","","","Chronos917","","","","","","","","","","","3","1"
"","","","Chronos918","","","","","","","","","","","3","1"
"","","","Chronos921","","","","","","","","","","","3","1"
"","","","Chronos922","","","","","","","","","","","3","1"
"","","","Chronos923","","","","","","","","","","","3","1"
"","","","Chronos924","","","","","","","","","","","3","1"
"","","","Chronos925","","","","","","","","","","","3","1"
"","","","Chronos926","","","","","","","","","","","3","1"
"","","","Chronos929","","","","","","","","","","","3","1"
"","","","Chronos930","","","","","","","","","","","3","1"
"","","","Chronos931","","","","","","","","","","","3","1"
"","","","Chronos932","","","","","","","","","","","3","1"
"","","","Chronos933","","","","","","","","","","","3","1"
"","","","Chronos934","","","","","","","","","","","3","1"
"","","","Chronos937","","","","","","","","","","","3","1"
"","","","Chronos938","","","","","","","","","","","3","1"
"","","","","","","","","","Gems","","","","","68","70"
"","","","","","","","","","Gems","","","","","54","85"
"","","","","","","","","","Gems","","","","","41","100"
"","","","","","","","","","Gems","","","","","27","115"
"","","","","","","","","","Gems","","","","","14","130"
"ChoiceChest_CL13_3Star","","","","","","","","","","Common","","","","625","200"
"","","","","","","","","","","Common","","","","500","300"
"","","","","","","","","","","Common","","","","375","400"
"","","","","","","","","","","Common","","","","250","600"
"","","","","","","","","","","Common","","","","125","800"
"","","","","","","","","","","Rare","","","","582","40"
"","","","","","","","","","","Rare","","","","466","60"
"","","","","","","","","","","Rare","","","","349","80"
"","","","","","","","","","","Rare","","","","233","120"
"","","","","","","","","","","Rare","","","","116","160"
"","","","","","","","","","","Epic","","","","569","5"
"","","","","","","","","","","Epic","","","","455","8"
"","","","","","","","","","","Epic","","","","341","10"
"","","","","","","","","","","Epic","","","","228","15"
"","","","","","","","","","","Epic","","","","114","20"
"","","","","","","","","","","Legendary","","","","528","1"
"","","","","","","","","","","Legendary","","","","422","2"
"","","","","","","","","","","Champion","","","","172","1"
"","","","","","","","","","","Champion","","","","138","2"
"","","","","","","","","","","","Epic","","","46","5"
"","","","","","","","","","","","Epic","","","46","8"
"","","","","","","","","","","","Epic","","","46","10"
"","","","","","","","","","","","Epic","","","46","15"
"","","","","","","","","","","","Epic","","","46","20"
"","","","","","","","","","","","Legendary","","","10","1"
"","","","","","","","","","","","Legendary","","","10","2"
"","","","","","","","","","Gold","","","","","919","6400"
"","","","","","","","","","Gold","","","","","735","9600"
"","","","","","","","","","Gold","","","","","551","12800"
"","","","","","","","","","Gold","","","","","368","19200"
"","","","","","","","","","Gold","","","","","183","25600"
"","","","","EmoteChronos232","","","","","","","","","","12","1"
"","","","","EmoteChronos234","","","","","","","","","","12","1"
"","","","","EmoteChronos235","","","","","","","","","","12","1"
"","","","","EmoteChronos241","","","","","","","","","","12","1"
"","","","","EmoteChronos242","","","","","","","","","","12","1"
"","","","","EmoteChronos247","","","","","","","","","","12","1"
"","","","","EmoteChronos251","","","","","","","","","","12","1"
"","","","","EmoteChronos253","","","","","","","","","","12","1"
"","","","","EmoteChronos255","","","","","","","","","","12","1"
"","","","","EmoteChronos256","","","","","","","","","","12","1"
"","","","","EmoteChronos257","","","","","","","","","","12","1"
"","","","","EmoteChronos259","","","","","","","","","","12","1"
"","","","","EmoteChronos265","","","","","","","","","","12","1"
"","","","","EmoteChronos267","","","","","","","","","","12","1"
"","","","","EmoteChronos270","","","","","","","","","","12","1"
"","","","","EmoteChronos271","","","","","","","","","","12","1"
"","","","","EmoteChronos274","","","","","","","","","","12","1"
"","","","","EmoteChronos277","","","","","","","","","","12","1"
"","","","","EmoteChronos278","","","","","","","","","","12","1"
"","","","","EmoteChronos279","","","","","","","","","","12","1"
"","","","","EmoteChronos280","","","","","","","","","","12","1"
"","","","","EmoteChronos283","","","","","","","","","","12","1"
"","","","","EmoteChronos286","","","","","","","","","","12","1"
"","","","","EmoteChronos291","","","","","","","","","","12","1"
"","","","","EmoteChronos293","","","","","","","","","","12","1"
"","","","","EmoteChronos295","","","","","","","","","","12","1"
"","","","","EmoteChronos297","","","","","","","","","","12","1"
"","","","","EmoteChronos303","","","","","","","","","","12","1"
"","","","","EmoteChronos304","","","","","","","","","","12","1"
"","","","","EmoteChronos305","","","","","","","","","","12","1"
"","","","","EmoteChronos307","","","","","","","","","","12","1"
"","","","","EmoteChronos313","","","","","","","","","","12","1"
"","","","","EmoteChronos315","","","","","","","","","","12","1"
"","","","","EmoteChronos318","","","","","","","","","","12","1"
"","","","","EmoteChronos321","","","","","","","","","","12","1"
"","","","","EmoteChronos323","","","","","","","","","","12","1"
"","","","","EmoteChronos332","","","","","","","","","","12","1"
"","","","","EmoteChronos333","","","","","","","","","","12","1"
"","","","","EmoteChronos336","","","","","","","","","","12","1"
"","","","","EmoteChronos338","","","","","","","","","","12","1"
"","","","","EmoteChronos341","","","","","","","","","","12","1"
"","","","","EmoteChronos343","","","","","","","","","","12","1"
"","","","","EmoteChronos346","","","","","","","","","","12","1"
"","","","","","","","","","Gems","","","","","68","175"
"","","","","","","","","","Gems","","","","","54","210"
"","","","","","","","","","Gems","","","","","41","250"
"","","","","","","","","","Gems","","","","","27","290"
"","","","","","","","","","Gems","","","","","14","325"
"ChoiceChest_CL13_4Star","","","","","","","","","","Common","","","","519","800"
"","","","","","","","","","","Common","","","","415","1200"
"","","","","","","","","","","Common","","","","312","1600"
"","","","","","","","","","","Common","","","","207","2400"
"","","","","","","","","","","Common","","","","104","3200"
"","","","","","","","","","","Rare","","","","483","160"
"","","","","","","","","","","Rare","","","","387","240"
"","","","","","","","","","","Rare","","","","290","320"
"","","","","","","","","","","Rare","","","","193","480"
"","","","","","","","","","","Rare","","","","97","640"
"","","","","","","","","","","Epic","","","","473","20"
"","","","","","","","","","","Epic","","","","378","30"
"","","","","","","","","","","Epic","","","","283","40"
"","","","","","","","","","","Epic","","","","189","60"
"","","","","","","","","","","Epic","","","","95","80"
"","","","","","","","","","","Legendary","","","","263","2"
"","","","","","","","","","","Legendary","","","","210","3"
"","","","","","","","","","","Legendary","","","","158","4"
"","","","","","","","","","","Legendary","","","","105","6"
"","","","","","","","","","","Legendary","","","","53","8"
"","","","","","","","","","","Champion","","","","86","2"
"","","","","","","","","","","Champion","","","","69","3"
"","","","","","","","","","","Champion","","","","51","4"
"","","","","","","","","","","Champion","","","","34","5"
"","","","","","","","","","","Champion","","","","17","6"
"","","","","","","","","","","","","WildcardCommon","","374","268"
"","","","","","","","","","","","","WildcardCommon","","299","401"
"","","","","","","","","","","","","WildcardCommon","","225","535"
"","","","","","","","","","","","","WildcardCommon","","149","802"
"","","","","","","","","","","","","WildcardCommon","","74","1070"
"","","","","","","","","","","","","WildcardRare","","299","54"
"","","","","","","","","","","","","WildcardRare","","239","80"
"","","","","","","","","","","","","WildcardRare","","179","107"
"","","","","","","","","","","","","WildcardRare","","120","160"
"","","","","","","","","","","","","WildcardRare","","59","214"
"","","","","","","","","","","","","WildcardEpic","","224","6"
"","","","","","","","","","","","","WildcardEpic","","179","10"
"","","","","","","","","","","","","WildcardEpic","","135","13"
"","","","","","","","","","","","","WildcardEpic","","89","20"
"","","","","","","","","","","","","WildcardEpic","","46","26"
"","","","","","","","","","","","","WildcardLegendary","","249","1"
"","","","","","","","","","","","","WildcardLegendary","","200","2"
"","","","","","","","","","","","","WildcardChampion","","124","1"
"","","","","","","","","","","","","WildcardChampion","","100","2"
"","","","","","","","","","","","Epic","","","15","20"
"","","","","","","","","","","","Epic","","","15","30"
"","","","","","","","","","","","Epic","","","15","40"
"","","","","","","","","","","","Epic","","","15","60"
"","","","","","","","","","","","Epic","","","15","80"
"","","","","","","","","","","","Legendary","","","9","2"
"","","","","","","","","","","","Legendary","","","9","3"
"","","","","","","","","","","","Legendary","","","9","4"
"","","","","","","","","","","","Legendary","","","9","6"
"","","","","","","","","","","","Legendary","","","9","8"
"","","","","","","Cannon","","","","","","","","4","1"
"","","","","","","Cannon","","","","","","","","3","2"
"","","","","","","Cannon","","","","","","","","3","3"
"","","","","","","Mortar","","","","","","","","4","1"
"","","","","","","Mortar","","","","","","","","3","2"
"","","","","","","Mortar","","","","","","","","3","3"
"","","","","","","Tesla","","","","","","","","4","1"
"","","","","","","Tesla","","","","","","","","3","2"
"","","","","","","Tesla","","","","","","","","3","3"
"","","","","","","FirespiritHut","","","","","","","","4","1"
"","","","","","","FirespiritHut","","","","","","","","3","2"
"","","","","","","FirespiritHut","","","","","","","","3","3"
"","","","","","","GoblinCage","","","","","","","","4","1"
"","","","","","","GoblinCage","","","","","","","","3","2"
"","","","","","","GoblinCage","","","","","","","","3","3"
"","","","","","","GoblinDrill","","","","","","","","4","1"
"","","","","","","GoblinDrill","","","","","","","","3","2"
"","","","","","","GoblinDrill","","","","","","","","3","3"
"","","","","","","Knight","","","","","","","","4","1"
"","","","","","","Knight","","","","","","","","3","2"
"","","","","","","Knight","","","","","","","","3","3"
"","","","","","","Archer","","","","","","","","4","1"
"","","","","","","Archer","","","","","","","","3","2"
"","","","","","","Archer","","","","","","","","3","3"
"","","","","","","Pekka","","","","","","","","4","1"
"","","","","","","Pekka","","","","","","","","3","2"
"","","","","","","Pekka","","","","","","","","3","3"
"","","","","","","Witch","","","","","","","","4","1"
"","","","","","","Witch","","","","","","","","3","2"
"","","","","","","Witch","","","","","","","","3","3"
"","","","","","","Barbarians","","","","","","","","4","1"
"","","","","","","Barbarians","","","","","","","","3","2"
"","","","","","","Barbarians","","","","","","","","3","3"
"","","","","","","Skeletons","","","","","","","","4","1"
"","","","","","","Skeletons","","","","","","","","3","2"
"","","","","","","Skeletons","","","","","","","","3","3"
"","","","","","","Valkyrie","","","","","","","","4","1"
"","","","","","","Valkyrie","","","","","","","","3","2"
"","","","","","","Valkyrie","","","","","","","","3","3"
"","","","","","","SkeletonArmy","","","","","","","","4","1"
"","","","","","","SkeletonArmy","","","","","","","","3","2"
"","","","","","","SkeletonArmy","","","","","","","","3","3"
"","","","","","","Bomber","","","","","","","","4","1"
"","","","","","","Bomber","","","","","","","","3","2"
"","","","","","","Bomber","","","","","","","","3","3"
"","","","","","","Musketeer","","","","","","","","4","1"
"","","","","","","Musketeer","","","","","","","","3","2"
"","","","","","","Musketeer","","","","","","","","3","3"
"","","","","","","BabyDragon","","","","","","","","4","1"
"","","","","","","BabyDragon","","","","","","","","3","2"
"","","","","","","BabyDragon","","","","","","","","3","3"
"","","","","","","Wizard","","","","","","","","4","1"
"","","","","","","Wizard","","","","","","","","3","2"
"","","","","","","Wizard","","","","","","","","3","3"
"","","","","","","RoyalGiant","","","","","","","","4","1"
"","","","","","","RoyalGiant","","","","","","","","3","2"
"","","","","","","RoyalGiant","","","","","","","","3","3"
"","","","","","","IceSpirits","","","","","","","","4","1"
"","","","","","","IceSpirits","","","","","","","","3","2"
"","","","","","","IceSpirits","","","","","","","","3","3"
"","","","","","","RageBarbarian","","","","","","","","4","1"
"","","","","","","RageBarbarian","","","","","","","","3","2"
"","","","","","","RageBarbarian","","","","","","","","3","3"
"","","","","","","BattleRam","","","","","","","","4","1"
"","","","","","","BattleRam","","","","","","","","3","2"
"","","","","","","BattleRam","","","","","","","","3","3"
"","","","","","","InfernoDragon","","","","","","","","4","1"
"","","","","","","InfernoDragon","","","","","","","","3","2"
"","","","","","","InfernoDragon","","","","","","","","3","3"
"","","","","","","BlowdartGoblin","","","","","","","","4","1"
"","","","","","","BlowdartGoblin","","","","","","","","3","2"
"","","","","","","BlowdartGoblin","","","","","","","","3","3"
"","","","","","","Hunter","","","","","","","","4","1"
"","","","","","","Hunter","","","","","","","","3","2"
"","","","","","","Hunter","","","","","","","","3","3"
"","","","","","","AxeMan","","","","","","","","4","1"
"","","","","","","AxeMan","","","","","","","","3","2"
"","","","","","","AxeMan","","","","","","","","3","3"
"","","","","","","RoyalRecruits","","","","","","","","4","1"
"","","","","","","RoyalRecruits","","","","","","","","3","2"
"","","","","","","RoyalRecruits","","","","","","","","3","3"
"","","","","","","Bats","","","","","","","","4","1"
"","","","","","","Bats","","","","","","","","3","2"
"","","","","","","Bats","","","","","","","","3","3"
"","","","","","","Ghost","","","","","","","","4","1"
"","","","","","","Ghost","","","","","","","","3","2"
"","","","","","","Ghost","","","","","","","","3","3"
"","","","","","","MegaKnight","","","","","","","","4","1"
"","","","","","","MegaKnight","","","","","","","","3","2"
"","","","","","","MegaKnight","","","","","","","","3","3"
"","","","","","","SkeletonBalloon","","","","","","","","4","1"
"","","","","","","SkeletonBalloon","","","","","","","","3","2"
"","","","","","","SkeletonBalloon","","","","","","","","3","3"
"","","","","","","Wallbreakers","","","","","","","","4","1"
"","","","","","","Wallbreakers","","","","","","","","3","2"
"","","","","","","Wallbreakers","","","","","","","","3","3"
"","","","","","","RoyalHogs","","","","","","","","4","1"
"","","","","","","RoyalHogs","","","","","","","","3","2"
"","","","","","","RoyalHogs","","","","","","","","3","3"
"","","","","","","GoblinGiant","","","","","","","","4","1"
"","","","","","","GoblinGiant","","","","","","","","3","2"
"","","","","","","GoblinGiant","","","","","","","","3","3"
"","","","","","","ElectroDragon","","","","","","","","4","1"
"","","","","","","ElectroDragon","","","","","","","","3","2"
"","","","","","","ElectroDragon","","","","","","","","3","3"
"","","","","","","Firecracker","","","","","","","","4","1"
"","","","","","","Firecracker","","","","","","","","3","2"
"","","","","","","Firecracker","","","","","","","","3","3"
"","","","","","","GoblinBarrel","","","","","","","","4","1"
"","","","","","","GoblinBarrel","","","","","","","","3","2"
"","","","","","","GoblinBarrel","","","","","","","","3","3"
"","","","","","","Zap","","","","","","","","4","1"
"","","","","","","Zap","","","","","","","","3","2"
"","","","","","","Zap","","","","","","","","3","3"
"","","","","","","Snowball","","","","","","","","4","1"
"","","","","","","Snowball","","","","","","","","3","2"
"","","","","","","Snowball","","","","","","","","3","3"
"","","","","","","MinionHorde","","","","","","","","4","1"
"","","","","","","MinionHorde","","","","","","","","3","2"
"","","","","","","MinionHorde","","","","","","","","3","3"
"","","","","","","Princess","","","","","","","","4","1"
"","","","","","","Princess","","","","","","","","3","2"
"","","","","","","Princess","","","","","","","","3","3"
"","","","","","TowerSkin1035","","","","","","","","","101","1"
"","","","","","TowerSkin1036","","","","","","","","","101","1"
"","","","","","TowerSkin1038","","","","","","","","","101","1"
"","","","","","TowerSkin1040","","","","","","","","","101","1"
"","","","","","TowerSkin1045","","","","","","","","","101","1"
"","","","","","","","","","Gems","","","","","67","350"
"","","","","","","","","","Gems","","","","","54","425"
"","","","","","","","","","Gems","","","","","40","500"
"","","","","","","","","","Gems","","","","","27","575"
"","","","","","","","","","Gems","","","","","13","650"
"ChoiceChest_CL13_5Star","","","","","","","","","","Common","","","","502","3840"
"","","","","","","","","","","Common","","","","401","4320"
"","","","","","","","","","","Common","","","","301","4800"
"","","","","","","","","","","Common","","","","201","5280"
"","","","","","","","","","","Common","","","","101","5760"
"","","","","","","","","","","Rare","","","","467","768"
"","","","","","","","","","","Rare","","","","374","864"
"","","","","","","","","","","Rare","","","","280","960"
"","","","","","","","","","","Rare","","","","187","1056"
"","","","","","","","","","","Rare","","","","93","1152"
"","","","","","","","","","","Epic","","","","457","96"
"","","","","","","","","","","Epic","","","","365","108"
"","","","","","","","","","","Epic","","","","274","120"
"","","","","","","","","","","Epic","","","","182","132"
"","","","","","","","","","","Epic","","","","91","144"
"","","","","","","","","","","Legendary","","","","255","10"
"","","","","","","","","","","Legendary","","","","204","12"
"","","","","","","","","","","Legendary","","","","152","13"
"","","","","","","","","","","Legendary","","","","101","14"
"","","","","","","","","","","Legendary","","","","51","16"
"","","","","","","","","","","Champion","","","","83","8"
"","","","","","","","","","","Champion","","","","67","9"
"","","","","","","","","","","Champion","","","","50","10"
"","","","","","","","","","","Champion","","","","33","11"
"","","","","","","","","","","Champion","","","","17","12"
"","","","","","","","","","","","","WildcardCommon","","345","2000"
"","","","","","","","","","","","","WildcardCommon","","275","2250"
"","","","","","","","","","","","","WildcardCommon","","207","2500"
"","","","","","","","","","","","","WildcardCommon","","138","2750"
"","","","","","","","","","","","","WildcardCommon","","69","3000"
"","","","","","","","","","","","","WildcardRare","","276","440"
"","","","","","","","","","","","","WildcardRare","","220","495"
"","","","","","","","","","","","","WildcardRare","","165","550"
"","","","","","","","","","","","","WildcardRare","","111","605"
"","","","","","","","","","","","","WildcardRare","","55","660"
"","","","","","","","","","","","","WildcardEpic","","207","56"
"","","","","","","","","","","","","WildcardEpic","","165","63"
"","","","","","","","","","","","","WildcardEpic","","124","70"
"","","","","","","","","","","","","WildcardEpic","","83","77"
"","","","","","","","","","","","","WildcardEpic","","41","84"
"","","","","","","","","","","","","WildcardLegendary","","137","7"
"","","","","","","","","","","","","WildcardLegendary","","110","8"
"","","","","","","","","","","","","WildcardLegendary","","82","9"
"","","","","","","","","","","","","WildcardLegendary","","55","10"
"","","","","","","","","","","","","WildcardLegendary","","28","11"
"","","","","","","","","","","","","WildcardChampion","","69","2"
"","","","","","","","","","","","","WildcardChampion","","56","4"
"","","","","","","","","","","","","WildcardChampion","","41","5"
"","","","","","","","","","","","Epic","","","15","60"
"","","","","","","","","","","","Epic","","","15","90"
"","","","","","","","","","","","Epic","","","15","120"
"","","","","","","","","","","","Epic","","","15","180"
"","","","","","","","","","","","Epic","","","15","240"
"","","","","","","","","","","","Legendary","","","8","6"
"","","","","","","","","","","","Legendary","","","8","10"
"","","","","","","","","","","","Legendary","","","8","13"
"","","","","","","","","","","","Legendary","","","8","20"
"","","","","","","","","","","","Legendary","","","8","26"
"","","","","","","Cannon","","","","","","","","9","4"
"","","","","","","Cannon","","","","","","","","7","5"
"","","","","","","Cannon","","","","","","","","6","6"
"","","","","","","Mortar","","","","","","","","9","4"
"","","","","","","Mortar","","","","","","","","7","5"
"","","","","","","Mortar","","","","","","","","6","6"
"","","","","","","Tesla","","","","","","","","9","4"
"","","","","","","Tesla","","","","","","","","7","5"
"","","","","","","Tesla","","","","","","","","6","6"
"","","","","","","FirespiritHut","","","","","","","","9","4"
"","","","","","","FirespiritHut","","","","","","","","7","5"
"","","","","","","FirespiritHut","","","","","","","","6","6"
"","","","","","","GoblinCage","","","","","","","","9","4"
"","","","","","","GoblinCage","","","","","","","","7","5"
"","","","","","","GoblinCage","","","","","","","","6","6"
"","","","","","","GoblinDrill","","","","","","","","9","4"
"","","","","","","GoblinDrill","","","","","","","","7","5"
"","","","","","","GoblinDrill","","","","","","","","6","6"
"","","","","","","Knight","","","","","","","","9","4"
"","","","","","","Knight","","","","","","","","7","5"
"","","","","","","Knight","","","","","","","","6","6"
"","","","","","","Archer","","","","","","","","9","4"
"","","","","","","Archer","","","","","","","","7","5"
"","","","","","","Archer","","","","","","","","6","6"
"","","","","","","Pekka","","","","","","","","9","4"
"","","","","","","Pekka","","","","","","","","7","5"
"","","","","","","Pekka","","","","","","","","6","6"
"","","","","","","Witch","","","","","","","","9","4"
"","","","","","","Witch","","","","","","","","7","5"
"","","","","","","Witch","","","","","","","","6","6"
"","","","","","","Barbarians","","","","","","","","9","4"
"","","","","","","Barbarians","","","","","","","","7","5"
"","","","","","","Barbarians","","","","","","","","6","6"
"","","","","","","Skeletons","","","","","","","","9","4"
"","","","","","","Skeletons","","","","","","","","7","5"
"","","","","","","Skeletons","","","","","","","","6","6"
"","","","","","","Valkyrie","","","","","","","","9","4"
"","","","","","","Valkyrie","","","","","","","","7","5"
"","","","","","","Valkyrie","","","","","","","","6","6"
"","","","","","","SkeletonArmy","","","","","","","","9","4"
"","","","","","","SkeletonArmy","","","","","","","","7","5"
"","","","","","","SkeletonArmy","","","","","","","","6","6"
"","","","","","","Bomber","","","","","","","","9","4"
"","","","","","","Bomber","","","","","","","","7","5"
"","","","","","","Bomber","","","","","","","","6","6"
"","","","","","","Musketeer","","","","","","","","9","4"
"","","","","","","Musketeer","","","","","","","","7","5"
"","","","","","","Musketeer","","","","","","","","6","6"
"","","","","","","BabyDragon","","","","","","","","9","4"
"","","","","","","BabyDragon","","","","","","","","7","5"
"","","","","","","BabyDragon","","","","","","","","6","6"
"","","","","","","Wizard","","","","","","","","9","4"
"","","","","","","Wizard","","","","","","","","7","5"
"","","","","","","Wizard","","","","","","","","6","6"
"","","","","","","RoyalGiant","","","","","","","","9","4"
"","","","","","","RoyalGiant","","","","","","","","7","5"
"","","","","","","RoyalGiant","","","","","","","","6","6"
"","","","","","","IceSpirits","","","","","","","","9","4"
"","","","","","","IceSpirits","","","","","","","","7","5"
"","","","","","","IceSpirits","","","","","","","","6","6"
"","","","","","","RageBarbarian","","","","","","","","9","4"
"","","","","","","RageBarbarian","","","","","","","","7","5"
"","","","","","","RageBarbarian","","","","","","","","6","6"
"","","","","","","BattleRam","","","","","","","","9","4"
"","","","","","","BattleRam","","","","","","","","7","5"
"","","","","","","BattleRam","","","","","","","","6","6"
"","","","","","","InfernoDragon","","","","","","","","9","4"
"","","","","","","InfernoDragon","","","","","","","","7","5"
"","","","","","","InfernoDragon","","","","","","","","6","6"
"","","","","","","BlowdartGoblin","","","","","","","","9","4"
"","","","","","","BlowdartGoblin","","","","","","","","7","5"
"","","","","","","BlowdartGoblin","","","","","","","","6","6"
"","","","","","","Hunter","","","","","","","","9","4"
"","","","","","","Hunter","","","","","","","","7","5"
"","","","","","","Hunter","","","","","","","","6","6"
"","","","","","","AxeMan","","","","","","","","9","4"
"","","","","","","AxeMan","","","","","","","","7","5"
"","","","","","","AxeMan","","","","","","","","6","6"
"","","","","","","RoyalRecruits","","","","","","","","9","4"
"","","","","","","RoyalRecruits","","","","","","","","7","5"
"","","","","","","RoyalRecruits","","","","","","","","6","6"
"","","","","","","Bats","","","","","","","","9","4"
"","","","","","","Bats","","","","","","","","7","5"
"","","","","","","Bats","","","","","","","","6","6"
"","","","","","","Ghost","","","","","","","","9","4"
"","","","","","","Ghost","","","","","","","","7","5"
"","","","","","","Ghost","","","","","","","","6","6"
"","","","","","","MegaKnight","","","","","","","","9","4"
"","","","","","","MegaKnight","","","","","","","","7","5"
"","","","","","","MegaKnight","","","","","","","","6","6"
"","","","","","","SkeletonBalloon","","","","","","","","9","4"
"","","","","","","SkeletonBalloon","","","","","","","","7","5"
"","","","","","","SkeletonBalloon","","","","","","","","6","6"
"","","","","","","Wallbreakers","","","","","","","","9","4"
"","","","","","","Wallbreakers","","","","","","","","7","5"
"","","","","","","Wallbreakers","","","","","","","","6","6"
"","","","","","","RoyalHogs","","","","","","","","9","4"
"","","","","","","RoyalHogs","","","","","","","","7","5"
"","","","","","","RoyalHogs","","","","","","","","6","6"
"","","","","","","GoblinGiant","","","","","","","","9","4"
"","","","","","","GoblinGiant","","","","","","","","7","5"
"","","","","","","GoblinGiant","","","","","","","","6","6"
"","","","","","","ElectroDragon","","","","","","","","9","4"
"","","","","","","ElectroDragon","","","","","","","","7","5"
"","","","","","","ElectroDragon","","","","","","","","6","6"
"","","","","","","Firecracker","","","","","","","","9","4"
"","","","","","","Firecracker","","","","","","","","7","5"
"","","","","","","Firecracker","","","","","","","","6","6"
"","","","","","","GoblinBarrel","","","","","","","","9","4"
"","","","","","","GoblinBarrel","","","","","","","","7","5"
"","","","","","","GoblinBarrel","","","","","","","","6","6"
"","","","","","","Zap","","","","","","","","9","4"
"","","","","","","Zap","","","","","","","","7","5"
"","","","","","","Zap","","","","","","","","6","6"
"","","","","","","Snowball","","","","","","","","9","4"
"","","","","","","Snowball","","","","","","","","7","5"
"","","","","","","Snowball","","","","","","","","6","6"
"","","","","","","MinionHorde","","","","","","","","9","4"
"","","","","","","MinionHorde","","","","","","","","7","5"
"","","","","","","MinionHorde","","","","","","","","6","6"
"","","","","","","Princess","","","","","","","","9","4"
"","","","","","","Princess","","","","","","","","7","5"
"","","","","","","Princess","","","","","","","","6","6"
"","","","","","TowerSkin1035","","","","","","","","","110","1"
"","","","","","TowerSkin1036","","","","","","","","","110","1"
"","","","","","TowerSkin1038","","","","","","","","","110","1"
"","","","","","TowerSkin1040","","","","","","","","","110","1"
"","","","","","TowerSkin1045","","","","","","","","","110","1"
"","","","","","","","","","Gems","","","","","74","700"
"","","","","","","","","","Gems","","","","","59","850"
"","","","","","","","","","Gems","","","","","44","1000"
"","","","","","","","","","Gems","","","","","29","1150"
"","","","","","","","","","Gems","","","","","15","1300"
"ChoiceChest_CL14_1Star","","","","","","","","","","Common","","","","863","14"
"","","","","","","","","","","Common","","","","690","21"
"","","","","","","","","","","Common","","","","518","28"
"","","","","","","","","","","Common","","","","345","42"
"","","","","","","","","","","Common","","","","173","56"
"","","","","","","","","","","Rare","","","","804","3"
"","","","","","","","","","","Rare","","","","643","4"
"","","","","","","","","","","Rare","","","","482","6"
"","","","","","","","","","","Rare","","","","321","9"
"","","","","","","","","","","Rare","","","","161","12"
"","","","","","","","","","Gold","","","","","1667","450"
"","","","","","","","","","Gold","","","","","1333","675"
"","","","","","","","","","Gold","","","","","1000","900"
"","","","","","","","","","Gold","","","","","667","1350"
"","","","","","","","","","Gold","","","","","333","1800"
"","","","","","","","","","Gems","","","","","68","35"
"","","","","","","","","","Gems","","","","","54","40"
"","","","","","","","","","Gems","","","","","41","50"
"","","","","","","","","","Gems","","","","","27","55"
"","","","","","","","","","Gems","","","","","14","65"
"ChoiceChest_CL14_2Star","","","","","","","","","","Common","","","","670","56"
"","","","","","","","","","","Common","","","","536","84"
"","","","","","","","","","","Common","","","","402","112"
"","","","","","","","","","","Common","","","","268","168"
"","","","","","","","","","","Common","","","","134","224"
"","","","","","","","","","","Rare","","","","624","12"
"","","","","","","","","","","Rare","","","","499","17"
"","","","","","","","","","","Rare","","","","374","23"
"","","","","","","","","","","Rare","","","","250","34"
"","","","","","","","","","","Rare","","","","125","46"
"","","","","","","","","","","Epic","","","","610","1"
"","","","","","","","","","","Epic","","","","488","3"
"","","","","","","","","","","Epic","","","","366","5"
"","","","","","","","","","","Epic","","","","244","7"
"","","","","","","","","","","Epic","","","","122","9"
"","","","","","","","","","","","Epic","","","18","1"
"","","","","","","","","","","","Epic","","","15","3"
"","","","","","","","","","","","Epic","","","11","5"
"","","","","","","","","","","","Epic","","","7","7"
"","","","","","","","","","","","Epic","","","4","9"
"","","","","","","","","","Gold","","","","","1234","1800"
"","","","","","","","","","Gold","","","","","987","2700"
"","","","","","","","","","Gold","","","","","740","3600"
"","","","","","","","","","Gold","","","","","494","5400"
"","","","","","","","","","Gold","","","","","246","7200"
"","","","Chronos651","","","","","","","","","","","3","1"
"","","","Chronos652","","","","","","","","","","","3","1"
"","","","Chronos653","","","","","","","","","","","3","1"
"","","","Chronos654","","","","","","","","","","","3","1"
"","","","Chronos655","","","","","","","","","","","3","1"
"","","","Chronos656","","","","","","","","","","","3","1"
"","","","Chronos657","","","","","","","","","","","3","1"
"","","","Chronos658","","","","","","","","","","","3","1"
"","","","Chronos659","","","","","","","","","","","3","1"
"","","","Chronos660","","","","","","","","","","","3","1"
"","","","Chronos661","","","","","","","","","","","3","1"
"","","","Chronos662","","","","","","","","","","","3","1"
"","","","Chronos663","","","","","","","","","","","3","1"
"","","","Chronos664","","","","","","","","","","","3","1"
"","","","Chronos667","","","","","","","","","","","3","1"
"","","","Chronos668","","","","","","","","","","","3","1"
"","","","Chronos669","","","","","","","","","","","3","1"
"","","","Chronos670","","","","","","","","","","","3","1"
"","","","Chronos671","","","","","","","","","","","3","1"
"","","","Chronos672","","","","","","","","","","","3","1"
"","","","Chronos673","","","","","","","","","","","3","1"
"","","","Chronos674","","","","","","","","","","","3","1"
"","","","Chronos675","","","","","","","","","","","3","1"
"","","","Chronos676","","","","","","","","","","","3","1"
"","","","Chronos677","","","","","","","","","","","3","1"
"","","","Chronos678","","","","","","","","","","","3","1"
"","","","Chronos681","","","","","","","","","","","3","1"
"","","","Chronos682","","","","","","","","","","","3","1"
"","","","Chronos683","","","","","","","","","","","3","1"
"","","","Chronos684","","","","","","","","","","","3","1"
"","","","Chronos685","","","","","","","","","","","3","1"
"","","","Chronos686","","","","","","","","","","","3","1"
"","","","Chronos687","","","","","","","","","","","3","1"
"","","","Chronos688","","","","","","","","","","","3","1"
"","","","Chronos689","","","","","","","","","","","3","1"
"","","","Chronos690","","","","","","","","","","","3","1"
"","","","Chronos691","","","","","","","","","","","3","1"
"","","","Chronos692","","","","","","","","","","","3","1"
"","","","Chronos695","","","","","","","","","","","3","1"
"","","","Chronos696","","","","","","","","","","","3","1"
"","","","Chronos697","","","","","","","","","","","3","1"
"","","","Chronos698","","","","","","","","","","","3","1"
"","","","Chronos699","","","","","","","","","","","3","1"
"","","","Chronos700","","","","","","","","","","","3","1"
"","","","Chronos701","","","","","","","","","","","3","1"
"","","","Chronos702","","","","","","","","","","","3","1"
"","","","Chronos703","","","","","","","","","","","3","1"
"","","","Chronos704","","","","","","","","","","","3","1"
"","","","Chronos705","","","","","","","","","","","3","1"
"","","","Chronos706","","","","","","","","","","","3","1"
"","","","Chronos707","","","","","","","","","","","3","1"
"","","","Chronos708","","","","","","","","","","","3","1"
"","","","Chronos713","","","","","","","","","","","3","1"
"","","","Chronos714","","","","","","","","","","","3","1"
"","","","Chronos719","","","","","","","","","","","3","1"
"","","","Chronos720","","","","","","","","","","","3","1"
"","","","Chronos721","","","","","","","","","","","3","1"
"","","","Chronos722","","","","","","","","","","","3","1"
"","","","Chronos731","","","","","","","","","","","3","1"
"","","","Chronos732","","","","","","","","","","","3","1"
"","","","Chronos737","","","","","","","","","","","3","1"
"","","","Chronos738","","","","","","","","","","","3","1"
"","","","Chronos747","","","","","","","","","","","3","1"
"","","","Chronos748","","","","","","","","","","","3","1"
"","","","Chronos749","","","","","","","","","","","3","1"
"","","","Chronos750","","","","","","","","","","","3","1"
"","","","Chronos751","","","","","","","","","","","3","1"
"","","","Chronos752","","","","","","","","","","","3","1"
"","","","Chronos757","","","","","","","","","","","3","1"
"","","","Chronos758","","","","","","","","","","","3","1"
"","","","Chronos765","","","","","","","","","","","3","1"
"","","","Chronos766","","","","","","","","","","","3","1"
"","","","Chronos767","","","","","","","","","","","3","1"
"","","","Chronos768","","","","","","","","","","","3","1"
"","","","Chronos777","","","","","","","","","","","3","1"
"","","","Chronos778","","","","","","","","","","","3","1"
"","","","Chronos779","","","","","","","","","","","3","1"
"","","","Chronos780","","","","","","","","","","","3","1"
"","","","Chronos781","","","","","","","","","","","3","1"
"","","","Chronos782","","","","","","","","","","","3","1"
"","","","Chronos789","","","","","","","","","","","3","1"
"","","","Chronos790","","","","","","","","","","","3","1"
"","","","Chronos793","","","","","","","","","","","3","1"
"","","","Chronos794","","","","","","","","","","","3","1"
"","","","Chronos797","","","","","","","","","","","3","1"
"","","","Chronos798","","","","","","","","","","","3","1"
"","","","Chronos803","","","","","","","","","","","3","1"
"","","","Chronos804","","","","","","","","","","","3","1"
"","","","Chronos807","","","","","","","","","","","3","1"
"","","","Chronos808","","","","","","","","","","","3","1"
"","","","Chronos809","","","","","","","","","","","3","1"
"","","","Chronos810","","","","","","","","","","","3","1"
"","","","Chronos811","","","","","","","","","","","3","1"
"","","","Chronos812","","","","","","","","","","","3","1"
"","","","Chronos813","","","","","","","","","","","3","1"
"","","","Chronos814","","","","","","","","","","","3","1"
"","","","Chronos815","","","","","","","","","","","3","1"
"","","","Chronos816","","","","","","","","","","","3","1"
"","","","Chronos817","","","","","","","","","","","3","1"
"","","","Chronos818","","","","","","","","","","","3","1"
"","","","Chronos819","","","","","","","","","","","3","1"
"","","","Chronos820","","","","","","","","","","","3","1"
"","","","Chronos823","","","","","","","","","","","3","1"
"","","","Chronos824","","","","","","","","","","","3","1"
"","","","Chronos825","","","","","","","","","","","3","1"
"","","","Chronos826","","","","","","","","","","","3","1"
"","","","Chronos827","","","","","","","","","","","3","1"
"","","","Chronos828","","","","","","","","","","","3","1"
"","","","Chronos829","","","","","","","","","","","3","1"
"","","","Chronos830","","","","","","","","","","","3","1"
"","","","Chronos833","","","","","","","","","","","3","1"
"","","","Chronos834","","","","","","","","","","","3","1"
"","","","Chronos835","","","","","","","","","","","3","1"
"","","","Chronos836","","","","","","","","","","","3","1"
"","","","Chronos837","","","","","","","","","","","3","1"
"","","","Chronos838","","","","","","","","","","","3","1"
"","","","Chronos839","","","","","","","","","","","3","1"
"","","","Chronos840","","","","","","","","","","","3","1"
"","","","Chronos841","","","","","","","","","","","3","1"
"","","","Chronos842","","","","","","","","","","","3","1"
"","","","Chronos845","","","","","","","","","","","3","1"
"","","","Chronos846","","","","","","","","","","","3","1"
"","","","Chronos849","","","","","","","","","","","3","1"
"","","","Chronos850","","","","","","","","","","","3","1"
"","","","Chronos851","","","","","","","","","","","3","1"
"","","","Chronos852","","","","","","","","","","","3","1"
"","","","Chronos855","","","","","","","","","","","3","1"
"","","","Chronos856","","","","","","","","","","","3","1"
"","","","Chronos857","","","","","","","","","","","3","1"
"","","","Chronos858","","","","","","","","","","","3","1"
"","","","Chronos859","","","","","","","","","","","3","1"
"","","","Chronos860","","","","","","","","","","","3","1"
"","","","Chronos863","","","","","","","","","","","3","1"
"","","","Chronos864","","","","","","","","","","","3","1"
"","","","Chronos869","","","","","","","","","","","3","1"
"","","","Chronos870","","","","","","","","","","","3","1"
"","","","Chronos873","","","","","","","","","","","3","1"
"","","","Chronos874","","","","","","","","","","","3","1"
"","","","Chronos877","","","","","","","","","","","3","1"
"","","","Chronos878","","","","","","","","","","","3","1"
"","","","Chronos879","","","","","","","","","","","3","1"
"","","","Chronos880","","","","","","","","","","","3","1"
"","","","Chronos883","","","","","","","","","","","3","1"
"","","","Chronos884","","","","","","","","","","","3","1"
"","","","Chronos887","","","","","","","","","","","3","1"
"","","","Chronos888","","","","","","","","","","","3","1"
"","","","Chronos889","","","","","","","","","","","3","1"
"","","","Chronos890","","","","","","","","","","","3","1"
"","","","Chronos895","","","","","","","","","","","3","1"
"","","","Chronos896","","","","","","","","","","","3","1"
"","","","Chronos897","","","","","","","","","","","3","1"
"","","","Chronos898","","","","","","","","","","","3","1"
"","","","Chronos899","","","","","","","","","","","3","1"
"","","","Chronos900","","","","","","","","","","","3","1"
"","","","Chronos901","","","","","","","","","","","3","1"
"","","","Chronos902","","","","","","","","","","","3","1"
"","","","Chronos907","","","","","","","","","","","3","1"
"","","","Chronos908","","","","","","","","","","","3","1"
"","","","Chronos909","","","","","","","","","","","3","1"
"","","","Chronos910","","","","","","","","","","","3","1"
"","","","Chronos911","","","","","","","","","","","3","1"
"","","","Chronos912","","","","","","","","","","","3","1"
"","","","Chronos913","","","","","","","","","","","3","1"
"","","","Chronos914","","","","","","","","","","","3","1"
"","","","Chronos915","","","","","","","","","","","3","1"
"","","","Chronos916","","","","","","","","","","","3","1"
"","","","Chronos917","","","","","","","","","","","3","1"
"","","","Chronos918","","","","","","","","","","","3","1"
"","","","Chronos921","","","","","","","","","","","3","1"
"","","","Chronos922","","","","","","","","","","","3","1"
"","","","Chronos923","","","","","","","","","","","3","1"
"","","","Chronos924","","","","","","","","","","","3","1"
"","","","Chronos925","","","","","","","","","","","3","1"
"","","","Chronos926","","","","","","","","","","","3","1"
"","","","Chronos929","","","","","","","","","","","3","1"
"","","","Chronos930","","","","","","","","","","","3","1"
"","","","Chronos931","","","","","","","","","","","3","1"
"","","","Chronos932","","","","","","","","","","","3","1"
"","","","Chronos933","","","","","","","","","","","3","1"
"","","","Chronos934","","","","","","","","","","","3","1"
"","","","Chronos937","","","","","","","","","","","3","1"
"","","","Chronos938","","","","","","","","","","","3","1"
"","","","","","","","","","Gems","","","","","68","70"
"","","","","","","","","","Gems","","","","","54","85"
"","","","","","","","","","Gems","","","","","41","100"
"","","","","","","","","","Gems","","","","","27","115"
"","","","","","","","","","Gems","","","","","14","130"
"ChoiceChest_CL14_3Star","","","","","","","","","","Common","","","","625","225"
"","","","","","","","","","","Common","","","","500","338"
"","","","","","","","","","","Common","","","","375","450"
"","","","","","","","","","","Common","","","","250","675"
"","","","","","","","","","","Common","","","","125","900"
"","","","","","","","","","","Rare","","","","582","45"
"","","","","","","","","","","Rare","","","","466","68"
"","","","","","","","","","","Rare","","","","349","90"
"","","","","","","","","","","Rare","","","","233","135"
"","","","","","","","","","","Rare","","","","116","180"
"","","","","","","","","","","Epic","","","","569","6"
"","","","","","","","","","","Epic","","","","455","8"
"","","","","","","","","","","Epic","","","","341","11"
"","","","","","","","","","","Epic","","","","228","16"
"","","","","","","","","","","Epic","","","","114","22"
"","","","","","","","","","","Legendary","","","","528","1"
"","","","","","","","","","","Legendary","","","","422","2"
"","","","","","","","","","","Champion","","","","172","1"
"","","","","","","","","","","Champion","","","","138","2"
"","","","","","","","","","","","Epic","","","46","6"
"","","","","","","","","","","","Epic","","","46","8"
"","","","","","","","","","","","Epic","","","46","11"
"","","","","","","","","","","","Epic","","","46","16"
"","","","","","","","","","","","Epic","","","46","22"
"","","","","","","","","","","","Legendary","","","10","1"
"","","","","","","","","","","","Legendary","","","10","2"
"","","","","","","","","","Gold","","","","","919","7200"
"","","","","","","","","","Gold","","","","","735","10800"
"","","","","","","","","","Gold","","","","","551","14400"
"","","","","","","","","","Gold","","","","","368","21600"
"","","","","","","","","","Gold","","","","","183","28800"
"","","","","EmoteChronos232","","","","","","","","","","12","1"
"","","","","EmoteChronos234","","","","","","","","","","12","1"
"","","","","EmoteChronos235","","","","","","","","","","12","1"
"","","","","EmoteChronos241","","","","","","","","","","12","1"
"","","","","EmoteChronos242","","","","","","","","","","12","1"
"","","","","EmoteChronos247","","","","","","","","","","12","1"
"","","","","EmoteChronos251","","","","","","","","","","12","1"
"","","","","EmoteChronos253","","","","","","","","","","12","1"
"","","","","EmoteChronos255","","","","","","","","","","12","1"
"","","","","EmoteChronos256","","","","","","","","","","12","1"
"","","","","EmoteChronos257","","","","","","","","","","12","1"
"","","","","EmoteChronos259","","","","","","","","","","12","1"
"","","","","EmoteChronos265","","","","","","","","","","12","1"
"","","","","EmoteChronos267","","","","","","","","","","12","1"
"","","","","EmoteChronos270","","","","","","","","","","12","1"
"","","","","EmoteChronos271","","","","","","","","","","12","1"
"","","","","EmoteChronos274","","","","","","","","","","12","1"
"","","","","EmoteChronos277","","","","","","","","","","12","1"
"","","","","EmoteChronos278","","","","","","","","","","12","1"
"","","","","EmoteChronos279","","","","","","","","","","12","1"
"","","","","EmoteChronos280","","","","","","","","","","12","1"
"","","","","EmoteChronos283","","","","","","","","","","12","1"
"","","","","EmoteChronos286","","","","","","","","","","12","1"
"","","","","EmoteChronos291","","","","","","","","","","12","1"
"","","","","EmoteChronos293","","","","","","","","","","12","1"
"","","","","EmoteChronos295","","","","","","","","","","12","1"
"","","","","EmoteChronos297","","","","","","","","","","12","1"
"","","","","EmoteChronos303","","","","","","","","","","12","1"
"","","","","EmoteChronos304","","","","","","","","","","12","1"
"","","","","EmoteChronos305","","","","","","","","","","12","1"
"","","","","EmoteChronos307","","","","","","","","","","12","1"
"","","","","EmoteChronos313","","","","","","","","","","12","1"
"","","","","EmoteChronos315","","","","","","","","","","12","1"
"","","","","EmoteChronos318","","","","","","","","","","12","1"
"","","","","EmoteChronos321","","","","","","","","","","12","1"
"","","","","EmoteChronos323","","","","","","","","","","12","1"
"","","","","EmoteChronos332","","","","","","","","","","12","1"
"","","","","EmoteChronos333","","","","","","","","","","12","1"
"","","","","EmoteChronos336","","","","","","","","","","12","1"
"","","","","EmoteChronos338","","","","","","","","","","12","1"
"","","","","EmoteChronos341","","","","","","","","","","12","1"
"","","","","EmoteChronos343","","","","","","","","","","12","1"
"","","","","EmoteChronos346","","","","","","","","","","12","1"
"","","","","","","","","","Gems","","","","","68","175"
"","","","","","","","","","Gems","","","","","54","210"
"","","","","","","","","","Gems","","","","","41","250"
"","","","","","","","","","Gems","","","","","27","290"
"","","","","","","","","","Gems","","","","","14","325"
"ChoiceChest_CL14_4Star","","","","","","","","","","Common","","","","519","900"
"","","","","","","","","","","Common","","","","415","1350"
"","","","","","","","","","","Common","","","","312","1800"
"","","","","","","","","","","Common","","","","207","2700"
"","","","","","","","","","","Common","","","","104","3600"
"","","","","","","","","","","Rare","","","","483","180"
"","","","","","","","","","","Rare","","","","387","270"
"","","","","","","","","","","Rare","","","","290","360"
"","","","","","","","","","","Rare","","","","193","540"
"","","","","","","","","","","Rare","","","","97","720"
"","","","","","","","","","","Epic","","","","473","22"
"","","","","","","","","","","Epic","","","","378","34"
"","","","","","","","","","","Epic","","","","283","45"
"","","","","","","","","","","Epic","","","","189","68"
"","","","","","","","","","","Epic","","","","95","90"
"","","","","","","","","","","Legendary","","","","263","2"
"","","","","","","","","","","Legendary","","","","210","4"
"","","","","","","","","","","Legendary","","","","158","5"
"","","","","","","","","","","Legendary","","","","105","8"
"","","","","","","","","","","Legendary","","","","53","10"
"","","","","","","","","","","Champion","","","","86","2"
"","","","","","","","","","","Champion","","","","69","3"
"","","","","","","","","","","Champion","","","","51","4"
"","","","","","","","","","","Champion","","","","34","6"
"","","","","","","","","","","Champion","","","","17","8"
"","","","","","","","","","","","","WildcardCommon","","374","300"
"","","","","","","","","","","","","WildcardCommon","","299","450"
"","","","","","","","","","","","","WildcardCommon","","225","600"
"","","","","","","","","","","","","WildcardCommon","","149","900"
"","","","","","","","","","","","","WildcardCommon","","74","1200"
"","","","","","","","","","","","","WildcardRare","","299","60"
"","","","","","","","","","","","","WildcardRare","","239","90"
"","","","","","","","","","","","","WildcardRare","","179","120"
"","","","","","","","","","","","","WildcardRare","","120","180"
"","","","","","","","","","","","","WildcardRare","","59","240"
"","","","","","","","","","","","","WildcardEpic","","224","8"
"","","","","","","","","","","","","WildcardEpic","","179","11"
"","","","","","","","","","","","","WildcardEpic","","135","15"
"","","","","","","","","","","","","WildcardEpic","","89","22"
"","","","","","","","","","","","","WildcardEpic","","46","30"
"","","","","","","","","","","","","WildcardLegendary","","160","1"
"","","","","","","","","","","","","WildcardLegendary","","128","2"
"","","","","","","","","","","","","WildcardLegendary","","96","3"
"","","","","","","","","","","","","WildcardLegendary","","64","4"
"","","","","","","","","","","","","WildcardChampion","","124","1"
"","","","","","","","","","","","","WildcardChampion","","100","2"
"","","","","","","","","","","","Epic","","","15","22"
"","","","","","","","","","","","Epic","","","15","34"
"","","","","","","","","","","","Epic","","","15","45"
"","","","","","","","","","","","Epic","","","15","68"
"","","","","","","","","","","","Epic","","","15","90"
"","","","","","","","","","","","Legendary","","","9","2"
"","","","","","","","","","","","Legendary","","","9","4"
"","","","","","","","","","","","Legendary","","","9","5"
"","","","","","","","","","","","Legendary","","","9","8"
"","","","","","","","","","","","Legendary","","","9","10"
"","","","","","","Cannon","","","","","","","","4","1"
"","","","","","","Cannon","","","","","","","","3","2"
"","","","","","","Cannon","","","","","","","","3","3"
"","","","","","","Mortar","","","","","","","","4","1"
"","","","","","","Mortar","","","","","","","","3","2"
"","","","","","","Mortar","","","","","","","","3","3"
"","","","","","","Tesla","","","","","","","","4","1"
"","","","","","","Tesla","","","","","","","","3","2"
"","","","","","","Tesla","","","","","","","","3","3"
"","","","","","","FirespiritHut","","","","","","","","4","1"
"","","","","","","FirespiritHut","","","","","","","","3","2"
"","","","","","","FirespiritHut","","","","","","","","3","3"
"","","","","","","GoblinCage","","","","","","","","4","1"
"","","","","","","GoblinCage","","","","","","","","3","2"
"","","","","","","GoblinCage","","","","","","","","3","3"
"","","","","","","GoblinDrill","","","","","","","","4","1"
"","","","","","","GoblinDrill","","","","","","","","3","2"
"","","","","","","GoblinDrill","","","","","","","","3","3"
"","","","","","","Knight","","","","","","","","4","1"
"","","","","","","Knight","","","","","","","","3","2"
"","","","","","","Knight","","","","","","","","3","3"
"","","","","","","Archer","","","","","","","","4","1"
"","","","","","","Archer","","","","","","","","3","2"
"","","","","","","Archer","","","","","","","","3","3"
"","","","","","","Pekka","","","","","","","","4","1"
"","","","","","","Pekka","","","","","","","","3","2"
"","","","","","","Pekka","","","","","","","","3","3"
"","","","","","","Witch","","","","","","","","4","1"
"","","","","","","Witch","","","","","","","","3","2"
"","","","","","","Witch","","","","","","","","3","3"
"","","","","","","Barbarians","","","","","","","","4","1"
"","","","","","","Barbarians","","","","","","","","3","2"
"","","","","","","Barbarians","","","","","","","","3","3"
"","","","","","","Skeletons","","","","","","","","4","1"
"","","","","","","Skeletons","","","","","","","","3","2"
"","","","","","","Skeletons","","","","","","","","3","3"
"","","","","","","Valkyrie","","","","","","","","4","1"
"","","","","","","Valkyrie","","","","","","","","3","2"
"","","","","","","Valkyrie","","","","","","","","3","3"
"","","","","","","SkeletonArmy","","","","","","","","4","1"
"","","","","","","SkeletonArmy","","","","","","","","3","2"
"","","","","","","SkeletonArmy","","","","","","","","3","3"
"","","","","","","Bomber","","","","","","","","4","1"
"","","","","","","Bomber","","","","","","","","3","2"
"","","","","","","Bomber","","","","","","","","3","3"
"","","","","","","Musketeer","","","","","","","","4","1"
"","","","","","","Musketeer","","","","","","","","3","2"
"","","","","","","Musketeer","","","","","","","","3","3"
"","","","","","","BabyDragon","","","","","","","","4","1"
"","","","","","","BabyDragon","","","","","","","","3","2"
"","","","","","","BabyDragon","","","","","","","","3","3"
"","","","","","","Wizard","","","","","","","","4","1"
"","","","","","","Wizard","","","","","","","","3","2"
"","","","","","","Wizard","","","","","","","","3","3"
"","","","","","","RoyalGiant","","","","","","","","4","1"
"","","","","","","RoyalGiant","","","","","","","","3","2"
"","","","","","","RoyalGiant","","","","","","","","3","3"
"","","","","","","IceSpirits","","","","","","","","4","1"
"","","","","","","IceSpirits","","","","","","","","3","2"
"","","","","","","IceSpirits","","","","","","","","3","3"
"","","","","","","RageBarbarian","","","","","","","","4","1"
"","","","","","","RageBarbarian","","","","","","","","3","2"
"","","","","","","RageBarbarian","","","","","","","","3","3"
"","","","","","","BattleRam","","","","","","","","4","1"
"","","","","","","BattleRam","","","","","","","","3","2"
"","","","","","","BattleRam","","","","","","","","3","3"
"","","","","","","InfernoDragon","","","","","","","","4","1"
"","","","","","","InfernoDragon","","","","","","","","3","2"
"","","","","","","InfernoDragon","","","","","","","","3","3"
"","","","","","","BlowdartGoblin","","","","","","","","4","1"
"","","","","","","BlowdartGoblin","","","","","","","","3","2"
"","","","","","","BlowdartGoblin","","","","","","","","3","3"
"","","","","","","Hunter","","","","","","","","4","1"
"","","","","","","Hunter","","","","","","","","3","2"
"","","","","","","Hunter","","","","","","","","3","3"
"","","","","","","AxeMan","","","","","","","","4","1"
"","","","","","","AxeMan","","","","","","","","3","2"
"","","","","","","AxeMan","","","","","","","","3","3"
"","","","","","","RoyalRecruits","","","","","","","","4","1"
"","","","","","","RoyalRecruits","","","","","","","","3","2"
"","","","","","","RoyalRecruits","","","","","","","","3","3"
"","","","","","","Bats","","","","","","","","4","1"
"","","","","","","Bats","","","","","","","","3","2"
"","","","","","","Bats","","","","","","","","3","3"
"","","","","","","Ghost","","","","","","","","4","1"
"","","","","","","Ghost","","","","","","","","3","2"
"","","","","","","Ghost","","","","","","","","3","3"
"","","","","","","MegaKnight","","","","","","","","4","1"
"","","","","","","MegaKnight","","","","","","","","3","2"
"","","","","","","MegaKnight","","","","","","","","3","3"
"","","","","","","SkeletonBalloon","","","","","","","","4","1"
"","","","","","","SkeletonBalloon","","","","","","","","3","2"
"","","","","","","SkeletonBalloon","","","","","","","","3","3"
"","","","","","","Wallbreakers","","","","","","","","4","1"
"","","","","","","Wallbreakers","","","","","","","","3","2"
"","","","","","","Wallbreakers","","","","","","","","3","3"
"","","","","","","RoyalHogs","","","","","","","","4","1"
"","","","","","","RoyalHogs","","","","","","","","3","2"
"","","","","","","RoyalHogs","","","","","","","","3","3"
"","","","","","","GoblinGiant","","","","","","","","4","1"
"","","","","","","GoblinGiant","","","","","","","","3","2"
"","","","","","","GoblinGiant","","","","","","","","3","3"
"","","","","","","ElectroDragon","","","","","","","","4","1"
"","","","","","","ElectroDragon","","","","","","","","3","2"
"","","","","","","ElectroDragon","","","","","","","","3","3"
"","","","","","","Firecracker","","","","","","","","4","1"
"","","","","","","Firecracker","","","","","","","","3","2"
"","","","","","","Firecracker","","","","","","","","3","3"
"","","","","","","GoblinBarrel","","","","","","","","4","1"
"","","","","","","GoblinBarrel","","","","","","","","3","2"
"","","","","","","GoblinBarrel","","","","","","","","3","3"
"","","","","","","Zap","","","","","","","","4","1"
"","","","","","","Zap","","","","","","","","3","2"
"","","","","","","Zap","","","","","","","","3","3"
"","","","","","","Snowball","","","","","","","","4","1"
"","","","","","","Snowball","","","","","","","","3","2"
"","","","","","","Snowball","","","","","","","","3","3"
"","","","","","","MinionHorde","","","","","","","","4","1"
"","","","","","","MinionHorde","","","","","","","","3","2"
"","","","","","","MinionHorde","","","","","","","","3","3"
"","","","","","","Princess","","","","","","","","4","1"
"","","","","","","Princess","","","","","","","","3","2"
"","","","","","","Princess","","","","","","","","3","3"
"","","","","","TowerSkin1035","","","","","","","","","101","1"
"","","","","","TowerSkin1036","","","","","","","","","101","1"
"","","","","","TowerSkin1038","","","","","","","","","101","1"
"","","","","","TowerSkin1040","","","","","","","","","101","1"
"","","","","","TowerSkin1045","","","","","","","","","101","1"
"","","","","","","","","","Gems","","","","","67","350"
"","","","","","","","","","Gems","","","","","54","425"
"","","","","","","","","","Gems","","","","","40","500"
"","","","","","","","","","Gems","","","","","27","575"
"","","","","","","","","","Gems","","","","","13","650"
"ChoiceChest_CL14_5Star","","","","","","","","","","Common","","","","502","4320"
"","","","","","","","","","","Common","","","","401","4860"
"","","","","","","","","","","Common","","","","301","5400"
"","","","","","","","","","","Common","","","","201","5940"
"","","","","","","","","","","Common","","","","101","6480"
"","","","","","","","","","","Rare","","","","467","864"
"","","","","","","","","","","Rare","","","","374","972"
"","","","","","","","","","","Rare","","","","280","1080"
"","","","","","","","","","","Rare","","","","187","1188"
"","","","","","","","","","","Rare","","","","93","1296"
"","","","","","","","","","","Epic","","","","457","108"
"","","","","","","","","","","Epic","","","","365","122"
"","","","","","","","","","","Epic","","","","274","135"
"","","","","","","","","","","Epic","","","","182","148"
"","","","","","","","","","","Epic","","","","91","162"
"","","","","","","","","","","Legendary","","","","255","11"
"","","","","","","","","","","Legendary","","","","204","13"
"","","","","","","","","","","Legendary","","","","152","14"
"","","","","","","","","","","Legendary","","","","101","15"
"","","","","","","","","","","Legendary","","","","51","17"
"","","","","","","","","","","Champion","","","","83","9"
"","","","","","","","","","","Champion","","","","67","10"
"","","","","","","","","","","Champion","","","","50","11"
"","","","","","","","","","","Champion","","","","33","12"
"","","","","","","","","","","Champion","","","","17","13"
"","","","","","","","","","","","","WildcardCommon","","345","2800"
"","","","","","","","","","","","","WildcardCommon","","275","3150"
"","","","","","","","","","","","","WildcardCommon","","207","3500"
"","","","","","","","","","","","","WildcardCommon","","138","3850"
"","","","","","","","","","","","","WildcardCommon","","69","4200"
"","","","","","","","","","","","","WildcardRare","","276","600"
"","","","","","","","","","","","","WildcardRare","","220","675"
"","","","","","","","","","","","","WildcardRare","","165","750"
"","","","","","","","","","","","","WildcardRare","","111","825"
"","","","","","","","","","","","","WildcardRare","","55","900"
"","","","","","","","","","","","","WildcardEpic","","207","80"
"","","","","","","","","","","","","WildcardEpic","","165","90"
"","","","","","","","","","","","","WildcardEpic","","124","100"
"","","","","","","","","","","","","WildcardEpic","","83","110"
"","","","","","","","","","","","","WildcardEpic","","41","120"
"","","","","","","","","","","","","WildcardLegendary","","137","10"
"","","","","","","","","","","","","WildcardLegendary","","110","11"
"","","","","","","","","","","","","WildcardLegendary","","82","12"
"","","","","","","","","","","","","WildcardLegendary","","55","13"
"","","","","","","","","","","","","WildcardLegendary","","28","14"
"","","","","","","","","","","","","WildcardChampion","","69","6"
"","","","","","","","","","","","","WildcardChampion","","56","7"
"","","","","","","","","","","","","WildcardChampion","","41","8"
"","","","","","","","","","","","","WildcardChampion","","28","9"
"","","","","","","","","","","","","WildcardChampion","","14","10"
"","","","","","","","","","","","Epic","","","15","68"
"","","","","","","","","","","","Epic","","","15","101"
"","","","","","","","","","","","Epic","","","15","135"
"","","","","","","","","","","","Epic","","","15","202"
"","","","","","","","","","","","Epic","","","15","270"
"","","","","","","","","","","","Legendary","","","8","7"
"","","","","","","","","","","","Legendary","","","8","10"
"","","","","","","","","","","","Legendary","","","8","14"
"","","","","","","","","","","","Legendary","","","8","21"
"","","","","","","","","","","","Legendary","","","8","28"
"","","","","","","Cannon","","","","","","","","9","4"
"","","","","","","Cannon","","","","","","","","7","5"
"","","","","","","Cannon","","","","","","","","6","6"
"","","","","","","Mortar","","","","","","","","9","4"
"","","","","","","Mortar","","","","","","","","7","5"
"","","","","","","Mortar","","","","","","","","6","6"
"","","","","","","Tesla","","","","","","","","9","4"
"","","","","","","Tesla","","","","","","","","7","5"
"","","","","","","Tesla","","","","","","","","6","6"
"","","","","","","FirespiritHut","","","","","","","","9","4"
"","","","","","","FirespiritHut","","","","","","","","7","5"
"","","","","","","FirespiritHut","","","","","","","","6","6"
"","","","","","","GoblinCage","","","","","","","","9","4"
"","","","","","","GoblinCage","","","","","","","","7","5"
"","","","","","","GoblinCage","","","","","","","","6","6"
"","","","","","","GoblinDrill","","","","","","","","9","4"
"","","","","","","GoblinDrill","","","","","","","","7","5"
"","","","","","","GoblinDrill","","","","","","","","6","6"
"","","","","","","Knight","","","","","","","","9","4"
"","","","","","","Knight","","","","","","","","7","5"
"","","","","","","Knight","","","","","","","","6","6"
"","","","","","","Archer","","","","","","","","9","4"
"","","","","","","Archer","","","","","","","","7","5"
"","","","","","","Archer","","","","","","","","6","6"
"","","","","","","Pekka","","","","","","","","9","4"
"","","","","","","Pekka","","","","","","","","7","5"
"","","","","","","Pekka","","","","","","","","6","6"
"","","","","","","Witch","","","","","","","","9","4"
"","","","","","","Witch","","","","","","","","7","5"
"","","","","","","Witch","","","","","","","","6","6"
"","","","","","","Barbarians","","","","","","","","9","4"
"","","","","","","Barbarians","","","","","","","","7","5"
"","","","","","","Barbarians","","","","","","","","6","6"
"","","","","","","Skeletons","","","","","","","","9","4"
"","","","","","","Skeletons","","","","","","","","7","5"
"","","","","","","Skeletons","","","","","","","","6","6"
"","","","","","","Valkyrie","","","","","","","","9","4"
"","","","","","","Valkyrie","","","","","","","","7","5"
"","","","","","","Valkyrie","","","","","","","","6","6"
"","","","","","","SkeletonArmy","","","","","","","","9","4"
"","","","","","","SkeletonArmy","","","","","","","","7","5"
"","","","","","","SkeletonArmy","","","","","","","","6","6"
"","","","","","","Bomber","","","","","","","","9","4"
"","","","","","","Bomber","","","","","","","","7","5"
"","","","","","","Bomber","","","","","","","","6","6"
"","","","","","","Musketeer","","","","","","","","9","4"
"","","","","","","Musketeer","","","","","","","","7","5"
"","","","","","","Musketeer","","","","","","","","6","6"
"","","","","","","BabyDragon","","","","","","","","9","4"
"","","","","","","BabyDragon","","","","","","","","7","5"
"","","","","","","BabyDragon","","","","","","","","6","6"
"","","","","","","Wizard","","","","","","","","9","4"
"","","","","","","Wizard","","","","","","","","7","5"
"","","","","","","Wizard","","","","","","","","6","6"
"","","","","","","RoyalGiant","","","","","","","","9","4"
"","","","","","","RoyalGiant","","","","","","","","7","5"
"","","","","","","RoyalGiant","","","","","","","","6","6"
"","","","","","","IceSpirits","","","","","","","","9","4"
"","","","","","","IceSpirits","","","","","","","","7","5"
"","","","","","","IceSpirits","","","","","","","","6","6"
"","","","","","","RageBarbarian","","","","","","","","9","4"
"","","","","","","RageBarbarian","","","","","","","","7","5"
"","","","","","","RageBarbarian","","","","","","","","6","6"
"","","","","","","BattleRam","","","","","","","","9","4"
"","","","","","","BattleRam","","","","","","","","7","5"
"","","","","","","BattleRam","","","","","","","","6","6"
"","","","","","","InfernoDragon","","","","","","","","9","4"
"","","","","","","InfernoDragon","","","","","","","","7","5"
"","","","","","","InfernoDragon","","","","","","","","6","6"
"","","","","","","BlowdartGoblin","","","","","","","","9","4"
"","","","","","","BlowdartGoblin","","","","","","","","7","5"
"","","","","","","BlowdartGoblin","","","","","","","","6","6"
"","","","","","","Hunter","","","","","","","","9","4"
"","","","","","","Hunter","","","","","","","","7","5"
"","","","","","","Hunter","","","","","","","","6","6"
"","","","","","","AxeMan","","","","","","","","9","4"
"","","","","","","AxeMan","","","","","","","","7","5"
"","","","","","","AxeMan","","","","","","","","6","6"
"","","","","","","RoyalRecruits","","","","","","","","9","4"
"","","","","","","RoyalRecruits","","","","","","","","7","5"
"","","","","","","RoyalRecruits","","","","","","","","6","6"
"","","","","","","Bats","","","","","","","","9","4"
"","","","","","","Bats","","","","","","","","7","5"
"","","","","","","Bats","","","","","","","","6","6"
"","","","","","","Ghost","","","","","","","","9","4"
"","","","","","","Ghost","","","","","","","","7","5"
"","","","","","","Ghost","","","","","","","","6","6"
"","","","","","","MegaKnight","","","","","","","","9","4"
"","","","","","","MegaKnight","","","","","","","","7","5"
"","","","","","","MegaKnight","","","","","","","","6","6"
"","","","","","","SkeletonBalloon","","","","","","","","9","4"
"","","","","","","SkeletonBalloon","","","","","","","","7","5"
"","","","","","","SkeletonBalloon","","","","","","","","6","6"
"","","","","","","Wallbreakers","","","","","","","","9","4"
"","","","","","","Wallbreakers","","","","","","","","7","5"
"","","","","","","Wallbreakers","","","","","","","","6","6"
"","","","","","","RoyalHogs","","","","","","","","9","4"
"","","","","","","RoyalHogs","","","","","","","","7","5"
"","","","","","","RoyalHogs","","","","","","","","6","6"
"","","","","","","GoblinGiant","","","","","","","","9","4"
"","","","","","","GoblinGiant","","","","","","","","7","5"
"","","","","","","GoblinGiant","","","","","","","","6","6"
"","","","","","","ElectroDragon","","","","","","","","9","4"
"","","","","","","ElectroDragon","","","","","","","","7","5"
"","","","","","","ElectroDragon","","","","","","","","6","6"
"","","","","","","Firecracker","","","","","","","","9","4"
"","","","","","","Firecracker","","","","","","","","7","5"
"","","","","","","Firecracker","","","","","","","","6","6"
"","","","","","","GoblinBarrel","","","","","","","","9","4"
"","","","","","","GoblinBarrel","","","","","","","","7","5"
"","","","","","","GoblinBarrel","","","","","","","","6","6"
"","","","","","","Zap","","","","","","","","9","4"
"","","","","","","Zap","","","","","","","","7","5"
"","","","","","","Zap","","","","","","","","6","6"
"","","","","","","Snowball","","","","","","","","9","4"
"","","","","","","Snowball","","","","","","","","7","5"
"","","","","","","Snowball","","","","","","","","6","6"
"","","","","","","MinionHorde","","","","","","","","9","4"
"","","","","","","MinionHorde","","","","","","","","7","5"
"","","","","","","MinionHorde","","","","","","","","6","6"
"","","","","","","Princess","","","","","","","","9","4"
"","","","","","","Princess","","","","","","","","7","5"
"","","","","","","Princess","","","","","","","","6","6"
"","","","","","TowerSkin1035","","","","","","","","","110","1"
"","","","","","TowerSkin1036","","","","","","","","","110","1"
"","","","","","TowerSkin1038","","","","","","","","","110","1"
"","","","","","TowerSkin1040","","","","","","","","","110","1"
"","","","","","TowerSkin1045","","","","","","","","","110","1"
"","","","","","","","","","Gems","","","","","74","700"
"","","","","","","","","","Gems","","","","","59","850"
"","","","","","","","","","Gems","","","","","44","1000"
"","","","","","","","","","Gems","","","","","29","1150"
"","","","","","","","","","Gems","","","","","15","1300"
"ChoiceChest_CL15_1Star","","","","","","","","","","Common","","","","863","16"
"","","","","","","","","","","Common","","","","690","23"
"","","","","","","","","","","Common","","","","518","31"
"","","","","","","","","","","Common","","","","345","46"
"","","","","","","","","","","Common","","","","173","62"
"","","","","","","","","","","Rare","","","","804","3"
"","","","","","","","","","","Rare","","","","643","4"
"","","","","","","","","","","Rare","","","","482","6"
"","","","","","","","","","","Rare","","","","321","9"
"","","","","","","","","","","Rare","","","","161","12"
"","","","","","","","","","Gold","","","","","1667","500"
"","","","","","","","","","Gold","","","","","1333","750"
"","","","","","","","","","Gold","","","","","1000","1000"
"","","","","","","","","","Gold","","","","","667","1500"
"","","","","","","","","","Gold","","","","","333","2000"
"","","","","","","","","","Gems","","","","","68","35"
"","","","","","","","","","Gems","","","","","54","40"
"","","","","","","","","","Gems","","","","","41","50"
"","","","","","","","","","Gems","","","","","27","55"
"","","","","","","","","","Gems","","","","","14","65"
"ChoiceChest_CL15_2Star","","","","","","","","","","Common","","","","670","62"
"","","","","","","","","","","Common","","","","536","94"
"","","","","","","","","","","Common","","","","402","125"
"","","","","","","","","","","Common","","","","268","188"
"","","","","","","","","","","Common","","","","134","250"
"","","","","","","","","","","Rare","","","","624","12"
"","","","","","","","","","","Rare","","","","499","19"
"","","","","","","","","","","Rare","","","","374","25"
"","","","","","","","","","","Rare","","","","250","38"
"","","","","","","","","","","Rare","","","","125","50"
"","","","","","","","","","","Epic","","","","610","1"
"","","","","","","","","","","Epic","","","","488","3"
"","","","","","","","","","","Epic","","","","366","5"
"","","","","","","","","","","Epic","","","","244","7"
"","","","","","","","","","","Epic","","","","122","9"
"","","","","","","","","","","","Epic","","","18","1"
"","","","","","","","","","","","Epic","","","15","3"
"","","","","","","","","","","","Epic","","","11","5"
"","","","","","","","","","","","Epic","","","7","7"
"","","","","","","","","","","","Epic","","","4","9"
"","","","","","","","","","Gold","","","","","1234","2000"
"","","","","","","","","","Gold","","","","","987","3000"
"","","","","","","","","","Gold","","","","","740","4000"
"","","","","","","","","","Gold","","","","","494","6000"
"","","","","","","","","","Gold","","","","","246","8000"
"","","","Chronos651","","","","","","","","","","","3","1"
"","","","Chronos652","","","","","","","","","","","3","1"
"","","","Chronos653","","","","","","","","","","","3","1"
"","","","Chronos654","","","","","","","","","","","3","1"
"","","","Chronos655","","","","","","","","","","","3","1"
"","","","Chronos656","","","","","","","","","","","3","1"
"","","","Chronos657","","","","","","","","","","","3","1"
"","","","Chronos658","","","","","","","","","","","3","1"
"","","","Chronos659","","","","","","","","","","","3","1"
"","","","Chronos660","","","","","","","","","","","3","1"
"","","","Chronos661","","","","","","","","","","","3","1"
"","","","Chronos662","","","","","","","","","","","3","1"
"","","","Chronos663","","","","","","","","","","","3","1"
"","","","Chronos664","","","","","","","","","","","3","1"
"","","","Chronos667","","","","","","","","","","","3","1"
"","","","Chronos668","","","","","","","","","","","3","1"
"","","","Chronos669","","","","","","","","","","","3","1"
"","","","Chronos670","","","","","","","","","","","3","1"
"","","","Chronos671","","","","","","","","","","","3","1"
"","","","Chronos672","","","","","","","","","","","3","1"
"","","","Chronos673","","","","","","","","","","","3","1"
"","","","Chronos674","","","","","","","","","","","3","1"
"","","","Chronos675","","","","","","","","","","","3","1"
"","","","Chronos676","","","","","","","","","","","3","1"
"","","","Chronos677","","","","","","","","","","","3","1"
"","","","Chronos678","","","","","","","","","","","3","1"
"","","","Chronos681","","","","","","","","","","","3","1"
"","","","Chronos682","","","","","","","","","","","3","1"
"","","","Chronos683","","","","","","","","","","","3","1"
"","","","Chronos684","","","","","","","","","","","3","1"
"","","","Chronos685","","","","","","","","","","","3","1"
"","","","Chronos686","","","","","","","","","","","3","1"
"","","","Chronos687","","","","","","","","","","","3","1"
"","","","Chronos688","","","","","","","","","","","3","1"
"","","","Chronos689","","","","","","","","","","","3","1"
"","","","Chronos690","","","","","","","","","","","3","1"
"","","","Chronos691","","","","","","","","","","","3","1"
"","","","Chronos692","","","","","","","","","","","3","1"
"","","","Chronos695","","","","","","","","","","","3","1"
"","","","Chronos696","","","","","","","","","","","3","1"
"","","","Chronos697","","","","","","","","","","","3","1"
"","","","Chronos698","","","","","","","","","","","3","1"
"","","","Chronos699","","","","","","","","","","","3","1"
"","","","Chronos700","","","","","","","","","","","3","1"
"","","","Chronos701","","","","","","","","","","","3","1"
"","","","Chronos702","","","","","","","","","","","3","1"
"","","","Chronos703","","","","","","","","","","","3","1"
"","","","Chronos704","","","","","","","","","","","3","1"
"","","","Chronos705","","","","","","","","","","","3","1"
"","","","Chronos706","","","","","","","","","","","3","1"
"","","","Chronos707","","","","","","","","","","","3","1"
"","","","Chronos708","","","","","","","","","","","3","1"
"","","","Chronos713","","","","","","","","","","","3","1"
"","","","Chronos714","","","","","","","","","","","3","1"
"","","","Chronos719","","","","","","","","","","","3","1"
"","","","Chronos720","","","","","","","","","","","3","1"
"","","","Chronos721","","","","","","","","","","","3","1"
"","","","Chronos722","","","","","","","","","","","3","1"
"","","","Chronos731","","","","","","","","","","","3","1"
"","","","Chronos732","","","","","","","","","","","3","1"
"","","","Chronos737","","","","","","","","","","","3","1"
"","","","Chronos738","","","","","","","","","","","3","1"
"","","","Chronos747","","","","","","","","","","","3","1"
"","","","Chronos748","","","","","","","","","","","3","1"
"","","","Chronos749","","","","","","","","","","","3","1"
"","","","Chronos750","","","","","","","","","","","3","1"
"","","","Chronos751","","","","","","","","","","","3","1"
"","","","Chronos752","","","","","","","","","","","3","1"
"","","","Chronos757","","","","","","","","","","","3","1"
"","","","Chronos758","","","","","","","","","","","3","1"
"","","","Chronos765","","","","","","","","","","","3","1"
"","","","Chronos766","","","","","","","","","","","3","1"
"","","","Chronos767","","","","","","","","","","","3","1"
"","","","Chronos768","","","","","","","","","","","3","1"
"","","","Chronos777","","","","","","","","","","","3","1"
"","","","Chronos778","","","","","","","","","","","3","1"
"","","","Chronos779","","","","","","","","","","","3","1"
"","","","Chronos780","","","","","","","","","","","3","1"
"","","","Chronos781","","","","","","","","","","","3","1"
"","","","Chronos782","","","","","","","","","","","3","1"
"","","","Chronos789","","","","","","","","","","","3","1"
"","","","Chronos790","","","","","","","","","","","3","1"
"","","","Chronos793","","","","","","","","","","","3","1"
"","","","Chronos794","","","","","","","","","","","3","1"
"","","","Chronos797","","","","","","","","","","","3","1"
"","","","Chronos798","","","","","","","","","","","3","1"
"","","","Chronos803","","","","","","","","","","","3","1"
"","","","Chronos804","","","","","","","","","","","3","1"
"","","","Chronos807","","","","","","","","","","","3","1"
"","","","Chronos808","","","","","","","","","","","3","1"
"","","","Chronos809","","","","","","","","","","","3","1"
"","","","Chronos810","","","","","","","","","","","3","1"
"","","","Chronos811","","","","","","","","","","","3","1"
"","","","Chronos812","","","","","","","","","","","3","1"
"","","","Chronos813","","","","","","","","","","","3","1"
"","","","Chronos814","","","","","","","","","","","3","1"
"","","","Chronos815","","","","","","","","","","","3","1"
"","","","Chronos816","","","","","","","","","","","3","1"
"","","","Chronos817","","","","","","","","","","","3","1"
"","","","Chronos818","","","","","","","","","","","3","1"
"","","","Chronos819","","","","","","","","","","","3","1"
"","","","Chronos820","","","","","","","","","","","3","1"
"","","","Chronos823","","","","","","","","","","","3","1"
"","","","Chronos824","","","","","","","","","","","3","1"
"","","","Chronos825","","","","","","","","","","","3","1"
"","","","Chronos826","","","","","","","","","","","3","1"
"","","","Chronos827","","","","","","","","","","","3","1"
"","","","Chronos828","","","","","","","","","","","3","1"
"","","","Chronos829","","","","","","","","","","","3","1"
"","","","Chronos830","","","","","","","","","","","3","1"
"","","","Chronos833","","","","","","","","","","","3","1"
"","","","Chronos834","","","","","","","","","","","3","1"
"","","","Chronos835","","","","","","","","","","","3","1"
"","","","Chronos836","","","","","","","","","","","3","1"
"","","","Chronos837","","","","","","","","","","","3","1"
"","","","Chronos838","","","","","","","","","","","3","1"
"","","","Chronos839","","","","","","","","","","","3","1"
"","","","Chronos840","","","","","","","","","","","3","1"
"","","","Chronos841","","","","","","","","","","","3","1"
"","","","Chronos842","","","","","","","","","","","3","1"
"","","","Chronos845","","","","","","","","","","","3","1"
"","","","Chronos846","","","","","","","","","","","3","1"
"","","","Chronos849","","","","","","","","","","","3","1"
"","","","Chronos850","","","","","","","","","","","3","1"
"","","","Chronos851","","","","","","","","","","","3","1"
"","","","Chronos852","","","","","","","","","","","3","1"
"","","","Chronos855","","","","","","","","","","","3","1"
"","","","Chronos856","","","","","","","","","","","3","1"
"","","","Chronos857","","","","","","","","","","","3","1"
"","","","Chronos858","","","","","","","","","","","3","1"
"","","","Chronos859","","","","","","","","","","","3","1"
"","","","Chronos860","","","","","","","","","","","3","1"
"","","","Chronos863","","","","","","","","","","","3","1"
"","","","Chronos864","","","","","","","","","","","3","1"
"","","","Chronos869","","","","","","","","","","","3","1"
"","","","Chronos870","","","","","","","","","","","3","1"
"","","","Chronos873","","","","","","","","","","","3","1"
"","","","Chronos874","","","","","","","","","","","3","1"
"","","","Chronos877","","","","","","","","","","","3","1"
"","","","Chronos878","","","","","","","","","","","3","1"
"","","","Chronos879","","","","","","","","","","","3","1"
"","","","Chronos880","","","","","","","","","","","3","1"
"","","","Chronos883","","","","","","","","","","","3","1"
"","","","Chronos884","","","","","","","","","","","3","1"
"","","","Chronos887","","","","","","","","","","","3","1"
"","","","Chronos888","","","","","","","","","","","3","1"
"","","","Chronos889","","","","","","","","","","","3","1"
"","","","Chronos890","","","","","","","","","","","3","1"
"","","","Chronos895","","","","","","","","","","","3","1"
"","","","Chronos896","","","","","","","","","","","3","1"
"","","","Chronos897","","","","","","","","","","","3","1"
"","","","Chronos898","","","","","","","","","","","3","1"
"","","","Chronos899","","","","","","","","","","","3","1"
"","","","Chronos900","","","","","","","","","","","3","1"
"","","","Chronos901","","","","","","","","","","","3","1"
"","","","Chronos902","","","","","","","","","","","3","1"
"","","","Chronos907","","","","","","","","","","","3","1"
"","","","Chronos908","","","","","","","","","","","3","1"
"","","","Chronos909","","","","","","","","","","","3","1"
"","","","Chronos910","","","","","","","","","","","3","1"
"","","","Chronos911","","","","","","","","","","","3","1"
"","","","Chronos912","","","","","","","","","","","3","1"
"","","","Chronos913","","","","","","","","","","","3","1"
"","","","Chronos914","","","","","","","","","","","3","1"
"","","","Chronos915","","","","","","","","","","","3","1"
"","","","Chronos916","","","","","","","","","","","3","1"
"","","","Chronos917","","","","","","","","","","","3","1"
"","","","Chronos918","","","","","","","","","","","3","1"
"","","","Chronos921","","","","","","","","","","","3","1"
"","","","Chronos922","","","","","","","","","","","3","1"
"","","","Chronos923","","","","","","","","","","","3","1"
"","","","Chronos924","","","","","","","","","","","3","1"
"","","","Chronos925","","","","","","","","","","","3","1"
"","","","Chronos926","","","","","","","","","","","3","1"
"","","","Chronos929","","","","","","","","","","","3","1"
"","","","Chronos930","","","","","","","","","","","3","1"
"","","","Chronos931","","","","","","","","","","","3","1"
"","","","Chronos932","","","","","","","","","","","3","1"
"","","","Chronos933","","","","","","","","","","","3","1"
"","","","Chronos934","","","","","","","","","","","3","1"
"","","","Chronos937","","","","","","","","","","","3","1"
"","","","Chronos938","","","","","","","","","","","3","1"
"","","","","","","","","","Gems","","","","","68","70"
"","","","","","","","","","Gems","","","","","54","85"
"","","","","","","","","","Gems","","","","","41","100"
"","","","","","","","","","Gems","","","","","27","115"
"","","","","","","","","","Gems","","","","","14","130"
"ChoiceChest_CL15_3Star","","","","","","","","","","Common","","","","625","250"
"","","","","","","","","","","Common","","","","500","375"
"","","","","","","","","","","Common","","","","375","500"
"","","","","","","","","","","Common","","","","250","750"
"","","","","","","","","","","Common","","","","125","1000"
"","","","","","","","","","","Rare","","","","582","50"
"","","","","","","","","","","Rare","","","","466","75"
"","","","","","","","","","","Rare","","","","349","100"
"","","","","","","","","","","Rare","","","","233","150"
"","","","","","","","","","","Rare","","","","116","200"
"","","","","","","","","","","Epic","","","","569","6"
"","","","","","","","","","","Epic","","","","455","10"
"","","","","","","","","","","Epic","","","","341","13"
"","","","","","","","","","","Epic","","","","228","20"
"","","","","","","","","","","Epic","","","","114","26"
"","","","","","","","","","","Legendary","","","","528","1"
"","","","","","","","","","","Legendary","","","","422","2"
"","","","","","","","","","","Champion","","","","172","1"
"","","","","","","","","","","Champion","","","","138","2"
"","","","","","","","","","","","Epic","","","46","6"
"","","","","","","","","","","","Epic","","","46","10"
"","","","","","","","","","","","Epic","","","46","13"
"","","","","","","","","","","","Epic","","","46","20"
"","","","","","","","","","","","Epic","","","46","26"
"","","","","","","","","","","","Legendary","","","10","1"
"","","","","","","","","","","","Legendary","","","10","2"
"","","","","","","","","","Gold","","","","","919","8000"
"","","","","","","","","","Gold","","","","","735","12000"
"","","","","","","","","","Gold","","","","","551","16000"
"","","","","","","","","","Gold","","","","","368","24000"
"","","","","","","","","","Gold","","","","","183","32000"
"","","","","EmoteChronos232","","","","","","","","","","12","1"
"","","","","EmoteChronos234","","","","","","","","","","12","1"
"","","","","EmoteChronos235","","","","","","","","","","12","1"
"","","","","EmoteChronos241","","","","","","","","","","12","1"
"","","","","EmoteChronos242","","","","","","","","","","12","1"
"","","","","EmoteChronos247","","","","","","","","","","12","1"
"","","","","EmoteChronos251","","","","","","","","","","12","1"
"","","","","EmoteChronos253","","","","","","","","","","12","1"
"","","","","EmoteChronos255","","","","","","","","","","12","1"
"","","","","EmoteChronos256","","","","","","","","","","12","1"
"","","","","EmoteChronos257","","","","","","","","","","12","1"
"","","","","EmoteChronos259","","","","","","","","","","12","1"
"","","","","EmoteChronos265","","","","","","","","","","12","1"
"","","","","EmoteChronos267","","","","","","","","","","12","1"
"","","","","EmoteChronos270","","","","","","","","","","12","1"
"","","","","EmoteChronos271","","","","","","","","","","12","1"
"","","","","EmoteChronos274","","","","","","","","","","12","1"
"","","","","EmoteChronos277","","","","","","","","","","12","1"
"","","","","EmoteChronos278","","","","","","","","","","12","1"
"","","","","EmoteChronos279","","","","","","","","","","12","1"
"","","","","EmoteChronos280","","","","","","","","","","12","1"
"","","","","EmoteChronos283","","","","","","","","","","12","1"
"","","","","EmoteChronos286","","","","","","","","","","12","1"
"","","","","EmoteChronos291","","","","","","","","","","12","1"
"","","","","EmoteChronos293","","","","","","","","","","12","1"
"","","","","EmoteChronos295","","","","","","","","","","12","1"
"","","","","EmoteChronos297","","","","","","","","","","12","1"
"","","","","EmoteChronos303","","","","","","","","","","12","1"
"","","","","EmoteChronos304","","","","","","","","","","12","1"
"","","","","EmoteChronos305","","","","","","","","","","12","1"
"","","","","EmoteChronos307","","","","","","","","","","12","1"
"","","","","EmoteChronos313","","","","","","","","","","12","1"
"","","","","EmoteChronos315","","","","","","","","","","12","1"
"","","","","EmoteChronos318","","","","","","","","","","12","1"
"","","","","EmoteChronos321","","","","","","","","","","12","1"
"","","","","EmoteChronos323","","","","","","","","","","12","1"
"","","","","EmoteChronos332","","","","","","","","","","12","1"
"","","","","EmoteChronos333","","","","","","","","","","12","1"
"","","","","EmoteChronos336","","","","","","","","","","12","1"
"","","","","EmoteChronos338","","","","","","","","","","12","1"
"","","","","EmoteChronos341","","","","","","","","","","12","1"
"","","","","EmoteChronos343","","","","","","","","","","12","1"
"","","","","EmoteChronos346","","","","","","","","","","12","1"
"","","","","","","","","","Gems","","","","","68","175"
"","","","","","","","","","Gems","","","","","54","210"
"","","","","","","","","","Gems","","","","","41","250"
"","","","","","","","","","Gems","","","","","27","290"
"","","","","","","","","","Gems","","","","","14","325"
"ChoiceChest_CL15_4Star","","","","","","","","","","Common","","","","519","1000"
"","","","","","","","","","","Common","","","","415","1500"
"","","","","","","","","","","Common","","","","312","2000"
"","","","","","","","","","","Common","","","","207","3000"
"","","","","","","","","","","Common","","","","104","4000"
"","","","","","","","","","","Rare","","","","483","200"
"","","","","","","","","","","Rare","","","","387","300"
"","","","","","","","","","","Rare","","","","290","400"
"","","","","","","","","","","Rare","","","","193","600"
"","","","","","","","","","","Rare","","","","97","800"
"","","","","","","","","","","Epic","","","","473","25"
"","","","","","","","","","","Epic","","","","378","38"
"","","","","","","","","","","Epic","","","","283","50"
"","","","","","","","","","","Epic","","","","189","75"
"","","","","","","","","","","Epic","","","","95","100"
"","","","","","","","","","","Legendary","","","","263","2"
"","","","","","","","","","","Legendary","","","","210","4"
"","","","","","","","","","","Legendary","","","","158","5"
"","","","","","","","","","","Legendary","","","","105","8"
"","","","","","","","","","","Legendary","","","","53","10"
"","","","","","","","","","","Champion","","","","86","2"
"","","","","","","","","","","Champion","","","","69","3"
"","","","","","","","","","","Champion","","","","51","4"
"","","","","","","","","","","Champion","","","","34","6"
"","","","","","","","","","","Champion","","","","17","8"
"","","","","","","","","","","","","WildcardCommon","","374","332"
"","","","","","","","","","","","","WildcardCommon","","299","499"
"","","","","","","","","","","","","WildcardCommon","","225","665"
"","","","","","","","","","","","","WildcardCommon","","149","998"
"","","","","","","","","","","","","WildcardCommon","","74","1330"
"","","","","","","","","","","","","WildcardRare","","299","66"
"","","","","","","","","","","","","WildcardRare","","239","100"
"","","","","","","","","","","","","WildcardRare","","179","133"
"","","","","","","","","","","","","WildcardRare","","120","200"
"","","","","","","","","","","","","WildcardRare","","59","266"
"","","","","","","","","","","","","WildcardEpic","","224","8"
"","","","","","","","","","","","","WildcardEpic","","179","13"
"","","","","","","","","","","","","WildcardEpic","","135","17"
"","","","","","","","","","","","","WildcardEpic","","89","26"
"","","","","","","","","","","","","WildcardEpic","","46","34"
"","","","","","","","","","","","","WildcardLegendary","","160","1"
"","","","","","","","","","","","","WildcardLegendary","","128","2"
"","","","","","","","","","","","","WildcardLegendary","","96","3"
"","","","","","","","","","","","","WildcardLegendary","","64","4"
"","","","","","","","","","","","","WildcardChampion","","124","1"
"","","","","","","","","","","","","WildcardChampion","","100","2"
"","","","","","","","","","","","Epic","","","15","25"
"","","","","","","","","","","","Epic","","","15","38"
"","","","","","","","","","","","Epic","","","15","50"
"","","","","","","","","","","","Epic","","","15","75"
"","","","","","","","","","","","Epic","","","15","100"
"","","","","","","","","","","","Legendary","","","9","2"
"","","","","","","","","","","","Legendary","","","9","4"
"","","","","","","","","","","","Legendary","","","9","5"
"","","","","","","","","","","","Legendary","","","9","8"
"","","","","","","","","","","","Legendary","","","9","10"
"","","","","","","Cannon","","","","","","","","4","1"
"","","","","","","Cannon","","","","","","","","3","2"
"","","","","","","Cannon","","","","","","","","3","3"
"","","","","","","Mortar","","","","","","","","4","1"
"","","","","","","Mortar","","","","","","","","3","2"
"","","","","","","Mortar","","","","","","","","3","3"
"","","","","","","Tesla","","","","","","","","4","1"
"","","","","","","Tesla","","","","","","","","3","2"
"","","","","","","Tesla","","","","","","","","3","3"
"","","","","","","FirespiritHut","","","","","","","","4","1"
"","","","","","","FirespiritHut","","","","","","","","3","2"
"","","","","","","FirespiritHut","","","","","","","","3","3"
"","","","","","","GoblinCage","","","","","","","","4","1"
"","","","","","","GoblinCage","","","","","","","","3","2"
"","","","","","","GoblinCage","","","","","","","","3","3"
"","","","","","","GoblinDrill","","","","","","","","4","1"
"","","","","","","GoblinDrill","","","","","","","","3","2"
"","","","","","","GoblinDrill","","","","","","","","3","3"
"","","","","","","Knight","","","","","","","","4","1"
"","","","","","","Knight","","","","","","","","3","2"
"","","","","","","Knight","","","","","","","","3","3"
"","","","","","","Archer","","","","","","","","4","1"
"","","","","","","Archer","","","","","","","","3","2"
"","","","","","","Archer","","","","","","","","3","3"
"","","","","","","Pekka","","","","","","","","4","1"
"","","","","","","Pekka","","","","","","","","3","2"
"","","","","","","Pekka","","","","","","","","3","3"
"","","","","","","Witch","","","","","","","","4","1"
"","","","","","","Witch","","","","","","","","3","2"
"","","","","","","Witch","","","","","","","","3","3"
"","","","","","","Barbarians","","","","","","","","4","1"
"","","","","","","Barbarians","","","","","","","","3","2"
"","","","","","","Barbarians","","","","","","","","3","3"
"","","","","","","Skeletons","","","","","","","","4","1"
"","","","","","","Skeletons","","","","","","","","3","2"
"","","","","","","Skeletons","","","","","","","","3","3"
"","","","","","","Valkyrie","","","","","","","","4","1"
"","","","","","","Valkyrie","","","","","","","","3","2"
"","","","","","","Valkyrie","","","","","","","","3","3"
"","","","","","","SkeletonArmy","","","","","","","","4","1"
"","","","","","","SkeletonArmy","","","","","","","","3","2"
"","","","","","","SkeletonArmy","","","","","","","","3","3"
"","","","","","","Bomber","","","","","","","","4","1"
"","","","","","","Bomber","","","","","","","","3","2"
"","","","","","","Bomber","","","","","","","","3","3"
"","","","","","","Musketeer","","","","","","","","4","1"
"","","","","","","Musketeer","","","","","","","","3","2"
"","","","","","","Musketeer","","","","","","","","3","3"
"","","","","","","BabyDragon","","","","","","","","4","1"
"","","","","","","BabyDragon","","","","","","","","3","2"
"","","","","","","BabyDragon","","","","","","","","3","3"
"","","","","","","Wizard","","","","","","","","4","1"
"","","","","","","Wizard","","","","","","","","3","2"
"","","","","","","Wizard","","","","","","","","3","3"
"","","","","","","RoyalGiant","","","","","","","","4","1"
"","","","","","","RoyalGiant","","","","","","","","3","2"
"","","","","","","RoyalGiant","","","","","","","","3","3"
"","","","","","","IceSpirits","","","","","","","","4","1"
"","","","","","","IceSpirits","","","","","","","","3","2"
"","","","","","","IceSpirits","","","","","","","","3","3"
"","","","","","","RageBarbarian","","","","","","","","4","1"
"","","","","","","RageBarbarian","","","","","","","","3","2"
"","","","","","","RageBarbarian","","","","","","","","3","3"
"","","","","","","BattleRam","","","","","","","","4","1"
"","","","","","","BattleRam","","","","","","","","3","2"
"","","","","","","BattleRam","","","","","","","","3","3"
"","","","","","","InfernoDragon","","","","","","","","4","1"
"","","","","","","InfernoDragon","","","","","","","","3","2"
"","","","","","","InfernoDragon","","","","","","","","3","3"
"","","","","","","BlowdartGoblin","","","","","","","","4","1"
"","","","","","","BlowdartGoblin","","","","","","","","3","2"
"","","","","","","BlowdartGoblin","","","","","","","","3","3"
"","","","","","","Hunter","","","","","","","","4","1"
"","","","","","","Hunter","","","","","","","","3","2"
"","","","","","","Hunter","","","","","","","","3","3"
"","","","","","","AxeMan","","","","","","","","4","1"
"","","","","","","AxeMan","","","","","","","","3","2"
"","","","","","","AxeMan","","","","","","","","3","3"
"","","","","","","RoyalRecruits","","","","","","","","4","1"
"","","","","","","RoyalRecruits","","","","","","","","3","2"
"","","","","","","RoyalRecruits","","","","","","","","3","3"
"","","","","","","Bats","","","","","","","","4","1"
"","","","","","","Bats","","","","","","","","3","2"
"","","","","","","Bats","","","","","","","","3","3"
"","","","","","","Ghost","","","","","","","","4","1"
"","","","","","","Ghost","","","","","","","","3","2"
"","","","","","","Ghost","","","","","","","","3","3"
"","","","","","","MegaKnight","","","","","","","","4","1"
"","","","","","","MegaKnight","","","","","","","","3","2"
"","","","","","","MegaKnight","","","","","","","","3","3"
"","","","","","","SkeletonBalloon","","","","","","","","4","1"
"","","","","","","SkeletonBalloon","","","","","","","","3","2"
"","","","","","","SkeletonBalloon","","","","","","","","3","3"
"","","","","","","Wallbreakers","","","","","","","","4","1"
"","","","","","","Wallbreakers","","","","","","","","3","2"
"","","","","","","Wallbreakers","","","","","","","","3","3"
"","","","","","","RoyalHogs","","","","","","","","4","1"
"","","","","","","RoyalHogs","","","","","","","","3","2"
"","","","","","","RoyalHogs","","","","","","","","3","3"
"","","","","","","GoblinGiant","","","","","","","","4","1"
"","","","","","","GoblinGiant","","","","","","","","3","2"
"","","","","","","GoblinGiant","","","","","","","","3","3"
"","","","","","","ElectroDragon","","","","","","","","4","1"
"","","","","","","ElectroDragon","","","","","","","","3","2"
"","","","","","","ElectroDragon","","","","","","","","3","3"
"","","","","","","Firecracker","","","","","","","","4","1"
"","","","","","","Firecracker","","","","","","","","3","2"
"","","","","","","Firecracker","","","","","","","","3","3"
"","","","","","","GoblinBarrel","","","","","","","","4","1"
"","","","","","","GoblinBarrel","","","","","","","","3","2"
"","","","","","","GoblinBarrel","","","","","","","","3","3"
"","","","","","","Zap","","","","","","","","4","1"
"","","","","","","Zap","","","","","","","","3","2"
"","","","","","","Zap","","","","","","","","3","3"
"","","","","","","Snowball","","","","","","","","4","1"
"","","","","","","Snowball","","","","","","","","3","2"
"","","","","","","Snowball","","","","","","","","3","3"
"","","","","","","MinionHorde","","","","","","","","4","1"
"","","","","","","MinionHorde","","","","","","","","3","2"
"","","","","","","MinionHorde","","","","","","","","3","3"
"","","","","","","Princess","","","","","","","","4","1"
"","","","","","","Princess","","","","","","","","3","2"
"","","","","","","Princess","","","","","","","","3","3"
"","","","","","TowerSkin1035","","","","","","","","","101","1"
"","","","","","TowerSkin1036","","","","","","","","","101","1"
"","","","","","TowerSkin1038","","","","","","","","","101","1"
"","","","","","TowerSkin1040","","","","","","","","","101","1"
"","","","","","TowerSkin1045","","","","","","","","","101","1"
"","","","","","","","","","Gems","","","","","67","350"
"","","","","","","","","","Gems","","","","","54","425"
"","","","","","","","","","Gems","","","","","40","500"
"","","","","","","","","","Gems","","","","","27","575"
"","","","","","","","","","Gems","","","","","13","650"
"ChoiceChest_CL15_5Star","","","","","","","","","","Common","","","","502","4800"
"","","","","","","","","","","Common","","","","401","5400"
"","","","","","","","","","","Common","","","","301","6000"
"","","","","","","","","","","Common","","","","201","6600"
"","","","","","","","","","","Common","","","","101","7200"
"","","","","","","","","","","Rare","","","","467","960"
"","","","","","","","","","","Rare","","","","374","1080"
"","","","","","","","","","","Rare","","","","280","1200"
"","","","","","","","","","","Rare","","","","187","1320"
"","","","","","","","","","","Rare","","","","93","1440"
"","","","","","","","","","","Epic","","","","457","120"
"","","","","","","","","","","Epic","","","","365","135"
"","","","","","","","","","","Epic","","","","274","150"
"","","","","","","","","","","Epic","","","","182","165"
"","","","","","","","","","","Epic","","","","91","180"
"","","","","","","","","","","Legendary","","","","255","13"
"","","","","","","","","","","Legendary","","","","204","14"
"","","","","","","","","","","Legendary","","","","152","16"
"","","","","","","","","","","Legendary","","","","101","18"
"","","","","","","","","","","Legendary","","","","51","19"
"","","","","","","","","","","Champion","","","","83","10"
"","","","","","","","","","","Champion","","","","67","11"
"","","","","","","","","","","Champion","","","","50","12"
"","","","","","","","","","","Champion","","","","33","13"
"","","","","","","","","","","Champion","","","","17","14"
"","","","","","","","","","","","","WildcardCommon","","345","4400"
"","","","","","","","","","","","","WildcardCommon","","275","4950"
"","","","","","","","","","","","","WildcardCommon","","207","5500"
"","","","","","","","","","","","","WildcardCommon","","138","6050"
"","","","","","","","","","","","","WildcardCommon","","69","6600"
"","","","","","","","","","","","","WildcardRare","","276","800"
"","","","","","","","","","","","","WildcardRare","","220","900"
"","","","","","","","","","","","","WildcardRare","","165","1000"
"","","","","","","","","","","","","WildcardRare","","111","1100"
"","","","","","","","","","","","","WildcardRare","","55","1200"
"","","","","","","","","","","","","WildcardEpic","","207","104"
"","","","","","","","","","","","","WildcardEpic","","165","117"
"","","","","","","","","","","","","WildcardEpic","","124","130"
"","","","","","","","","","","","","WildcardEpic","","83","143"
"","","","","","","","","","","","","WildcardEpic","","41","156"
"","","","","","","","","","","","","WildcardLegendary","","137","11"
"","","","","","","","","","","","","WildcardLegendary","","110","13"
"","","","","","","","","","","","","WildcardLegendary","","82","14"
"","","","","","","","","","","","","WildcardLegendary","","55","15"
"","","","","","","","","","","","","WildcardLegendary","","28","17"
"","","","","","","","","","","","","WildcardChampion","","69","9"
"","","","","","","","","","","","","WildcardChampion","","56","10"
"","","","","","","","","","","","","WildcardChampion","","41","11"
"","","","","","","","","","","","","WildcardChampion","","28","12"
"","","","","","","","","","","","","WildcardChampion","","14","13"
"","","","","","","","","","","","Epic","","","15","75"
"","","","","","","","","","","","Epic","","","15","112"
"","","","","","","","","","","","Epic","","","15","150"
"","","","","","","","","","","","Epic","","","15","225"
"","","","","","","","","","","","Epic","","","15","300"
"","","","","","","","","","","","Legendary","","","8","8"
"","","","","","","","","","","","Legendary","","","8","12"
"","","","","","","","","","","","Legendary","","","8","16"
"","","","","","","","","","","","Legendary","","","8","24"
"","","","","","","","","","","","Legendary","","","8","32"
"","","","","","","Cannon","","","","","","","","9","4"
"","","","","","","Cannon","","","","","","","","7","5"
"","","","","","","Cannon","","","","","","","","6","6"
"","","","","","","Mortar","","","","","","","","9","4"
"","","","","","","Mortar","","","","","","","","7","5"
"","","","","","","Mortar","","","","","","","","6","6"
"","","","","","","Tesla","","","","","","","","9","4"
"","","","","","","Tesla","","","","","","","","7","5"
"","","","","","","Tesla","","","","","","","","6","6"
"","","","","","","FirespiritHut","","","","","","","","9","4"
"","","","","","","FirespiritHut","","","","","","","","7","5"
"","","","","","","FirespiritHut","","","","","","","","6","6"
"","","","","","","GoblinCage","","","","","","","","9","4"
"","","","","","","GoblinCage","","","","","","","","7","5"
"","","","","","","GoblinCage","","","","","","","","6","6"
"","","","","","","GoblinDrill","","","","","","","","9","4"
"","","","","","","GoblinDrill","","","","","","","","7","5"
"","","","","","","GoblinDrill","","","","","","","","6","6"
"","","","","","","Knight","","","","","","","","9","4"
"","","","","","","Knight","","","","","","","","7","5"
"","","","","","","Knight","","","","","","","","6","6"
"","","","","","","Archer","","","","","","","","9","4"
"","","","","","","Archer","","","","","","","","7","5"
"","","","","","","Archer","","","","","","","","6","6"
"","","","","","","Pekka","","","","","","","","9","4"
"","","","","","","Pekka","","","","","","","","7","5"
"","","","","","","Pekka","","","","","","","","6","6"
"","","","","","","Witch","","","","","","","","9","4"
"","","","","","","Witch","","","","","","","","7","5"
"","","","","","","Witch","","","","","","","","6","6"
"","","","","","","Barbarians","","","","","","","","9","4"
"","","","","","","Barbarians","","","","","","","","7","5"
"","","","","","","Barbarians","","","","","","","","6","6"
"","","","","","","Skeletons","","","","","","","","9","4"
"","","","","","","Skeletons","","","","","","","","7","5"
"","","","","","","Skeletons","","","","","","","","6","6"
"","","","","","","Valkyrie","","","","","","","","9","4"
"","","","","","","Valkyrie","","","","","","","","7","5"
"","","","","","","Valkyrie","","","","","","","","6","6"
"","","","","","","SkeletonArmy","","","","","","","","9","4"
"","","","","","","SkeletonArmy","","","","","","","","7","5"
"","","","","","","SkeletonArmy","","","","","","","","6","6"
"","","","","","","Bomber","","","","","","","","9","4"
"","","","","","","Bomber","","","","","","","","7","5"
"","","","","","","Bomber","","","","","","","","6","6"
"","","","","","","Musketeer","","","","","","","","9","4"
"","","","","","","Musketeer","","","","","","","","7","5"
"","","","","","","Musketeer","","","","","","","","6","6"
"","","","","","","BabyDragon","","","","","","","","9","4"
"","","","","","","BabyDragon","","","","","","","","7","5"
"","","","","","","BabyDragon","","","","","","","","6","6"
"","","","","","","Wizard","","","","","","","","9","4"
"","","","","","","Wizard","","","","","","","","7","5"
"","","","","","","Wizard","","","","","","","","6","6"
"","","","","","","RoyalGiant","","","","","","","","9","4"
"","","","","","","RoyalGiant","","","","","","","","7","5"
"","","","","","","RoyalGiant","","","","","","","","6","6"
"","","","","","","IceSpirits","","","","","","","","9","4"
"","","","","","","IceSpirits","","","","","","","","7","5"
"","","","","","","IceSpirits","","","","","","","","6","6"
"","","","","","","RageBarbarian","","","","","","","","9","4"
"","","","","","","RageBarbarian","","","","","","","","7","5"
"","","","","","","RageBarbarian","","","","","","","","6","6"
"","","","","","","BattleRam","","","","","","","","9","4"
"","","","","","","BattleRam","","","","","","","","7","5"
"","","","","","","BattleRam","","","","","","","","6","6"
"","","","","","","InfernoDragon","","","","","","","","9","4"
"","","","","","","InfernoDragon","","","","","","","","7","5"
"","","","","","","InfernoDragon","","","","","","","","6","6"
"","","","","","","BlowdartGoblin","","","","","","","","9","4"
"","","","","","","BlowdartGoblin","","","","","","","","7","5"
"","","","","","","BlowdartGoblin","","","","","","","","6","6"
"","","","","","","Hunter","","","","","","","","9","4"
"","","","","","","Hunter","","","","","","","","7","5"
"","","","","","","Hunter","","","","","","","","6","6"
"","","","","","","AxeMan","","","","","","","","9","4"
"","","","","","","AxeMan","","","","","","","","7","5"
"","","","","","","AxeMan","","","","","","","","6","6"
"","","","","","","RoyalRecruits","","","","","","","","9","4"
"","","","","","","RoyalRecruits","","","","","","","","7","5"
"","","","","","","RoyalRecruits","","","","","","","","6","6"
"","","","","","","Bats","","","","","","","","9","4"
"","","","","","","Bats","","","","","","","","7","5"
"","","","","","","Bats","","","","","","","","6","6"
"","","","","","","Ghost","","","","","","","","9","4"
"","","","","","","Ghost","","","","","","","","7","5"
"","","","","","","Ghost","","","","","","","","6","6"
"","","","","","","MegaKnight","","","","","","","","9","4"
"","","","","","","MegaKnight","","","","","","","","7","5"
"","","","","","","MegaKnight","","","","","","","","6","6"
"","","","","","","SkeletonBalloon","","","","","","","","9","4"
"","","","","","","SkeletonBalloon","","","","","","","","7","5"
"","","","","","","SkeletonBalloon","","","","","","","","6","6"
"","","","","","","Wallbreakers","","","","","","","","9","4"
"","","","","","","Wallbreakers","","","","","","","","7","5"
"","","","","","","Wallbreakers","","","","","","","","6","6"
"","","","","","","RoyalHogs","","","","","","","","9","4"
"","","","","","","RoyalHogs","","","","","","","","7","5"
"","","","","","","RoyalHogs","","","","","","","","6","6"
"","","","","","","GoblinGiant","","","","","","","","9","4"
"","","","","","","GoblinGiant","","","","","","","","7","5"
"","","","","","","GoblinGiant","","","","","","","","6","6"
"","","","","","","ElectroDragon","","","","","","","","9","4"
"","","","","","","ElectroDragon","","","","","","","","7","5"
"","","","","","","ElectroDragon","","","","","","","","6","6"
"","","","","","","Firecracker","","","","","","","","9","4"
"","","","","","","Firecracker","","","","","","","","7","5"
"","","","","","","Firecracker","","","","","","","","6","6"
"","","","","","","GoblinBarrel","","","","","","","","9","4"
"","","","","","","GoblinBarrel","","","","","","","","7","5"
"","","","","","","GoblinBarrel","","","","","","","","6","6"
"","","","","","","Zap","","","","","","","","9","4"
"","","","","","","Zap","","","","","","","","7","5"
"","","","","","","Zap","","","","","","","","6","6"
"","","","","","","Snowball","","","","","","","","9","4"
"","","","","","","Snowball","","","","","","","","7","5"
"","","","","","","Snowball","","","","","","","","6","6"
"","","","","","","MinionHorde","","","","","","","","9","4"
"","","","","","","MinionHorde","","","","","","","","7","5"
"","","","","","","MinionHorde","","","","","","","","6","6"
"","","","","","","Princess","","","","","","","","9","4"
"","","","","","","Princess","","","","","","","","7","5"
"","","","","","","Princess","","","","","","","","6","6"
"","","","","","TowerSkin1035","","","","","","","","","110","1"
"","","","","","TowerSkin1036","","","","","","","","","110","1"
"","","","","","TowerSkin1038","","","","","","","","","110","1"
"","","","","","TowerSkin1040","","","","","","","","","110","1"
"","","","","","TowerSkin1045","","","","","","","","","110","1"
"","","","","","","","","","Gems","","","","","74","700"
"","","","","","","","","","Gems","","","","","59","850"
"","","","","","","","","","Gems","","","","","44","1000"
"","","","","","","","","","Gems","","","","","29","1150"
"","","","","","","","","","Gems","","","","","15","1300"
"ChoiceChest_CL16_1Star","","","","","","","","","","Common","","","","863","17"
"","","","","","","","","","","Common","","","","690","26"
"","","","","","","","","","","Common","","","","518","34"
"","","","","","","","","","","Common","","","","345","51"
"","","","","","","","","","","Common","","","","173","68"
"","","","","","","","","","","Rare","","","","804","4"
"","","","","","","","","","","Rare","","","","643","5"
"","","","","","","","","","","Rare","","","","482","7"
"","","","","","","","","","","Rare","","","","321","10"
"","","","","","","","","","","Rare","","","","161","14"
"","","","","","","","","","Gold","","","","","1667","550"
"","","","","","","","","","Gold","","","","","1333","825"
"","","","","","","","","","Gold","","","","","1000","1100"
"","","","","","","","","","Gold","","","","","667","1650"
"","","","","","","","","","Gold","","","","","333","2200"
"","","","","","","","","","Gems","","","","","68","35"
"","","","","","","","","","Gems","","","","","54","40"
"","","","","","","","","","Gems","","","","","41","50"
"","","","","","","","","","Gems","","","","","27","55"
"","","","","","","","","","Gems","","","","","14","65"
"ChoiceChest_CL16_2Star","","","","","","","","","","Common","","","","670","69"
"","","","","","","","","","","Common","","","","536","104"
"","","","","","","","","","","Common","","","","402","138"
"","","","","","","","","","","Common","","","","268","207"
"","","","","","","","","","","Common","","","","134","276"
"","","","","","","","","","","Rare","","","","624","14"
"","","","","","","","","","","Rare","","","","499","21"
"","","","","","","","","","","Rare","","","","374","28"
"","","","","","","","","","","Rare","","","","250","42"
"","","","","","","","","","","Rare","","","","125","56"
"","","","","","","","","","","Epic","","","","610","1"
"","","","","","","","","","","Epic","","","","488","3"
"","","","","","","","","","","Epic","","","","366","5"
"","","","","","","","","","","Epic","","","","244","7"
"","","","","","","","","","","Epic","","","","122","9"
"","","","","","","","","","","","Epic","","","18","1"
"","","","","","","","","","","","Epic","","","15","3"
"","","","","","","","","","","","Epic","","","11","5"
"","","","","","","","","","","","Epic","","","7","7"
"","","","","","","","","","","","Epic","","","4","9"
"","","","","","","","","","Gold","","","","","1234","2200"
"","","","","","","","","","Gold","","","","","987","3300"
"","","","","","","","","","Gold","","","","","740","4400"
"","","","","","","","","","Gold","","","","","494","6600"
"","","","","","","","","","Gold","","","","","246","8800"
"","","","Chronos651","","","","","","","","","","","3","1"
"","","","Chronos652","","","","","","","","","","","3","1"
"","","","Chronos653","","","","","","","","","","","3","1"
"","","","Chronos654","","","","","","","","","","","3","1"
"","","","Chronos655","","","","","","","","","","","3","1"
"","","","Chronos656","","","","","","","","","","","3","1"
"","","","Chronos657","","","","","","","","","","","3","1"
"","","","Chronos658","","","","","","","","","","","3","1"
"","","","Chronos659","","","","","","","","","","","3","1"
"","","","Chronos660","","","","","","","","","","","3","1"
"","","","Chronos661","","","","","","","","","","","3","1"
"","","","Chronos662","","","","","","","","","","","3","1"
"","","","Chronos663","","","","","","","","","","","3","1"
"","","","Chronos664","","","","","","","","","","","3","1"
"","","","Chronos667","","","","","","","","","","","3","1"
"","","","Chronos668","","","","","","","","","","","3","1"
"","","","Chronos669","","","","","","","","","","","3","1"
"","","","Chronos670","","","","","","","","","","","3","1"
"","","","Chronos671","","","","","","","","","","","3","1"
"","","","Chronos672","","","","","","","","","","","3","1"
"","","","Chronos673","","","","","","","","","","","3","1"
"","","","Chronos674","","","","","","","","","","","3","1"
"","","","Chronos675","","","","","","","","","","","3","1"
"","","","Chronos676","","","","","","","","","","","3","1"
"","","","Chronos677","","","","","","","","","","","3","1"
"","","","Chronos678","","","","","","","","","","","3","1"
"","","","Chronos681","","","","","","","","","","","3","1"
"","","","Chronos682","","","","","","","","","","","3","1"
"","","","Chronos683","","","","","","","","","","","3","1"
"","","","Chronos684","","","","","","","","","","","3","1"
"","","","Chronos685","","","","","","","","","","","3","1"
"","","","Chronos686","","","","","","","","","","","3","1"
"","","","Chronos687","","","","","","","","","","","3","1"
"","","","Chronos688","","","","","","","","","","","3","1"
"","","","Chronos689","","","","","","","","","","","3","1"
"","","","Chronos690","","","","","","","","","","","3","1"
"","","","Chronos691","","","","","","","","","","","3","1"
"","","","Chronos692","","","","","","","","","","","3","1"
"","","","Chronos695","","","","","","","","","","","3","1"
"","","","Chronos696","","","","","","","","","","","3","1"
"","","","Chronos697","","","","","","","","","","","3","1"
"","","","Chronos698","","","","","","","","","","","3","1"
"","","","Chronos699","","","","","","","","","","","3","1"
"","","","Chronos700","","","","","","","","","","","3","1"
"","","","Chronos701","","","","","","","","","","","3","1"
"","","","Chronos702","","","","","","","","","","","3","1"
"","","","Chronos703","","","","","","","","","","","3","1"
"","","","Chronos704","","","","","","","","","","","3","1"
"","","","Chronos705","","","","","","","","","","","3","1"
"","","","Chronos706","","","","","","","","","","","3","1"
"","","","Chronos707","","","","","","","","","","","3","1"
"","","","Chronos708","","","","","","","","","","","3","1"
"","","","Chronos713","","","","","","","","","","","3","1"
"","","","Chronos714","","","","","","","","","","","3","1"
"","","","Chronos719","","","","","","","","","","","3","1"
"","","","Chronos720","","","","","","","","","","","3","1"
"","","","Chronos721","","","","","","","","","","","3","1"
"","","","Chronos722","","","","","","","","","","","3","1"
"","","","Chronos731","","","","","","","","","","","3","1"
"","","","Chronos732","","","","","","","","","","","3","1"
"","","","Chronos737","","","","","","","","","","","3","1"
"","","","Chronos738","","","","","","","","","","","3","1"
"","","","Chronos747","","","","","","","","","","","3","1"
"","","","Chronos748","","","","","","","","","","","3","1"
"","","","Chronos749","","","","","","","","","","","3","1"
"","","","Chronos750","","","","","","","","","","","3","1"
"","","","Chronos751","","","","","","","","","","","3","1"
"","","","Chronos752","","","","","","","","","","","3","1"
"","","","Chronos757","","","","","","","","","","","3","1"
"","","","Chronos758","","","","","","","","","","","3","1"
"","","","Chronos765","","","","","","","","","","","3","1"
"","","","Chronos766","","","","","","","","","","","3","1"
"","","","Chronos767","","","","","","","","","","","3","1"
"","","","Chronos768","","","","","","","","","","","3","1"
"","","","Chronos777","","","","","","","","","","","3","1"
"","","","Chronos778","","","","","","","","","","","3","1"
"","","","Chronos779","","","","","","","","","","","3","1"
"","","","Chronos780","","","","","","","","","","","3","1"
"","","","Chronos781","","","","","","","","","","","3","1"
"","","","Chronos782","","","","","","","","","","","3","1"
"","","","Chronos789","","","","","","","","","","","3","1"
"","","","Chronos790","","","","","","","","","","","3","1"
"","","","Chronos793","","","","","","","","","","","3","1"
"","","","Chronos794","","","","","","","","","","","3","1"
"","","","Chronos797","","","","","","","","","","","3","1"
"","","","Chronos798","","","","","","","","","","","3","1"
"","","","Chronos803","","","","","","","","","","","3","1"
"","","","Chronos804","","","","","","","","","","","3","1"
"","","","Chronos807","","","","","","","","","","","3","1"
"","","","Chronos808","","","","","","","","","","","3","1"
"","","","Chronos809","","","","","","","","","","","3","1"
"","","","Chronos810","","","","","","","","","","","3","1"
"","","","Chronos811","","","","","","","","","","","3","1"
"","","","Chronos812","","","","","","","","","","","3","1"
"","","","Chronos813","","","","","","","","","","","3","1"
"","","","Chronos814","","","","","","","","","","","3","1"
"","","","Chronos815","","","","","","","","","","","3","1"
"","","","Chronos816","","","","","","","","","","","3","1"
"","","","Chronos817","","","","","","","","","","","3","1"
"","","","Chronos818","","","","","","","","","","","3","1"
"","","","Chronos819","","","","","","","","","","","3","1"
"","","","Chronos820","","","","","","","","","","","3","1"
"","","","Chronos823","","","","","","","","","","","3","1"
"","","","Chronos824","","","","","","","","","","","3","1"
"","","","Chronos825","","","","","","","","","","","3","1"
"","","","Chronos826","","","","","","","","","","","3","1"
"","","","Chronos827","","","","","","","","","","","3","1"
"","","","Chronos828","","","","","","","","","","","3","1"
"","","","Chronos829","","","","","","","","","","","3","1"
"","","","Chronos830","","","","","","","","","","","3","1"
"","","","Chronos833","","","","","","","","","","","3","1"
"","","","Chronos834","","","","","","","","","","","3","1"
"","","","Chronos835","","","","","","","","","","","3","1"
"","","","Chronos836","","","","","","","","","","","3","1"
"","","","Chronos837","","","","","","","","","","","3","1"
"","","","Chronos838","","","","","","","","","","","3","1"
"","","","Chronos839","","","","","","","","","","","3","1"
"","","","Chronos840","","","","","","","","","","","3","1"
"","","","Chronos841","","","","","","","","","","","3","1"
"","","","Chronos842","","","","","","","","","","","3","1"
"","","","Chronos845","","","","","","","","","","","3","1"
"","","","Chronos846","","","","","","","","","","","3","1"
"","","","Chronos849","","","","","","","","","","","3","1"
"","","","Chronos850","","","","","","","","","","","3","1"
"","","","Chronos851","","","","","","","","","","","3","1"
"","","","Chronos852","","","","","","","","","","","3","1"
"","","","Chronos855","","","","","","","","","","","3","1"
"","","","Chronos856","","","","","","","","","","","3","1"
"","","","Chronos857","","","","","","","","","","","3","1"
"","","","Chronos858","","","","","","","","","","","3","1"
"","","","Chronos859","","","","","","","","","","","3","1"
"","","","Chronos860","","","","","","","","","","","3","1"
"","","","Chronos863","","","","","","","","","","","3","1"
"","","","Chronos864","","","","","","","","","","","3","1"
"","","","Chronos869","","","","","","","","","","","3","1"
"","","","Chronos870","","","","","","","","","","","3","1"
"","","","Chronos873","","","","","","","","","","","3","1"
"","","","Chronos874","","","","","","","","","","","3","1"
"","","","Chronos877","","","","","","","","","","","3","1"
"","","","Chronos878","","","","","","","","","","","3","1"
"","","","Chronos879","","","","","","","","","","","3","1"
"","","","Chronos880","","","","","","","","","","","3","1"
"","","","Chronos883","","","","","","","","","","","3","1"
"","","","Chronos884","","","","","","","","","","","3","1"
"","","","Chronos887","","","","","","","","","","","3","1"
"","","","Chronos888","","","","","","","","","","","3","1"
"","","","Chronos889","","","","","","","","","","","3","1"
"","","","Chronos890","","","","","","","","","","","3","1"
"","","","Chronos895","","","","","","","","","","","3","1"
"","","","Chronos896","","","","","","","","","","","3","1"
"","","","Chronos897","","","","","","","","","","","3","1"
"","","","Chronos898","","","","","","","","","","","3","1"
"","","","Chronos899","","","","","","","","","","","3","1"
"","","","Chronos900","","","","","","","","","","","3","1"
"","","","Chronos901","","","","","","","","","","","3","1"
"","","","Chronos902","","","","","","","","","","","3","1"
"","","","Chronos907","","","","","","","","","","","3","1"
"","","","Chronos908","","","","","","","","","","","3","1"
"","","","Chronos909","","","","","","","","","","","3","1"
"","","","Chronos910","","","","","","","","","","","3","1"
"","","","Chronos911","","","","","","","","","","","3","1"
"","","","Chronos912","","","","","","","","","","","3","1"
"","","","Chronos913","","","","","","","","","","","3","1"
"","","","Chronos914","","","","","","","","","","","3","1"
"","","","Chronos915","","","","","","","","","","","3","1"
"","","","Chronos916","","","","","","","","","","","3","1"
"","","","Chronos917","","","","","","","","","","","3","1"
"","","","Chronos918","","","","","","","","","","","3","1"
"","","","Chronos921","","","","","","","","","","","3","1"
"","","","Chronos922","","","","","","","","","","","3","1"
"","","","Chronos923","","","","","","","","","","","3","1"
"","","","Chronos924","","","","","","","","","","","3","1"
"","","","Chronos925","","","","","","","","","","","3","1"
"","","","Chronos926","","","","","","","","","","","3","1"
"","","","Chronos929","","","","","","","","","","","3","1"
"","","","Chronos930","","","","","","","","","","","3","1"
"","","","Chronos931","","","","","","","","","","","3","1"
"","","","Chronos932","","","","","","","","","","","3","1"
"","","","Chronos933","","","","","","","","","","","3","1"
"","","","Chronos934","","","","","","","","","","","3","1"
"","","","Chronos937","","","","","","","","","","","3","1"
"","","","Chronos938","","","","","","","","","","","3","1"
"","","","","","","","","","Gems","","","","","68","70"
"","","","","","","","","","Gems","","","","","54","85"
"","","","","","","","","","Gems","","","","","41","100"
"","","","","","","","","","Gems","","","","","27","115"
"","","","","","","","","","Gems","","","","","14","130"
"ChoiceChest_CL16_3Star","","","","","","","","","","Common","","","","625","275"
"","","","","","","","","","","Common","","","","500","412"
"","","","","","","","","","","Common","","","","375","550"
"","","","","","","","","","","Common","","","","250","825"
"","","","","","","","","","","Common","","","","125","1100"
"","","","","","","","","","","Rare","","","","582","55"
"","","","","","","","","","","Rare","","","","466","82"
"","","","","","","","","","","Rare","","","","349","110"
"","","","","","","","","","","Rare","","","","233","165"
"","","","","","","","","","","Rare","","","","116","220"
"","","","","","","","","","","Epic","","","","569","7"
"","","","","","","","","","","Epic","","","","455","10"
"","","","","","","","","","","Epic","","","","341","14"
"","","","","","","","","","","Epic","","","","228","21"
"","","","","","","","","","","Epic","","","","114","28"
"","","","","","","","","","","Legendary","","","","339","1"
"","","","","","","","","","","Legendary","","","","271","2"
"","","","","","","","","","","Legendary","","","","204","3"
"","","","","","","","","","","Legendary","","","","136","4"
"","","","","","","","","","","Champion","","","","172","1"
"","","","","","","","","","","Champion","","","","138","2"
"","","","","","","","","","","","Epic","","","23","7"
"","","","","","","","","","","","Epic","","","23","10"
"","","","","","","","","","","","Epic","","","23","14"
"","","","","","","","","","","","Epic","","","23","21"
"","","","","","","","","","","","Epic","","","23","28"
"","","","","","","","","","","","Legendary","","","10","1"
"","","","","","","","","","","","Legendary","","","10","2"
"","","","","","","","","","","","Legendary","","","10","3"
"","","","","","","","","","","","Legendary","","","10","4"
"","","","","","","","","","Gold","","","","","921","8800"
"","","","","","","","","","Gold","","","","","736","13200"
"","","","","","","","","","Gold","","","","","552","17600"
"","","","","","","","","","Gold","","","","","368","26400"
"","","","","","","","","","Gold","","","","","184","35200"
"","","","","EmoteChronos232","","","","","","","","","","12","1"
"","","","","EmoteChronos234","","","","","","","","","","12","1"
"","","","","EmoteChronos235","","","","","","","","","","12","1"
"","","","","EmoteChronos241","","","","","","","","","","12","1"
"","","","","EmoteChronos242","","","","","","","","","","12","1"
"","","","","EmoteChronos247","","","","","","","","","","12","1"
"","","","","EmoteChronos251","","","","","","","","","","12","1"
"","","","","EmoteChronos253","","","","","","","","","","12","1"
"","","","","EmoteChronos255","","","","","","","","","","12","1"
"","","","","EmoteChronos256","","","","","","","","","","12","1"
"","","","","EmoteChronos257","","","","","","","","","","12","1"
"","","","","EmoteChronos259","","","","","","","","","","12","1"
"","","","","EmoteChronos265","","","","","","","","","","12","1"
"","","","","EmoteChronos267","","","","","","","","","","12","1"
"","","","","EmoteChronos270","","","","","","","","","","12","1"
"","","","","EmoteChronos271","","","","","","","","","","12","1"
"","","","","EmoteChronos274","","","","","","","","","","12","1"
"","","","","EmoteChronos277","","","","","","","","","","12","1"
"","","","","EmoteChronos278","","","","","","","","","","12","1"
"","","","","EmoteChronos279","","","","","","","","","","12","1"
"","","","","EmoteChronos280","","","","","","","","","","12","1"
"","","","","EmoteChronos283","","","","","","","","","","12","1"
"","","","","EmoteChronos286","","","","","","","","","","12","1"
"","","","","EmoteChronos291","","","","","","","","","","12","1"
"","","","","EmoteChronos293","","","","","","","","","","12","1"
"","","","","EmoteChronos295","","","","","","","","","","12","1"
"","","","","EmoteChronos297","","","","","","","","","","12","1"
"","","","","EmoteChronos303","","","","","","","","","","12","1"
"","","","","EmoteChronos304","","","","","","","","","","12","1"
"","","","","EmoteChronos305","","","","","","","","","","12","1"
"","","","","EmoteChronos307","","","","","","","","","","12","1"
"","","","","EmoteChronos313","","","","","","","","","","12","1"
"","","","","EmoteChronos315","","","","","","","","","","12","1"
"","","","","EmoteChronos318","","","","","","","","","","12","1"
"","","","","EmoteChronos321","","","","","","","","","","12","1"
"","","","","EmoteChronos323","","","","","","","","","","12","1"
"","","","","EmoteChronos332","","","","","","","","","","12","1"
"","","","","EmoteChronos333","","","","","","","","","","12","1"
"","","","","EmoteChronos336","","","","","","","","","","12","1"
"","","","","EmoteChronos338","","","","","","","","","","12","1"
"","","","","EmoteChronos341","","","","","","","","","","12","1"
"","","","","EmoteChronos343","","","","","","","","","","12","1"
"","","","","EmoteChronos346","","","","","","","","","","12","1"
"","","","","","","","","","Gems","","","","","68","175"
"","","","","","","","","","Gems","","","","","54","210"
"","","","","","","","","","Gems","","","","","41","250"
"","","","","","","","","","Gems","","","","","27","290"
"","","","","","","","","","Gems","","","","","14","325"
"ChoiceChest_CL16_4Star","","","","","","","","","","Common","","","","519","1100"
"","","","","","","","","","","Common","","","","415","1650"
"","","","","","","","","","","Common","","","","312","2200"
"","","","","","","","","","","Common","","","","207","3300"
"","","","","","","","","","","Common","","","","104","4400"
"","","","","","","","","","","Rare","","","","483","220"
"","","","","","","","","","","Rare","","","","387","330"
"","","","","","","","","","","Rare","","","","290","440"
"","","","","","","","","","","Rare","","","","193","660"
"","","","","","","","","","","Rare","","","","97","880"
"","","","","","","","","","","Epic","","","","473","28"
"","","","","","","","","","","Epic","","","","378","41"
"","","","","","","","","","","Epic","","","","283","55"
"","","","","","","","","","","Epic","","","","189","82"
"","","","","","","","","","","Epic","","","","95","110"
"","","","","","","","","","","Legendary","","","","263","3"
"","","","","","","","","","","Legendary","","","","210","4"
"","","","","","","","","","","Legendary","","","","158","6"
"","","","","","","","","","","Legendary","","","","105","9"
"","","","","","","","","","","Legendary","","","","53","12"
"","","","","","","","","","","Champion","","","","86","2"
"","","","","","","","","","","Champion","","","","69","3"
"","","","","","","","","","","Champion","","","","51","4"
"","","","","","","","","","","Champion","","","","34","6"
"","","","","","","","","","","Champion","","","","17","8"
"","","","","","","","","","","","","WildcardCommon","","374","368"
"","","","","","","","","","","","","WildcardCommon","","299","551"
"","","","","","","","","","","","","WildcardCommon","","225","735"
"","","","","","","","","","","","","WildcardCommon","","149","1102"
"","","","","","","","","","","","","WildcardCommon","","74","1470"
"","","","","","","","","","","","","WildcardRare","","299","74"
"","","","","","","","","","","","","WildcardRare","","239","110"
"","","","","","","","","","","","","WildcardRare","","179","147"
"","","","","","","","","","","","","WildcardRare","","120","220"
"","","","","","","","","","","","","WildcardRare","","59","294"
"","","","","","","","","","","","","WildcardEpic","","224","9"
"","","","","","","","","","","","","WildcardEpic","","179","14"
"","","","","","","","","","","","","WildcardEpic","","135","18"
"","","","","","","","","","","","","WildcardEpic","","89","27"
"","","","","","","","","","","","","WildcardEpic","","46","36"
"","","","","","","","","","","","","WildcardLegendary","","160","1"
"","","","","","","","","","","","","WildcardLegendary","","128","2"
"","","","","","","","","","","","","WildcardLegendary","","96","3"
"","","","","","","","","","","","","WildcardLegendary","","64","4"
"","","","","","","","","","","","","WildcardChampion","","124","1"
"","","","","","","","","","","","","WildcardChampion","","100","2"
"","","","","","","","","","","","Epic","","","15","28"
"","","","","","","","","","","","Epic","","","15","41"
"","","","","","","","","","","","Epic","","","15","55"
"","","","","","","","","","","","Epic","","","15","82"
"","","","","","","","","","","","Epic","","","15","110"
"","","","","","","","","","","","Legendary","","","9","3"
"","","","","","","","","","","","Legendary","","","9","4"
"","","","","","","","","","","","Legendary","","","9","6"
"","","","","","","","","","","","Legendary","","","9","9"
"","","","","","","","","","","","Legendary","","","9","12"
"","","","","","","Cannon","","","","","","","","4","1"
"","","","","","","Cannon","","","","","","","","3","2"
"","","","","","","Cannon","","","","","","","","3","3"
"","","","","","","Mortar","","","","","","","","4","1"
"","","","","","","Mortar","","","","","","","","3","2"
"","","","","","","Mortar","","","","","","","","3","3"
"","","","","","","Tesla","","","","","","","","4","1"
"","","","","","","Tesla","","","","","","","","3","2"
"","","","","","","Tesla","","","","","","","","3","3"
"","","","","","","FirespiritHut","","","","","","","","4","1"
"","","","","","","FirespiritHut","","","","","","","","3","2"
"","","","","","","FirespiritHut","","","","","","","","3","3"
"","","","","","","GoblinCage","","","","","","","","4","1"
"","","","","","","GoblinCage","","","","","","","","3","2"
"","","","","","","GoblinCage","","","","","","","","3","3"
"","","","","","","GoblinDrill","","","","","","","","4","1"
"","","","","","","GoblinDrill","","","","","","","","3","2"
"","","","","","","GoblinDrill","","","","","","","","3","3"
"","","","","","","Knight","","","","","","","","4","1"
"","","","","","","Knight","","","","","","","","3","2"
"","","","","","","Knight","","","","","","","","3","3"
"","","","","","","Archer","","","","","","","","4","1"
"","","","","","","Archer","","","","","","","","3","2"
"","","","","","","Archer","","","","","","","","3","3"
"","","","","","","Pekka","","","","","","","","4","1"
"","","","","","","Pekka","","","","","","","","3","2"
"","","","","","","Pekka","","","","","","","","3","3"
"","","","","","","Witch","","","","","","","","4","1"
"","","","","","","Witch","","","","","","","","3","2"
"","","","","","","Witch","","","","","","","","3","3"
"","","","","","","Barbarians","","","","","","","","4","1"
"","","","","","","Barbarians","","","","","","","","3","2"
"","","","","","","Barbarians","","","","","","","","3","3"
"","","","","","","Skeletons","","","","","","","","4","1"
"","","","","","","Skeletons","","","","","","","","3","2"
"","","","","","","Skeletons","","","","","","","","3","3"
"","","","","","","Valkyrie","","","","","","","","4","1"
"","","","","","","Valkyrie","","","","","","","","3","2"
"","","","","","","Valkyrie","","","","","","","","3","3"
"","","","","","","SkeletonArmy","","","","","","","","4","1"
"","","","","","","SkeletonArmy","","","","","","","","3","2"
"","","","","","","SkeletonArmy","","","","","","","","3","3"
"","","","","","","Bomber","","","","","","","","4","1"
"","","","","","","Bomber","","","","","","","","3","2"
"","","","","","","Bomber","","","","","","","","3","3"
"","","","","","","Musketeer","","","","","","","","4","1"
"","","","","","","Musketeer","","","","","","","","3","2"
"","","","","","","Musketeer","","","","","","","","3","3"
"","","","","","","BabyDragon","","","","","","","","4","1"
"","","","","","","BabyDragon","","","","","","","","3","2"
"","","","","","","BabyDragon","","","","","","","","3","3"
"","","","","","","Wizard","","","","","","","","4","1"
"","","","","","","Wizard","","","","","","","","3","2"
"","","","","","","Wizard","","","","","","","","3","3"
"","","","","","","RoyalGiant","","","","","","","","4","1"
"","","","","","","RoyalGiant","","","","","","","","3","2"
"","","","","","","RoyalGiant","","","","","","","","3","3"
"","","","","","","IceSpirits","","","","","","","","4","1"
"","","","","","","IceSpirits","","","","","","","","3","2"
"","","","","","","IceSpirits","","","","","","","","3","3"
"","","","","","","RageBarbarian","","","","","","","","4","1"
"","","","","","","RageBarbarian","","","","","","","","3","2"
"","","","","","","RageBarbarian","","","","","","","","3","3"
"","","","","","","BattleRam","","","","","","","","4","1"
"","","","","","","BattleRam","","","","","","","","3","2"
"","","","","","","BattleRam","","","","","","","","3","3"
"","","","","","","InfernoDragon","","","","","","","","4","1"
"","","","","","","InfernoDragon","","","","","","","","3","2"
"","","","","","","InfernoDragon","","","","","","","","3","3"
"","","","","","","BlowdartGoblin","","","","","","","","4","1"
"","","","","","","BlowdartGoblin","","","","","","","","3","2"
"","","","","","","BlowdartGoblin","","","","","","","","3","3"
"","","","","","","Hunter","","","","","","","","4","1"
"","","","","","","Hunter","","","","","","","","3","2"
"","","","","","","Hunter","","","","","","","","3","3"
"","","","","","","AxeMan","","","","","","","","4","1"
"","","","","","","AxeMan","","","","","","","","3","2"
"","","","","","","AxeMan","","","","","","","","3","3"
"","","","","","","RoyalRecruits","","","","","","","","4","1"
"","","","","","","RoyalRecruits","","","","","","","","3","2"
"","","","","","","RoyalRecruits","","","","","","","","3","3"
"","","","","","","Bats","","","","","","","","4","1"
"","","","","","","Bats","","","","","","","","3","2"
"","","","","","","Bats","","","","","","","","3","3"
"","","","","","","Ghost","","","","","","","","4","1"
"","","","","","","Ghost","","","","","","","","3","2"
"","","","","","","Ghost","","","","","","","","3","3"
"","","","","","","MegaKnight","","","","","","","","4","1"
"","","","","","","MegaKnight","","","","","","","","3","2"
"","","","","","","MegaKnight","","","","","","","","3","3"
"","","","","","","SkeletonBalloon","","","","","","","","4","1"
"","","","","","","SkeletonBalloon","","","","","","","","3","2"
"","","","","","","SkeletonBalloon","","","","","","","","3","3"
"","","","","","","Wallbreakers","","","","","","","","4","1"
"","","","","","","Wallbreakers","","","","","","","","3","2"
"","","","","","","Wallbreakers","","","","","","","","3","3"
"","","","","","","RoyalHogs","","","","","","","","4","1"
"","","","","","","RoyalHogs","","","","","","","","3","2"
"","","","","","","RoyalHogs","","","","","","","","3","3"
"","","","","","","GoblinGiant","","","","","","","","4","1"
"","","","","","","GoblinGiant","","","","","","","","3","2"
"","","","","","","GoblinGiant","","","","","","","","3","3"
"","","","","","","ElectroDragon","","","","","","","","4","1"
"","","","","","","ElectroDragon","","","","","","","","3","2"
"","","","","","","ElectroDragon","","","","","","","","3","3"
"","","","","","","Firecracker","","","","","","","","4","1"
"","","","","","","Firecracker","","","","","","","","3","2"
"","","","","","","Firecracker","","","","","","","","3","3"
"","","","","","","GoblinBarrel","","","","","","","","4","1"
"","","","","","","GoblinBarrel","","","","","","","","3","2"
"","","","","","","GoblinBarrel","","","","","","","","3","3"
"","","","","","","Zap","","","","","","","","4","1"
"","","","","","","Zap","","","","","","","","3","2"
"","","","","","","Zap","","","","","","","","3","3"
"","","","","","","Snowball","","","","","","","","4","1"
"","","","","","","Snowball","","","","","","","","3","2"
"","","","","","","Snowball","","","","","","","","3","3"
"","","","","","","MinionHorde","","","","","","","","4","1"
"","","","","","","MinionHorde","","","","","","","","3","2"
"","","","","","","MinionHorde","","","","","","","","3","3"
"","","","","","","Princess","","","","","","","","4","1"
"","","","","","","Princess","","","","","","","","3","2"
"","","","","","","Princess","","","","","","","","3","3"
"","","","","","TowerSkin1035","","","","","","","","","101","1"
"","","","","","TowerSkin1036","","","","","","","","","101","1"
"","","","","","TowerSkin1038","","","","","","","","","101","1"
"","","","","","TowerSkin1040","","","","","","","","","101","1"
"","","","","","TowerSkin1045","","","","","","","","","101","1"
"","","","","","","","","","Gems","","","","","67","350"
"","","","","","","","","","Gems","","","","","54","425"
"","","","","","","","","","Gems","","","","","40","500"
"","","","","","","","","","Gems","","","","","27","575"
"","","","","","","","","","Gems","","","","","13","650"
"ChoiceChest_CL16_5Star","","","","","","","","","","Common","","","","502","6000"
"","","","","","","","","","","Common","","","","401","6750"
"","","","","","","","","","","Common","","","","301","7500"
"","","","","","","","","","","Common","","","","201","8250"
"","","","","","","","","","","Common","","","","101","9000"
"","","","","","","","","","","Rare","","","","467","1120"
"","","","","","","","","","","Rare","","","","374","1260"
"","","","","","","","","","","Rare","","","","280","1400"
"","","","","","","","","","","Rare","","","","187","1540"
"","","","","","","","","","","Rare","","","","93","1680"
"","","","","","","","","","","Epic","","","","457","144"
"","","","","","","","","","","Epic","","","","365","162"
"","","","","","","","","","","Epic","","","","274","180"
"","","","","","","","","","","Epic","","","","182","198"
"","","","","","","","","","","Epic","","","","91","216"
"","","","","","","","","","","Legendary","","","","255","16"
"","","","","","","","","","","Legendary","","","","204","18"
"","","","","","","","","","","Legendary","","","","152","20"
"","","","","","","","","","","Legendary","","","","101","22"
"","","","","","","","","","","Legendary","","","","51","24"
"","","","","","","","","","","Champion","","","","83","12"
"","","","","","","","","","","Champion","","","","67","14"
"","","","","","","","","","","Champion","","","","50","15"
"","","","","","","","","","","Champion","","","","33","16"
"","","","","","","","","","","Champion","","","","17","18"
"","","","","","","","","","","","","WildcardCommon","","345","6000"
"","","","","","","","","","","","","WildcardCommon","","275","6750"
"","","","","","","","","","","","","WildcardCommon","","207","7500"
"","","","","","","","","","","","","WildcardCommon","","138","8250"
"","","","","","","","","","","","","WildcardCommon","","69","9000"
"","","","","","","","","","","","","WildcardRare","","276","1120"
"","","","","","","","","","","","","WildcardRare","","220","1260"
"","","","","","","","","","","","","WildcardRare","","165","1400"
"","","","","","","","","","","","","WildcardRare","","111","1540"
"","","","","","","","","","","","","WildcardRare","","55","1680"
"","","","","","","","","","","","","WildcardEpic","","207","144"
"","","","","","","","","","","","","WildcardEpic","","165","162"
"","","","","","","","","","","","","WildcardEpic","","124","180"
"","","","","","","","","","","","","WildcardEpic","","83","198"
"","","","","","","","","","","","","WildcardEpic","","41","216"
"","","","","","","","","","","","","WildcardLegendary","","137","16"
"","","","","","","","","","","","","WildcardLegendary","","110","18"
"","","","","","","","","","","","","WildcardLegendary","","82","20"
"","","","","","","","","","","","","WildcardLegendary","","55","22"
"","","","","","","","","","","","","WildcardLegendary","","28","24"
"","","","","","","","","","","","","WildcardChampion","","69","12"
"","","","","","","","","","","","","WildcardChampion","","56","14"
"","","","","","","","","","","","","WildcardChampion","","41","15"
"","","","","","","","","","","","","WildcardChampion","","28","16"
"","","","","","","","","","","","","WildcardChampion","","14","18"
"","","","","","","","","","","","Epic","","","15","90"
"","","","","","","","","","","","Epic","","","15","135"
"","","","","","","","","","","","Epic","","","15","180"
"","","","","","","","","","","","Epic","","","15","270"
"","","","","","","","","","","","Epic","","","15","360"
"","","","","","","","","","","","Legendary","","","8","10"
"","","","","","","","","","","","Legendary","","","8","15"
"","","","","","","","","","","","Legendary","","","8","20"
"","","","","","","","","","","","Legendary","","","8","30"
"","","","","","","","","","","","Legendary","","","8","40"
"","","","","","","Cannon","","","","","","","","9","4"
"","","","","","","Cannon","","","","","","","","7","5"
"","","","","","","Cannon","","","","","","","","6","6"
"","","","","","","Mortar","","","","","","","","9","4"
"","","","","","","Mortar","","","","","","","","7","5"
"","","","","","","Mortar","","","","","","","","6","6"
"","","","","","","Tesla","","","","","","","","9","4"
"","","","","","","Tesla","","","","","","","","7","5"
"","","","","","","Tesla","","","","","","","","6","6"
"","","","","","","FirespiritHut","","","","","","","","9","4"
"","","","","","","FirespiritHut","","","","","","","","7","5"
"","","","","","","FirespiritHut","","","","","","","","6","6"
"","","","","","","GoblinCage","","","","","","","","9","4"
"","","","","","","GoblinCage","","","","","","","","7","5"
"","","","","","","GoblinCage","","","","","","","","6","6"
"","","","","","","GoblinDrill","","","","","","","","9","4"
"","","","","","","GoblinDrill","","","","","","","","7","5"
"","","","","","","GoblinDrill","","","","","","","","6","6"
"","","","","","","Knight","","","","","","","","9","4"
"","","","","","","Knight","","","","","","","","7","5"
"","","","","","","Knight","","","","","","","","6","6"
"","","","","","","Archer","","","","","","","","9","4"
"","","","","","","Archer","","","","","","","","7","5"
"","","","","","","Archer","","","","","","","","6","6"
"","","","","","","Pekka","","","","","","","","9","4"
"","","","","","","Pekka","","","","","","","","7","5"
"","","","","","","Pekka","","","","","","","","6","6"
"","","","","","","Witch","","","","","","","","9","4"
"","","","","","","Witch","","","","","","","","7","5"
"","","","","","","Witch","","","","","","","","6","6"
"","","","","","","Barbarians","","","","","","","","9","4"
"","","","","","","Barbarians","","","","","","","","7","5"
"","","","","","","Barbarians","","","","","","","","6","6"
"","","","","","","Skeletons","","","","","","","","9","4"
"","","","","","","Skeletons","","","","","","","","7","5"
"","","","","","","Skeletons","","","","","","","","6","6"
"","","","","","","Valkyrie","","","","","","","","9","4"
"","","","","","","Valkyrie","","","","","","","","7","5"
"","","","","","","Valkyrie","","","","","","","","6","6"
"","","","","","","SkeletonArmy","","","","","","","","9","4"
"","","","","","","SkeletonArmy","","","","","","","","7","5"
"","","","","","","SkeletonArmy","","","","","","","","6","6"
"","","","","","","Bomber","","","","","","","","9","4"
"","","","","","","Bomber","","","","","","","","7","5"
"","","","","","","Bomber","","","","","","","","6","6"
"","","","","","","Musketeer","","","","","","","","9","4"
"","","","","","","Musketeer","","","","","","","","7","5"
"","","","","","","Musketeer","","","","","","","","6","6"
"","","","","","","BabyDragon","","","","","","","","9","4"
"","","","","","","BabyDragon","","","","","","","","7","5"
"","","","","","","BabyDragon","","","","","","","","6","6"
"","","","","","","Wizard","","","","","","","","9","4"
"","","","","","","Wizard","","","","","","","","7","5"
"","","","","","","Wizard","","","","","","","","6","6"
"","","","","","","RoyalGiant","","","","","","","","9","4"
"","","","","","","RoyalGiant","","","","","","","","7","5"
"","","","","","","RoyalGiant","","","","","","","","6","6"
"","","","","","","IceSpirits","","","","","","","","9","4"
"","","","","","","IceSpirits","","","","","","","","7","5"
"","","","","","","IceSpirits","","","","","","","","6","6"
"","","","","","","RageBarbarian","","","","","","","","9","4"
"","","","","","","RageBarbarian","","","","","","","","7","5"
"","","","","","","RageBarbarian","","","","","","","","6","6"
"","","","","","","BattleRam","","","","","","","","9","4"
"","","","","","","BattleRam","","","","","","","","7","5"
"","","","","","","BattleRam","","","","","","","","6","6"
"","","","","","","InfernoDragon","","","","","","","","9","4"
"","","","","","","InfernoDragon","","","","","","","","7","5"
"","","","","","","InfernoDragon","","","","","","","","6","6"
"","","","","","","BlowdartGoblin","","","","","","","","9","4"
"","","","","","","BlowdartGoblin","","","","","","","","7","5"
"","","","","","","BlowdartGoblin","","","","","","","","6","6"
"","","","","","","Hunter","","","","","","","","9","4"
"","","","","","","Hunter","","","","","","","","7","5"
"","","","","","","Hunter","","","","","","","","6","6"
"","","","","","","AxeMan","","","","","","","","9","4"
"","","","","","","AxeMan","","","","","","","","7","5"
"","","","","","","AxeMan","","","","","","","","6","6"
"","","","","","","RoyalRecruits","","","","","","","","9","4"
"","","","","","","RoyalRecruits","","","","","","","","7","5"
"","","","","","","RoyalRecruits","","","","","","","","6","6"
"","","","","","","Bats","","","","","","","","9","4"
"","","","","","","Bats","","","","","","","","7","5"
"","","","","","","Bats","","","","","","","","6","6"
"","","","","","","Ghost","","","","","","","","9","4"
"","","","","","","Ghost","","","","","","","","7","5"
"","","","","","","Ghost","","","","","","","","6","6"
"","","","","","","MegaKnight","","","","","","","","9","4"
"","","","","","","MegaKnight","","","","","","","","7","5"
"","","","","","","MegaKnight","","","","","","","","6","6"
"","","","","","","SkeletonBalloon","","","","","","","","9","4"
"","","","","","","SkeletonBalloon","","","","","","","","7","5"
"","","","","","","SkeletonBalloon","","","","","","","","6","6"
"","","","","","","Wallbreakers","","","","","","","","9","4"
"","","","","","","Wallbreakers","","","","","","","","7","5"
"","","","","","","Wallbreakers","","","","","","","","6","6"
"","","","","","","RoyalHogs","","","","","","","","9","4"
"","","","","","","RoyalHogs","","","","","","","","7","5"
"","","","","","","RoyalHogs","","","","","","","","6","6"
"","","","","","","GoblinGiant","","","","","","","","9","4"
"","","","","","","GoblinGiant","","","","","","","","7","5"
"","","","","","","GoblinGiant","","","","","","","","6","6"
"","","","","","","ElectroDragon","","","","","","","","9","4"
"","","","","","","ElectroDragon","","","","","","","","7","5"
"","","","","","","ElectroDragon","","","","","","","","6","6"
"","","","","","","Firecracker","","","","","","","","9","4"
"","","","","","","Firecracker","","","","","","","","7","5"
"","","","","","","Firecracker","","","","","","","","6","6"
"","","","","","","GoblinBarrel","","","","","","","","9","4"
"","","","","","","GoblinBarrel","","","","","","","","7","5"
"","","","","","","GoblinBarrel","","","","","","","","6","6"
"","","","","","","Zap","","","","","","","","9","4"
"","","","","","","Zap","","","","","","","","7","5"
"","","","","","","Zap","","","","","","","","6","6"
"","","","","","","Snowball","","","","","","","","9","4"
"","","","","","","Snowball","","","","","","","","7","5"
"","","","","","","Snowball","","","","","","","","6","6"
"","","","","","","MinionHorde","","","","","","","","9","4"
"","","","","","","MinionHorde","","","","","","","","7","5"
"","","","","","","MinionHorde","","","","","","","","6","6"
"","","","","","","Princess","","","","","","","","9","4"
"","","","","","","Princess","","","","","","","","7","5"
"","","","","","","Princess","","","","","","","","6","6"
"","","","","","TowerSkin1035","","","","","","","","","110","1"
"","","","","","TowerSkin1036","","","","","","","","","110","1"
"","","","","","TowerSkin1038","","","","","","","","","110","1"
"","","","","","TowerSkin1040","","","","","","","","","110","1"
"","","","","","TowerSkin1045","","","","","","","","","110","1"
"","","","","","","","","","Gems","","","","","74","700"
"","","","","","","","","","Gems","","","","","59","850"
"","","","","","","","","","Gems","","","","","44","1000"
"","","","","","","","","","Gems","","","","","29","1150"
"","","","","","","","","","Gems","","","","","15","1300"
"v3_AlbumSnippetPool_Unique","","","","","","","","v3_Snippet1_1","","","","","","10000","1"
"","","","","","","","","v3_Snippet1_2","","","","","","10000","1"
"","","","","","","","","v3_Snippet1_3","","","","","","10000","1"
"","","","","","","","","v3_Snippet1_4","","","","","","10000","1"
"","","","","","","","","v3_Snippet1_5","","","","","","10000","1"
"","","","","","","","","v3_Snippet1_6","","","","","","10000","1"
"","","","","","","","","v3_Snippet1_7","","","","","","10000","1"
"","","","","","","","","v3_Snippet1_8","","","","","","10000","1"
"","","","","","","","","v3_Snippet1_9","","","","","","10000","1"
"","","","","","","","","v3_Snippet2_1","","","","","","4217","1"
"","","","","","","","","v3_Snippet2_2","","","","","","4217","1"
"","","","","","","","","v3_Snippet2_3","","","","","","4217","1"
"","","","","","","","","v3_Snippet2_4","","","","","","4217","1"
"","","","","","","","","v3_Snippet2_5","","","","","","4217","1"
"","","","","","","","","v3_Snippet2_6","","","","","","4217","1"
"","","","","","","","","v3_Snippet2_7","","","","","","4217","1"
"","","","","","","","","v3_Snippet2_8","","","","","","4217","1"
"","","","","","","","","v3_Snippet2_9","","","","","","4217","1"
"","","","","","","","","v3_Snippet3_1","","","","","","1778","1"
"","","","","","","","","v3_Snippet3_2","","","","","","1778","1"
"","","","","","","","","v3_Snippet3_3","","","","","","1778","1"
"","","","","","","","","v3_Snippet3_4","","","","","","1778","1"
"","","","","","","","","v3_Snippet3_5","","","","","","1778","1"
"","","","","","","","","v3_Snippet3_6","","","","","","1778","1"
"","","","","","","","","v3_Snippet3_7","","","","","","1778","1"
"","","","","","","","","v3_Snippet3_8","","","","","","1778","1"
"","","","","","","","","v3_Snippet3_9","","","","","","1778","1"
"","","","","","","","","v3_Snippet4_1","","","","","","750","1"
"","","","","","","","","v3_Snippet4_2","","","","","","750","1"
"","","","","","","","","v3_Snippet4_3","","","","","","750","1"
"","","","","","","","","v3_Snippet4_4","","","","","","750","1"
"","","","","","","","","v3_Snippet4_5","","","","","","750","1"
"","","","","","","","","v3_Snippet4_6","","","","","","750","1"
"","","","","","","","","v3_Snippet4_7","","","","","","750","1"
"","","","","","","","","v3_Snippet4_8","","","","","","750","1"
"","","","","","","","","v3_Snippet4_9","","","","","","750","1"
"","","","","","","","","v3_Snippet5_1","","","","","","316","1"
"","","","","","","","","v3_Snippet5_2","","","","","","316","1"
"","","","","","","","","v3_Snippet5_3","","","","","","316","1"
"","","","","","","","","v3_Snippet5_4","","","","","","316","1"
"","","","","","","","","v3_Snippet5_5","","","","","","316","1"
"","","","","","","","","v3_Snippet5_6","","","","","","316","1"
"","","","","","","","","v3_Snippet5_7","","","","","","316","1"
"","","","","","","","","v3_Snippet5_8","","","","","","316","1"
"","","","","","","","","v3_Snippet5_9","","","","","","316","1"
"","","","","","","","","v3_Snippet6_1","","","","","","133","1"
"","","","","","","","","v3_Snippet6_2","","","","","","133","1"
"","","","","","","","","v3_Snippet6_3","","","","","","133","1"
"","","","","","","","","v3_Snippet6_4","","","","","","133","1"
"","","","","","","","","v3_Snippet6_5","","","","","","133","1"
"","","","","","","","","v3_Snippet6_6","","","","","","133","1"
"","","","","","","","","v3_Snippet6_7","","","","","","133","1"
"","","","","","","","","v3_Snippet6_8","","","","","","133","1"
"","","","","","","","","v3_Snippet6_9","","","","","","133","1"
"","","","","","","","","v3_Snippet7_1","","","","","","56","1"
"","","","","","","","","v3_Snippet7_2","","","","","","56","1"
"","","","","","","","","v3_Snippet7_3","","","","","","56","1"
"","","","","","","","","v3_Snippet7_4","","","","","","56","1"
"","","","","","","","","v3_Snippet7_5","","","","","","56","1"
"","","","","","","","","v3_Snippet7_6","","","","","","56","1"
"","","","","","","","","v3_Snippet7_7","","","","","","56","1"
"","","","","","","","","v3_Snippet7_8","","","","","","56","1"
"","","","","","","","","v3_Snippet7_9","","","","","","56","1"
"","","","","","","","","v3_Snippet8_1","","","","","","24","1"
"","","","","","","","","v3_Snippet8_2","","","","","","24","1"
"","","","","","","","","v3_Snippet8_3","","","","","","24","1"
"","","","","","","","","v3_Snippet8_4","","","","","","24","1"
"","","","","","","","","v3_Snippet8_5","","","","","","24","1"
"","","","","","","","","v3_Snippet8_6","","","","","","24","1"
"","","","","","","","","v3_Snippet8_7","","","","","","24","1"
"","","","","","","","","v3_Snippet8_8","","","","","","24","1"
"","","","","","","","","v3_Snippet8_9","","","","","","24","1"
"","","","","","","","","v3_Snippet9_1","","","","","","10","1"
"","","","","","","","","v3_Snippet9_2","","","","","","10","1"
"","","","","","","","","v3_Snippet9_3","","","","","","10","1"
"","","","","","","","","v3_Snippet9_4","","","","","","10","1"
"","","","","","","","","v3_Snippet9_5","","","","","","10","1"
"","","","","","","","","v3_Snippet9_6","","","","","","10","1"
"","","","","","","","","v3_Snippet9_7","","","","","","10","1"
"","","","","","","","","v3_Snippet9_8","","","","","","10","1"
"","","","","","","","","v3_Snippet9_9","","","","","","10","1"
"","IfAllLocked","","","","","","","Snippet_unique_conversion","","","","","","1","1"
"v3_AlbumSnippetPool_Random_Week1","Always","","","","","","","v3_Snippet1_1","","","","","","10000","1"
"","Always","","","","","","","v3_Snippet1_2","","","","","","10000","1"
"","Always","","","","","","","v3_Snippet1_3","","","","","","10000","1"
"","Always","","","","","","","v3_Snippet1_4","","","","","","10000","1"
"","Always","","","","","","","v3_Snippet1_5","","","","","","10000","1"
"","Always","","","","","","","v3_Snippet1_6","","","","","","10000","1"
"","Always","","","","","","","v3_Snippet1_7","","","","","","10000","1"
"","Always","","","","","","","v3_Snippet1_8","","","","","","10000","1"
"","Always","","","","","","","v3_Snippet1_9","","","","","","10000","1"
"","Always","","","","","","","v3_Snippet2_1","","","","","","9286","1"
"","Always","","","","","","","v3_Snippet2_2","","","","","","9286","1"
"","Always","","","","","","","v3_Snippet2_3","","","","","","9286","1"
"","Always","","","","","","","v3_Snippet2_4","","","","","","9286","1"
"","Always","","","","","","","v3_Snippet2_5","","","","","","9286","1"
"","Always","","","","","","","v3_Snippet2_6","","","","","","9286","1"
"","Always","","","","","","","v3_Snippet2_7","","","","","","9286","1"
"","Always","","","","","","","v3_Snippet2_8","","","","","","9286","1"
"","Always","","","","","","","v3_Snippet2_9","","","","","","9286","1"
"","Always","","","","","","","v3_Snippet3_1","","","","","","8571","1"
"","Always","","","","","","","v3_Snippet3_2","","","","","","8571","1"
"","Always","","","","","","","v3_Snippet3_3","","","","","","8571","1"
"","Always","","","","","","","v3_Snippet3_4","","","","","","8571","1"
"","Always","","","","","","","v3_Snippet3_5","","","","","","8571","1"
"","Always","","","","","","","v3_Snippet3_6","","","","","","8571","1"
"","Always","","","","","","","v3_Snippet3_7","","","","","","8571","1"
"","Always","","","","","","","v3_Snippet3_8","","","","","","8571","1"
"","Always","","","","","","","v3_Snippet3_9","","","","","","8571","1"
"","Always","","","","","","","v3_Snippet4_1","","","","","","7857","1"
"","Always","","","","","","","v3_Snippet4_2","","","","","","7857","1"
"","Always","","","","","","","v3_Snippet4_3","","","","","","7857","1"
"","Always","","","","","","","v3_Snippet4_4","","","","","","7857","1"
"","Always","","","","","","","v3_Snippet4_5","","","","","","7857","1"
"","Always","","","","","","","v3_Snippet4_6","","","","","","7857","1"
"","Always","","","","","","","v3_Snippet4_7","","","","","","7857","1"
"","Always","","","","","","","v3_Snippet4_8","","","","","","7857","1"
"","Always","","","","","","","v3_Snippet4_9","","","","","","7857","1"
"","Always","","","","","","","v3_Snippet5_1","","","","","","7143","1"
"","Always","","","","","","","v3_Snippet5_2","","","","","","7143","1"
"","Always","","","","","","","v3_Snippet5_3","","","","","","7143","1"
"","Always","","","","","","","v3_Snippet5_4","","","","","","7143","1"
"","Always","","","","","","","v3_Snippet5_5","","","","","","7143","1"
"","Always","","","","","","","v3_Snippet5_6","","","","","","7143","1"
"","Always","","","","","","","v3_Snippet5_7","","","","","","7143","1"
"","Always","","","","","","","v3_Snippet5_8","","","","","","7143","1"
"","Always","","","","","","","v3_Snippet5_9","","","","","","7143","1"
"","Always","","","","","","","v3_Snippet6_1","","","","","","6429","1"
"","Always","","","","","","","v3_Snippet6_2","","","","","","6429","1"
"","Always","","","","","","","v3_Snippet6_3","","","","","","6429","1"
"","Always","","","","","","","v3_Snippet6_4","","","","","","6429","1"
"","Always","","","","","","","v3_Snippet6_5","","","","","","6429","1"
"","Always","","","","","","","v3_Snippet6_6","","","","","","6429","1"
"","Always","","","","","","","v3_Snippet6_7","","","","","","6429","1"
"","Always","","","","","","","v3_Snippet6_8","","","","","","6429","1"
"","Always","","","","","","","v3_Snippet6_9","","","","","","6429","1"
"","Always","","","","","","","v3_Snippet7_1","","","","","","5714","1"
"","Always","","","","","","","v3_Snippet7_2","","","","","","5714","1"
"","Always","","","","","","","v3_Snippet7_3","","","","","","5714","1"
"","Always","","","","","","","v3_Snippet7_4","","","","","","5714","1"
"","Always","","","","","","","v3_Snippet7_5","","","","","","5714","1"
"","Always","","","","","","","v3_Snippet7_6","","","","","","5714","1"
"","Always","","","","","","","v3_Snippet7_7","","","","","","5714","1"
"","Always","","","","","","","v3_Snippet7_8","","","","","","5714","1"
"","Always","","","","","","","v3_Snippet7_9","","","","","","5714","1"
"","Always","","","","","","","v3_Snippet8_1","","","","","","5000","1"
"","Always","","","","","","","v3_Snippet8_2","","","","","","5000","1"
"","Always","","","","","","","v3_Snippet8_3","","","","","","5000","1"
"","Always","","","","","","","v3_Snippet8_4","","","","","","5000","1"
"","Always","","","","","","","v3_Snippet8_5","","","","","","5000","1"
"","Always","","","","","","","v3_Snippet8_6","","","","","","5000","1"
"","Always","","","","","","","v3_Snippet8_7","","","","","","5000","1"
"","Always","","","","","","","v3_Snippet8_8","","","","","","5000","1"
"","Always","","","","","","","v3_Snippet8_9","","","","","","5000","1"
"","Always","","","","","","","v3_Snippet9_1","","","","","","4286","1"
"","Always","","","","","","","v3_Snippet9_2","","","","","","4286","1"
"","Always","","","","","","","v3_Snippet9_3","","","","","","4286","1"
"","Always","","","","","","","v3_Snippet9_4","","","","","","4286","1"
"","Always","","","","","","","v3_Snippet9_5","","","","","","4286","1"
"","Always","","","","","","","v3_Snippet9_6","","","","","","4286","1"
"","Always","","","","","","","v3_Snippet9_7","","","","","","4286","1"
"","Always","","","","","","","v3_Snippet9_8","","","","","","4286","1"
"","Always","","","","","","","v3_Snippet9_9","","","","","","4286","1"
"v3_AlbumSnippetPool_Random_Week2","Always","","","","","","","v3_Snippet1_1","","","","","","6154","1"
"","Always","","","","","","","v3_Snippet1_2","","","","","","6154","1"
"","Always","","","","","","","v3_Snippet1_3","","","","","","6154","1"
"","Always","","","","","","","v3_Snippet1_4","","","","","","6154","1"
"","Always","","","","","","","v3_Snippet1_5","","","","","","6154","1"
"","Always","","","","","","","v3_Snippet1_6","","","","","","6154","1"
"","Always","","","","","","","v3_Snippet1_7","","","","","","6154","1"
"","Always","","","","","","","v3_Snippet1_8","","","","","","6154","1"
"","Always","","","","","","","v3_Snippet1_9","","","","","","6154","1"
"","Always","","","","","","","v3_Snippet2_1","","","","","","6923","1"
"","Always","","","","","","","v3_Snippet2_2","","","","","","6923","1"
"","Always","","","","","","","v3_Snippet2_3","","","","","","6923","1"
"","Always","","","","","","","v3_Snippet2_4","","","","","","6923","1"
"","Always","","","","","","","v3_Snippet2_5","","","","","","6923","1"
"","Always","","","","","","","v3_Snippet2_6","","","","","","6923","1"
"","Always","","","","","","","v3_Snippet2_7","","","","","","6923","1"
"","Always","","","","","","","v3_Snippet2_8","","","","","","6923","1"
"","Always","","","","","","","v3_Snippet2_9","","","","","","6923","1"
"","Always","","","","","","","v3_Snippet3_1","","","","","","7692","1"
"","Always","","","","","","","v3_Snippet3_2","","","","","","7692","1"
"","Always","","","","","","","v3_Snippet3_3","","","","","","7692","1"
"","Always","","","","","","","v3_Snippet3_4","","","","","","7692","1"
"","Always","","","","","","","v3_Snippet3_5","","","","","","7692","1"
"","Always","","","","","","","v3_Snippet3_6","","","","","","7692","1"
"","Always","","","","","","","v3_Snippet3_7","","","","","","7692","1"
"","Always","","","","","","","v3_Snippet3_8","","","","","","7692","1"
"","Always","","","","","","","v3_Snippet3_9","","","","","","7692","1"
"","Always","","","","","","","v3_Snippet4_1","","","","","","9231","1"
"","Always","","","","","","","v3_Snippet4_2","","","","","","9231","1"
"","Always","","","","","","","v3_Snippet4_3","","","","","","9231","1"
"","Always","","","","","","","v3_Snippet4_4","","","","","","9231","1"
"","Always","","","","","","","v3_Snippet4_5","","","","","","9231","1"
"","Always","","","","","","","v3_Snippet4_6","","","","","","9231","1"
"","Always","","","","","","","v3_Snippet4_7","","","","","","9231","1"
"","Always","","","","","","","v3_Snippet4_8","","","","","","9231","1"
"","Always","","","","","","","v3_Snippet4_9","","","","","","9231","1"
"","Always","","","","","","","v3_Snippet5_1","","","","","","10000","1"
"","Always","","","","","","","v3_Snippet5_2","","","","","","10000","1"
"","Always","","","","","","","v3_Snippet5_3","","","","","","10000","1"
"","Always","","","","","","","v3_Snippet5_4","","","","","","10000","1"
"","Always","","","","","","","v3_Snippet5_5","","","","","","10000","1"
"","Always","","","","","","","v3_Snippet5_6","","","","","","10000","1"
"","Always","","","","","","","v3_Snippet5_7","","","","","","10000","1"
"","Always","","","","","","","v3_Snippet5_8","","","","","","10000","1"
"","Always","","","","","","","v3_Snippet5_9","","","","","","10000","1"
"","Always","","","","","","","v3_Snippet6_1","","","","","","9231","1"
"","Always","","","","","","","v3_Snippet6_2","","","","","","9231","1"
"","Always","","","","","","","v3_Snippet6_3","","","","","","9231","1"
"","Always","","","","","","","v3_Snippet6_4","","","","","","9231","1"
"","Always","","","","","","","v3_Snippet6_5","","","","","","9231","1"
"","Always","","","","","","","v3_Snippet6_6","","","","","","9231","1"
"","Always","","","","","","","v3_Snippet6_7","","","","","","9231","1"
"","Always","","","","","","","v3_Snippet6_8","","","","","","9231","1"
"","Always","","","","","","","v3_Snippet6_9","","","","","","9231","1"
"","Always","","","","","","","v3_Snippet7_1","","","","","","7692","1"
"","Always","","","","","","","v3_Snippet7_2","","","","","","7692","1"
"","Always","","","","","","","v3_Snippet7_3","","","","","","7692","1"
"","Always","","","","","","","v3_Snippet7_4","","","","","","7692","1"
"","Always","","","","","","","v3_Snippet7_5","","","","","","7692","1"
"","Always","","","","","","","v3_Snippet7_6","","","","","","7692","1"
"","Always","","","","","","","v3_Snippet7_7","","","","","","7692","1"
"","Always","","","","","","","v3_Snippet7_8","","","","","","7692","1"
"","Always","","","","","","","v3_Snippet7_9","","","","","","7692","1"
"","Always","","","","","","","v3_Snippet8_1","","","","","","6923","1"
"","Always","","","","","","","v3_Snippet8_2","","","","","","6923","1"
"","Always","","","","","","","v3_Snippet8_3","","","","","","6923","1"
"","Always","","","","","","","v3_Snippet8_4","","","","","","6923","1"
"","Always","","","","","","","v3_Snippet8_5","","","","","","6923","1"
"","Always","","","","","","","v3_Snippet8_6","","","","","","6923","1"
"","Always","","","","","","","v3_Snippet8_7","","","","","","6923","1"
"","Always","","","","","","","v3_Snippet8_8","","","","","","6923","1"
"","Always","","","","","","","v3_Snippet8_9","","","","","","6923","1"
"","Always","","","","","","","v3_Snippet9_1","","","","","","6154","1"
"","Always","","","","","","","v3_Snippet9_2","","","","","","6154","1"
"","Always","","","","","","","v3_Snippet9_3","","","","","","6154","1"
"","Always","","","","","","","v3_Snippet9_4","","","","","","6154","1"
"","Always","","","","","","","v3_Snippet9_5","","","","","","6154","1"
"","Always","","","","","","","v3_Snippet9_6","","","","","","6154","1"
"","Always","","","","","","","v3_Snippet9_7","","","","","","6154","1"
"","Always","","","","","","","v3_Snippet9_8","","","","","","6154","1"
"","Always","","","","","","","v3_Snippet9_9","","","","","","6154","1"
"v3_AlbumSnippetPool_Random_Week3","Always","","","","","","","v3_Snippet1_1","","","","","","667","1"
"","Always","","","","","","","v3_Snippet1_2","","","","","","667","1"
"","Always","","","","","","","v3_Snippet1_3","","","","","","667","1"
"","Always","","","","","","","v3_Snippet1_4","","","","","","667","1"
"","Always","","","","","","","v3_Snippet1_5","","","","","","667","1"
"","Always","","","","","","","v3_Snippet1_6","","","","","","667","1"
"","Always","","","","","","","v3_Snippet1_7","","","","","","667","1"
"","Always","","","","","","","v3_Snippet1_8","","","","","","667","1"
"","Always","","","","","","","v3_Snippet1_9","","","","","","667","1"
"","Always","","","","","","","v3_Snippet2_1","","","","","","1000","1"
"","Always","","","","","","","v3_Snippet2_2","","","","","","1000","1"
"","Always","","","","","","","v3_Snippet2_3","","","","","","1000","1"
"","Always","","","","","","","v3_Snippet2_4","","","","","","1000","1"
"","Always","","","","","","","v3_Snippet2_5","","","","","","1000","1"
"","Always","","","","","","","v3_Snippet2_6","","","","","","1000","1"
"","Always","","","","","","","v3_Snippet2_7","","","","","","1000","1"
"","Always","","","","","","","v3_Snippet2_8","","","","","","1000","1"
"","Always","","","","","","","v3_Snippet2_9","","","","","","1000","1"
"","Always","","","","","","","v3_Snippet3_1","","","","","","1667","1"
"","Always","","","","","","","v3_Snippet3_2","","","","","","1667","1"
"","Always","","","","","","","v3_Snippet3_3","","","","","","1667","1"
"","Always","","","","","","","v3_Snippet3_4","","","","","","1667","1"
"","Always","","","","","","","v3_Snippet3_5","","","","","","1667","1"
"","Always","","","","","","","v3_Snippet3_6","","","","","","1667","1"
"","Always","","","","","","","v3_Snippet3_7","","","","","","1667","1"
"","Always","","","","","","","v3_Snippet3_8","","","","","","1667","1"
"","Always","","","","","","","v3_Snippet3_9","","","","","","1667","1"
"","Always","","","","","","","v3_Snippet4_1","","","","","","2667","1"
"","Always","","","","","","","v3_Snippet4_2","","","","","","2667","1"
"","Always","","","","","","","v3_Snippet4_3","","","","","","2667","1"
"","Always","","","","","","","v3_Snippet4_4","","","","","","2667","1"
"","Always","","","","","","","v3_Snippet4_5","","","","","","2667","1"
"","Always","","","","","","","v3_Snippet4_6","","","","","","2667","1"
"","Always","","","","","","","v3_Snippet4_7","","","","","","2667","1"
"","Always","","","","","","","v3_Snippet4_8","","","","","","2667","1"
"","Always","","","","","","","v3_Snippet4_9","","","","","","2667","1"
"","Always","","","","","","","v3_Snippet5_1","","","","","","4000","1"
"","Always","","","","","","","v3_Snippet5_2","","","","","","4000","1"
"","Always","","","","","","","v3_Snippet5_3","","","","","","4000","1"
"","Always","","","","","","","v3_Snippet5_4","","","","","","4000","1"
"","Always","","","","","","","v3_Snippet5_5","","","","","","4000","1"
"","Always","","","","","","","v3_Snippet5_6","","","","","","4000","1"
"","Always","","","","","","","v3_Snippet5_7","","","","","","4000","1"
"","Always","","","","","","","v3_Snippet5_8","","","","","","4000","1"
"","Always","","","","","","","v3_Snippet5_9","","","","","","4000","1"
"","Always","","","","","","","v3_Snippet6_1","","","","","","6000","1"
"","Always","","","","","","","v3_Snippet6_2","","","","","","6000","1"
"","Always","","","","","","","v3_Snippet6_3","","","","","","6000","1"
"","Always","","","","","","","v3_Snippet6_4","","","","","","6000","1"
"","Always","","","","","","","v3_Snippet6_5","","","","","","6000","1"
"","Always","","","","","","","v3_Snippet6_6","","","","","","6000","1"
"","Always","","","","","","","v3_Snippet6_7","","","","","","6000","1"
"","Always","","","","","","","v3_Snippet6_8","","","","","","6000","1"
"","Always","","","","","","","v3_Snippet6_9","","","","","","6000","1"
"","Always","","","","","","","v3_Snippet7_1","","","","","","8000","1"
"","Always","","","","","","","v3_Snippet7_2","","","","","","8000","1"
"","Always","","","","","","","v3_Snippet7_3","","","","","","8000","1"
"","Always","","","","","","","v3_Snippet7_4","","","","","","8000","1"
"","Always","","","","","","","v3_Snippet7_5","","","","","","8000","1"
"","Always","","","","","","","v3_Snippet7_6","","","","","","8000","1"
"","Always","","","","","","","v3_Snippet7_7","","","","","","8000","1"
"","Always","","","","","","","v3_Snippet7_8","","","","","","8000","1"
"","Always","","","","","","","v3_Snippet7_9","","","","","","8000","1"
"","Always","","","","","","","v3_Snippet8_1","","","","","","9333","1"
"","Always","","","","","","","v3_Snippet8_2","","","","","","9333","1"
"","Always","","","","","","","v3_Snippet8_3","","","","","","9333","1"
"","Always","","","","","","","v3_Snippet8_4","","","","","","9333","1"
"","Always","","","","","","","v3_Snippet8_5","","","","","","9333","1"
"","Always","","","","","","","v3_Snippet8_6","","","","","","9333","1"
"","Always","","","","","","","v3_Snippet8_7","","","","","","9333","1"
"","Always","","","","","","","v3_Snippet8_8","","","","","","9333","1"
"","Always","","","","","","","v3_Snippet8_9","","","","","","9333","1"
"","Always","","","","","","","v3_Snippet9_1","","","","","","10000","1"
"","Always","","","","","","","v3_Snippet9_2","","","","","","10000","1"
"","Always","","","","","","","v3_Snippet9_3","","","","","","10000","1"
"","Always","","","","","","","v3_Snippet9_4","","","","","","10000","1"
"","Always","","","","","","","v3_Snippet9_5","","","","","","10000","1"
"","Always","","","","","","","v3_Snippet9_6","","","","","","10000","1"
"","Always","","","","","","","v3_Snippet9_7","","","","","","10000","1"
"","Always","","","","","","","v3_Snippet9_8","","","","","","10000","1"
"","Always","","","","","","","v3_Snippet9_9","","","","","","10000","1"
"v3_AlbumSnippetPool_Random_Week4","Always","","","","","","","v3_Snippet1_1","","","","","","1500","1"
"","Always","","","","","","","v3_Snippet1_2","","","","","","1500","1"
"","Always","","","","","","","v3_Snippet1_3","","","","","","1500","1"
"","Always","","","","","","","v3_Snippet1_4","","","","","","1500","1"
"","Always","","","","","","","v3_Snippet1_5","","","","","","1500","1"
"","Always","","","","","","","v3_Snippet1_6","","","","","","1500","1"
"","Always","","","","","","","v3_Snippet1_7","","","","","","1500","1"
"","Always","","","","","","","v3_Snippet1_8","","","","","","1500","1"
"","Always","","","","","","","v3_Snippet1_9","","","","","","1500","1"
"","Always","","","","","","","v3_Snippet2_1","","","","","","2000","1"
"","Always","","","","","","","v3_Snippet2_2","","","","","","2000","1"
"","Always","","","","","","","v3_Snippet2_3","","","","","","2000","1"
"","Always","","","","","","","v3_Snippet2_4","","","","","","2000","1"
"","Always","","","","","","","v3_Snippet2_5","","","","","","2000","1"
"","Always","","","","","","","v3_Snippet2_6","","","","","","2000","1"
"","Always","","","","","","","v3_Snippet2_7","","","","","","2000","1"
"","Always","","","","","","","v3_Snippet2_8","","","","","","2000","1"
"","Always","","","","","","","v3_Snippet2_9","","","","","","2000","1"
"","Always","","","","","","","v3_Snippet3_1","","","","","","2500","1"
"","Always","","","","","","","v3_Snippet3_2","","","","","","2500","1"
"","Always","","","","","","","v3_Snippet3_3","","","","","","2500","1"
"","Always","","","","","","","v3_Snippet3_4","","","","","","2500","1"
"","Always","","","","","","","v3_Snippet3_5","","","","","","2500","1"
"","Always","","","","","","","v3_Snippet3_6","","","","","","2500","1"
"","Always","","","","","","","v3_Snippet3_7","","","","","","2500","1"
"","Always","","","","","","","v3_Snippet3_8","","","","","","2500","1"
"","Always","","","","","","","v3_Snippet3_9","","","","","","2500","1"
"","Always","","","","","","","v3_Snippet4_1","","","","","","3000","1"
"","Always","","","","","","","v3_Snippet4_2","","","","","","3000","1"
"","Always","","","","","","","v3_Snippet4_3","","","","","","3000","1"
"","Always","","","","","","","v3_Snippet4_4","","","","","","3000","1"
"","Always","","","","","","","v3_Snippet4_5","","","","","","3000","1"
"","Always","","","","","","","v3_Snippet4_6","","","","","","3000","1"
"","Always","","","","","","","v3_Snippet4_7","","","","","","3000","1"
"","Always","","","","","","","v3_Snippet4_8","","","","","","3000","1"
"","Always","","","","","","","v3_Snippet4_9","","","","","","3000","1"
"","Always","","","","","","","v3_Snippet5_1","","","","","","4000","1"
"","Always","","","","","","","v3_Snippet5_2","","","","","","4000","1"
"","Always","","","","","","","v3_Snippet5_3","","","","","","4000","1"
"","Always","","","","","","","v3_Snippet5_4","","","","","","4000","1"
"","Always","","","","","","","v3_Snippet5_5","","","","","","4000","1"
"","Always","","","","","","","v3_Snippet5_6","","","","","","4000","1"
"","Always","","","","","","","v3_Snippet5_7","","","","","","4000","1"
"","Always","","","","","","","v3_Snippet5_8","","","","","","4000","1"
"","Always","","","","","","","v3_Snippet5_9","","","","","","4000","1"
"","Always","","","","","","","v3_Snippet6_1","","","","","","5500","1"
"","Always","","","","","","","v3_Snippet6_2","","","","","","5500","1"
"","Always","","","","","","","v3_Snippet6_3","","","","","","5500","1"
"","Always","","","","","","","v3_Snippet6_4","","","","","","5500","1"
"","Always","","","","","","","v3_Snippet6_5","","","","","","5500","1"
"","Always","","","","","","","v3_Snippet6_6","","","","","","5500","1"
"","Always","","","","","","","v3_Snippet6_7","","","","","","5500","1"
"","Always","","","","","","","v3_Snippet6_8","","","","","","5500","1"
"","Always","","","","","","","v3_Snippet6_9","","","","","","5500","1"
"","Always","","","","","","","v3_Snippet7_1","","","","","","7000","1"
"","Always","","","","","","","v3_Snippet7_2","","","","","","7000","1"
"","Always","","","","","","","v3_Snippet7_3","","","","","","7000","1"
"","Always","","","","","","","v3_Snippet7_4","","","","","","7000","1"
"","Always","","","","","","","v3_Snippet7_5","","","","","","7000","1"
"","Always","","","","","","","v3_Snippet7_6","","","","","","7000","1"
"","Always","","","","","","","v3_Snippet7_7","","","","","","7000","1"
"","Always","","","","","","","v3_Snippet7_8","","","","","","7000","1"
"","Always","","","","","","","v3_Snippet7_9","","","","","","7000","1"
"","Always","","","","","","","v3_Snippet8_1","","","","","","8500","1"
"","Always","","","","","","","v3_Snippet8_2","","","","","","8500","1"
"","Always","","","","","","","v3_Snippet8_3","","","","","","8500","1"
"","Always","","","","","","","v3_Snippet8_4","","","","","","8500","1"
"","Always","","","","","","","v3_Snippet8_5","","","","","","8500","1"
"","Always","","","","","","","v3_Snippet8_6","","","","","","8500","1"
"","Always","","","","","","","v3_Snippet8_7","","","","","","8500","1"
"","Always","","","","","","","v3_Snippet8_8","","","","","","8500","1"
"","Always","","","","","","","v3_Snippet8_9","","","","","","8500","1"
"","Always","","","","","","","v3_Snippet9_1","","","","","","10000","1"
"","Always","","","","","","","v3_Snippet9_2","","","","","","10000","1"
"","Always","","","","","","","v3_Snippet9_3","","","","","","10000","1"
"","Always","","","","","","","v3_Snippet9_4","","","","","","10000","1"
"","Always","","","","","","","v3_Snippet9_5","","","","","","10000","1"
"","Always","","","","","","","v3_Snippet9_6","","","","","","10000","1"
"","Always","","","","","","","v3_Snippet9_7","","","","","","10000","1"
"","Always","","","","","","","v3_Snippet9_8","","","","","","10000","1"
"","Always","","","","","","","v3_Snippet9_9","","","","","","10000","1"
"v4_AlbumSnippetPool_Unique","","","","","","","","v4_Snippet1_1","","","","","","10000","1"
"","","","","","","","","v4_Snippet1_2","","","","","","10000","1"
"","","","","","","","","v4_Snippet1_3","","","","","","10000","1"
"","","","","","","","","v4_Snippet1_4","","","","","","10000","1"
"","","","","","","","","v4_Snippet1_5","","","","","","10000","1"
"","","","","","","","","v4_Snippet1_6","","","","","","10000","1"
"","","","","","","","","v4_Snippet1_7","","","","","","10000","1"
"","","","","","","","","v4_Snippet1_8","","","","","","10000","1"
"","","","","","","","","v4_Snippet1_9","","","","","","10000","1"
"","","","","","","","","v4_Snippet2_1","","","","","","4217","1"
"","","","","","","","","v4_Snippet2_2","","","","","","4217","1"
"","","","","","","","","v4_Snippet2_3","","","","","","4217","1"
"","","","","","","","","v4_Snippet2_4","","","","","","4217","1"
"","","","","","","","","v4_Snippet2_5","","","","","","4217","1"
"","","","","","","","","v4_Snippet2_6","","","","","","4217","1"
"","","","","","","","","v4_Snippet2_7","","","","","","4217","1"
"","","","","","","","","v4_Snippet2_8","","","","","","4217","1"
"","","","","","","","","v4_Snippet2_9","","","","","","4217","1"
"","","","","","","","","v4_Snippet3_1","","","","","","1778","1"
"","","","","","","","","v4_Snippet3_2","","","","","","1778","1"
"","","","","","","","","v4_Snippet3_3","","","","","","1778","1"
"","","","","","","","","v4_Snippet3_4","","","","","","1778","1"
"","","","","","","","","v4_Snippet3_5","","","","","","1778","1"
"","","","","","","","","v4_Snippet3_6","","","","","","1778","1"
"","","","","","","","","v4_Snippet3_7","","","","","","1778","1"
"","","","","","","","","v4_Snippet3_8","","","","","","1778","1"
"","","","","","","","","v4_Snippet3_9","","","","","","1778","1"
"","","","","","","","","v4_Snippet4_1","","","","","","750","1"
"","","","","","","","","v4_Snippet4_2","","","","","","750","1"
"","","","","","","","","v4_Snippet4_3","","","","","","750","1"
"","","","","","","","","v4_Snippet4_4","","","","","","750","1"
"","","","","","","","","v4_Snippet4_5","","","","","","750","1"
"","","","","","","","","v4_Snippet4_6","","","","","","750","1"
"","","","","","","","","v4_Snippet4_7","","","","","","750","1"
"","","","","","","","","v4_Snippet4_8","","","","","","750","1"
"","","","","","","","","v4_Snippet4_9","","","","","","750","1"
"","","","","","","","","v4_Snippet5_1","","","","","","316","1"
"","","","","","","","","v4_Snippet5_2","","","","","","316","1"
"","","","","","","","","v4_Snippet5_3","","","","","","316","1"
"","","","","","","","","v4_Snippet5_4","","","","","","316","1"
"","","","","","","","","v4_Snippet5_5","","","","","","316","1"
"","","","","","","","","v4_Snippet5_6","","","","","","316","1"
"","","","","","","","","v4_Snippet5_7","","","","","","316","1"
"","","","","","","","","v4_Snippet5_8","","","","","","316","1"
"","","","","","","","","v4_Snippet5_9","","","","","","316","1"
"","","","","","","","","v4_Snippet6_1","","","","","","133","1"
"","","","","","","","","v4_Snippet6_2","","","","","","133","1"
"","","","","","","","","v4_Snippet6_3","","","","","","133","1"
"","","","","","","","","v4_Snippet6_4","","","","","","133","1"
"","","","","","","","","v4_Snippet6_5","","","","","","133","1"
"","","","","","","","","v4_Snippet6_6","","","","","","133","1"
"","","","","","","","","v4_Snippet6_7","","","","","","133","1"
"","","","","","","","","v4_Snippet6_8","","","","","","133","1"
"","","","","","","","","v4_Snippet6_9","","","","","","133","1"
"","","","","","","","","v4_Snippet7_1","","","","","","56","1"
"","","","","","","","","v4_Snippet7_2","","","","","","56","1"
"","","","","","","","","v4_Snippet7_3","","","","","","56","1"
"","","","","","","","","v4_Snippet7_4","","","","","","56","1"
"","","","","","","","","v4_Snippet7_5","","","","","","56","1"
"","","","","","","","","v4_Snippet7_6","","","","","","56","1"
"","","","","","","","","v4_Snippet7_7","","","","","","56","1"
"","","","","","","","","v4_Snippet7_8","","","","","","56","1"
"","","","","","","","","v4_Snippet7_9","","","","","","56","1"
"","","","","","","","","v4_Snippet8_1","","","","","","24","1"
"","","","","","","","","v4_Snippet8_2","","","","","","24","1"
"","","","","","","","","v4_Snippet8_3","","","","","","24","1"
"","","","","","","","","v4_Snippet8_4","","","","","","24","1"
"","","","","","","","","v4_Snippet8_5","","","","","","24","1"
"","","","","","","","","v4_Snippet8_6","","","","","","24","1"
"","","","","","","","","v4_Snippet8_7","","","","","","24","1"
"","","","","","","","","v4_Snippet8_8","","","","","","24","1"
"","","","","","","","","v4_Snippet8_9","","","","","","24","1"
"","","","","","","","","v4_Snippet9_1","","","","","","10","1"
"","","","","","","","","v4_Snippet9_2","","","","","","10","1"
"","","","","","","","","v4_Snippet9_3","","","","","","10","1"
"","","","","","","","","v4_Snippet9_4","","","","","","10","1"
"","","","","","","","","v4_Snippet9_5","","","","","","10","1"
"","","","","","","","","v4_Snippet9_6","","","","","","10","1"
"","","","","","","","","v4_Snippet9_7","","","","","","10","1"
"","","","","","","","","v4_Snippet9_8","","","","","","10","1"
"","","","","","","","","v4_Snippet9_9","","","","","","10","1"
"","IfAllLocked","","","","","","","Snippet_unique_conversion","","","","","","1","1"
"v4_AlbumSnippetPool_Random_Week1","Always","","","","","","","v4_Snippet1_1","","","","","","10000","1"
"","Always","","","","","","","v4_Snippet1_2","","","","","","10000","1"
"","Always","","","","","","","v4_Snippet1_3","","","","","","10000","1"
"","Always","","","","","","","v4_Snippet1_4","","","","","","10000","1"
"","Always","","","","","","","v4_Snippet1_5","","","","","","10000","1"
"","Always","","","","","","","v4_Snippet1_6","","","","","","10000","1"
"","Always","","","","","","","v4_Snippet1_7","","","","","","10000","1"
"","Always","","","","","","","v4_Snippet1_8","","","","","","10000","1"
"","Always","","","","","","","v4_Snippet1_9","","","","","","10000","1"
"","Always","","","","","","","v4_Snippet2_1","","","","","","9286","1"
"","Always","","","","","","","v4_Snippet2_2","","","","","","9286","1"
"","Always","","","","","","","v4_Snippet2_3","","","","","","9286","1"
"","Always","","","","","","","v4_Snippet2_4","","","","","","9286","1"
"","Always","","","","","","","v4_Snippet2_5","","","","","","9286","1"
"","Always","","","","","","","v4_Snippet2_6","","","","","","9286","1"
"","Always","","","","","","","v4_Snippet2_7","","","","","","9286","1"
"","Always","","","","","","","v4_Snippet2_8","","","","","","9286","1"
"","Always","","","","","","","v4_Snippet2_9","","","","","","9286","1"
"","Always","","","","","","","v4_Snippet3_1","","","","","","8571","1"
"","Always","","","","","","","v4_Snippet3_2","","","","","","8571","1"
"","Always","","","","","","","v4_Snippet3_3","","","","","","8571","1"
"","Always","","","","","","","v4_Snippet3_4","","","","","","8571","1"
"","Always","","","","","","","v4_Snippet3_5","","","","","","8571","1"
"","Always","","","","","","","v4_Snippet3_6","","","","","","8571","1"
"","Always","","","","","","","v4_Snippet3_7","","","","","","8571","1"
"","Always","","","","","","","v4_Snippet3_8","","","","","","8571","1"
"","Always","","","","","","","v4_Snippet3_9","","","","","","8571","1"
"","Always","","","","","","","v4_Snippet4_1","","","","","","7857","1"
"","Always","","","","","","","v4_Snippet4_2","","","","","","7857","1"
"","Always","","","","","","","v4_Snippet4_3","","","","","","7857","1"
"","Always","","","","","","","v4_Snippet4_4","","","","","","7857","1"
"","Always","","","","","","","v4_Snippet4_5","","","","","","7857","1"
"","Always","","","","","","","v4_Snippet4_6","","","","","","7857","1"
"","Always","","","","","","","v4_Snippet4_7","","","","","","7857","1"
"","Always","","","","","","","v4_Snippet4_8","","","","","","7857","1"
"","Always","","","","","","","v4_Snippet4_9","","","","","","7857","1"
"","Always","","","","","","","v4_Snippet5_1","","","","","","7143","1"
"","Always","","","","","","","v4_Snippet5_2","","","","","","7143","1"
"","Always","","","","","","","v4_Snippet5_3","","","","","","7143","1"
"","Always","","","","","","","v4_Snippet5_4","","","","","","7143","1"
"","Always","","","","","","","v4_Snippet5_5","","","","","","7143","1"
"","Always","","","","","","","v4_Snippet5_6","","","","","","7143","1"
"","Always","","","","","","","v4_Snippet5_7","","","","","","7143","1"
"","Always","","","","","","","v4_Snippet5_8","","","","","","7143","1"
"","Always","","","","","","","v4_Snippet5_9","","","","","","7143","1"
"","Always","","","","","","","v4_Snippet6_1","","","","","","6429","1"
"","Always","","","","","","","v4_Snippet6_2","","","","","","6429","1"
"","Always","","","","","","","v4_Snippet6_3","","","","","","6429","1"
"","Always","","","","","","","v4_Snippet6_4","","","","","","6429","1"
"","Always","","","","","","","v4_Snippet6_5","","","","","","6429","1"
"","Always","","","","","","","v4_Snippet6_6","","","","","","6429","1"
"","Always","","","","","","","v4_Snippet6_7","","","","","","6429","1"
"","Always","","","","","","","v4_Snippet6_8","","","","","","6429","1"
"","Always","","","","","","","v4_Snippet6_9","","","","","","6429","1"
"","Always","","","","","","","v4_Snippet7_1","","","","","","5714","1"
"","Always","","","","","","","v4_Snippet7_2","","","","","","5714","1"
"","Always","","","","","","","v4_Snippet7_3","","","","","","5714","1"
"","Always","","","","","","","v4_Snippet7_4","","","","","","5714","1"
"","Always","","","","","","","v4_Snippet7_5","","","","","","5714","1"
"","Always","","","","","","","v4_Snippet7_6","","","","","","5714","1"
"","Always","","","","","","","v4_Snippet7_7","","","","","","5714","1"
"","Always","","","","","","","v4_Snippet7_8","","","","","","5714","1"
"","Always","","","","","","","v4_Snippet7_9","","","","","","5714","1"
"","Always","","","","","","","v4_Snippet8_1","","","","","","5000","1"
"","Always","","","","","","","v4_Snippet8_2","","","","","","5000","1"
"","Always","","","","","","","v4_Snippet8_3","","","","","","5000","1"
"","Always","","","","","","","v4_Snippet8_4","","","","","","5000","1"
"","Always","","","","","","","v4_Snippet8_5","","","","","","5000","1"
"","Always","","","","","","","v4_Snippet8_6","","","","","","5000","1"
"","Always","","","","","","","v4_Snippet8_7","","","","","","5000","1"
"","Always","","","","","","","v4_Snippet8_8","","","","","","5000","1"
"","Always","","","","","","","v4_Snippet8_9","","","","","","5000","1"
"","Always","","","","","","","v4_Snippet9_1","","","","","","4286","1"
"","Always","","","","","","","v4_Snippet9_2","","","","","","4286","1"
"","Always","","","","","","","v4_Snippet9_3","","","","","","4286","1"
"","Always","","","","","","","v4_Snippet9_4","","","","","","4286","1"
"","Always","","","","","","","v4_Snippet9_5","","","","","","4286","1"
"","Always","","","","","","","v4_Snippet9_6","","","","","","4286","1"
"","Always","","","","","","","v4_Snippet9_7","","","","","","4286","1"
"","Always","","","","","","","v4_Snippet9_8","","","","","","4286","1"
"","Always","","","","","","","v4_Snippet9_9","","","","","","4286","1"
"v4_AlbumSnippetPool_Random_Week2","Always","","","","","","","v4_Snippet1_1","","","","","","6154","1"
"","Always","","","","","","","v4_Snippet1_2","","","","","","6154","1"
"","Always","","","","","","","v4_Snippet1_3","","","","","","6154","1"
"","Always","","","","","","","v4_Snippet1_4","","","","","","6154","1"
"","Always","","","","","","","v4_Snippet1_5","","","","","","6154","1"
"","Always","","","","","","","v4_Snippet1_6","","","","","","6154","1"
"","Always","","","","","","","v4_Snippet1_7","","","","","","6154","1"
"","Always","","","","","","","v4_Snippet1_8","","","","","","6154","1"
"","Always","","","","","","","v4_Snippet1_9","","","","","","6154","1"
"","Always","","","","","","","v4_Snippet2_1","","","","","","6923","1"
"","Always","","","","","","","v4_Snippet2_2","","","","","","6923","1"
"","Always","","","","","","","v4_Snippet2_3","","","","","","6923","1"
"","Always","","","","","","","v4_Snippet2_4","","","","","","6923","1"
"","Always","","","","","","","v4_Snippet2_5","","","","","","6923","1"
"","Always","","","","","","","v4_Snippet2_6","","","","","","6923","1"
"","Always","","","","","","","v4_Snippet2_7","","","","","","6923","1"
"","Always","","","","","","","v4_Snippet2_8","","","","","","6923","1"
"","Always","","","","","","","v4_Snippet2_9","","","","","","6923","1"
"","Always","","","","","","","v4_Snippet3_1","","","","","","7692","1"
"","Always","","","","","","","v4_Snippet3_2","","","","","","7692","1"
"","Always","","","","","","","v4_Snippet3_3","","","","","","7692","1"
"","Always","","","","","","","v4_Snippet3_4","","","","","","7692","1"
"","Always","","","","","","","v4_Snippet3_5","","","","","","7692","1"
"","Always","","","","","","","v4_Snippet3_6","","","","","","7692","1"
"","Always","","","","","","","v4_Snippet3_7","","","","","","7692","1"
"","Always","","","","","","","v4_Snippet3_8","","","","","","7692","1"
"","Always","","","","","","","v4_Snippet3_9","","","","","","7692","1"
"","Always","","","","","","","v4_Snippet4_1","","","","","","9231","1"
"","Always","","","","","","","v4_Snippet4_2","","","","","","9231","1"
"","Always","","","","","","","v4_Snippet4_3","","","","","","9231","1"
"","Always","","","","","","","v4_Snippet4_4","","","","","","9231","1"
"","Always","","","","","","","v4_Snippet4_5","","","","","","9231","1"
"","Always","","","","","","","v4_Snippet4_6","","","","","","9231","1"
"","Always","","","","","","","v4_Snippet4_7","","","","","","9231","1"
"","Always","","","","","","","v4_Snippet4_8","","","","","","9231","1"
"","Always","","","","","","","v4_Snippet4_9","","","","","","9231","1"
"","Always","","","","","","","v4_Snippet5_1","","","","","","10000","1"
"","Always","","","","","","","v4_Snippet5_2","","","","","","10000","1"
"","Always","","","","","","","v4_Snippet5_3","","","","","","10000","1"
"","Always","","","","","","","v4_Snippet5_4","","","","","","10000","1"
"","Always","","","","","","","v4_Snippet5_5","","","","","","10000","1"
"","Always","","","","","","","v4_Snippet5_6","","","","","","10000","1"
"","Always","","","","","","","v4_Snippet5_7","","","","","","10000","1"
"","Always","","","","","","","v4_Snippet5_8","","","","","","10000","1"
"","Always","","","","","","","v4_Snippet5_9","","","","","","10000","1"
"","Always","","","","","","","v4_Snippet6_1","","","","","","9231","1"
"","Always","","","","","","","v4_Snippet6_2","","","","","","9231","1"
"","Always","","","","","","","v4_Snippet6_3","","","","","","9231","1"
"","Always","","","","","","","v4_Snippet6_4","","","","","","9231","1"
"","Always","","","","","","","v4_Snippet6_5","","","","","","9231","1"
"","Always","","","","","","","v4_Snippet6_6","","","","","","9231","1"
"","Always","","","","","","","v4_Snippet6_7","","","","","","9231","1"
"","Always","","","","","","","v4_Snippet6_8","","","","","","9231","1"
"","Always","","","","","","","v4_Snippet6_9","","","","","","9231","1"
"","Always","","","","","","","v4_Snippet7_1","","","","","","7692","1"
"","Always","","","","","","","v4_Snippet7_2","","","","","","7692","1"
"","Always","","","","","","","v4_Snippet7_3","","","","","","7692","1"
"","Always","","","","","","","v4_Snippet7_4","","","","","","7692","1"
"","Always","","","","","","","v4_Snippet7_5","","","","","","7692","1"
"","Always","","","","","","","v4_Snippet7_6","","","","","","7692","1"
"","Always","","","","","","","v4_Snippet7_7","","","","","","7692","1"
"","Always","","","","","","","v4_Snippet7_8","","","","","","7692","1"
"","Always","","","","","","","v4_Snippet7_9","","","","","","7692","1"
"","Always","","","","","","","v4_Snippet8_1","","","","","","6923","1"
"","Always","","","","","","","v4_Snippet8_2","","","","","","6923","1"
"","Always","","","","","","","v4_Snippet8_3","","","","","","6923","1"
"","Always","","","","","","","v4_Snippet8_4","","","","","","6923","1"
"","Always","","","","","","","v4_Snippet8_5","","","","","","6923","1"
"","Always","","","","","","","v4_Snippet8_6","","","","","","6923","1"
"","Always","","","","","","","v4_Snippet8_7","","","","","","6923","1"
"","Always","","","","","","","v4_Snippet8_8","","","","","","6923","1"
"","Always","","","","","","","v4_Snippet8_9","","","","","","6923","1"
"","Always","","","","","","","v4_Snippet9_1","","","","","","6154","1"
"","Always","","","","","","","v4_Snippet9_2","","","","","","6154","1"
"","Always","","","","","","","v4_Snippet9_3","","","","","","6154","1"
"","Always","","","","","","","v4_Snippet9_4","","","","","","6154","1"
"","Always","","","","","","","v4_Snippet9_5","","","","","","6154","1"
"","Always","","","","","","","v4_Snippet9_6","","","","","","6154","1"
"","Always","","","","","","","v4_Snippet9_7","","","","","","6154","1"
"","Always","","","","","","","v4_Snippet9_8","","","","","","6154","1"
"","Always","","","","","","","v4_Snippet9_9","","","","","","6154","1"
"v4_AlbumSnippetPool_Random_Week3","Always","","","","","","","v4_Snippet1_1","","","","","","667","1"
"","Always","","","","","","","v4_Snippet1_2","","","","","","667","1"
"","Always","","","","","","","v4_Snippet1_3","","","","","","667","1"
"","Always","","","","","","","v4_Snippet1_4","","","","","","667","1"
"","Always","","","","","","","v4_Snippet1_5","","","","","","667","1"
"","Always","","","","","","","v4_Snippet1_6","","","","","","667","1"
"","Always","","","","","","","v4_Snippet1_7","","","","","","667","1"
"","Always","","","","","","","v4_Snippet1_8","","","","","","667","1"
"","Always","","","","","","","v4_Snippet1_9","","","","","","667","1"
"","Always","","","","","","","v4_Snippet2_1","","","","","","1000","1"
"","Always","","","","","","","v4_Snippet2_2","","","","","","1000","1"
"","Always","","","","","","","v4_Snippet2_3","","","","","","1000","1"
"","Always","","","","","","","v4_Snippet2_4","","","","","","1000","1"
"","Always","","","","","","","v4_Snippet2_5","","","","","","1000","1"
"","Always","","","","","","","v4_Snippet2_6","","","","","","1000","1"
"","Always","","","","","","","v4_Snippet2_7","","","","","","1000","1"
"","Always","","","","","","","v4_Snippet2_8","","","","","","1000","1"
"","Always","","","","","","","v4_Snippet2_9","","","","","","1000","1"
"","Always","","","","","","","v4_Snippet3_1","","","","","","1667","1"
"","Always","","","","","","","v4_Snippet3_2","","","","","","1667","1"
"","Always","","","","","","","v4_Snippet3_3","","","","","","1667","1"
"","Always","","","","","","","v4_Snippet3_4","","","","","","1667","1"
"","Always","","","","","","","v4_Snippet3_5","","","","","","1667","1"
"","Always","","","","","","","v4_Snippet3_6","","","","","","1667","1"
"","Always","","","","","","","v4_Snippet3_7","","","","","","1667","1"
"","Always","","","","","","","v4_Snippet3_8","","","","","","1667","1"
"","Always","","","","","","","v4_Snippet3_9","","","","","","1667","1"
"","Always","","","","","","","v4_Snippet4_1","","","","","","2667","1"
"","Always","","","","","","","v4_Snippet4_2","","","","","","2667","1"
"","Always","","","","","","","v4_Snippet4_3","","","","","","2667","1"
"","Always","","","","","","","v4_Snippet4_4","","","","","","2667","1"
"","Always","","","","","","","v4_Snippet4_5","","","","","","2667","1"
"","Always","","","","","","","v4_Snippet4_6","","","","","","2667","1"
"","Always","","","","","","","v4_Snippet4_7","","","","","","2667","1"
"","Always","","","","","","","v4_Snippet4_8","","","","","","2667","1"
"","Always","","","","","","","v4_Snippet4_9","","","","","","2667","1"
"","Always","","","","","","","v4_Snippet5_1","","","","","","4000","1"
"","Always","","","","","","","v4_Snippet5_2","","","","","","4000","1"
"","Always","","","","","","","v4_Snippet5_3","","","","","","4000","1"
"","Always","","","","","","","v4_Snippet5_4","","","","","","4000","1"
"","Always","","","","","","","v4_Snippet5_5","","","","","","4000","1"
"","Always","","","","","","","v4_Snippet5_6","","","","","","4000","1"
"","Always","","","","","","","v4_Snippet5_7","","","","","","4000","1"
"","Always","","","","","","","v4_Snippet5_8","","","","","","4000","1"
"","Always","","","","","","","v4_Snippet5_9","","","","","","4000","1"
"","Always","","","","","","","v4_Snippet6_1","","","","","","6000","1"
"","Always","","","","","","","v4_Snippet6_2","","","","","","6000","1"
"","Always","","","","","","","v4_Snippet6_3","","","","","","6000","1"
"","Always","","","","","","","v4_Snippet6_4","","","","","","6000","1"
"","Always","","","","","","","v4_Snippet6_5","","","","","","6000","1"
"","Always","","","","","","","v4_Snippet6_6","","","","","","6000","1"
"","Always","","","","","","","v4_Snippet6_7","","","","","","6000","1"
"","Always","","","","","","","v4_Snippet6_8","","","","","","6000","1"
"","Always","","","","","","","v4_Snippet6_9","","","","","","6000","1"
"","Always","","","","","","","v4_Snippet7_1","","","","","","8000","1"
"","Always","","","","","","","v4_Snippet7_2","","","","","","8000","1"
"","Always","","","","","","","v4_Snippet7_3","","","","","","8000","1"
"","Always","","","","","","","v4_Snippet7_4","","","","","","8000","1"
"","Always","","","","","","","v4_Snippet7_5","","","","","","8000","1"
"","Always","","","","","","","v4_Snippet7_6","","","","","","8000","1"
"","Always","","","","","","","v4_Snippet7_7","","","","","","8000","1"
"","Always","","","","","","","v4_Snippet7_8","","","","","","8000","1"
"","Always","","","","","","","v4_Snippet7_9","","","","","","8000","1"
"","Always","","","","","","","v4_Snippet8_1","","","","","","9333","1"
"","Always","","","","","","","v4_Snippet8_2","","","","","","9333","1"
"","Always","","","","","","","v4_Snippet8_3","","","","","","9333","1"
"","Always","","","","","","","v4_Snippet8_4","","","","","","9333","1"
"","Always","","","","","","","v4_Snippet8_5","","","","","","9333","1"
"","Always","","","","","","","v4_Snippet8_6","","","","","","9333","1"
"","Always","","","","","","","v4_Snippet8_7","","","","","","9333","1"
"","Always","","","","","","","v4_Snippet8_8","","","","","","9333","1"
"","Always","","","","","","","v4_Snippet8_9","","","","","","9333","1"
"","Always","","","","","","","v4_Snippet9_1","","","","","","10000","1"
"","Always","","","","","","","v4_Snippet9_2","","","","","","10000","1"
"","Always","","","","","","","v4_Snippet9_3","","","","","","10000","1"
"","Always","","","","","","","v4_Snippet9_4","","","","","","10000","1"
"","Always","","","","","","","v4_Snippet9_5","","","","","","10000","1"
"","Always","","","","","","","v4_Snippet9_6","","","","","","10000","1"
"","Always","","","","","","","v4_Snippet9_7","","","","","","10000","1"
"","Always","","","","","","","v4_Snippet9_8","","","","","","10000","1"
"","Always","","","","","","","v4_Snippet9_9","","","","","","10000","1"
"v4_AlbumSnippetPool_Random_Week4","Always","","","","","","","v4_Snippet1_1","","","","","","1500","1"
"","Always","","","","","","","v4_Snippet1_2","","","","","","1500","1"
"","Always","","","","","","","v4_Snippet1_3","","","","","","1500","1"
"","Always","","","","","","","v4_Snippet1_4","","","","","","1500","1"
"","Always","","","","","","","v4_Snippet1_5","","","","","","1500","1"
"","Always","","","","","","","v4_Snippet1_6","","","","","","1500","1"
"","Always","","","","","","","v4_Snippet1_7","","","","","","1500","1"
"","Always","","","","","","","v4_Snippet1_8","","","","","","1500","1"
"","Always","","","","","","","v4_Snippet1_9","","","","","","1500","1"
"","Always","","","","","","","v4_Snippet2_1","","","","","","2000","1"
"","Always","","","","","","","v4_Snippet2_2","","","","","","2000","1"
"","Always","","","","","","","v4_Snippet2_3","","","","","","2000","1"
"","Always","","","","","","","v4_Snippet2_4","","","","","","2000","1"
"","Always","","","","","","","v4_Snippet2_5","","","","","","2000","1"
"","Always","","","","","","","v4_Snippet2_6","","","","","","2000","1"
"","Always","","","","","","","v4_Snippet2_7","","","","","","2000","1"
"","Always","","","","","","","v4_Snippet2_8","","","","","","2000","1"
"","Always","","","","","","","v4_Snippet2_9","","","","","","2000","1"
"","Always","","","","","","","v4_Snippet3_1","","","","","","2500","1"
"","Always","","","","","","","v4_Snippet3_2","","","","","","2500","1"
"","Always","","","","","","","v4_Snippet3_3","","","","","","2500","1"
"","Always","","","","","","","v4_Snippet3_4","","","","","","2500","1"
"","Always","","","","","","","v4_Snippet3_5","","","","","","2500","1"
"","Always","","","","","","","v4_Snippet3_6","","","","","","2500","1"
"","Always","","","","","","","v4_Snippet3_7","","","","","","2500","1"
"","Always","","","","","","","v4_Snippet3_8","","","","","","2500","1"
"","Always","","","","","","","v4_Snippet3_9","","","","","","2500","1"
"","Always","","","","","","","v4_Snippet4_1","","","","","","3000","1"
"","Always","","","","","","","v4_Snippet4_2","","","","","","3000","1"
"","Always","","","","","","","v4_Snippet4_3","","","","","","3000","1"
"","Always","","","","","","","v4_Snippet4_4","","","","","","3000","1"
"","Always","","","","","","","v4_Snippet4_5","","","","","","3000","1"
"","Always","","","","","","","v4_Snippet4_6","","","","","","3000","1"
"","Always","","","","","","","v4_Snippet4_7","","","","","","3000","1"
"","Always","","","","","","","v4_Snippet4_8","","","","","","3000","1"
"","Always","","","","","","","v4_Snippet4_9","","","","","","3000","1"
"","Always","","","","","","","v4_Snippet5_1","","","","","","4000","1"
"","Always","","","","","","","v4_Snippet5_2","","","","","","4000","1"
"","Always","","","","","","","v4_Snippet5_3","","","","","","4000","1"
"","Always","","","","","","","v4_Snippet5_4","","","","","","4000","1"
"","Always","","","","","","","v4_Snippet5_5","","","","","","4000","1"
"","Always","","","","","","","v4_Snippet5_6","","","","","","4000","1"
"","Always","","","","","","","v4_Snippet5_7","","","","","","4000","1"
"","Always","","","","","","","v4_Snippet5_8","","","","","","4000","1"
"","Always","","","","","","","v4_Snippet5_9","","","","","","4000","1"
"","Always","","","","","","","v4_Snippet6_1","","","","","","5500","1"
"","Always","","","","","","","v4_Snippet6_2","","","","","","5500","1"
"","Always","","","","","","","v4_Snippet6_3","","","","","","5500","1"
"","Always","","","","","","","v4_Snippet6_4","","","","","","5500","1"
"","Always","","","","","","","v4_Snippet6_5","","","","","","5500","1"
"","Always","","","","","","","v4_Snippet6_6","","","","","","5500","1"
"","Always","","","","","","","v4_Snippet6_7","","","","","","5500","1"
"","Always","","","","","","","v4_Snippet6_8","","","","","","5500","1"
"","Always","","","","","","","v4_Snippet6_9","","","","","","5500","1"
"","Always","","","","","","","v4_Snippet7_1","","","","","","7000","1"
"","Always","","","","","","","v4_Snippet7_2","","","","","","7000","1"
"","Always","","","","","","","v4_Snippet7_3","","","","","","7000","1"
"","Always","","","","","","","v4_Snippet7_4","","","","","","7000","1"
"","Always","","","","","","","v4_Snippet7_5","","","","","","7000","1"
"","Always","","","","","","","v4_Snippet7_6","","","","","","7000","1"
"","Always","","","","","","","v4_Snippet7_7","","","","","","7000","1"
"","Always","","","","","","","v4_Snippet7_8","","","","","","7000","1"
"","Always","","","","","","","v4_Snippet7_9","","","","","","7000","1"
"","Always","","","","","","","v4_Snippet8_1","","","","","","8500","1"
"","Always","","","","","","","v4_Snippet8_2","","","","","","8500","1"
"","Always","","","","","","","v4_Snippet8_3","","","","","","8500","1"
"","Always","","","","","","","v4_Snippet8_4","","","","","","8500","1"
"","Always","","","","","","","v4_Snippet8_5","","","","","","8500","1"
"","Always","","","","","","","v4_Snippet8_6","","","","","","8500","1"
"","Always","","","","","","","v4_Snippet8_7","","","","","","8500","1"
"","Always","","","","","","","v4_Snippet8_8","","","","","","8500","1"
"","Always","","","","","","","v4_Snippet8_9","","","","","","8500","1"
"","Always","","","","","","","v4_Snippet9_1","","","","","","10000","1"
"","Always","","","","","","","v4_Snippet9_2","","","","","","10000","1"
"","Always","","","","","","","v4_Snippet9_3","","","","","","10000","1"
"","Always","","","","","","","v4_Snippet9_4","","","","","","10000","1"
"","Always","","","","","","","v4_Snippet9_5","","","","","","10000","1"
"","Always","","","","","","","v4_Snippet9_6","","","","","","10000","1"
"","Always","","","","","","","v4_Snippet9_7","","","","","","10000","1"
"","Always","","","","","","","v4_Snippet9_8","","","","","","10000","1"
"","Always","","","","","","","v4_Snippet9_9","","","","","","10000","1"
