"Name","TID","TemplateIndex","DataUniqueId","LeagueIndex","DivisionIndex","RequiredWins","LossSubtraction","CardLevelCap","GameMode","IsEloBased","ShowGameModeIcon","WinsToCreateFloor","SeasonResetWinMultiplier","ShouldCountWinRateForInitialElo","IconSWF","IconExportName","ListIconExportName","UnlockReward","UnlockRewardAmount","OneTimeReward","OneTimeRewardAmount","EndOfSeasonReward","EndOfSeasonRewardAmount","LeagueDividerExportName","MatchmakingMinScoreDelta","MatchmakingMaxScoreDelta","MatchmakingMaxSeconds","SmallIconExportName","EvoSlots","HeroSlots","FlexSlots"
"string","string","Int","Int","Int","Int","Int","Int","Int","String","Boolean","Boolean","Int","Int","Boolean","String","String","String","String","Int","String","Int","String","Int","String","Int","Int","Int","String","Int","Int","Int"
"Template_1_Ranked1.1","TID_RANKED_LEAGUE_1",1,0,0,0,0,0,11,"PickMode_Tournament","FALSE","TRUE",1,1,,"sc/ui_league_badges.sc","league_badge_001","league_badge_001_nofx","Gold",3000,,,,,"divider_league",1,10,60,"league_list_icon_001",,,
"Template_1_Ranked1.2","TID_RANKED_LEAGUE_1",1,23,0,1,2,0,11,"PickMode_Tournament","FALSE","TRUE",,,,"sc/ui_league_badges.sc","league_badge_001","league_badge_001_nofx","WildcardCommon",250,,,,,,1,10,60,"league_list_icon_001",,,
"Template_1_Ranked1.3","TID_RANKED_LEAGUE_1",1,1,0,2,5,0,11,"PickMode_Tournament","FALSE","TRUE",,,,"sc/ui_league_badges.sc","league_badge_001","league_badge_001_nofx","Gold",3000,,,,,,1,10,60,"league_list_icon_001",,,
"Template_1_Ranked2.1","TID_RANKED_LEAGUE_2",1,2,1,0,7,1,11,"PickMode_Tournament","FALSE","TRUE",3,2,,"sc/ui_league_badges.sc","league_badge_002","league_badge_002_nofx","Gold",6000,"Chest_Giant_Arena_L1",1,,,"divider_league",2,10,60,"league_list_icon_002",,,
"Template_1_Ranked2.2","TID_RANKED_LEAGUE_2",1,3,1,1,9,1,11,"PickMode_Tournament","FALSE","TRUE",,,,"sc/ui_league_badges.sc","league_badge_002","league_badge_002_nofx","WildcardRare",50,,,,,,2,10,60,"league_list_icon_002",,,
"Template_1_Ranked2.3","TID_RANKED_LEAGUE_2",1,4,1,2,11,1,11,"PickMode_Tournament","FALSE","TRUE",,,,"sc/ui_league_badges.sc","league_badge_002","league_badge_002_nofx","Gold",6000,,,,,,2,10,60,"league_list_icon_002",,,
"Template_1_Ranked3.1","TID_RANKED_LEAGUE_3",1,5,2,0,13,1,11,"PickMode_Tournament","FALSE","TRUE",4,3,,"sc/ui_league_badges.sc","league_badge_003","league_badge_003_nofx","WildcardEpic",10,"Gold",15000,,,"divider_league",2,10,60,"league_list_icon_003",,,
"Template_1_Ranked3.2","TID_RANKED_LEAGUE_3",1,24,2,1,15,1,11,"PickMode_Tournament","FALSE","TRUE",,,,"sc/ui_league_badges.sc","league_badge_003","league_badge_003_nofx","Gold",3000,,,,,,2,10,60,"league_list_icon_003",,,
"Template_1_Ranked3.3","TID_RANKED_LEAGUE_3",1,6,2,2,18,1,11,"PickMode_Tournament","FALSE","TRUE",,,,"sc/ui_league_badges.sc","league_badge_003","league_badge_003_nofx","Gold",6000,,,,,,2,10,60,"league_list_icon_003",,,
"Template_1_Ranked4.1","TID_RANKED_LEAGUE_4",1,7,3,0,21,1,11,"PickMode_Tournament","FALSE","TRUE",5,4,"TRUE","sc/ui_league_badges.sc","league_badge_004","league_badge_004_nofx","Emote_EmoteChronos101",1,"Chest_Magic_Arena_L1",1,,,"divider_league",2,10,60,"league_list_icon_004",,,
"Template_1_Ranked4.2","TID_RANKED_LEAGUE_4",1,8,3,1,23,1,11,"PickMode_Tournament","FALSE","TRUE",,,"TRUE","sc/ui_league_badges.sc","league_badge_004","league_badge_004_nofx","WildcardLegendary",1,,,,,,2,10,60,"league_list_icon_004",,,
"Template_1_Ranked4.3","TID_RANKED_LEAGUE_4",1,9,3,2,26,1,11,"PickMode_Tournament","FALSE","TRUE",,,"TRUE","sc/ui_league_badges.sc","league_badge_004","league_badge_004_nofx","Gold",6000,,,,,,2,10,60,"league_list_icon_004",,,
"Template_1_Ranked5.1","TID_RANKED_LEAGUE_5",1,10,4,0,29,1,11,"PickMode_Tournament","FALSE","TRUE",6,5,"TRUE","sc/ui_league_badges.sc","league_badge_005","league_badge_005_nofx","WildcardChampion",1,"Gold",20000,,,"divider_league",2,10,60,"league_list_icon_005",,,
"Template_1_Ranked5.2","TID_RANKED_LEAGUE_5",1,11,4,1,32,1,11,"PickMode_Tournament","FALSE","TRUE",,,"TRUE","sc/ui_league_badges.sc","league_badge_005","league_badge_005_nofx","Gold",6000,,,,,,2,10,60,"league_list_icon_005",,,
"Template_1_Ranked5.3","TID_RANKED_LEAGUE_5",1,12,4,2,36,1,11,"PickMode_Tournament","FALSE","TRUE",,,"TRUE","sc/ui_league_badges.sc","league_badge_005","league_badge_005_nofx","WildcardCommon",250,,,,,,2,10,60,"league_list_icon_005",,,
"Template_1_Ranked6.1","TID_RANKED_LEAGUE_6",1,13,5,0,40,1,11,"PickMode_Tournament","FALSE","TRUE",7,6,"TRUE","sc/ui_league_badges.sc","league_badge_006","league_badge_006_nofx","Gold",6000,"Chest_Shop_Small_1_Arena_L1",1,,,"divider_league",2,10,60,"league_list_icon_006",,,
"Template_1_Ranked6.2","TID_RANKED_LEAGUE_6",1,14,5,1,42,1,11,"PickMode_Tournament","FALSE","TRUE",,,"TRUE","sc/ui_league_badges.sc","league_badge_006","league_badge_006_nofx","WildcardRare",50,,,,,,2,10,60,"league_list_icon_006",,,
"Template_1_Ranked6.3","TID_RANKED_LEAGUE_6",1,15,5,2,45,1,11,"PickMode_Tournament","FALSE","TRUE",,,"TRUE","sc/ui_league_badges.sc","league_badge_006","league_badge_006_nofx","Gold",6000,,,,,,2,10,60,"league_list_icon_006",,,
"Template_1_Ranked7.1","TID_RANKED_LEAGUE_7",1,16,6,0,49,1,11,"PickMode_Tournament","FALSE","TRUE",-1,7,"TRUE","sc/ui_league_badges.sc","league_badge_007","league_badge_007_nofx","WildcardEpic",10,"Gold",25000,,,"divider_league",2,10,60,"league_list_icon_007",,,
"Template_1_Ranked7.2","TID_RANKED_LEAGUE_7",1,17,6,1,53,1,11,"PickMode_Tournament","FALSE","TRUE",,,"TRUE","sc/ui_league_badges.sc","league_badge_007","league_badge_007_nofx","Gold",6000,,,,,,2,10,60,"league_list_icon_007",,,
"Template_1_Ranked8.1","TID_RANKED_LEAGUE_8",1,18,7,0,57,1,11,"PickMode_Tournament","FALSE","TRUE",-1,8,"TRUE","sc/ui_league_badges.sc","league_badge_008","league_badge_008_nofx","WildcardLegendary",1,"Chest_Shop_Large_Legendary_Arena_L1",1,,,"divider_league",2,10,60,"league_list_icon_008",,,
"Template_1_Ranked8.2","TID_RANKED_LEAGUE_8",1,19,7,1,60,1,11,"PickMode_Tournament","FALSE","TRUE",,,"TRUE","sc/ui_league_badges.sc","league_badge_008","league_badge_008_nofx","Gold",6000,,,,,,2,10,60,"league_list_icon_008",,,
"Template_1_Ranked9.1","TID_RANKED_LEAGUE_9",1,20,8,0,65,1,11,"PickMode_Tournament","FALSE","TRUE",-1,9,"TRUE","sc/ui_league_badges.sc","league_badge_009","league_badge_009_nofx","WildcardChampion",1,"Gold",30000,,,"divider_league",2,10,60,"league_list_icon_009",,,
"Template_1_Ranked9.2","TID_RANKED_LEAGUE_9",1,21,8,1,70,1,11,"PickMode_Tournament","FALSE","TRUE",,,"TRUE","sc/ui_league_badges.sc","league_badge_009","league_badge_009_nofx","Gold",6000,,,,,,2,10,60,"league_list_icon_009",,,
"Template_1_Ranked10","TID_RANKED_LEAGUE_10",1,25,9,0,76,1,11,"PickMode_Tournament","TRUE","TRUE",-1,10,"TRUE","sc/ui_league_badges.sc","league_badge_010","league_badge_010_nofx","Gold",6000,"Emote_EmoteChronos72",1,,,"divider_league_last",15,150,90,"league_list_icon_010",,,
"Template_2_Ranked1.1","TID_RANKED_LEAGUE_1",2,0,0,0,0,0,11,"Ranked1v1","FALSE",,1,1,,"sc/ui_league_badges.sc","league_badge_001","league_badge_001_nofx","Gold",3000,,,,,"divider_league",1,10,60,"league_list_icon_001",,,
"Template_2_Ranked1.2","TID_RANKED_LEAGUE_1",2,23,0,1,3,0,11,"Ranked1v1","FALSE",,,,,"sc/ui_league_badges.sc","league_badge_001","league_badge_001_nofx","WildcardCommon",250,,,,,,1,10,60,"league_list_icon_001",,,
"Template_2_Ranked1.3","TID_RANKED_LEAGUE_1",2,1,0,2,7,0,11,"Ranked1v1","FALSE",,,,,"sc/ui_league_badges.sc","league_badge_001","league_badge_001_nofx","Gold",3000,,,,,,1,10,60,"league_list_icon_001",,,
"Template_2_Ranked2.1","TID_RANKED_LEAGUE_2",2,2,1,0,10,1,11,"Ranked1v1","FALSE",,3,2,,"sc/ui_league_badges.sc","league_badge_002","league_badge_002_nofx","Gold",6000,"Chest_Giant_Arena_L1",1,,,"divider_league",2,10,60,"league_list_icon_002",,,
"Template_2_Ranked2.2","TID_RANKED_LEAGUE_2",2,3,1,1,13,1,11,"Ranked1v1","FALSE",,,,,"sc/ui_league_badges.sc","league_badge_002","league_badge_002_nofx","WildcardRare",50,,,,,,2,10,60,"league_list_icon_002",,,
"Template_2_Ranked2.3","TID_RANKED_LEAGUE_2",2,4,1,2,17,1,11,"Ranked1v1","FALSE",,,,,"sc/ui_league_badges.sc","league_badge_002","league_badge_002_nofx","Gold",6000,,,,,,2,10,60,"league_list_icon_002",,,
"Template_2_Ranked3.1","TID_RANKED_LEAGUE_3",2,5,2,0,21,1,11,"Ranked1v1","FALSE",,4,3,,"sc/ui_league_badges.sc","league_badge_003","league_badge_003_nofx","WildcardEpic",10,"Gold",15000,,,"divider_league",2,10,60,"league_list_icon_003",,,
"Template_2_Ranked3.2","TID_RANKED_LEAGUE_3",2,24,2,1,24,1,11,"Ranked1v1","FALSE",,,,,"sc/ui_league_badges.sc","league_badge_003","league_badge_003_nofx","Gold",3000,,,,,,2,10,60,"league_list_icon_003",,,
"Template_2_Ranked3.3","TID_RANKED_LEAGUE_3",2,6,2,2,28,1,11,"Ranked1v1","FALSE",,,,,"sc/ui_league_badges.sc","league_badge_003","league_badge_003_nofx","Gold",6000,,,,,,2,10,60,"league_list_icon_003",,,
"Template_2_Ranked4.1","TID_RANKED_LEAGUE_4",2,7,3,0,32,1,12,"Ranked1v1","FALSE",,5,4,"TRUE","sc/ui_league_badges.sc","league_badge_004","league_badge_004_nofx","Emote_EmoteChronos87",1,"Chest_Magic_Arena_L1",1,,,"divider_league",2,10,60,"league_list_icon_004",,,
"Template_2_Ranked4.2","TID_RANKED_LEAGUE_4",2,8,3,1,35,1,12,"Ranked1v1","FALSE",,,,"TRUE","sc/ui_league_badges.sc","league_badge_004","league_badge_004_nofx","WildcardLegendary",1,,,,,,2,10,60,"league_list_icon_004",,,
"Template_2_Ranked4.3","TID_RANKED_LEAGUE_4",2,9,3,2,39,1,12,"Ranked1v1","FALSE",,,,"TRUE","sc/ui_league_badges.sc","league_badge_004","league_badge_004_nofx","Gold",6000,,,,,,2,10,60,"league_list_icon_004",,,
"Template_2_Ranked5.1","TID_RANKED_LEAGUE_5",2,10,4,0,43,1,12,"Ranked1v1","FALSE",,6,5,"TRUE","sc/ui_league_badges.sc","league_badge_005","league_badge_005_nofx","WildcardChampion",1,"Gold",20000,,,"divider_league",2,10,60,"league_list_icon_005",,,
"Template_2_Ranked5.2","TID_RANKED_LEAGUE_5",2,11,4,1,46,1,12,"Ranked1v1","FALSE",,,,"TRUE","sc/ui_league_badges.sc","league_badge_005","league_badge_005_nofx","Gold",6000,,,,,,2,10,60,"league_list_icon_005",,,
"Template_2_Ranked5.3","TID_RANKED_LEAGUE_5",2,12,4,2,50,1,12,"Ranked1v1","FALSE",,,,"TRUE","sc/ui_league_badges.sc","league_badge_005","league_badge_005_nofx","WildcardCommon",250,,,,,,2,10,60,"league_list_icon_005",,,
"Template_2_Ranked6.1","TID_RANKED_LEAGUE_6",2,13,5,0,54,1,13,"Ranked1v1","FALSE",,7,6,"TRUE","sc/ui_league_badges.sc","league_badge_006","league_badge_006_nofx","Gold",6000,"Chest_Shop_Small_1_Arena_L1",1,,,"divider_league",2,10,60,"league_list_icon_006",,,
"Template_2_Ranked6.2","TID_RANKED_LEAGUE_6",2,14,5,1,57,1,13,"Ranked1v1","FALSE",,,,"TRUE","sc/ui_league_badges.sc","league_badge_006","league_badge_006_nofx","WildcardRare",50,,,,,,2,10,60,"league_list_icon_006",,,
"Template_2_Ranked6.3","TID_RANKED_LEAGUE_6",2,15,5,2,61,1,13,"Ranked1v1","FALSE",,,,"TRUE","sc/ui_league_badges.sc","league_badge_006","league_badge_006_nofx","Gold",6000,,,,,,2,10,60,"league_list_icon_006",,,
"Template_2_Ranked7.1","TID_RANKED_LEAGUE_7",2,16,6,0,65,1,13,"Ranked1v1","FALSE",,-1,7,"TRUE","sc/ui_league_badges.sc","league_badge_007","league_badge_007_nofx","WildcardEpic",10,"Gold",25000,,,"divider_league",2,10,60,"league_list_icon_007",,,
"Template_2_Ranked7.2","TID_RANKED_LEAGUE_7",2,17,6,1,69,1,13,"Ranked1v1","FALSE",,,,"TRUE","sc/ui_league_badges.sc","league_badge_007","league_badge_007_nofx","Gold",6000,,,,,,2,10,60,"league_list_icon_007",,,
"Template_2_Ranked8.1","TID_RANKED_LEAGUE_8",2,18,7,0,73,1,14,"Ranked1v1","FALSE",,-1,8,"TRUE","sc/ui_league_badges.sc","league_badge_008","league_badge_008_nofx","WildcardLegendary",1,"Chest_Shop_Large_Legendary_Arena_L1",1,,,"divider_league",2,10,60,"league_list_icon_008",,,
"Template_2_Ranked8.2","TID_RANKED_LEAGUE_8",2,19,7,1,77,1,14,"Ranked1v1","FALSE",,,,"TRUE","sc/ui_league_badges.sc","league_badge_008","league_badge_008_nofx","Gold",6000,,,,,,2,10,60,"league_list_icon_008",,,
"Template_2_Ranked9.1","TID_RANKED_LEAGUE_9",2,20,8,0,82,1,14,"Ranked1v1","FALSE",,-1,9,"TRUE","sc/ui_league_badges.sc","league_badge_009","league_badge_009_nofx","WildcardChampion",1,"Gold",30000,,,"divider_league",2,10,60,"league_list_icon_009",,,
"Template_2_Ranked9.2","TID_RANKED_LEAGUE_9",2,21,8,1,87,1,14,"Ranked1v1","FALSE",,,,"TRUE","sc/ui_league_badges.sc","league_badge_009","league_badge_009_nofx","Gold",6000,,,,,,2,10,60,"league_list_icon_009",,,
"Template_2_Ranked10","TID_RANKED_LEAGUE_10",2,22,9,0,93,1,14,"Ranked1v1","TRUE",,-1,10,"TRUE","sc/ui_league_badges.sc","league_badge_010","league_badge_010_nofx","Gold",6000,"Emote_EmoteChronos71",1,,,"divider_league_last",15,150,90,"league_list_icon_010",,,
"Template_3_Ranked1.1","TID_RANKED_LEAGUE_1",3,0,0,0,0,0,11,"Ranked1v1","FALSE",,1,1,,"sc/ui_league_badges.sc","league_badge_001","league_badge_001_nofx","Gold",3000,,,,,"divider_league",1,10,60,"league_list_icon_001",,,
"Template_3_Ranked1.2","TID_RANKED_LEAGUE_1",3,23,0,1,3,0,11,"Ranked1v1","FALSE",,,,,"sc/ui_league_badges.sc","league_badge_001","league_badge_001_nofx","WildcardCommon",250,,,,,,1,10,60,"league_list_icon_001",,,
"Template_3_Ranked1.3","TID_RANKED_LEAGUE_1",3,1,0,2,7,0,11,"Ranked1v1","FALSE",,,,,"sc/ui_league_badges.sc","league_badge_001","league_badge_001_nofx","Gold",3000,,,,,,1,10,60,"league_list_icon_001",,,
"Template_3_Ranked2.1","TID_RANKED_LEAGUE_2",3,2,1,0,10,1,11,"Ranked1v1","FALSE",,3,2,,"sc/ui_league_badges.sc","league_badge_002","league_badge_002_nofx","Gold",6000,"Chest_Giant_Arena_L1",1,,,"divider_league",2,10,60,"league_list_icon_002",,,
"Template_3_Ranked2.2","TID_RANKED_LEAGUE_2",3,3,1,1,13,1,11,"Ranked1v1","FALSE",,,,,"sc/ui_league_badges.sc","league_badge_002","league_badge_002_nofx","WildcardRare",50,,,,,,2,10,60,"league_list_icon_002",,,
"Template_3_Ranked2.3","TID_RANKED_LEAGUE_2",3,4,1,2,17,1,11,"Ranked1v1","FALSE",,,,,"sc/ui_league_badges.sc","league_badge_002","league_badge_002_nofx","Gold",6000,,,,,,2,10,60,"league_list_icon_002",,,
"Template_3_Ranked3.1","TID_RANKED_LEAGUE_3",3,5,2,0,21,1,11,"Ranked1v1","FALSE",,4,3,,"sc/ui_league_badges.sc","league_badge_003","league_badge_003_nofx","WildcardEpic",10,"Gold",15000,,,"divider_league",2,10,60,"league_list_icon_003",,,
"Template_3_Ranked3.2","TID_RANKED_LEAGUE_3",3,24,2,1,24,1,11,"Ranked1v1","FALSE",,,,,"sc/ui_league_badges.sc","league_badge_003","league_badge_003_nofx","Gold",3000,,,,,,2,10,60,"league_list_icon_003",,,
"Template_3_Ranked3.3","TID_RANKED_LEAGUE_3",3,6,2,2,28,1,11,"Ranked1v1","FALSE",,,,,"sc/ui_league_badges.sc","league_badge_003","league_badge_003_nofx","Gold",6000,,,,,,2,10,60,"league_list_icon_003",,,
"Template_3_Ranked4.1","TID_RANKED_LEAGUE_4",3,7,3,0,32,1,12,"Ranked1v1","FALSE",,5,4,"TRUE","sc/ui_league_badges.sc","league_badge_004","league_badge_004_nofx","Emote_EmoteChronos93",1,"Chest_Magic_Arena_L1",1,,,"divider_league",2,10,60,"league_list_icon_004",,,
"Template_3_Ranked4.2","TID_RANKED_LEAGUE_4",3,8,3,1,35,1,12,"Ranked1v1","FALSE",,,,"TRUE","sc/ui_league_badges.sc","league_badge_004","league_badge_004_nofx","WildcardLegendary",1,,,,,,2,10,60,"league_list_icon_004",,,
"Template_3_Ranked4.3","TID_RANKED_LEAGUE_4",3,9,3,2,39,1,12,"Ranked1v1","FALSE",,,,"TRUE","sc/ui_league_badges.sc","league_badge_004","league_badge_004_nofx","Gold",6000,,,,,,2,10,60,"league_list_icon_004",,,
"Template_3_Ranked5.1","TID_RANKED_LEAGUE_5",3,10,4,0,43,1,12,"Ranked1v1","FALSE",,6,5,"TRUE","sc/ui_league_badges.sc","league_badge_005","league_badge_005_nofx","WildcardChampion",1,"Gold",20000,,,"divider_league",2,10,60,"league_list_icon_005",,,
"Template_3_Ranked5.2","TID_RANKED_LEAGUE_5",3,11,4,1,46,1,12,"Ranked1v1","FALSE",,,,"TRUE","sc/ui_league_badges.sc","league_badge_005","league_badge_005_nofx","Gold",6000,,,,,,2,10,60,"league_list_icon_005",,,
"Template_3_Ranked5.3","TID_RANKED_LEAGUE_5",3,12,4,2,50,1,12,"Ranked1v1","FALSE",,,,"TRUE","sc/ui_league_badges.sc","league_badge_005","league_badge_005_nofx","WildcardCommon",250,,,,,,2,10,60,"league_list_icon_005",,,
"Template_3_Ranked6.1","TID_RANKED_LEAGUE_6",3,13,5,0,54,1,13,"Ranked1v1","FALSE",,7,6,"TRUE","sc/ui_league_badges.sc","league_badge_006","league_badge_006_nofx","Gold",6000,"Chest_Shop_Small_1_Arena_L1",1,,,"divider_league",2,10,60,"league_list_icon_006",,,
"Template_3_Ranked6.2","TID_RANKED_LEAGUE_6",3,14,5,1,57,1,13,"Ranked1v1","FALSE",,,,"TRUE","sc/ui_league_badges.sc","league_badge_006","league_badge_006_nofx","WildcardRare",50,,,,,,2,10,60,"league_list_icon_006",,,
"Template_3_Ranked6.3","TID_RANKED_LEAGUE_6",3,15,5,2,61,1,13,"Ranked1v1","FALSE",,,,"TRUE","sc/ui_league_badges.sc","league_badge_006","league_badge_006_nofx","Gold",6000,,,,,,2,10,60,"league_list_icon_006",,,
"Template_3_Ranked7.1","TID_RANKED_LEAGUE_7",3,16,6,0,65,1,13,"Ranked1v1","FALSE",,-1,7,"TRUE","sc/ui_league_badges.sc","league_badge_007","league_badge_007_nofx","WildcardEpic",10,"Gold",25000,,,"divider_league",2,10,60,"league_list_icon_007",,,
"Template_3_Ranked7.2","TID_RANKED_LEAGUE_7",3,17,6,1,69,1,13,"Ranked1v1","FALSE",,,,"TRUE","sc/ui_league_badges.sc","league_badge_007","league_badge_007_nofx","Gold",6000,,,,,,2,10,60,"league_list_icon_007",,,
"Template_3_Ranked8.1","TID_RANKED_LEAGUE_8",3,18,7,0,73,1,14,"Ranked1v1","FALSE",,-1,8,"TRUE","sc/ui_league_badges.sc","league_badge_008","league_badge_008_nofx","WildcardLegendary",1,"Chest_Shop_Large_Legendary_Arena_L1",1,,,"divider_league",2,10,60,"league_list_icon_008",,,
"Template_3_Ranked8.2","TID_RANKED_LEAGUE_8",3,19,7,1,77,1,14,"Ranked1v1","FALSE",,,,"TRUE","sc/ui_league_badges.sc","league_badge_008","league_badge_008_nofx","Gold",6000,,,,,,2,10,60,"league_list_icon_008",,,
"Template_3_Ranked9.1","TID_RANKED_LEAGUE_9",3,20,8,0,82,1,14,"Ranked1v1","FALSE",,-1,9,"TRUE","sc/ui_league_badges.sc","league_badge_009","league_badge_009_nofx","WildcardChampion",1,"Gold",30000,,,"divider_league",2,10,60,"league_list_icon_009",,,
"Template_3_Ranked9.2","TID_RANKED_LEAGUE_9",3,21,8,1,87,1,14,"Ranked1v1","FALSE",,,,"TRUE","sc/ui_league_badges.sc","league_badge_009","league_badge_009_nofx","Gold",6000,,,,,,2,10,60,"league_list_icon_009",,,
"Template_3_Ranked10","TID_RANKED_LEAGUE_10",3,22,9,0,93,1,14,"Ranked1v1","TRUE",,-1,10,"TRUE","sc/ui_league_badges.sc","league_badge_010","league_badge_010_nofx","Gold",6000,"Emote_EmoteChronos71",1,,,"divider_league_last",15,150,90,"league_list_icon_010",,,
"Template_4_Ranked1.1","TID_RANKED_LEAGUE_1",4,0,0,0,0,0,11,"Ranked1v1","FALSE",,1,1,,"sc/ui_league_badges.sc","league_badge_001","league_badge_001_nofx","Gold",3000,,,,,"divider_league",1,10,60,"league_list_icon_001",,,
"Template_4_Ranked1.2","TID_RANKED_LEAGUE_1",4,1,0,1,5,0,11,"Ranked1v1","FALSE",,,,,"sc/ui_league_badges.sc","league_badge_001","league_badge_001_nofx","WildcardCommon",250,,,,,,1,10,60,"league_list_icon_001",,,
"Template_4_Ranked2.1","TID_RANKED_LEAGUE_2",4,2,1,0,10,1,11,"Ranked1v1","FALSE",,3,2,,"sc/ui_league_badges.sc","league_badge_002","league_badge_002_nofx","Gold",6000,"Chest_Giant_Arena_L1",1,,,"divider_league",2,10,60,"league_list_icon_002",,,
"Template_4_Ranked2.2","TID_RANKED_LEAGUE_2",4,3,1,1,13,1,11,"Ranked1v1","FALSE",,,,,"sc/ui_league_badges.sc","league_badge_002","league_badge_002_nofx","WildcardRare",50,,,,,,2,10,60,"league_list_icon_002",,,
"Template_4_Ranked2.3","TID_RANKED_LEAGUE_2",4,4,1,2,17,1,11,"Ranked1v1","FALSE",,,,,"sc/ui_league_badges.sc","league_badge_002","league_badge_002_nofx","Gold",6000,,,,,,2,10,60,"league_list_icon_002",,,
"Template_4_Ranked3.1","TID_RANKED_LEAGUE_3",4,5,2,0,21,1,11,"Ranked1v1","FALSE",,4,2,,"sc/ui_league_badges.sc","league_badge_003","league_badge_003_nofx","WildcardEpic",10,"Gold",15000,,,"divider_league",2,10,60,"league_list_icon_003",,,
"Template_4_Ranked3.2","TID_RANKED_LEAGUE_3",4,6,2,1,26,1,11,"Ranked1v1","FALSE",,,,,"sc/ui_league_badges.sc","league_badge_003","league_badge_003_nofx","Gold",6000,,,,,,2,10,60,"league_list_icon_003",,,
"Template_4_Ranked4.1","TID_RANKED_LEAGUE_4",4,7,3,0,32,1,12,"Ranked1v1","FALSE",,5,3,"TRUE","sc/ui_league_badges.sc","league_badge_004","league_badge_004_nofx","WildcardElite",1000,"Chest_Magic_Arena_L1",1,,,"divider_league",2,10,60,"league_list_icon_004",,,
"Template_4_Ranked4.2","TID_RANKED_LEAGUE_4",4,8,3,1,35,1,12,"Ranked1v1","FALSE",,,,"TRUE","sc/ui_league_badges.sc","league_badge_004","league_badge_004_nofx","Gold",6000,,,,,,2,10,60,"league_list_icon_004",,,
"Template_4_Ranked4.3","TID_RANKED_LEAGUE_4",4,9,3,2,39,1,12,"Ranked1v1","FALSE",,,,"TRUE","sc/ui_league_badges.sc","league_badge_004","league_badge_004_nofx","WildcardChampion",1,,,,,,2,10,60,"league_list_icon_004",,,
"Template_4_Ranked5.1","TID_RANKED_LEAGUE_5",4,10,4,0,43,1,12,"Ranked1v1","FALSE",,6,4,"TRUE","sc/ui_league_badges.sc","league_badge_005","league_badge_005_nofx","Gold",6000,"Gold",20000,,,"divider_league",2,10,60,"league_list_icon_005",,,
"Template_4_Ranked5.2","TID_RANKED_LEAGUE_5",4,11,4,1,46,1,12,"Ranked1v1","FALSE",,,,"TRUE","sc/ui_league_badges.sc","league_badge_005","league_badge_005_nofx","Gold",6000,,,,,,2,10,60,"league_list_icon_005",,,
"Template_4_Ranked5.3","TID_RANKED_LEAGUE_5",4,12,4,2,50,1,12,"Ranked1v1","FALSE",,,,"TRUE","sc/ui_league_badges.sc","league_badge_005","league_badge_005_nofx","WildcardCommon",250,,,,,,2,10,60,"league_list_icon_005",,,
"Template_4_Ranked6.1","TID_RANKED_LEAGUE_6",4,13,5,0,54,1,13,"Ranked1v1","FALSE",,7,4,"TRUE","sc/ui_league_badges.sc","league_badge_006","league_badge_006_nofx","Gold",6000,"Chest_Shop_Small_1_Arena_L1",1,,,"divider_league",2,10,60,"league_list_icon_006",,,
"Template_4_Ranked6.2","TID_RANKED_LEAGUE_6",4,14,5,1,57,1,13,"Ranked1v1","FALSE",,,,"TRUE","sc/ui_league_badges.sc","league_badge_006","league_badge_006_nofx","WildcardRare",50,,,,,,2,10,60,"league_list_icon_006",,,
"Template_4_Ranked6.3","TID_RANKED_LEAGUE_6",4,15,5,2,61,1,13,"Ranked1v1","FALSE",,,,"TRUE","sc/ui_league_badges.sc","league_badge_006","league_badge_006_nofx","Gold",6000,,,,,,2,10,60,"league_list_icon_006",,,
"Template_4_Ranked7.1","TID_RANKED_LEAGUE_7",4,16,6,0,65,1,13,"Ranked1v1","FALSE",,-1,5,"TRUE","sc/ui_league_badges.sc","league_badge_007","league_badge_007_nofx","WildcardEpic",10,"Gold",25000,,,"divider_league",2,10,60,"league_list_icon_007",,,
"Template_4_Ranked7.2","TID_RANKED_LEAGUE_7",4,17,6,1,68,1,13,"Ranked1v1","FALSE",,,,"TRUE","sc/ui_league_badges.sc","league_badge_007","league_badge_007_nofx","Gold",6000,,,,,,2,10,60,"league_list_icon_007",,,
"Template_4_Ranked8.1","TID_RANKED_LEAGUE_8",4,18,7,0,71,1,14,"Ranked1v1","FALSE",,-1,5,"TRUE","sc/ui_league_badges.sc","league_badge_008","league_badge_008_nofx","WildcardLegendary",1,"Chest_Shop_Large_Legendary_Arena_L1",1,,,"divider_league",2,10,60,"league_list_icon_008",,,
"Template_4_Ranked8.2","TID_RANKED_LEAGUE_8",4,19,7,1,74,1,14,"Ranked1v1","FALSE",,,,"TRUE","sc/ui_league_badges.sc","league_badge_008","league_badge_008_nofx","Gold",6000,,,,,,2,10,60,"league_list_icon_008",,,
"Template_4_Ranked9.1","TID_RANKED_LEAGUE_9",4,20,8,0,78,1,14,"Ranked1v1","FALSE",,-1,6,"TRUE","sc/ui_league_badges.sc","league_badge_009","league_badge_009_nofx","WildcardChampion",1,"Gold",30000,,,"divider_league",2,10,60,"league_list_icon_009",,,
"Template_4_Ranked9.2","TID_RANKED_LEAGUE_9",4,21,8,1,82,1,14,"Ranked1v1","FALSE",,,,"TRUE","sc/ui_league_badges.sc","league_badge_009","league_badge_009_nofx","Gold",6000,,,,,,2,10,60,"league_list_icon_009",,,
"Template_4_Ranked10","TID_RANKED_LEAGUE_10",4,22,9,0,87,1,14,"Ranked1v1","TRUE",,-1,6,"TRUE","sc/ui_league_badges.sc","league_badge_010","league_badge_010_nofx","Gold",6000,"Emote_EmoteChronos71",1,,,"divider_league_last",15,300,60,"league_list_icon_010",,,
"Template_5_Ranked1.1","TID_RANKED_LEAGUE_1",5,0,0,0,0,0,11,"Ranked1v1","FALSE",,1,1,,"sc/ui_league_badges.sc","league_badge_001","league_badge_001_nofx","Gold",3000,,,,,"divider_league",1,10,60,"league_list_icon_001",,,
"Template_5_Ranked1.2","TID_RANKED_LEAGUE_1",5,23,0,1,3,0,11,"Ranked1v1","FALSE",,,,,"sc/ui_league_badges.sc","league_badge_001","league_badge_001_nofx","WildcardCommon",250,,,,,,1,10,60,"league_list_icon_001",,,
"Template_5_Ranked1.3","TID_RANKED_LEAGUE_1",5,1,0,2,7,0,11,"Ranked1v1","FALSE",,,,,"sc/ui_league_badges.sc","league_badge_001","league_badge_001_nofx","Gold",3000,,,,,,1,10,60,"league_list_icon_001",,,
"Template_5_Ranked2.1","TID_RANKED_LEAGUE_2",5,2,1,0,10,1,11,"Ranked1v1","FALSE",,3,2,,"sc/ui_league_badges.sc","league_badge_002","league_badge_002_nofx","Gold",6000,"Chest_Giant_Arena_L1",1,,,"divider_league",2,10,60,"league_list_icon_002",,,
"Template_5_Ranked2.2","TID_RANKED_LEAGUE_2",5,3,1,1,13,1,11,"Ranked1v1","FALSE",,,,,"sc/ui_league_badges.sc","league_badge_002","league_badge_002_nofx","WildcardRare",50,,,,,,2,10,60,"league_list_icon_002",,,
"Template_5_Ranked2.3","TID_RANKED_LEAGUE_2",5,4,1,2,17,1,11,"Ranked1v1","FALSE",,,,,"sc/ui_league_badges.sc","league_badge_002","league_badge_002_nofx","Gold",6000,,,,,,2,10,60,"league_list_icon_002",,,
"Template_5_Ranked3.1","TID_RANKED_LEAGUE_3",5,5,2,0,21,1,11,"Ranked1v1","FALSE",,4,3,,"sc/ui_league_badges.sc","league_badge_003","league_badge_003_nofx","WildcardEpic",10,"Gold",15000,,,"divider_league",2,10,60,"league_list_icon_003",,,
"Template_5_Ranked3.2","TID_RANKED_LEAGUE_3",5,24,2,1,24,1,11,"Ranked1v1","FALSE",,,,,"sc/ui_league_badges.sc","league_badge_003","league_badge_003_nofx","Gold",3000,,,,,,2,10,60,"league_list_icon_003",,,
"Template_5_Ranked3.3","TID_RANKED_LEAGUE_3",5,6,2,2,28,1,11,"Ranked1v1","FALSE",,,,,"sc/ui_league_badges.sc","league_badge_003","league_badge_003_nofx","Gold",6000,,,,,,2,10,60,"league_list_icon_003",,,
"Template_5_Ranked4.1","TID_RANKED_LEAGUE_4",5,7,3,0,32,1,12,"Ranked1v1","FALSE",,5,4,"TRUE","sc/ui_league_badges.sc","league_badge_004","league_badge_004_nofx","Emote_EmoteChronos107",1,"Chest_Magic_Arena_L1",1,,,"divider_league",2,10,60,"league_list_icon_004",,,
"Template_5_Ranked4.2","TID_RANKED_LEAGUE_4",5,8,3,1,35,1,12,"Ranked1v1","FALSE",,,,"TRUE","sc/ui_league_badges.sc","league_badge_004","league_badge_004_nofx","WildcardLegendary",1,,,,,,2,10,60,"league_list_icon_004",,,
"Template_5_Ranked4.3","TID_RANKED_LEAGUE_4",5,9,3,2,39,1,12,"Ranked1v1","FALSE",,,,"TRUE","sc/ui_league_badges.sc","league_badge_004","league_badge_004_nofx","Gold",6000,,,,,,2,10,60,"league_list_icon_004",,,
"Template_5_Ranked5.1","TID_RANKED_LEAGUE_5",5,10,4,0,43,1,12,"Ranked1v1","FALSE",,6,5,"TRUE","sc/ui_league_badges.sc","league_badge_005","league_badge_005_nofx","WildcardChampion",1,"Gold",20000,,,"divider_league",2,10,60,"league_list_icon_005",,,
"Template_5_Ranked5.2","TID_RANKED_LEAGUE_5",5,11,4,1,46,1,12,"Ranked1v1","FALSE",,,,"TRUE","sc/ui_league_badges.sc","league_badge_005","league_badge_005_nofx","Gold",6000,,,,,,2,10,60,"league_list_icon_005",,,
"Template_5_Ranked5.3","TID_RANKED_LEAGUE_5",5,12,4,2,50,1,12,"Ranked1v1","FALSE",,,,"TRUE","sc/ui_league_badges.sc","league_badge_005","league_badge_005_nofx","WildcardCommon",250,,,,,,2,10,60,"league_list_icon_005",,,
"Template_5_Ranked6.1","TID_RANKED_LEAGUE_6",5,13,5,0,54,1,13,"Ranked1v1","FALSE",,7,6,"TRUE","sc/ui_league_badges.sc","league_badge_006","league_badge_006_nofx","Gold",6000,"Chest_Shop_Small_1_Arena_L1",1,,,"divider_league",2,10,60,"league_list_icon_006",,,
"Template_5_Ranked6.2","TID_RANKED_LEAGUE_6",5,14,5,1,57,1,13,"Ranked1v1","FALSE",,,,"TRUE","sc/ui_league_badges.sc","league_badge_006","league_badge_006_nofx","WildcardRare",50,,,,,,2,10,60,"league_list_icon_006",,,
"Template_5_Ranked6.3","TID_RANKED_LEAGUE_6",5,15,5,2,61,1,13,"Ranked1v1","FALSE",,,,"TRUE","sc/ui_league_badges.sc","league_badge_006","league_badge_006_nofx","Gold",6000,,,,,,2,10,60,"league_list_icon_006",,,
"Template_5_Ranked7.1","TID_RANKED_LEAGUE_7",5,16,6,0,65,1,13,"Ranked1v1","FALSE",,-1,7,"TRUE","sc/ui_league_badges.sc","league_badge_007","league_badge_007_nofx","WildcardEpic",10,"Gold",25000,,,"divider_league",2,10,60,"league_list_icon_007",,,
"Template_5_Ranked7.2","TID_RANKED_LEAGUE_7",5,17,6,1,69,1,13,"Ranked1v1","FALSE",,,,"TRUE","sc/ui_league_badges.sc","league_badge_007","league_badge_007_nofx","Gold",6000,,,,,,2,10,60,"league_list_icon_007",,,
"Template_5_Ranked8.1","TID_RANKED_LEAGUE_8",5,18,7,0,73,1,14,"Ranked1v1","FALSE",,-1,8,"TRUE","sc/ui_league_badges.sc","league_badge_008","league_badge_008_nofx","WildcardLegendary",1,"Chest_Shop_Large_Legendary_Arena_L1",1,,,"divider_league",2,10,60,"league_list_icon_008",,,
"Template_5_Ranked8.2","TID_RANKED_LEAGUE_8",5,19,7,1,77,1,14,"Ranked1v1","FALSE",,,,"TRUE","sc/ui_league_badges.sc","league_badge_008","league_badge_008_nofx","Gold",6000,,,,,,2,10,60,"league_list_icon_008",,,
"Template_5_Ranked9.1","TID_RANKED_LEAGUE_9",5,20,8,0,82,1,14,"Ranked1v1","FALSE",,-1,9,"TRUE","sc/ui_league_badges.sc","league_badge_009","league_badge_009_nofx","WildcardChampion",1,"Gold",30000,,,"divider_league",2,10,60,"league_list_icon_009",,,
"Template_5_Ranked9.2","TID_RANKED_LEAGUE_9",5,21,8,1,87,1,14,"Ranked1v1","FALSE",,,,"TRUE","sc/ui_league_badges.sc","league_badge_009","league_badge_009_nofx","Gold",6000,,,,,,2,10,60,"league_list_icon_009",,,
"Template_5_Ranked10","TID_RANKED_LEAGUE_10",5,22,9,0,93,1,14,"Ranked1v1","TRUE",,-1,10,"TRUE","sc/ui_league_badges.sc","league_badge_010","league_badge_010_nofx","Gold",6000,"Emote_EmoteChronos71",1,,,"divider_league_last",15,150,90,"league_list_icon_010",,,
"Template_6_Ranked1.1","TID_RANKED_LEAGUE_1",6,0,0,0,0,0,11,"Ranked1v1","FALSE",,1,1,,"sc/ui_league_badges.sc","league_badge_001","league_badge_001_nofx","Gold",3000,,,,,"divider_league",1,10,60,"league_list_icon_001",,,
"Template_6_Ranked1.2","TID_RANKED_LEAGUE_1",6,23,0,1,3,0,11,"Ranked1v1","FALSE",,,,,"sc/ui_league_badges.sc","league_badge_001","league_badge_001_nofx","WildcardCommon",250,,,,,,1,10,60,"league_list_icon_001",,,
"Template_6_Ranked1.3","TID_RANKED_LEAGUE_1",6,1,0,2,7,0,11,"Ranked1v1","FALSE",,,,,"sc/ui_league_badges.sc","league_badge_001","league_badge_001_nofx","Gold",3000,,,,,,1,10,60,"league_list_icon_001",,,
"Template_6_Ranked2.1","TID_RANKED_LEAGUE_2",6,2,1,0,10,1,11,"Ranked1v1","FALSE",,3,2,,"sc/ui_league_badges.sc","league_badge_002","league_badge_002_nofx","Gold",6000,"Chest_Giant_Arena_L1",1,,,"divider_league",2,10,60,"league_list_icon_002",,,
"Template_6_Ranked2.2","TID_RANKED_LEAGUE_2",6,3,1,1,13,1,11,"Ranked1v1","FALSE",,,,,"sc/ui_league_badges.sc","league_badge_002","league_badge_002_nofx","WildcardRare",50,,,,,,2,10,60,"league_list_icon_002",,,
"Template_6_Ranked2.3","TID_RANKED_LEAGUE_2",6,4,1,2,17,1,11,"Ranked1v1","FALSE",,,,,"sc/ui_league_badges.sc","league_badge_002","league_badge_002_nofx","Gold",6000,,,,,,2,10,60,"league_list_icon_002",,,
"Template_6_Ranked3.1","TID_RANKED_LEAGUE_3",6,5,2,0,21,1,11,"Ranked1v1","FALSE",,4,3,,"sc/ui_league_badges.sc","league_badge_003","league_badge_003_nofx","WildcardEpic",10,"Gold",15000,,,"divider_league",2,10,60,"league_list_icon_003",,,
"Template_6_Ranked3.2","TID_RANKED_LEAGUE_3",6,24,2,1,24,1,11,"Ranked1v1","FALSE",,,,,"sc/ui_league_badges.sc","league_badge_003","league_badge_003_nofx","Gold",3000,,,,,,2,10,60,"league_list_icon_003",,,
"Template_6_Ranked3.3","TID_RANKED_LEAGUE_3",6,6,2,2,28,1,11,"Ranked1v1","FALSE",,,,,"sc/ui_league_badges.sc","league_badge_003","league_badge_003_nofx","Gold",6000,,,,,,2,10,60,"league_list_icon_003",,,
"Template_6_Ranked4.1","TID_RANKED_LEAGUE_4",6,7,3,0,32,1,12,"Ranked1v1","FALSE",,5,4,"TRUE","sc/ui_league_badges.sc","league_badge_004","league_badge_004_nofx","Emote_EmoteChronos113",1,"Chest_Magic_Arena_L1",1,,,"divider_league",2,10,60,"league_list_icon_004",,,
"Template_6_Ranked4.2","TID_RANKED_LEAGUE_4",6,8,3,1,35,1,12,"Ranked1v1","FALSE",,,,"TRUE","sc/ui_league_badges.sc","league_badge_004","league_badge_004_nofx","WildcardLegendary",1,,,,,,2,10,60,"league_list_icon_004",,,
"Template_6_Ranked4.3","TID_RANKED_LEAGUE_4",6,9,3,2,39,1,12,"Ranked1v1","FALSE",,,,"TRUE","sc/ui_league_badges.sc","league_badge_004","league_badge_004_nofx","Gold",6000,,,,,,2,10,60,"league_list_icon_004",,,
"Template_6_Ranked5.1","TID_RANKED_LEAGUE_5",6,10,4,0,43,1,12,"Ranked1v1","FALSE",,6,5,"TRUE","sc/ui_league_badges.sc","league_badge_005","league_badge_005_nofx","WildcardChampion",1,"Gold",20000,,,"divider_league",2,10,60,"league_list_icon_005",,,
"Template_6_Ranked5.2","TID_RANKED_LEAGUE_5",6,11,4,1,46,1,12,"Ranked1v1","FALSE",,,,"TRUE","sc/ui_league_badges.sc","league_badge_005","league_badge_005_nofx","Gold",6000,,,,,,2,10,60,"league_list_icon_005",,,
"Template_6_Ranked5.3","TID_RANKED_LEAGUE_5",6,12,4,2,50,1,12,"Ranked1v1","FALSE",,,,"TRUE","sc/ui_league_badges.sc","league_badge_005","league_badge_005_nofx","WildcardCommon",250,,,,,,2,10,60,"league_list_icon_005",,,
"Template_6_Ranked6.1","TID_RANKED_LEAGUE_6",6,13,5,0,54,1,13,"Ranked1v1","FALSE",,7,6,"TRUE","sc/ui_league_badges.sc","league_badge_006","league_badge_006_nofx","Gold",6000,"Chest_Shop_Small_1_Arena_L1",1,,,"divider_league",2,10,60,"league_list_icon_006",,,
"Template_6_Ranked6.2","TID_RANKED_LEAGUE_6",6,14,5,1,57,1,13,"Ranked1v1","FALSE",,,,"TRUE","sc/ui_league_badges.sc","league_badge_006","league_badge_006_nofx","WildcardRare",50,,,,,,2,10,60,"league_list_icon_006",,,
"Template_6_Ranked6.3","TID_RANKED_LEAGUE_6",6,15,5,2,61,1,13,"Ranked1v1","FALSE",,,,"TRUE","sc/ui_league_badges.sc","league_badge_006","league_badge_006_nofx","Gold",6000,,,,,,2,10,60,"league_list_icon_006",,,
"Template_6_Ranked7.1","TID_RANKED_LEAGUE_7",6,16,6,0,65,1,13,"Ranked1v1","FALSE",,-1,7,"TRUE","sc/ui_league_badges.sc","league_badge_007","league_badge_007_nofx","WildcardEpic",10,"Gold",25000,,,"divider_league",2,10,60,"league_list_icon_007",,,
"Template_6_Ranked7.2","TID_RANKED_LEAGUE_7",6,17,6,1,69,1,13,"Ranked1v1","FALSE",,,,"TRUE","sc/ui_league_badges.sc","league_badge_007","league_badge_007_nofx","Gold",6000,,,,,,2,10,60,"league_list_icon_007",,,
"Template_6_Ranked8.1","TID_RANKED_LEAGUE_8",6,18,7,0,73,1,14,"Ranked1v1","FALSE",,-1,8,"TRUE","sc/ui_league_badges.sc","league_badge_008","league_badge_008_nofx","WildcardLegendary",1,"Chest_Shop_Large_Legendary_Arena_L1",1,,,"divider_league",2,10,60,"league_list_icon_008",,,
"Template_6_Ranked8.2","TID_RANKED_LEAGUE_8",6,19,7,1,77,1,14,"Ranked1v1","FALSE",,,,"TRUE","sc/ui_league_badges.sc","league_badge_008","league_badge_008_nofx","Gold",6000,,,,,,2,10,60,"league_list_icon_008",,,
"Template_6_Ranked9.1","TID_RANKED_LEAGUE_9",6,20,8,0,82,1,14,"Ranked1v1","FALSE",,-1,9,"TRUE","sc/ui_league_badges.sc","league_badge_009","league_badge_009_nofx","WildcardChampion",1,"Gold",30000,,,"divider_league",2,10,60,"league_list_icon_009",,,
"Template_6_Ranked9.2","TID_RANKED_LEAGUE_9",6,21,8,1,87,1,14,"Ranked1v1","FALSE",,,,"TRUE","sc/ui_league_badges.sc","league_badge_009","league_badge_009_nofx","Gold",6000,,,,,,2,10,60,"league_list_icon_009",,,
"Template_6_Ranked10","TID_RANKED_LEAGUE_10",6,22,9,0,93,1,14,"Ranked1v1","TRUE",,-1,10,"TRUE","sc/ui_league_badges.sc","league_badge_010","league_badge_010_nofx","Gold",6000,"Emote_EmoteChronos71",1,,,"divider_league_last",15,150,90,"league_list_icon_010",,,
"Template_7_Ranked1.1","TID_RANKED_LEAGUE_1",7,0,0,0,0,0,11,"Ranked1v1","FALSE",,1,1,,"sc/ui_league_badges.sc","league_badge_001","league_badge_001_nofx","Gold",3000,,,,,"divider_league",1,10,60,"league_list_icon_001",,,
"Template_7_Ranked1.2","TID_RANKED_LEAGUE_1",7,23,0,1,3,0,11,"Ranked1v1","FALSE",,,,,"sc/ui_league_badges.sc","league_badge_001","league_badge_001_nofx","WildcardCommon",250,,,,,,1,10,60,"league_list_icon_001",,,
"Template_7_Ranked1.3","TID_RANKED_LEAGUE_1",7,1,0,2,7,0,11,"Ranked1v1","FALSE",,,,,"sc/ui_league_badges.sc","league_badge_001","league_badge_001_nofx","Gold",3000,,,,,,1,10,60,"league_list_icon_001",,,
"Template_7_Ranked2.1","TID_RANKED_LEAGUE_2",7,2,1,0,10,1,11,"Ranked1v1","FALSE",,3,2,,"sc/ui_league_badges.sc","league_badge_002","league_badge_002_nofx","Gold",6000,"Chest_Giant_Arena_L1",1,,,"divider_league",2,10,60,"league_list_icon_002",,,
"Template_7_Ranked2.2","TID_RANKED_LEAGUE_2",7,3,1,1,13,1,11,"Ranked1v1","FALSE",,,,,"sc/ui_league_badges.sc","league_badge_002","league_badge_002_nofx","WildcardRare",50,,,,,,2,10,60,"league_list_icon_002",,,
"Template_7_Ranked2.3","TID_RANKED_LEAGUE_2",7,4,1,2,17,1,11,"Ranked1v1","FALSE",,,,,"sc/ui_league_badges.sc","league_badge_002","league_badge_002_nofx","Gold",6000,,,,,,2,10,60,"league_list_icon_002",,,
"Template_7_Ranked3.1","TID_RANKED_LEAGUE_3",7,5,2,0,21,1,11,"Ranked1v1","FALSE",,4,3,,"sc/ui_league_badges.sc","league_badge_003","league_badge_003_nofx","WildcardEpic",10,"Gold",15000,,,"divider_league",2,10,60,"league_list_icon_003",,,
"Template_7_Ranked3.2","TID_RANKED_LEAGUE_3",7,24,2,1,24,1,11,"Ranked1v1","FALSE",,,,,"sc/ui_league_badges.sc","league_badge_003","league_badge_003_nofx","Gold",3000,,,,,,2,10,60,"league_list_icon_003",,,
"Template_7_Ranked3.3","TID_RANKED_LEAGUE_3",7,6,2,2,28,1,11,"Ranked1v1","FALSE",,,,,"sc/ui_league_badges.sc","league_badge_003","league_badge_003_nofx","Gold",6000,,,,,,2,10,60,"league_list_icon_003",,,
"Template_7_Ranked4.1","TID_RANKED_LEAGUE_4",7,7,3,0,32,1,12,"Ranked1v1","FALSE",,5,4,"TRUE","sc/ui_league_badges.sc","league_badge_004","league_badge_004_nofx","Emote_EmoteChronos116",1,"Chest_Magic_Arena_L1",1,,,"divider_league",2,10,60,"league_list_icon_004",,,
"Template_7_Ranked4.2","TID_RANKED_LEAGUE_4",7,8,3,1,35,1,12,"Ranked1v1","FALSE",,,,"TRUE","sc/ui_league_badges.sc","league_badge_004","league_badge_004_nofx","WildcardLegendary",1,,,,,,2,10,60,"league_list_icon_004",,,
"Template_7_Ranked4.3","TID_RANKED_LEAGUE_4",7,9,3,2,39,1,12,"Ranked1v1","FALSE",,,,"TRUE","sc/ui_league_badges.sc","league_badge_004","league_badge_004_nofx","WildcardElite",2500,,,,,,2,10,60,"league_list_icon_004",,,
"Template_7_Ranked5.1","TID_RANKED_LEAGUE_5",7,10,4,0,43,1,12,"Ranked1v1","FALSE",,6,5,"TRUE","sc/ui_league_badges.sc","league_badge_005","league_badge_005_nofx","WildcardChampion",1,"Gold",20000,,,"divider_league",2,10,60,"league_list_icon_005",,,
"Template_7_Ranked5.2","TID_RANKED_LEAGUE_5",7,11,4,1,46,1,12,"Ranked1v1","FALSE",,,,"TRUE","sc/ui_league_badges.sc","league_badge_005","league_badge_005_nofx","Gold",12000,,,,,,2,10,60,"league_list_icon_005",,,
"Template_7_Ranked5.3","TID_RANKED_LEAGUE_5",7,12,4,2,50,1,12,"Ranked1v1","FALSE",,,,"TRUE","sc/ui_league_badges.sc","league_badge_005","league_badge_005_nofx","WildcardCommon",250,,,,,,2,10,60,"league_list_icon_005",,,
"Template_7_Ranked6.1","TID_RANKED_LEAGUE_6",7,13,5,0,54,1,13,"Ranked1v1","FALSE",,7,6,"TRUE","sc/ui_league_badges.sc","league_badge_006","league_badge_006_nofx","WildcardElite",5000,"Chest_Shop_Small_1_Arena_L1",1,,,"divider_league",2,10,60,"league_list_icon_006",,,
"Template_7_Ranked6.2","TID_RANKED_LEAGUE_6",7,14,5,1,57,1,13,"Ranked1v1","FALSE",,,,"TRUE","sc/ui_league_badges.sc","league_badge_006","league_badge_006_nofx","WildcardRare",50,,,,,,2,10,60,"league_list_icon_006",,,
"Template_7_Ranked6.3","TID_RANKED_LEAGUE_6",7,15,5,2,61,1,13,"Ranked1v1","FALSE",,,,"TRUE","sc/ui_league_badges.sc","league_badge_006","league_badge_006_nofx","Gold",12000,,,,,,2,10,60,"league_list_icon_006",,,
"Template_7_Ranked7.1","TID_RANKED_LEAGUE_7",7,16,6,0,65,1,13,"Ranked1v1","FALSE",,-1,7,"TRUE","sc/ui_league_badges.sc","league_badge_007","league_badge_007_nofx","WildcardEpic",10,"Gold",25000,,,"divider_league",2,10,60,"league_list_icon_007",,,
"Template_7_Ranked7.2","TID_RANKED_LEAGUE_7",7,17,6,1,69,1,13,"Ranked1v1","FALSE",,,,"TRUE","sc/ui_league_badges.sc","league_badge_007","league_badge_007_nofx","WildcardElite",7500,,,,,,2,10,60,"league_list_icon_007",,,
"Template_7_Ranked8.1","TID_RANKED_LEAGUE_8",7,18,7,0,73,1,14,"Ranked1v1","FALSE",,-1,8,"TRUE","sc/ui_league_badges.sc","league_badge_008","league_badge_008_nofx","WildcardLegendary",1,"Chest_Shop_Large_Legendary_Arena_L1",1,,,"divider_league",2,10,60,"league_list_icon_008",,,
"Template_7_Ranked8.2","TID_RANKED_LEAGUE_8",7,19,7,1,77,1,14,"Ranked1v1","FALSE",,,,"TRUE","sc/ui_league_badges.sc","league_badge_008","league_badge_008_nofx","Gold",12000,,,,,,2,10,60,"league_list_icon_008",,,
"Template_7_Ranked9.1","TID_RANKED_LEAGUE_9",7,20,8,0,82,1,14,"Ranked1v1","FALSE",,-1,9,"TRUE","sc/ui_league_badges.sc","league_badge_009","league_badge_009_nofx","WildcardChampion",1,"Gold",30000,,,"divider_league",2,10,60,"league_list_icon_009",,,
"Template_7_Ranked9.2","TID_RANKED_LEAGUE_9",7,21,8,1,87,1,14,"Ranked1v1","FALSE",,,,"TRUE","sc/ui_league_badges.sc","league_badge_009","league_badge_009_nofx","WildcardElite",10000,,,,,,2,10,60,"league_list_icon_009",,,
"Template_7_Ranked10","TID_RANKED_LEAGUE_10",7,22,9,0,93,1,14,"Ranked1v1","TRUE",,-1,10,"TRUE","sc/ui_league_badges.sc","league_badge_010","league_badge_010_nofx","Gold",12000,"Emote_EmoteChronos71",1,,,"divider_league_last",15,150,90,"league_list_icon_010",,,
"Template_8_Ranked1.1","TID_RANKED_LEAGUE_1",8,0,0,0,0,0,11,"Ranked1v1","FALSE",,1,1,,"sc/ui_league_badges.sc","league_badge_001","league_badge_001_nofx","Gold",3000,,,,,"divider_league",1,10,60,"league_list_icon_001",,,
"Template_8_Ranked1.2","TID_RANKED_LEAGUE_1",8,23,0,1,3,0,11,"Ranked1v1","FALSE",,,,,"sc/ui_league_badges.sc","league_badge_001","league_badge_001_nofx","WildcardCommon",250,,,,,,1,10,60,"league_list_icon_001",,,
"Template_8_Ranked1.3","TID_RANKED_LEAGUE_1",8,1,0,2,7,0,11,"Ranked1v1","FALSE",,,,,"sc/ui_league_badges.sc","league_badge_001","league_badge_001_nofx","Gold",3000,,,,,,1,10,60,"league_list_icon_001",,,
"Template_8_Ranked2.1","TID_RANKED_LEAGUE_2",8,2,1,0,10,1,11,"Ranked1v1","FALSE",,3,2,,"sc/ui_league_badges.sc","league_badge_002","league_badge_002_nofx","Gold",6000,"Chest_Giant_Arena_L1",1,,,"divider_league",2,10,60,"league_list_icon_002",,,
"Template_8_Ranked2.2","TID_RANKED_LEAGUE_2",8,3,1,1,13,1,11,"Ranked1v1","FALSE",,,,,"sc/ui_league_badges.sc","league_badge_002","league_badge_002_nofx","WildcardRare",50,,,,,,2,10,60,"league_list_icon_002",,,
"Template_8_Ranked2.3","TID_RANKED_LEAGUE_2",8,4,1,2,17,1,11,"Ranked1v1","FALSE",,,,,"sc/ui_league_badges.sc","league_badge_002","league_badge_002_nofx","Gold",6000,,,,,,2,10,60,"league_list_icon_002",,,
"Template_8_Ranked3.1","TID_RANKED_LEAGUE_3",8,5,2,0,21,1,11,"Ranked1v1","FALSE",,4,3,,"sc/ui_league_badges.sc","league_badge_003","league_badge_003_nofx","WildcardEpic",10,"Gold",15000,,,"divider_league",2,10,60,"league_list_icon_003",,,
"Template_8_Ranked3.2","TID_RANKED_LEAGUE_3",8,24,2,1,24,1,11,"Ranked1v1","FALSE",,,,,"sc/ui_league_badges.sc","league_badge_003","league_badge_003_nofx","Gold",3000,,,,,,2,10,60,"league_list_icon_003",,,
"Template_8_Ranked3.3","TID_RANKED_LEAGUE_3",8,6,2,2,28,1,11,"Ranked1v1","FALSE",,,,,"sc/ui_league_badges.sc","league_badge_003","league_badge_003_nofx","Gold",6000,,,,,,2,10,60,"league_list_icon_003",,,
"Template_8_Ranked4.1","TID_RANKED_LEAGUE_4",8,7,3,0,32,1,12,"Ranked1v1","FALSE",,5,4,"TRUE","sc/ui_league_badges.sc","league_badge_004","league_badge_004_nofx","Emote_EmoteChronos122",1,"Chest_Magic_Arena_L1",1,,,"divider_league",2,10,60,"league_list_icon_004",,,
"Template_8_Ranked4.2","TID_RANKED_LEAGUE_4",8,8,3,1,35,1,12,"Ranked1v1","FALSE",,,,"TRUE","sc/ui_league_badges.sc","league_badge_004","league_badge_004_nofx","WildcardLegendary",1,,,,,,2,10,60,"league_list_icon_004",,,
"Template_8_Ranked4.3","TID_RANKED_LEAGUE_4",8,9,3,2,39,1,12,"Ranked1v1","FALSE",,,,"TRUE","sc/ui_league_badges.sc","league_badge_004","league_badge_004_nofx","WildcardElite",2500,,,,,,2,10,60,"league_list_icon_004",,,
"Template_8_Ranked5.1","TID_RANKED_LEAGUE_5",8,10,4,0,43,1,12,"Ranked1v1","FALSE",,6,5,"TRUE","sc/ui_league_badges.sc","league_badge_005","league_badge_005_nofx","WildcardChampion",1,"Gold",20000,,,"divider_league",2,10,60,"league_list_icon_005",,,
"Template_8_Ranked5.2","TID_RANKED_LEAGUE_5",8,11,4,1,46,1,12,"Ranked1v1","FALSE",,,,"TRUE","sc/ui_league_badges.sc","league_badge_005","league_badge_005_nofx","Gold",12000,,,,,,2,10,60,"league_list_icon_005",,,
"Template_8_Ranked5.3","TID_RANKED_LEAGUE_5",8,12,4,2,50,1,12,"Ranked1v1","FALSE",,,,"TRUE","sc/ui_league_badges.sc","league_badge_005","league_badge_005_nofx","WildcardCommon",250,,,,,,2,10,60,"league_list_icon_005",,,
"Template_8_Ranked6.1","TID_RANKED_LEAGUE_6",8,13,5,0,54,1,13,"Ranked1v1","FALSE",,7,6,"TRUE","sc/ui_league_badges.sc","league_badge_006","league_badge_006_nofx","WildcardElite",5000,"Chest_Shop_Small_1_Arena_L1",1,,,"divider_league",2,10,60,"league_list_icon_006",,,
"Template_8_Ranked6.2","TID_RANKED_LEAGUE_6",8,14,5,1,57,1,13,"Ranked1v1","FALSE",,,,"TRUE","sc/ui_league_badges.sc","league_badge_006","league_badge_006_nofx","WildcardRare",50,,,,,,2,10,60,"league_list_icon_006",,,
"Template_8_Ranked6.3","TID_RANKED_LEAGUE_6",8,15,5,2,61,1,13,"Ranked1v1","FALSE",,,,"TRUE","sc/ui_league_badges.sc","league_badge_006","league_badge_006_nofx","Gold",12000,,,,,,2,10,60,"league_list_icon_006",,,
"Template_8_Ranked7.1","TID_RANKED_LEAGUE_7",8,16,6,0,65,1,13,"Ranked1v1","FALSE",,-1,7,"TRUE","sc/ui_league_badges.sc","league_badge_007","league_badge_007_nofx","WildcardEpic",10,"Gold",25000,,,"divider_league",2,10,60,"league_list_icon_007",,,
"Template_8_Ranked7.2","TID_RANKED_LEAGUE_7",8,17,6,1,69,1,13,"Ranked1v1","FALSE",,,,"TRUE","sc/ui_league_badges.sc","league_badge_007","league_badge_007_nofx","WildcardElite",7500,,,,,,2,10,60,"league_list_icon_007",,,
"Template_8_Ranked8.1","TID_RANKED_LEAGUE_8",8,18,7,0,73,1,14,"Ranked1v1","FALSE",,-1,8,"TRUE","sc/ui_league_badges.sc","league_badge_008","league_badge_008_nofx","WildcardLegendary",1,"Chest_Shop_Large_Legendary_Arena_L1",1,,,"divider_league",2,10,60,"league_list_icon_008",,,
"Template_8_Ranked8.2","TID_RANKED_LEAGUE_8",8,19,7,1,77,1,14,"Ranked1v1","FALSE",,,,"TRUE","sc/ui_league_badges.sc","league_badge_008","league_badge_008_nofx","Gold",12000,,,,,,2,10,60,"league_list_icon_008",,,
"Template_8_Ranked9.1","TID_RANKED_LEAGUE_9",8,20,8,0,82,1,14,"Ranked1v1","FALSE",,-1,9,"TRUE","sc/ui_league_badges.sc","league_badge_009","league_badge_009_nofx","WildcardChampion",1,"Gold",30000,,,"divider_league",2,10,60,"league_list_icon_009",,,
"Template_8_Ranked9.2","TID_RANKED_LEAGUE_9",8,21,8,1,87,1,14,"Ranked1v1","FALSE",,,,"TRUE","sc/ui_league_badges.sc","league_badge_009","league_badge_009_nofx","WildcardElite",10000,,,,,,2,10,60,"league_list_icon_009",,,
"Template_8_Ranked10","TID_RANKED_LEAGUE_10",8,22,9,0,93,1,14,"Ranked1v1","TRUE",,-1,10,"TRUE","sc/ui_league_badges.sc","league_badge_010","league_badge_010_nofx","Gold",12000,"Emote_EmoteChronos71",1,,,"divider_league_last",15,150,90,"league_list_icon_010",,,
"Template_9_Ranked1.1","TID_RANKED_LEAGUE_1",9,0,0,0,0,0,11,"Ranked1v1","FALSE",,1,1,,"sc/ui_league_badges.sc","league_badge_001","league_badge_001_nofx","Gold",3000,,,,,"divider_league",1,10,60,"league_list_icon_001",,,
"Template_9_Ranked1.2","TID_RANKED_LEAGUE_1",9,23,0,1,3,0,11,"Ranked1v1","FALSE",,,,,"sc/ui_league_badges.sc","league_badge_001","league_badge_001_nofx","WildcardCommon",250,,,,,,1,10,60,"league_list_icon_001",,,
"Template_9_Ranked1.3","TID_RANKED_LEAGUE_1",9,1,0,2,7,0,11,"Ranked1v1","FALSE",,,,,"sc/ui_league_badges.sc","league_badge_001","league_badge_001_nofx","Gold",3000,,,,,,1,10,60,"league_list_icon_001",,,
"Template_9_Ranked2.1","TID_RANKED_LEAGUE_2",9,2,1,0,10,1,11,"Ranked1v1","FALSE",,3,2,,"sc/ui_league_badges.sc","league_badge_002","league_badge_002_nofx","Gold",6000,"Chest_Giant_Arena_L1",1,,,"divider_league",2,10,60,"league_list_icon_002",,,
"Template_9_Ranked2.2","TID_RANKED_LEAGUE_2",9,3,1,1,13,1,11,"Ranked1v1","FALSE",,,,,"sc/ui_league_badges.sc","league_badge_002","league_badge_002_nofx","WildcardRare",50,,,,,,2,10,60,"league_list_icon_002",,,
"Template_9_Ranked2.3","TID_RANKED_LEAGUE_2",9,4,1,2,17,1,11,"Ranked1v1","FALSE",,,,,"sc/ui_league_badges.sc","league_badge_002","league_badge_002_nofx","Gold",6000,,,,,,2,10,60,"league_list_icon_002",,,
"Template_9_Ranked3.1","TID_RANKED_LEAGUE_3",9,5,2,0,21,1,11,"Ranked1v1","FALSE",,4,3,,"sc/ui_league_badges.sc","league_badge_003","league_badge_003_nofx","WildcardEpic",10,"Gold",15000,,,"divider_league",2,10,60,"league_list_icon_003",,,
"Template_9_Ranked3.2","TID_RANKED_LEAGUE_3",9,24,2,1,24,1,11,"Ranked1v1","FALSE",,,,,"sc/ui_league_badges.sc","league_badge_003","league_badge_003_nofx","Gold",3000,,,,,,2,10,60,"league_list_icon_003",,,
"Template_9_Ranked3.3","TID_RANKED_LEAGUE_3",9,6,2,2,28,1,11,"Ranked1v1","FALSE",,,,,"sc/ui_league_badges.sc","league_badge_003","league_badge_003_nofx","Gold",6000,,,,,,2,10,60,"league_list_icon_003",,,
"Template_9_Ranked4.1","TID_RANKED_LEAGUE_4",9,7,3,0,32,1,12,"Ranked1v1","FALSE",,5,4,"TRUE","sc/ui_league_badges.sc","league_badge_004","league_badge_004_nofx","Emote_EmoteChronos128",1,"Chest_Magic_Arena_L1",1,,,"divider_league",2,10,60,"league_list_icon_004",,,
"Template_9_Ranked4.2","TID_RANKED_LEAGUE_4",9,8,3,1,35,1,12,"Ranked1v1","FALSE",,,,"TRUE","sc/ui_league_badges.sc","league_badge_004","league_badge_004_nofx","WildcardLegendary",1,,,,,,2,10,60,"league_list_icon_004",,,
"Template_9_Ranked4.3","TID_RANKED_LEAGUE_4",9,9,3,2,39,1,12,"Ranked1v1","FALSE",,,,"TRUE","sc/ui_league_badges.sc","league_badge_004","league_badge_004_nofx","WildcardElite",2500,,,,,,2,10,60,"league_list_icon_004",,,
"Template_9_Ranked5.1","TID_RANKED_LEAGUE_5",9,10,4,0,43,1,12,"Ranked1v1","FALSE",,6,5,"TRUE","sc/ui_league_badges.sc","league_badge_005","league_badge_005_nofx","WildcardChampion",1,"Gold",20000,,,"divider_league",2,10,60,"league_list_icon_005",,,
"Template_9_Ranked5.2","TID_RANKED_LEAGUE_5",9,11,4,1,46,1,12,"Ranked1v1","FALSE",,,,"TRUE","sc/ui_league_badges.sc","league_badge_005","league_badge_005_nofx","Gold",12000,,,,,,2,10,60,"league_list_icon_005",,,
"Template_9_Ranked5.3","TID_RANKED_LEAGUE_5",9,12,4,2,50,1,12,"Ranked1v1","FALSE",,,,"TRUE","sc/ui_league_badges.sc","league_badge_005","league_badge_005_nofx","WildcardCommon",250,,,,,,2,10,60,"league_list_icon_005",,,
"Template_9_Ranked6.1","TID_RANKED_LEAGUE_6",9,13,5,0,54,1,13,"Ranked1v1","FALSE",,7,6,"TRUE","sc/ui_league_badges.sc","league_badge_006","league_badge_006_nofx","WildcardElite",5000,"Chest_Shop_Small_1_Arena_L1",1,,,"divider_league",2,10,60,"league_list_icon_006",,,
"Template_9_Ranked6.2","TID_RANKED_LEAGUE_6",9,14,5,1,57,1,13,"Ranked1v1","FALSE",,,,"TRUE","sc/ui_league_badges.sc","league_badge_006","league_badge_006_nofx","WildcardRare",50,,,,,,2,10,60,"league_list_icon_006",,,
"Template_9_Ranked6.3","TID_RANKED_LEAGUE_6",9,15,5,2,61,1,13,"Ranked1v1","FALSE",,,,"TRUE","sc/ui_league_badges.sc","league_badge_006","league_badge_006_nofx","Gold",12000,,,,,,2,10,60,"league_list_icon_006",,,
"Template_9_Ranked7.1","TID_RANKED_LEAGUE_7",9,16,6,0,65,1,13,"Ranked1v1","FALSE",,-1,7,"TRUE","sc/ui_league_badges.sc","league_badge_007","league_badge_007_nofx","WildcardEpic",10,"Gold",25000,,,"divider_league",2,10,60,"league_list_icon_007",,,
"Template_9_Ranked7.2","TID_RANKED_LEAGUE_7",9,17,6,1,69,1,13,"Ranked1v1","FALSE",,,,"TRUE","sc/ui_league_badges.sc","league_badge_007","league_badge_007_nofx","WildcardElite",7500,,,,,,2,10,60,"league_list_icon_007",,,
"Template_9_Ranked8.1","TID_RANKED_LEAGUE_8",9,18,7,0,73,1,14,"Ranked1v1","FALSE",,-1,8,"TRUE","sc/ui_league_badges.sc","league_badge_008","league_badge_008_nofx","WildcardLegendary",1,"Chest_Shop_Large_Legendary_Arena_L1",1,,,"divider_league",2,10,60,"league_list_icon_008",,,
"Template_9_Ranked8.2","TID_RANKED_LEAGUE_8",9,19,7,1,77,1,14,"Ranked1v1","FALSE",,,,"TRUE","sc/ui_league_badges.sc","league_badge_008","league_badge_008_nofx","Gold",12000,,,,,,2,10,60,"league_list_icon_008",,,
"Template_9_Ranked9.1","TID_RANKED_LEAGUE_9",9,20,8,0,82,1,14,"Ranked1v1","FALSE",,-1,9,"TRUE","sc/ui_league_badges.sc","league_badge_009","league_badge_009_nofx","WildcardChampion",1,"Gold",30000,,,"divider_league",2,10,60,"league_list_icon_009",,,
"Template_9_Ranked9.2","TID_RANKED_LEAGUE_9",9,21,8,1,87,1,14,"Ranked1v1","FALSE",,,,"TRUE","sc/ui_league_badges.sc","league_badge_009","league_badge_009_nofx","WildcardElite",10000,,,,,,2,10,60,"league_list_icon_009",,,
"Template_9_Ranked10","TID_RANKED_LEAGUE_10",9,22,9,0,93,1,14,"Ranked1v1","TRUE",,-1,10,"TRUE","sc/ui_league_badges.sc","league_badge_010","league_badge_010_nofx","Gold",12000,"Emote_EmoteChronos71",1,,,"divider_league_last",15,150,90,"league_list_icon_010",,,
"Template_10_Ranked1.1","TID_RANKED_LEAGUE_1",10,0,0,0,0,0,11,"Ranked1v1","FALSE",,1,1,,"sc/ui_league_badges.sc","league_badge_001","league_badge_001_nofx","Gold",3000,,,,,"divider_league",1,10,60,"league_list_icon_001",,,
"Template_10_Ranked1.2","TID_RANKED_LEAGUE_1",10,23,0,1,3,0,11,"Ranked1v1","FALSE",,,,,"sc/ui_league_badges.sc","league_badge_001","league_badge_001_nofx","WildcardCommon",250,,,,,,1,10,60,"league_list_icon_001",,,
"Template_10_Ranked1.3","TID_RANKED_LEAGUE_1",10,1,0,2,7,0,11,"Ranked1v1","FALSE",,,,,"sc/ui_league_badges.sc","league_badge_001","league_badge_001_nofx","Gold",3000,,,,,,1,10,60,"league_list_icon_001",,,
"Template_10_Ranked2.1","TID_RANKED_LEAGUE_2",10,2,1,0,10,1,11,"Ranked1v1","FALSE",,3,2,,"sc/ui_league_badges.sc","league_badge_002","league_badge_002_nofx","Gold",6000,"Chest_Giant_Arena_L1",1,,,"divider_league",2,10,60,"league_list_icon_002",,,
"Template_10_Ranked2.2","TID_RANKED_LEAGUE_2",10,3,1,1,13,1,11,"Ranked1v1","FALSE",,,,,"sc/ui_league_badges.sc","league_badge_002","league_badge_002_nofx","WildcardRare",50,,,,,,2,10,60,"league_list_icon_002",,,
"Template_10_Ranked2.3","TID_RANKED_LEAGUE_2",10,4,1,2,17,1,11,"Ranked1v1","FALSE",,,,,"sc/ui_league_badges.sc","league_badge_002","league_badge_002_nofx","Gold",6000,,,,,,2,10,60,"league_list_icon_002",,,
"Template_10_Ranked3.1","TID_RANKED_LEAGUE_3",10,5,2,0,21,1,11,"Ranked1v1","FALSE",,4,3,,"sc/ui_league_badges.sc","league_badge_003","league_badge_003_nofx","WildcardEpic",10,"Gold",15000,,,"divider_league",2,10,60,"league_list_icon_003",,,
"Template_10_Ranked3.2","TID_RANKED_LEAGUE_3",10,24,2,1,24,1,11,"Ranked1v1","FALSE",,,,,"sc/ui_league_badges.sc","league_badge_003","league_badge_003_nofx","Gold",3000,,,,,,2,10,60,"league_list_icon_003",,,
"Template_10_Ranked3.3","TID_RANKED_LEAGUE_3",10,6,2,2,28,1,11,"Ranked1v1","FALSE",,,,,"sc/ui_league_badges.sc","league_badge_003","league_badge_003_nofx","Gold",6000,,,,,,2,10,60,"league_list_icon_003",,,
"Template_10_Ranked4.1","TID_RANKED_LEAGUE_4",10,7,3,0,32,1,12,"Ranked1v1","FALSE",,5,4,"TRUE","sc/ui_league_badges.sc","league_badge_004","league_badge_004_nofx","Emote_EmoteChronos138",1,"Chest_Magic_Arena_L1",1,,,"divider_league",2,10,60,"league_list_icon_004",,,
"Template_10_Ranked4.2","TID_RANKED_LEAGUE_4",10,8,3,1,35,1,12,"Ranked1v1","FALSE",,,,"TRUE","sc/ui_league_badges.sc","league_badge_004","league_badge_004_nofx","WildcardLegendary",1,,,,,,2,10,60,"league_list_icon_004",,,
"Template_10_Ranked4.3","TID_RANKED_LEAGUE_4",10,9,3,2,39,1,12,"Ranked1v1","FALSE",,,,"TRUE","sc/ui_league_badges.sc","league_badge_004","league_badge_004_nofx","WildcardElite",2500,,,,,,2,10,60,"league_list_icon_004",,,
"Template_10_Ranked5.1","TID_RANKED_LEAGUE_5",10,10,4,0,43,1,12,"Ranked1v1","FALSE",,6,5,"TRUE","sc/ui_league_badges.sc","league_badge_005","league_badge_005_nofx","WildcardChampion",1,"Gold",20000,,,"divider_league",2,10,60,"league_list_icon_005",,,
"Template_10_Ranked5.2","TID_RANKED_LEAGUE_5",10,11,4,1,46,1,12,"Ranked1v1","FALSE",,,,"TRUE","sc/ui_league_badges.sc","league_badge_005","league_badge_005_nofx","Gold",12000,,,,,,2,10,60,"league_list_icon_005",,,
"Template_10_Ranked5.3","TID_RANKED_LEAGUE_5",10,12,4,2,50,1,12,"Ranked1v1","FALSE",,,,"TRUE","sc/ui_league_badges.sc","league_badge_005","league_badge_005_nofx","WildcardCommon",250,,,,,,2,10,60,"league_list_icon_005",,,
"Template_10_Ranked6.1","TID_RANKED_LEAGUE_6",10,13,5,0,54,1,13,"Ranked1v1","FALSE",,7,6,"TRUE","sc/ui_league_badges.sc","league_badge_006","league_badge_006_nofx","WildcardElite",5000,"Chest_Shop_Small_1_Arena_L1",1,,,"divider_league",2,10,60,"league_list_icon_006",,,
"Template_10_Ranked6.2","TID_RANKED_LEAGUE_6",10,14,5,1,57,1,13,"Ranked1v1","FALSE",,,,"TRUE","sc/ui_league_badges.sc","league_badge_006","league_badge_006_nofx","WildcardRare",50,,,,,,2,10,60,"league_list_icon_006",,,
"Template_10_Ranked6.3","TID_RANKED_LEAGUE_6",10,15,5,2,61,1,13,"Ranked1v1","FALSE",,,,"TRUE","sc/ui_league_badges.sc","league_badge_006","league_badge_006_nofx","Gold",12000,,,,,,2,10,60,"league_list_icon_006",,,
"Template_10_Ranked7.1","TID_RANKED_LEAGUE_7",10,16,6,0,65,1,13,"Ranked1v1","FALSE",,-1,7,"TRUE","sc/ui_league_badges.sc","league_badge_007","league_badge_007_nofx","WildcardEpic",10,"Gold",25000,,,"divider_league",2,10,60,"league_list_icon_007",,,
"Template_10_Ranked7.2","TID_RANKED_LEAGUE_7",10,17,6,1,69,1,13,"Ranked1v1","FALSE",,,,"TRUE","sc/ui_league_badges.sc","league_badge_007","league_badge_007_nofx","WildcardElite",7500,,,,,,2,10,60,"league_list_icon_007",,,
"Template_10_Ranked8.1","TID_RANKED_LEAGUE_8",10,18,7,0,73,1,14,"Ranked1v1","FALSE",,-1,8,"TRUE","sc/ui_league_badges.sc","league_badge_008","league_badge_008_nofx","WildcardLegendary",1,"Chest_Shop_Large_Legendary_Arena_L1",1,,,"divider_league",2,10,60,"league_list_icon_008",,,
"Template_10_Ranked8.2","TID_RANKED_LEAGUE_8",10,19,7,1,77,1,14,"Ranked1v1","FALSE",,,,"TRUE","sc/ui_league_badges.sc","league_badge_008","league_badge_008_nofx","Gold",12000,,,,,,2,10,60,"league_list_icon_008",,,
"Template_10_Ranked9.1","TID_RANKED_LEAGUE_9",10,20,8,0,82,1,14,"Ranked1v1","FALSE",,-1,9,"TRUE","sc/ui_league_badges.sc","league_badge_009","league_badge_009_nofx","WildcardChampion",1,"Gold",30000,,,"divider_league",2,10,60,"league_list_icon_009",,,
"Template_10_Ranked9.2","TID_RANKED_LEAGUE_9",10,21,8,1,87,1,14,"Ranked1v1","FALSE",,,,"TRUE","sc/ui_league_badges.sc","league_badge_009","league_badge_009_nofx","WildcardElite",10000,,,,,,2,10,60,"league_list_icon_009",,,
"Template_10_Ranked10","TID_RANKED_LEAGUE_10",10,22,9,0,93,1,14,"Ranked1v1","TRUE",,-1,10,"TRUE","sc/ui_league_badges.sc","league_badge_010","league_badge_010_nofx","Gold",12000,"Emote_EmoteChronos71",1,,,"divider_league_last",15,150,90,"league_list_icon_010",,,
"Template_11_Ranked1.1","TID_RANKED_LEAGUE_1",11,0,0,0,0,0,11,"Ranked1v1","FALSE",,1,1,,"sc/ui_league_badges.sc","league_badge_001","league_badge_001_nofx","Gold",3000,,,,,"divider_league",1,10,60,"league_list_icon_001",,,
"Template_11_Ranked1.2","TID_RANKED_LEAGUE_1",11,23,0,1,3,0,11,"Ranked1v1","FALSE",,,,,"sc/ui_league_badges.sc","league_badge_001","league_badge_001_nofx","WildcardCommon",250,,,,,,1,10,60,"league_list_icon_001",,,
"Template_11_Ranked1.3","TID_RANKED_LEAGUE_1",11,1,0,2,7,0,11,"Ranked1v1","FALSE",,,,,"sc/ui_league_badges.sc","league_badge_001","league_badge_001_nofx","Gold",3000,,,,,,1,10,60,"league_list_icon_001",,,
"Template_11_Ranked2.1","TID_RANKED_LEAGUE_2",11,2,1,0,10,1,11,"Ranked1v1","FALSE",,3,2,,"sc/ui_league_badges.sc","league_badge_002","league_badge_002_nofx","Gold",6000,"Chest_Giant_Arena_L1",1,,,"divider_league",2,10,60,"league_list_icon_002",,,
"Template_11_Ranked2.2","TID_RANKED_LEAGUE_2",11,3,1,1,13,1,11,"Ranked1v1","FALSE",,,,,"sc/ui_league_badges.sc","league_badge_002","league_badge_002_nofx","WildcardRare",50,,,,,,2,10,60,"league_list_icon_002",,,
"Template_11_Ranked2.3","TID_RANKED_LEAGUE_2",11,4,1,2,17,1,11,"Ranked1v1","FALSE",,,,,"sc/ui_league_badges.sc","league_badge_002","league_badge_002_nofx","Gold",6000,,,,,,2,10,60,"league_list_icon_002",,,
"Template_11_Ranked3.1","TID_RANKED_LEAGUE_3",11,5,2,0,21,1,11,"Ranked1v1","FALSE",,4,3,,"sc/ui_league_badges.sc","league_badge_003","league_badge_003_nofx","WildcardEpic",10,"Gold",15000,,,"divider_league",2,10,60,"league_list_icon_003",,,
"Template_11_Ranked3.2","TID_RANKED_LEAGUE_3",11,24,2,1,24,1,11,"Ranked1v1","FALSE",,,,,"sc/ui_league_badges.sc","league_badge_003","league_badge_003_nofx","Gold",3000,,,,,,2,10,60,"league_list_icon_003",,,
"Template_11_Ranked3.3","TID_RANKED_LEAGUE_3",11,6,2,2,28,1,11,"Ranked1v1","FALSE",,,,,"sc/ui_league_badges.sc","league_badge_003","league_badge_003_nofx","Gold",6000,,,,,,2,10,60,"league_list_icon_003",,,
"Template_11_Ranked4.1","TID_RANKED_LEAGUE_4",11,7,3,0,32,1,12,"Ranked1v1","FALSE",,5,4,"TRUE","sc/ui_league_badges.sc","league_badge_004","league_badge_004_nofx","Emote_EmoteChronos140",1,"Chest_Magic_Arena_L1",1,,,"divider_league",2,10,60,"league_list_icon_004",,,
"Template_11_Ranked4.2","TID_RANKED_LEAGUE_4",11,8,3,1,35,1,12,"Ranked1v1","FALSE",,,,"TRUE","sc/ui_league_badges.sc","league_badge_004","league_badge_004_nofx","WildcardLegendary",1,,,,,,2,10,60,"league_list_icon_004",,,
"Template_11_Ranked4.3","TID_RANKED_LEAGUE_4",11,9,3,2,39,1,12,"Ranked1v1","FALSE",,,,"TRUE","sc/ui_league_badges.sc","league_badge_004","league_badge_004_nofx","WildcardElite",2500,,,,,,2,10,60,"league_list_icon_004",,,
"Template_11_Ranked5.1","TID_RANKED_LEAGUE_5",11,10,4,0,43,1,12,"Ranked1v1","FALSE",,6,5,"TRUE","sc/ui_league_badges.sc","league_badge_005","league_badge_005_nofx","WildcardChampion",1,"Gold",20000,,,"divider_league",2,10,60,"league_list_icon_005",,,
"Template_11_Ranked5.2","TID_RANKED_LEAGUE_5",11,11,4,1,46,1,12,"Ranked1v1","FALSE",,,,"TRUE","sc/ui_league_badges.sc","league_badge_005","league_badge_005_nofx","Gold",12000,,,,,,2,10,60,"league_list_icon_005",,,
"Template_11_Ranked5.3","TID_RANKED_LEAGUE_5",11,12,4,2,50,1,12,"Ranked1v1","FALSE",,,,"TRUE","sc/ui_league_badges.sc","league_badge_005","league_badge_005_nofx","WildcardCommon",250,,,,,,2,10,60,"league_list_icon_005",,,
"Template_11_Ranked6.1","TID_RANKED_LEAGUE_6",11,13,5,0,54,1,13,"Ranked1v1","FALSE",,7,6,"TRUE","sc/ui_league_badges.sc","league_badge_006","league_badge_006_nofx","WildcardElite",5000,"Chest_Shop_Small_1_Arena_L1",1,,,"divider_league",2,10,60,"league_list_icon_006",,,
"Template_11_Ranked6.2","TID_RANKED_LEAGUE_6",11,14,5,1,57,1,13,"Ranked1v1","FALSE",,,,"TRUE","sc/ui_league_badges.sc","league_badge_006","league_badge_006_nofx","WildcardRare",50,,,,,,2,10,60,"league_list_icon_006",,,
"Template_11_Ranked6.3","TID_RANKED_LEAGUE_6",11,15,5,2,61,1,13,"Ranked1v1","FALSE",,,,"TRUE","sc/ui_league_badges.sc","league_badge_006","league_badge_006_nofx","Gold",12000,,,,,,2,10,60,"league_list_icon_006",,,
"Template_11_Ranked7.1","TID_RANKED_LEAGUE_7",11,16,6,0,65,1,13,"Ranked1v1","FALSE",,-1,7,"TRUE","sc/ui_league_badges.sc","league_badge_007","league_badge_007_nofx","WildcardEpic",10,"Gold",25000,,,"divider_league",2,10,60,"league_list_icon_007",,,
"Template_11_Ranked7.2","TID_RANKED_LEAGUE_7",11,17,6,1,69,1,13,"Ranked1v1","FALSE",,,,"TRUE","sc/ui_league_badges.sc","league_badge_007","league_badge_007_nofx","WildcardElite",7500,,,,,,2,10,60,"league_list_icon_007",,,
"Template_11_Ranked8.1","TID_RANKED_LEAGUE_8",11,18,7,0,73,1,14,"Ranked1v1","FALSE",,-1,8,"TRUE","sc/ui_league_badges.sc","league_badge_008","league_badge_008_nofx","WildcardLegendary",1,"Chest_Shop_Large_Legendary_Arena_L1",1,,,"divider_league",2,10,60,"league_list_icon_008",,,
"Template_11_Ranked8.2","TID_RANKED_LEAGUE_8",11,19,7,1,77,1,14,"Ranked1v1","FALSE",,,,"TRUE","sc/ui_league_badges.sc","league_badge_008","league_badge_008_nofx","Gold",12000,,,,,,2,10,60,"league_list_icon_008",,,
"Template_11_Ranked9.1","TID_RANKED_LEAGUE_9",11,20,8,0,82,1,14,"Ranked1v1","FALSE",,-1,9,"TRUE","sc/ui_league_badges.sc","league_badge_009","league_badge_009_nofx","WildcardChampion",1,"Gold",30000,,,"divider_league",2,10,60,"league_list_icon_009",,,
"Template_11_Ranked9.2","TID_RANKED_LEAGUE_9",11,21,8,1,87,1,14,"Ranked1v1","FALSE",,,,"TRUE","sc/ui_league_badges.sc","league_badge_009","league_badge_009_nofx","WildcardElite",10000,,,,,,2,10,60,"league_list_icon_009",,,
"Template_11_Ranked10","TID_RANKED_LEAGUE_10",11,22,9,0,93,1,14,"Ranked1v1","TRUE",,-1,10,"TRUE","sc/ui_league_badges.sc","league_badge_010","league_badge_010_nofx","Gold",12000,"Emote_EmoteChronos71",1,,,"divider_league_last",15,150,90,"league_list_icon_010",,,
"Template_12_Ranked1.1","TID_RANKED_LEAGUE_1",12,0,0,0,0,0,11,"Ranked1v1","FALSE",,1,1,,"sc/ui_league_badges.sc","league_badge_001","league_badge_001_nofx","Gold",6000,,,,,"divider_league",1,10,60,"league_list_icon_001",,,
"Template_12_Ranked1.2","TID_RANKED_LEAGUE_1",12,23,0,1,3,0,11,"Ranked1v1","FALSE",,,,,"sc/ui_league_badges.sc","league_badge_001","league_badge_001_nofx","WildcardCommon",250,,,,,,1,10,60,"league_list_icon_001",,,
"Template_12_Ranked1.3","TID_RANKED_LEAGUE_1",12,1,0,2,7,0,11,"Ranked1v1","FALSE",,,,,"sc/ui_league_badges.sc","league_badge_001","league_badge_001_nofx","Gold",6000,,,,,,1,10,60,"league_list_icon_001",,,
"Template_12_Ranked2.1","TID_RANKED_LEAGUE_2",12,2,1,0,10,1,12,"Ranked1v1","FALSE",,3,2,,"sc/ui_league_badges.sc","league_badge_002","league_badge_002_nofx","WildcardElite",2500,"Chest_Giant_Arena_L1",1,,,"divider_league",2,10,60,"league_list_icon_002",,,
"Template_12_Ranked2.2","TID_RANKED_LEAGUE_2",12,3,1,1,13,1,12,"Ranked1v1","FALSE",,,,,"sc/ui_league_badges.sc","league_badge_002","league_badge_002_nofx","WildcardRare",50,,,,,,2,10,60,"league_list_icon_002",,,
"Template_12_Ranked2.3","TID_RANKED_LEAGUE_2",12,4,1,2,17,1,12,"Ranked1v1","FALSE",,,,,"sc/ui_league_badges.sc","league_badge_002","league_badge_002_nofx","Gold",6000,,,,,,2,10,60,"league_list_icon_002",,,
"Template_12_Ranked3.1","TID_RANKED_LEAGUE_3",12,5,2,0,21,1,12,"Ranked1v1","FALSE",,4,3,,"sc/ui_league_badges.sc","league_badge_003","league_badge_003_nofx","WildcardEpic",10,"Gold",15000,,,"divider_league",2,10,60,"league_list_icon_003",,,
"Template_12_Ranked3.2","TID_RANKED_LEAGUE_3",12,24,2,1,24,1,12,"Ranked1v1","FALSE",,,,,"sc/ui_league_badges.sc","league_badge_003","league_badge_003_nofx","Gold",9000,,,,,,2,10,60,"league_list_icon_003",,,
"Template_12_Ranked3.3","TID_RANKED_LEAGUE_3",12,6,2,2,28,1,12,"Ranked1v1","FALSE",,,,,"sc/ui_league_badges.sc","league_badge_003","league_badge_003_nofx","WildcardElite",5000,,,,,,2,10,60,"league_list_icon_003",,,
"Template_12_Ranked4.1","TID_RANKED_LEAGUE_4",12,7,3,0,32,1,13,"Ranked1v1","FALSE",,5,4,"TRUE","sc/ui_league_badges.sc","league_badge_004","league_badge_004_nofx","Emote_EmoteChronos147",1,"Chest_Magic_Arena_L1",1,,,"divider_league",2,10,60,"league_list_icon_004",,,
"Template_12_Ranked4.2","TID_RANKED_LEAGUE_4",12,8,3,1,35,1,13,"Ranked1v1","FALSE",,,,"TRUE","sc/ui_league_badges.sc","league_badge_004","league_badge_004_nofx","WildcardLegendary",1,,,,,,2,10,60,"league_list_icon_004",,,
"Template_12_Ranked4.3","TID_RANKED_LEAGUE_4",12,9,3,2,39,1,13,"Ranked1v1","FALSE",,,,"TRUE","sc/ui_league_badges.sc","league_badge_004","league_badge_004_nofx","WildcardElite",7500,,,,,,2,10,60,"league_list_icon_004",,,
"Template_12_Ranked5.1","TID_RANKED_LEAGUE_5",12,10,4,0,43,1,13,"Ranked1v1","FALSE",,6,5,"TRUE","sc/ui_league_badges.sc","league_badge_005","league_badge_005_nofx","WildcardChampion",1,"Gold",20000,,,"divider_league",2,10,60,"league_list_icon_005",,,
"Template_12_Ranked5.2","TID_RANKED_LEAGUE_5",12,11,4,1,46,1,13,"Ranked1v1","FALSE",,,,"TRUE","sc/ui_league_badges.sc","league_badge_005","league_badge_005_nofx","Gold",12000,,,,,,2,10,60,"league_list_icon_005",,,
"Template_12_Ranked5.3","TID_RANKED_LEAGUE_5",12,12,4,2,50,1,13,"Ranked1v1","FALSE",,,,"TRUE","sc/ui_league_badges.sc","league_badge_005","league_badge_005_nofx","WildcardCommon",250,,,,,,2,10,60,"league_list_icon_005",,,
"Template_12_Ranked6.1","TID_RANKED_LEAGUE_6",12,13,5,0,54,1,14,"Ranked1v1","FALSE",,7,6,"TRUE","sc/ui_league_badges.sc","league_badge_006","league_badge_006_nofx","WildcardElite",10000,"Chest_Shop_Small_1_Arena_L1",1,,,"divider_league",2,10,60,"league_list_icon_006",,,
"Template_12_Ranked6.2","TID_RANKED_LEAGUE_6",12,14,5,1,57,1,14,"Ranked1v1","FALSE",,,,"TRUE","sc/ui_league_badges.sc","league_badge_006","league_badge_006_nofx","WildcardRare",50,,,,,,2,10,60,"league_list_icon_006",,,
"Template_12_Ranked6.3","TID_RANKED_LEAGUE_6",12,15,5,2,61,1,14,"Ranked1v1","FALSE",,,,"TRUE","sc/ui_league_badges.sc","league_badge_006","league_badge_006_nofx","Gold",12000,,,,,,2,10,60,"league_list_icon_006",,,
"Template_12_Ranked7.1","TID_RANKED_LEAGUE_7",12,16,6,0,65,1,14,"Ranked1v1","FALSE",,-1,7,"TRUE","sc/ui_league_badges.sc","league_badge_007","league_badge_007_nofx","WildcardEpic",10,"Gold",25000,,,"divider_league",2,10,60,"league_list_icon_007",,,
"Template_12_Ranked7.2","TID_RANKED_LEAGUE_7",12,17,6,1,69,1,14,"Ranked1v1","FALSE",,,,"TRUE","sc/ui_league_badges.sc","league_badge_007","league_badge_007_nofx","WildcardElite",10000,,,,,,2,10,60,"league_list_icon_007",,,
"Template_12_Ranked8.1","TID_RANKED_LEAGUE_8",12,18,7,0,73,1,15,"Ranked1v1","FALSE",,-1,8,"TRUE","sc/ui_league_badges.sc","league_badge_008","league_badge_008_nofx","WildcardLegendary",1,"Chest_Shop_Large_Legendary_Arena_L1",1,,,"divider_league",2,10,60,"league_list_icon_008",,,
"Template_12_Ranked8.2","TID_RANKED_LEAGUE_8",12,19,7,1,77,1,15,"Ranked1v1","FALSE",,,,"TRUE","sc/ui_league_badges.sc","league_badge_008","league_badge_008_nofx","Gold",12000,,,,,,2,10,60,"league_list_icon_008",,,
"Template_12_Ranked9.1","TID_RANKED_LEAGUE_9",12,20,8,0,82,1,15,"Ranked1v1","FALSE",,-1,9,"TRUE","sc/ui_league_badges.sc","league_badge_009","league_badge_009_nofx","WildcardChampion",1,"Gold",30000,,,"divider_league",2,10,60,"league_list_icon_009",,,
"Template_12_Ranked9.2","TID_RANKED_LEAGUE_9",12,21,8,1,87,1,15,"Ranked1v1","FALSE",,,,"TRUE","sc/ui_league_badges.sc","league_badge_009","league_badge_009_nofx","WildcardElite",15000,,,,,,2,10,60,"league_list_icon_009",,,
"Template_12_Ranked10","TID_RANKED_LEAGUE_10",12,22,9,0,93,1,15,"Ranked1v1","TRUE",,-1,10,"TRUE","sc/ui_league_badges.sc","league_badge_010","league_badge_010_nofx","Gold",12000,"Emote_EmoteChronos71",1,,,"divider_league_last",15,150,90,"league_list_icon_010",,,
"Template_13_Ranked1.1","TID_RANKED_LEAGUE_1",13,0,0,0,0,0,11,"Ranked1v1","FALSE",,1,1,,"sc/ui_league_badges.sc","league_badge_001","league_badge_001_nofx","Gold",6000,,,,,"divider_league",1,10,60,"league_list_icon_001",,,
"Template_13_Ranked1.2","TID_RANKED_LEAGUE_1",13,23,0,1,3,0,11,"Ranked1v1","FALSE",,,,,"sc/ui_league_badges.sc","league_badge_001","league_badge_001_nofx","WildcardCommon",250,,,,,,1,10,60,"league_list_icon_001",,,
"Template_13_Ranked1.3","TID_RANKED_LEAGUE_1",13,1,0,2,7,0,11,"Ranked1v1","FALSE",,,,,"sc/ui_league_badges.sc","league_badge_001","league_badge_001_nofx","Gold",6000,,,,,,1,10,60,"league_list_icon_001",,,
"Template_13_Ranked2.1","TID_RANKED_LEAGUE_2",13,2,1,0,10,1,12,"Ranked1v1","FALSE",,3,2,,"sc/ui_league_badges.sc","league_badge_002","league_badge_002_nofx","WildcardElite",2500,"Chest_Giant_Arena_L1",1,,,"divider_league",2,10,60,"league_list_icon_002",,,
"Template_13_Ranked2.2","TID_RANKED_LEAGUE_2",13,3,1,1,13,1,12,"Ranked1v1","FALSE",,,,,"sc/ui_league_badges.sc","league_badge_002","league_badge_002_nofx","WildcardRare",50,,,,,,2,10,60,"league_list_icon_002",,,
"Template_13_Ranked2.3","TID_RANKED_LEAGUE_2",13,4,1,2,17,1,12,"Ranked1v1","FALSE",,,,,"sc/ui_league_badges.sc","league_badge_002","league_badge_002_nofx","Gold",6000,,,,,,2,10,60,"league_list_icon_002",,,
"Template_13_Ranked3.1","TID_RANKED_LEAGUE_3",13,5,2,0,21,1,12,"Ranked1v1","FALSE",,4,3,,"sc/ui_league_badges.sc","league_badge_003","league_badge_003_nofx","WildcardEpic",10,"Gold",15000,,,"divider_league",2,10,60,"league_list_icon_003",,,
"Template_13_Ranked3.2","TID_RANKED_LEAGUE_3",13,24,2,1,24,1,12,"Ranked1v1","FALSE",,,,,"sc/ui_league_badges.sc","league_badge_003","league_badge_003_nofx","Gold",9000,,,,,,2,10,60,"league_list_icon_003",,,
"Template_13_Ranked3.3","TID_RANKED_LEAGUE_3",13,6,2,2,28,1,12,"Ranked1v1","FALSE",,,,,"sc/ui_league_badges.sc","league_badge_003","league_badge_003_nofx","WildcardElite",5000,,,,,,2,10,60,"league_list_icon_003",,,
"Template_13_Ranked4.1","TID_RANKED_LEAGUE_4",13,7,3,0,32,1,13,"Ranked1v1","FALSE",,5,4,"TRUE","sc/ui_league_badges.sc","league_badge_004","league_badge_004_nofx","Emote_EmoteChronos152",1,"Chest_Magic_Arena_L1",1,,,"divider_league",2,10,60,"league_list_icon_004",,,
"Template_13_Ranked4.2","TID_RANKED_LEAGUE_4",13,8,3,1,35,1,13,"Ranked1v1","FALSE",,,,"TRUE","sc/ui_league_badges.sc","league_badge_004","league_badge_004_nofx","WildcardLegendary",1,,,,,,2,10,60,"league_list_icon_004",,,
"Template_13_Ranked4.3","TID_RANKED_LEAGUE_4",13,9,3,2,39,1,13,"Ranked1v1","FALSE",,,,"TRUE","sc/ui_league_badges.sc","league_badge_004","league_badge_004_nofx","WildcardElite",7500,,,,,,2,10,60,"league_list_icon_004",,,
"Template_13_Ranked5.1","TID_RANKED_LEAGUE_5",13,10,4,0,43,1,13,"Ranked1v1","FALSE",,6,5,"TRUE","sc/ui_league_badges.sc","league_badge_005","league_badge_005_nofx","WildcardChampion",1,"Gold",20000,,,"divider_league",2,10,60,"league_list_icon_005",,,
"Template_13_Ranked5.2","TID_RANKED_LEAGUE_5",13,11,4,1,46,1,13,"Ranked1v1","FALSE",,,,"TRUE","sc/ui_league_badges.sc","league_badge_005","league_badge_005_nofx","Gold",12000,,,,,,2,10,60,"league_list_icon_005",,,
"Template_13_Ranked5.3","TID_RANKED_LEAGUE_5",13,12,4,2,50,1,13,"Ranked1v1","FALSE",,,,"TRUE","sc/ui_league_badges.sc","league_badge_005","league_badge_005_nofx","WildcardCommon",250,,,,,,2,10,60,"league_list_icon_005",,,
"Template_13_Ranked6.1","TID_RANKED_LEAGUE_6",13,13,5,0,54,1,14,"Ranked1v1","FALSE",,7,6,"TRUE","sc/ui_league_badges.sc","league_badge_006","league_badge_006_nofx","WildcardElite",10000,"Chest_Shop_Small_1_Arena_L1",1,,,"divider_league",2,10,60,"league_list_icon_006",,,
"Template_13_Ranked6.2","TID_RANKED_LEAGUE_6",13,14,5,1,57,1,14,"Ranked1v1","FALSE",,,,"TRUE","sc/ui_league_badges.sc","league_badge_006","league_badge_006_nofx","WildcardRare",50,,,,,,2,10,60,"league_list_icon_006",,,
"Template_13_Ranked6.3","TID_RANKED_LEAGUE_6",13,15,5,2,61,1,14,"Ranked1v1","FALSE",,,,"TRUE","sc/ui_league_badges.sc","league_badge_006","league_badge_006_nofx","Gold",12000,,,,,,2,10,60,"league_list_icon_006",,,
"Template_13_Ranked7.1","TID_RANKED_LEAGUE_7",13,16,6,0,65,1,14,"Ranked1v1","FALSE",,-1,7,"TRUE","sc/ui_league_badges.sc","league_badge_007","league_badge_007_nofx","WildcardEpic",10,"Gold",25000,,,"divider_league",2,10,60,"league_list_icon_007",,,
"Template_13_Ranked7.2","TID_RANKED_LEAGUE_7",13,17,6,1,69,1,14,"Ranked1v1","FALSE",,,,"TRUE","sc/ui_league_badges.sc","league_badge_007","league_badge_007_nofx","WildcardElite",10000,,,,,,2,10,60,"league_list_icon_007",,,
"Template_13_Ranked8.1","TID_RANKED_LEAGUE_8",13,18,7,0,73,1,15,"Ranked1v1","FALSE",,-1,8,"TRUE","sc/ui_league_badges.sc","league_badge_008","league_badge_008_nofx","WildcardLegendary",1,"Chest_Shop_Large_Legendary_Arena_L1",1,,,"divider_league",2,10,60,"league_list_icon_008",,,
"Template_13_Ranked8.2","TID_RANKED_LEAGUE_8",13,19,7,1,77,1,15,"Ranked1v1","FALSE",,,,"TRUE","sc/ui_league_badges.sc","league_badge_008","league_badge_008_nofx","Gold",12000,,,,,,2,10,60,"league_list_icon_008",,,
"Template_13_Ranked9.1","TID_RANKED_LEAGUE_9",13,20,8,0,82,1,15,"Ranked1v1","FALSE",,-1,9,"TRUE","sc/ui_league_badges.sc","league_badge_009","league_badge_009_nofx","WildcardChampion",1,"Gold",30000,,,"divider_league",2,10,60,"league_list_icon_009",,,
"Template_13_Ranked9.2","TID_RANKED_LEAGUE_9",13,21,8,1,87,1,15,"Ranked1v1","FALSE",,,,"TRUE","sc/ui_league_badges.sc","league_badge_009","league_badge_009_nofx","WildcardElite",15000,,,,,,2,10,60,"league_list_icon_009",,,
"Template_13_Ranked10","TID_RANKED_LEAGUE_10",13,22,9,0,93,1,15,"Ranked1v1","TRUE",,-1,10,"TRUE","sc/ui_league_badges.sc","league_badge_010","league_badge_010_nofx","Gold",12000,"Emote_EmoteChronos71",1,,,"divider_league_last",15,150,90,"league_list_icon_010",,,
"Template_14_Ranked1.1","TID_RANKED_LEAGUE_1",14,0,0,0,0,0,11,"Ranked1v1","FALSE",,1,1,,"sc/ui_league_badges.sc","league_badge_001","league_badge_001_nofx","Gold",6000,,,,,"divider_league",1,10,60,"league_list_icon_001",,,
"Template_14_Ranked1.2","TID_RANKED_LEAGUE_1",14,23,0,1,3,0,11,"Ranked1v1","FALSE",,,,,"sc/ui_league_badges.sc","league_badge_001","league_badge_001_nofx","WildcardCommon",250,,,,,,1,10,60,"league_list_icon_001",,,
"Template_14_Ranked1.3","TID_RANKED_LEAGUE_1",14,1,0,2,7,0,11,"Ranked1v1","FALSE",,,,,"sc/ui_league_badges.sc","league_badge_001","league_badge_001_nofx","Gold",6000,,,,,,1,10,60,"league_list_icon_001",,,
"Template_14_Ranked2.1","TID_RANKED_LEAGUE_2",14,2,1,0,10,1,12,"Ranked1v1","FALSE",,3,2,,"sc/ui_league_badges.sc","league_badge_002","league_badge_002_nofx","WildcardElite",2500,"Chest_Giant_Arena_L1",1,,,"divider_league",2,10,60,"league_list_icon_002",,,
"Template_14_Ranked2.2","TID_RANKED_LEAGUE_2",14,3,1,1,13,1,12,"Ranked1v1","FALSE",,,,,"sc/ui_league_badges.sc","league_badge_002","league_badge_002_nofx","WildcardRare",50,,,,,,2,10,60,"league_list_icon_002",,,
"Template_14_Ranked2.3","TID_RANKED_LEAGUE_2",14,4,1,2,17,1,12,"Ranked1v1","FALSE",,,,,"sc/ui_league_badges.sc","league_badge_002","league_badge_002_nofx","Gold",6000,,,,,,2,10,60,"league_list_icon_002",,,
"Template_14_Ranked3.1","TID_RANKED_LEAGUE_3",14,5,2,0,21,1,12,"Ranked1v1","FALSE",,4,3,,"sc/ui_league_badges.sc","league_badge_003","league_badge_003_nofx","WildcardEpic",10,"Gold",15000,,,"divider_league",2,10,60,"league_list_icon_003",,,
"Template_14_Ranked3.2","TID_RANKED_LEAGUE_3",14,24,2,1,24,1,12,"Ranked1v1","FALSE",,,,,"sc/ui_league_badges.sc","league_badge_003","league_badge_003_nofx","Gold",9000,,,,,,2,10,60,"league_list_icon_003",,,
"Template_14_Ranked3.3","TID_RANKED_LEAGUE_3",14,6,2,2,28,1,12,"Ranked1v1","FALSE",,,,,"sc/ui_league_badges.sc","league_badge_003","league_badge_003_nofx","WildcardElite",5000,,,,,,2,10,60,"league_list_icon_003",,,
"Template_14_Ranked4.1","TID_RANKED_LEAGUE_4",14,7,3,0,32,1,13,"Ranked1v1","FALSE",,5,4,"TRUE","sc/ui_league_badges.sc","league_badge_004","league_badge_004_nofx","Emote_EmoteChronos158",1,"Chest_Magic_Arena_L1",1,,,"divider_league",2,10,60,"league_list_icon_004",,,
"Template_14_Ranked4.2","TID_RANKED_LEAGUE_4",14,8,3,1,35,1,13,"Ranked1v1","FALSE",,,,"TRUE","sc/ui_league_badges.sc","league_badge_004","league_badge_004_nofx","WildcardLegendary",1,,,,,,2,10,60,"league_list_icon_004",,,
"Template_14_Ranked4.3","TID_RANKED_LEAGUE_4",14,9,3,2,39,1,13,"Ranked1v1","FALSE",,,,"TRUE","sc/ui_league_badges.sc","league_badge_004","league_badge_004_nofx","WildcardElite",7500,,,,,,2,10,60,"league_list_icon_004",,,
"Template_14_Ranked5.1","TID_RANKED_LEAGUE_5",14,10,4,0,43,1,13,"Ranked1v1","FALSE",,6,5,"TRUE","sc/ui_league_badges.sc","league_badge_005","league_badge_005_nofx","WildcardChampion",1,"Gold",20000,,,"divider_league",2,10,60,"league_list_icon_005",,,
"Template_14_Ranked5.2","TID_RANKED_LEAGUE_5",14,11,4,1,46,1,13,"Ranked1v1","FALSE",,,,"TRUE","sc/ui_league_badges.sc","league_badge_005","league_badge_005_nofx","Gold",12000,,,,,,2,10,60,"league_list_icon_005",,,
"Template_14_Ranked5.3","TID_RANKED_LEAGUE_5",14,12,4,2,50,1,13,"Ranked1v1","FALSE",,,,"TRUE","sc/ui_league_badges.sc","league_badge_005","league_badge_005_nofx","WildcardCommon",250,,,,,,2,10,60,"league_list_icon_005",,,
"Template_14_Ranked6.1","TID_RANKED_LEAGUE_6",14,13,5,0,54,1,14,"Ranked1v1","FALSE",,7,6,"TRUE","sc/ui_league_badges.sc","league_badge_006","league_badge_006_nofx","WildcardElite",10000,"Chest_Shop_Small_1_Arena_L1",1,,,"divider_league",2,10,60,"league_list_icon_006",,,
"Template_14_Ranked6.2","TID_RANKED_LEAGUE_6",14,14,5,1,57,1,14,"Ranked1v1","FALSE",,,,"TRUE","sc/ui_league_badges.sc","league_badge_006","league_badge_006_nofx","WildcardRare",50,,,,,,2,10,60,"league_list_icon_006",,,
"Template_14_Ranked6.3","TID_RANKED_LEAGUE_6",14,15,5,2,61,1,14,"Ranked1v1","FALSE",,,,"TRUE","sc/ui_league_badges.sc","league_badge_006","league_badge_006_nofx","Gold",12000,,,,,,2,10,60,"league_list_icon_006",,,
"Template_14_Ranked7.1","TID_RANKED_LEAGUE_7",14,16,6,0,65,1,14,"Ranked1v1","FALSE",,-1,7,"TRUE","sc/ui_league_badges.sc","league_badge_007","league_badge_007_nofx","WildcardEpic",10,"Gold",25000,,,"divider_league",2,10,60,"league_list_icon_007",,,
"Template_14_Ranked7.2","TID_RANKED_LEAGUE_7",14,17,6,1,69,1,14,"Ranked1v1","FALSE",,,,"TRUE","sc/ui_league_badges.sc","league_badge_007","league_badge_007_nofx","WildcardElite",10000,,,,,,2,10,60,"league_list_icon_007",,,
"Template_14_Ranked8.1","TID_RANKED_LEAGUE_8",14,18,7,0,73,1,15,"Ranked1v1","FALSE",,-1,8,"TRUE","sc/ui_league_badges.sc","league_badge_008","league_badge_008_nofx","WildcardLegendary",1,"Chest_Shop_Large_Legendary_Arena_L1",1,,,"divider_league",2,10,60,"league_list_icon_008",,,
"Template_14_Ranked8.2","TID_RANKED_LEAGUE_8",14,19,7,1,77,1,15,"Ranked1v1","FALSE",,,,"TRUE","sc/ui_league_badges.sc","league_badge_008","league_badge_008_nofx","Gold",12000,,,,,,2,10,60,"league_list_icon_008",,,
"Template_14_Ranked9.1","TID_RANKED_LEAGUE_9",14,20,8,0,82,1,15,"Ranked1v1","FALSE",,-1,9,"TRUE","sc/ui_league_badges.sc","league_badge_009","league_badge_009_nofx","WildcardChampion",1,"Gold",30000,,,"divider_league",2,10,60,"league_list_icon_009",,,
"Template_14_Ranked9.2","TID_RANKED_LEAGUE_9",14,21,8,1,87,1,15,"Ranked1v1","FALSE",,,,"TRUE","sc/ui_league_badges.sc","league_badge_009","league_badge_009_nofx","WildcardElite",15000,,,,,,2,10,60,"league_list_icon_009",,,
"Template_14_Ranked10","TID_RANKED_LEAGUE_10",14,22,9,0,93,1,15,"Ranked1v1","TRUE",,-1,10,"TRUE","sc/ui_league_badges.sc","league_badge_010","league_badge_010_nofx","Gold",12000,"Emote_EmoteChronos71",1,,,"divider_league_last",15,150,90,"league_list_icon_010",,,
"Template_15_Ranked1.1","TID_RANKED_LEAGUE_1",15,0,0,0,0,0,11,"Ranked1v1","FALSE",,1,1,,"sc/ui_league_badges.sc","league_badge_001","league_badge_001_nofx","Gold",6000,,,,,"divider_league",1,10,60,"league_list_icon_001",,,
"Template_15_Ranked1.2","TID_RANKED_LEAGUE_1",15,23,0,1,3,0,11,"Ranked1v1","FALSE",,,,,"sc/ui_league_badges.sc","league_badge_001","league_badge_001_nofx","WildcardCommon",250,,,,,,1,10,60,"league_list_icon_001",,,
"Template_15_Ranked1.3","TID_RANKED_LEAGUE_1",15,1,0,2,7,0,11,"Ranked1v1","FALSE",,,,,"sc/ui_league_badges.sc","league_badge_001","league_badge_001_nofx","Gold",6000,,,,,,1,10,60,"league_list_icon_001",,,
"Template_15_Ranked2.1","TID_RANKED_LEAGUE_2",15,2,1,0,10,1,12,"Ranked1v1","FALSE",,3,2,,"sc/ui_league_badges.sc","league_badge_002","league_badge_002_nofx","WildcardElite",2500,"Chest_Giant_Arena_L1",1,,,"divider_league",2,10,60,"league_list_icon_002",,,
"Template_15_Ranked2.2","TID_RANKED_LEAGUE_2",15,3,1,1,13,1,12,"Ranked1v1","FALSE",,,,,"sc/ui_league_badges.sc","league_badge_002","league_badge_002_nofx","WildcardRare",50,,,,,,2,10,60,"league_list_icon_002",,,
"Template_15_Ranked2.3","TID_RANKED_LEAGUE_2",15,4,1,2,17,1,12,"Ranked1v1","FALSE",,,,,"sc/ui_league_badges.sc","league_badge_002","league_badge_002_nofx","Gold",6000,,,,,,2,10,60,"league_list_icon_002",,,
"Template_15_Ranked3.1","TID_RANKED_LEAGUE_3",15,5,2,0,21,1,12,"Ranked1v1","FALSE",,4,3,,"sc/ui_league_badges.sc","league_badge_003","league_badge_003_nofx","WildcardEpic",10,"Gold",15000,,,"divider_league",2,10,60,"league_list_icon_003",,,
"Template_15_Ranked3.2","TID_RANKED_LEAGUE_3",15,24,2,1,24,1,12,"Ranked1v1","FALSE",,,,,"sc/ui_league_badges.sc","league_badge_003","league_badge_003_nofx","Gold",9000,,,,,,2,10,60,"league_list_icon_003",,,
"Template_15_Ranked3.3","TID_RANKED_LEAGUE_3",15,6,2,2,28,1,12,"Ranked1v1","FALSE",,,,,"sc/ui_league_badges.sc","league_badge_003","league_badge_003_nofx","WildcardElite",5000,,,,,,2,10,60,"league_list_icon_003",,,
"Template_15_Ranked4.1","TID_RANKED_LEAGUE_4",15,7,3,0,32,1,13,"Ranked1v1","FALSE",,5,4,"TRUE","sc/ui_league_badges.sc","league_badge_004","league_badge_004_nofx","Emote_EmoteChronos164",1,"Chest_Magic_Arena_L1",1,,,"divider_league",2,10,60,"league_list_icon_004",,,
"Template_15_Ranked4.2","TID_RANKED_LEAGUE_4",15,8,3,1,35,1,13,"Ranked1v1","FALSE",,,,"TRUE","sc/ui_league_badges.sc","league_badge_004","league_badge_004_nofx","WildcardLegendary",1,,,,,,2,10,60,"league_list_icon_004",,,
"Template_15_Ranked4.3","TID_RANKED_LEAGUE_4",15,9,3,2,39,1,13,"Ranked1v1","FALSE",,,,"TRUE","sc/ui_league_badges.sc","league_badge_004","league_badge_004_nofx","WildcardElite",7500,,,,,,2,10,60,"league_list_icon_004",,,
"Template_15_Ranked5.1","TID_RANKED_LEAGUE_5",15,10,4,0,43,1,13,"Ranked1v1","FALSE",,6,5,"TRUE","sc/ui_league_badges.sc","league_badge_005","league_badge_005_nofx","WildcardChampion",1,"Gold",20000,,,"divider_league",2,10,60,"league_list_icon_005",,,
"Template_15_Ranked5.2","TID_RANKED_LEAGUE_5",15,11,4,1,46,1,13,"Ranked1v1","FALSE",,,,"TRUE","sc/ui_league_badges.sc","league_badge_005","league_badge_005_nofx","Gold",12000,,,,,,2,10,60,"league_list_icon_005",,,
"Template_15_Ranked5.3","TID_RANKED_LEAGUE_5",15,12,4,2,50,1,13,"Ranked1v1","FALSE",,,,"TRUE","sc/ui_league_badges.sc","league_badge_005","league_badge_005_nofx","WildcardCommon",250,,,,,,2,10,60,"league_list_icon_005",,,
"Template_15_Ranked6.1","TID_RANKED_LEAGUE_6",15,13,5,0,54,1,14,"Ranked1v1","FALSE",,7,6,"TRUE","sc/ui_league_badges.sc","league_badge_006","league_badge_006_nofx","WildcardElite",10000,"Chest_Shop_Small_1_Arena_L1",1,,,"divider_league",2,10,60,"league_list_icon_006",,,
"Template_15_Ranked6.2","TID_RANKED_LEAGUE_6",15,14,5,1,57,1,14,"Ranked1v1","FALSE",,,,"TRUE","sc/ui_league_badges.sc","league_badge_006","league_badge_006_nofx","WildcardRare",50,,,,,,2,10,60,"league_list_icon_006",,,
"Template_15_Ranked6.3","TID_RANKED_LEAGUE_6",15,15,5,2,61,1,14,"Ranked1v1","FALSE",,,,"TRUE","sc/ui_league_badges.sc","league_badge_006","league_badge_006_nofx","Gold",12000,,,,,,2,10,60,"league_list_icon_006",,,
"Template_15_Ranked7.1","TID_RANKED_LEAGUE_7",15,16,6,0,65,1,14,"Ranked1v1","FALSE",,-1,7,"TRUE","sc/ui_league_badges.sc","league_badge_007","league_badge_007_nofx","WildcardEpic",10,"Gold",25000,,,"divider_league",2,10,60,"league_list_icon_007",,,
"Template_15_Ranked7.2","TID_RANKED_LEAGUE_7",15,17,6,1,69,1,14,"Ranked1v1","FALSE",,,,"TRUE","sc/ui_league_badges.sc","league_badge_007","league_badge_007_nofx","WildcardElite",10000,,,,,,2,10,60,"league_list_icon_007",,,
"Template_15_Ranked8.1","TID_RANKED_LEAGUE_8",15,18,7,0,73,1,15,"Ranked1v1","FALSE",,-1,8,"TRUE","sc/ui_league_badges.sc","league_badge_008","league_badge_008_nofx","WildcardLegendary",1,"Chest_Shop_Large_Legendary_Arena_L1",1,,,"divider_league",2,10,60,"league_list_icon_008",,,
"Template_15_Ranked8.2","TID_RANKED_LEAGUE_8",15,19,7,1,77,1,15,"Ranked1v1","FALSE",,,,"TRUE","sc/ui_league_badges.sc","league_badge_008","league_badge_008_nofx","Gold",12000,,,,,,2,10,60,"league_list_icon_008",,,
"Template_15_Ranked9.1","TID_RANKED_LEAGUE_9",15,20,8,0,82,1,15,"Ranked1v1","FALSE",,-1,9,"TRUE","sc/ui_league_badges.sc","league_badge_009","league_badge_009_nofx","WildcardChampion",1,"Gold",30000,,,"divider_league",2,10,60,"league_list_icon_009",,,
"Template_15_Ranked9.2","TID_RANKED_LEAGUE_9",15,21,8,1,87,1,15,"Ranked1v1","FALSE",,,,"TRUE","sc/ui_league_badges.sc","league_badge_009","league_badge_009_nofx","WildcardElite",15000,,,,,,2,10,60,"league_list_icon_009",,,
"Template_15_Ranked10","TID_RANKED_LEAGUE_10",15,22,9,0,93,1,15,"Ranked1v1","TRUE",,-1,10,"TRUE","sc/ui_league_badges.sc","league_badge_010","league_badge_010_nofx","Gold",12000,"Emote_EmoteChronos71",1,,,"divider_league_last",15,150,90,"league_list_icon_010",,,
"Template_16_Ranked1.1","TID_RANKED_LEAGUE_1",16,0,0,0,0,0,11,"Ranked1v1","FALSE",,1,1,,"sc/ui_league_badges.sc","league_badge_001","league_badge_001_nofx","Gold",6000,,,,,"divider_league",1,10,60,"league_list_icon_001",,,
"Template_16_Ranked1.2","TID_RANKED_LEAGUE_1",16,23,0,1,3,0,11,"Ranked1v1","FALSE",,,,,"sc/ui_league_badges.sc","league_badge_001","league_badge_001_nofx","WildcardCommon",250,,,,,,1,10,60,"league_list_icon_001",,,
"Template_16_Ranked1.3","TID_RANKED_LEAGUE_1",16,1,0,2,7,0,11,"Ranked1v1","FALSE",,,,,"sc/ui_league_badges.sc","league_badge_001","league_badge_001_nofx","Gold",6000,,,,,,1,10,60,"league_list_icon_001",,,
"Template_16_Ranked2.1","TID_RANKED_LEAGUE_2",16,2,1,0,10,1,12,"Ranked1v1","FALSE",,3,2,,"sc/ui_league_badges.sc","league_badge_002","league_badge_002_nofx","WildcardElite",2500,"Chest_Giant_Arena_L1",1,,,"divider_league",2,10,60,"league_list_icon_002",,,
"Template_16_Ranked2.2","TID_RANKED_LEAGUE_2",16,3,1,1,13,1,12,"Ranked1v1","FALSE",,,,,"sc/ui_league_badges.sc","league_badge_002","league_badge_002_nofx","WildcardRare",50,,,,,,2,10,60,"league_list_icon_002",,,
"Template_16_Ranked2.3","TID_RANKED_LEAGUE_2",16,4,1,2,17,1,12,"Ranked1v1","FALSE",,,,,"sc/ui_league_badges.sc","league_badge_002","league_badge_002_nofx","Gold",6000,,,,,,2,10,60,"league_list_icon_002",,,
"Template_16_Ranked3.1","TID_RANKED_LEAGUE_3",16,5,2,0,21,1,12,"Ranked1v1","FALSE",,4,3,,"sc/ui_league_badges.sc","league_badge_003","league_badge_003_nofx","WildcardEpic",10,"Gold",15000,,,"divider_league",2,10,60,"league_list_icon_003",,,
"Template_16_Ranked3.2","TID_RANKED_LEAGUE_3",16,24,2,1,24,1,12,"Ranked1v1","FALSE",,,,,"sc/ui_league_badges.sc","league_badge_003","league_badge_003_nofx","Gold",9000,,,,,,2,10,60,"league_list_icon_003",,,
"Template_16_Ranked3.3","TID_RANKED_LEAGUE_3",16,6,2,2,28,1,12,"Ranked1v1","FALSE",,,,,"sc/ui_league_badges.sc","league_badge_003","league_badge_003_nofx","WildcardElite",5000,,,,,,2,10,60,"league_list_icon_003",,,
"Template_16_Ranked4.1","TID_RANKED_LEAGUE_4",16,7,3,0,32,1,13,"Ranked1v1","FALSE",,5,4,"TRUE","sc/ui_league_badges.sc","league_badge_004","league_badge_004_nofx","Emote_EmoteChronos170",1,"Chest_Magic_Arena_L1",1,,,"divider_league",2,10,60,"league_list_icon_004",,,
"Template_16_Ranked4.2","TID_RANKED_LEAGUE_4",16,8,3,1,35,1,13,"Ranked1v1","FALSE",,,,"TRUE","sc/ui_league_badges.sc","league_badge_004","league_badge_004_nofx","WildcardLegendary",1,,,,,,2,10,60,"league_list_icon_004",,,
"Template_16_Ranked4.3","TID_RANKED_LEAGUE_4",16,9,3,2,39,1,13,"Ranked1v1","FALSE",,,,"TRUE","sc/ui_league_badges.sc","league_badge_004","league_badge_004_nofx","WildcardElite",7500,,,,,,2,10,60,"league_list_icon_004",,,
"Template_16_Ranked5.1","TID_RANKED_LEAGUE_5",16,10,4,0,43,1,13,"Ranked1v1","FALSE",,6,5,"TRUE","sc/ui_league_badges.sc","league_badge_005","league_badge_005_nofx","WildcardChampion",1,"Gold",20000,,,"divider_league",2,10,60,"league_list_icon_005",,,
"Template_16_Ranked5.2","TID_RANKED_LEAGUE_5",16,11,4,1,46,1,13,"Ranked1v1","FALSE",,,,"TRUE","sc/ui_league_badges.sc","league_badge_005","league_badge_005_nofx","Gold",12000,,,,,,2,10,60,"league_list_icon_005",,,
"Template_16_Ranked5.3","TID_RANKED_LEAGUE_5",16,12,4,2,50,1,13,"Ranked1v1","FALSE",,,,"TRUE","sc/ui_league_badges.sc","league_badge_005","league_badge_005_nofx","WildcardCommon",250,,,,,,2,10,60,"league_list_icon_005",,,
"Template_16_Ranked6.1","TID_RANKED_LEAGUE_6",16,13,5,0,54,1,14,"Ranked1v1","FALSE",,7,6,"TRUE","sc/ui_league_badges.sc","league_badge_006","league_badge_006_nofx","WildcardElite",10000,"Chest_Shop_Small_1_Arena_L1",1,,,"divider_league",2,10,60,"league_list_icon_006",,,
"Template_16_Ranked6.2","TID_RANKED_LEAGUE_6",16,14,5,1,57,1,14,"Ranked1v1","FALSE",,,,"TRUE","sc/ui_league_badges.sc","league_badge_006","league_badge_006_nofx","WildcardRare",50,,,,,,2,10,60,"league_list_icon_006",,,
"Template_16_Ranked6.3","TID_RANKED_LEAGUE_6",16,15,5,2,61,1,14,"Ranked1v1","FALSE",,,,"TRUE","sc/ui_league_badges.sc","league_badge_006","league_badge_006_nofx","Gold",12000,,,,,,2,10,60,"league_list_icon_006",,,
"Template_16_Ranked7.1","TID_RANKED_LEAGUE_7",16,16,6,0,65,1,14,"Ranked1v1","FALSE",,-1,7,"TRUE","sc/ui_league_badges.sc","league_badge_007","league_badge_007_nofx","WildcardEpic",10,"Gold",25000,,,"divider_league",2,10,60,"league_list_icon_007",,,
"Template_16_Ranked7.2","TID_RANKED_LEAGUE_7",16,17,6,1,69,1,14,"Ranked1v1","FALSE",,,,"TRUE","sc/ui_league_badges.sc","league_badge_007","league_badge_007_nofx","WildcardElite",10000,,,,,,2,10,60,"league_list_icon_007",,,
"Template_16_Ranked8.1","TID_RANKED_LEAGUE_8",16,18,7,0,73,1,15,"Ranked1v1","FALSE",,-1,8,"TRUE","sc/ui_league_badges.sc","league_badge_008","league_badge_008_nofx","WildcardLegendary",1,"Chest_Shop_Large_Legendary_Arena_L1",1,,,"divider_league",2,10,60,"league_list_icon_008",,,
"Template_16_Ranked8.2","TID_RANKED_LEAGUE_8",16,19,7,1,77,1,15,"Ranked1v1","FALSE",,,,"TRUE","sc/ui_league_badges.sc","league_badge_008","league_badge_008_nofx","Gold",12000,,,,,,2,10,60,"league_list_icon_008",,,
"Template_16_Ranked9.1","TID_RANKED_LEAGUE_9",16,20,8,0,82,1,15,"Ranked1v1","FALSE",,-1,9,"TRUE","sc/ui_league_badges.sc","league_badge_009","league_badge_009_nofx","WildcardChampion",1,"Gold",30000,,,"divider_league",2,10,60,"league_list_icon_009",,,
"Template_16_Ranked9.2","TID_RANKED_LEAGUE_9",16,21,8,1,87,1,15,"Ranked1v1","FALSE",,,,"TRUE","sc/ui_league_badges.sc","league_badge_009","league_badge_009_nofx","WildcardElite",15000,,,,,,2,10,60,"league_list_icon_009",,,
"Template_16_Ranked10","TID_RANKED_LEAGUE_10",16,22,9,0,93,1,15,"Ranked1v1","TRUE",,-1,10,"TRUE","sc/ui_league_badges.sc","league_badge_010","league_badge_010_nofx","Gold",12000,"Emote_EmoteChronos71",1,,,"divider_league_last",15,150,90,"league_list_icon_010",,,
"Template_17_Ranked1.1","TID_RANKED_LEAGUE_1",17,0,0,0,0,0,11,"Ranked1v1","FALSE",,1,1,,"sc/ui_league_badges.sc","league_badge_001","league_badge_001_nofx","Gold",6000,,,,,"divider_league",1,10,60,"league_list_icon_001",,,
"Template_17_Ranked1.2","TID_RANKED_LEAGUE_1",17,23,0,1,3,0,11,"Ranked1v1","FALSE",,,,,"sc/ui_league_badges.sc","league_badge_001","league_badge_001_nofx","WildcardCommon",250,,,,,,1,10,60,"league_list_icon_001",,,
"Template_17_Ranked1.3","TID_RANKED_LEAGUE_1",17,1,0,2,7,0,11,"Ranked1v1","FALSE",,,,,"sc/ui_league_badges.sc","league_badge_001","league_badge_001_nofx","Gold",6000,,,,,,1,10,60,"league_list_icon_001",,,
"Template_17_Ranked2.1","TID_RANKED_LEAGUE_2",17,2,1,0,10,1,12,"Ranked1v1","FALSE",,3,2,,"sc/ui_league_badges.sc","league_badge_002","league_badge_002_nofx","WildcardElite",2500,"Chest_Giant_Arena_L1",1,,,"divider_league",2,10,60,"league_list_icon_002",,,
"Template_17_Ranked2.2","TID_RANKED_LEAGUE_2",17,3,1,1,13,1,12,"Ranked1v1","FALSE",,,,,"sc/ui_league_badges.sc","league_badge_002","league_badge_002_nofx","WildcardRare",50,,,,,,2,10,60,"league_list_icon_002",,,
"Template_17_Ranked2.3","TID_RANKED_LEAGUE_2",17,4,1,2,17,1,12,"Ranked1v1","FALSE",,,,,"sc/ui_league_badges.sc","league_badge_002","league_badge_002_nofx","Gold",6000,,,,,,2,10,60,"league_list_icon_002",,,
"Template_17_Ranked3.1","TID_RANKED_LEAGUE_3",17,5,2,0,21,1,12,"Ranked1v1","FALSE",,4,3,,"sc/ui_league_badges.sc","league_badge_003","league_badge_003_nofx","WildcardEpic",10,"Gold",15000,,,"divider_league",2,10,60,"league_list_icon_003",,,
"Template_17_Ranked3.2","TID_RANKED_LEAGUE_3",17,24,2,1,24,1,12,"Ranked1v1","FALSE",,,,,"sc/ui_league_badges.sc","league_badge_003","league_badge_003_nofx","Gold",9000,,,,,,2,10,60,"league_list_icon_003",,,
"Template_17_Ranked3.3","TID_RANKED_LEAGUE_3",17,6,2,2,28,1,12,"Ranked1v1","FALSE",,,,,"sc/ui_league_badges.sc","league_badge_003","league_badge_003_nofx","WildcardElite",5000,,,,,,2,10,60,"league_list_icon_003",,,
"Template_17_Ranked4.1","TID_RANKED_LEAGUE_4",17,7,3,0,32,1,13,"Ranked1v1","FALSE",,5,4,"TRUE","sc/ui_league_badges.sc","league_badge_004","league_badge_004_nofx","Emote_EmoteChronos173",1,"Chest_Magic_Arena_L1",1,,,"divider_league",2,10,60,"league_list_icon_004",,,
"Template_17_Ranked4.2","TID_RANKED_LEAGUE_4",17,8,3,1,35,1,13,"Ranked1v1","FALSE",,,,"TRUE","sc/ui_league_badges.sc","league_badge_004","league_badge_004_nofx","WildcardLegendary",1,,,,,,2,10,60,"league_list_icon_004",,,
"Template_17_Ranked4.3","TID_RANKED_LEAGUE_4",17,9,3,2,39,1,13,"Ranked1v1","FALSE",,,,"TRUE","sc/ui_league_badges.sc","league_badge_004","league_badge_004_nofx","WildcardElite",7500,,,,,,2,10,60,"league_list_icon_004",,,
"Template_17_Ranked5.1","TID_RANKED_LEAGUE_5",17,10,4,0,43,1,13,"Ranked1v1","FALSE",,6,5,"TRUE","sc/ui_league_badges.sc","league_badge_005","league_badge_005_nofx","WildcardChampion",1,"Gold",20000,,,"divider_league",2,10,60,"league_list_icon_005",,,
"Template_17_Ranked5.2","TID_RANKED_LEAGUE_5",17,11,4,1,46,1,13,"Ranked1v1","FALSE",,,,"TRUE","sc/ui_league_badges.sc","league_badge_005","league_badge_005_nofx","Gold",12000,,,,,,2,10,60,"league_list_icon_005",,,
"Template_17_Ranked5.3","TID_RANKED_LEAGUE_5",17,12,4,2,50,1,13,"Ranked1v1","FALSE",,,,"TRUE","sc/ui_league_badges.sc","league_badge_005","league_badge_005_nofx","WildcardCommon",250,,,,,,2,10,60,"league_list_icon_005",,,
"Template_17_Ranked6.1","TID_RANKED_LEAGUE_6",17,13,5,0,54,1,14,"Ranked1v1","FALSE",,7,6,"TRUE","sc/ui_league_badges.sc","league_badge_006","league_badge_006_nofx","WildcardElite",10000,"Chest_Shop_Small_1_Arena_L1",1,,,"divider_league",2,10,60,"league_list_icon_006",,,
"Template_17_Ranked6.2","TID_RANKED_LEAGUE_6",17,14,5,1,57,1,14,"Ranked1v1","FALSE",,,,"TRUE","sc/ui_league_badges.sc","league_badge_006","league_badge_006_nofx","WildcardRare",50,,,,,,2,10,60,"league_list_icon_006",,,
"Template_17_Ranked6.3","TID_RANKED_LEAGUE_6",17,15,5,2,61,1,14,"Ranked1v1","FALSE",,,,"TRUE","sc/ui_league_badges.sc","league_badge_006","league_badge_006_nofx","Gold",12000,,,,,,2,10,60,"league_list_icon_006",,,
"Template_17_Ranked7.1","TID_RANKED_LEAGUE_7",17,16,6,0,65,1,14,"Ranked1v1","FALSE",,-1,7,"TRUE","sc/ui_league_badges.sc","league_badge_007","league_badge_007_nofx","WildcardEpic",10,"Gold",25000,,,"divider_league",2,10,60,"league_list_icon_007",,,
"Template_17_Ranked7.2","TID_RANKED_LEAGUE_7",17,17,6,1,69,1,14,"Ranked1v1","FALSE",,,,"TRUE","sc/ui_league_badges.sc","league_badge_007","league_badge_007_nofx","WildcardElite",10000,,,,,,2,10,60,"league_list_icon_007",,,
"Template_17_Ranked8.1","TID_RANKED_LEAGUE_8",17,18,7,0,73,1,15,"Ranked1v1","FALSE",,-1,8,"TRUE","sc/ui_league_badges.sc","league_badge_008","league_badge_008_nofx","WildcardLegendary",1,"Chest_Shop_Large_Legendary_Arena_L1",1,,,"divider_league",2,10,60,"league_list_icon_008",,,
"Template_17_Ranked8.2","TID_RANKED_LEAGUE_8",17,19,7,1,77,1,15,"Ranked1v1","FALSE",,,,"TRUE","sc/ui_league_badges.sc","league_badge_008","league_badge_008_nofx","Gold",12000,,,,,,2,10,60,"league_list_icon_008",,,
"Template_17_Ranked9.1","TID_RANKED_LEAGUE_9",17,20,8,0,82,1,15,"Ranked1v1","FALSE",,-1,9,"TRUE","sc/ui_league_badges.sc","league_badge_009","league_badge_009_nofx","WildcardChampion",1,"Gold",30000,,,"divider_league",2,10,60,"league_list_icon_009",,,
"Template_17_Ranked9.2","TID_RANKED_LEAGUE_9",17,21,8,1,87,1,15,"Ranked1v1","FALSE",,,,"TRUE","sc/ui_league_badges.sc","league_badge_009","league_badge_009_nofx","WildcardElite",15000,,,,,,2,10,60,"league_list_icon_009",,,
"Template_17_Ranked10","TID_RANKED_LEAGUE_10",17,22,9,0,93,1,15,"Ranked1v1","TRUE",,-1,10,"TRUE","sc/ui_league_badges.sc","league_badge_010","league_badge_010_nofx","Gold",12000,"Emote_EmoteChronos71",1,,,"divider_league_last",15,150,90,"league_list_icon_010",,,
"Template_18_Ranked1.1","TID_RANKED_LEAGUE_1",18,0,0,0,0,0,11,"Ranked1v1","FALSE",,1,1,,"sc/ui_league_badges.sc","league_badge_001","league_badge_001_nofx","Gold",6000,,,,,"divider_league",1,10,60,"league_list_icon_001",,,
"Template_18_Ranked1.2","TID_RANKED_LEAGUE_1",18,23,0,1,3,0,11,"Ranked1v1","FALSE",,,,,"sc/ui_league_badges.sc","league_badge_001","league_badge_001_nofx","WildcardCommon",250,,,,,,1,10,60,"league_list_icon_001",,,
"Template_18_Ranked1.3","TID_RANKED_LEAGUE_1",18,1,0,2,7,0,11,"Ranked1v1","FALSE",,,,,"sc/ui_league_badges.sc","league_badge_001","league_badge_001_nofx","Gold",6000,,,,,,1,10,60,"league_list_icon_001",,,
"Template_18_Ranked2.1","TID_RANKED_LEAGUE_2",18,2,1,0,10,1,12,"Ranked1v1","FALSE",,3,2,,"sc/ui_league_badges.sc","league_badge_002","league_badge_002_nofx","WildcardElite",2500,"Chest_Giant_Arena_L1",1,,,"divider_league",2,10,60,"league_list_icon_002",,,
"Template_18_Ranked2.2","TID_RANKED_LEAGUE_2",18,3,1,1,13,1,12,"Ranked1v1","FALSE",,,,,"sc/ui_league_badges.sc","league_badge_002","league_badge_002_nofx","WildcardRare",50,,,,,,2,10,60,"league_list_icon_002",,,
"Template_18_Ranked2.3","TID_RANKED_LEAGUE_2",18,4,1,2,17,1,12,"Ranked1v1","FALSE",,,,,"sc/ui_league_badges.sc","league_badge_002","league_badge_002_nofx","Gold",6000,,,,,,2,10,60,"league_list_icon_002",,,
"Template_18_Ranked3.1","TID_RANKED_LEAGUE_3",18,5,2,0,21,1,12,"Ranked1v1","FALSE",,4,3,,"sc/ui_league_badges.sc","league_badge_003","league_badge_003_nofx","WildcardEpic",10,"Gold",15000,,,"divider_league",2,10,60,"league_list_icon_003",,,
"Template_18_Ranked3.2","TID_RANKED_LEAGUE_3",18,24,2,1,24,1,12,"Ranked1v1","FALSE",,,,,"sc/ui_league_badges.sc","league_badge_003","league_badge_003_nofx","Gold",9000,,,,,,2,10,60,"league_list_icon_003",,,
"Template_18_Ranked3.3","TID_RANKED_LEAGUE_3",18,6,2,2,28,1,12,"Ranked1v1","FALSE",,,,,"sc/ui_league_badges.sc","league_badge_003","league_badge_003_nofx","WildcardElite",5000,,,,,,2,10,60,"league_list_icon_003",,,
"Template_18_Ranked4.1","TID_RANKED_LEAGUE_4",18,7,3,0,32,1,13,"Ranked1v1","FALSE",,5,4,"TRUE","sc/ui_league_badges.sc","league_badge_004","league_badge_004_nofx","Emote_EmoteChronos180",1,"Chest_Magic_Arena_L1",1,,,"divider_league",2,10,60,"league_list_icon_004",,,
"Template_18_Ranked4.2","TID_RANKED_LEAGUE_4",18,8,3,1,35,1,13,"Ranked1v1","FALSE",,,,"TRUE","sc/ui_league_badges.sc","league_badge_004","league_badge_004_nofx","WildcardLegendary",1,,,,,,2,10,60,"league_list_icon_004",,,
"Template_18_Ranked4.3","TID_RANKED_LEAGUE_4",18,9,3,2,39,1,13,"Ranked1v1","FALSE",,,,"TRUE","sc/ui_league_badges.sc","league_badge_004","league_badge_004_nofx","WildcardElite",7500,,,,,,2,10,60,"league_list_icon_004",,,
"Template_18_Ranked5.1","TID_RANKED_LEAGUE_5",18,10,4,0,43,1,13,"Ranked1v1","FALSE",,6,5,"TRUE","sc/ui_league_badges.sc","league_badge_005","league_badge_005_nofx","WildcardChampion",1,"Gold",20000,,,"divider_league",2,10,60,"league_list_icon_005",,,
"Template_18_Ranked5.2","TID_RANKED_LEAGUE_5",18,11,4,1,46,1,13,"Ranked1v1","FALSE",,,,"TRUE","sc/ui_league_badges.sc","league_badge_005","league_badge_005_nofx","Gold",12000,,,,,,2,10,60,"league_list_icon_005",,,
"Template_18_Ranked5.3","TID_RANKED_LEAGUE_5",18,12,4,2,50,1,13,"Ranked1v1","FALSE",,,,"TRUE","sc/ui_league_badges.sc","league_badge_005","league_badge_005_nofx","WildcardCommon",250,,,,,,2,10,60,"league_list_icon_005",,,
"Template_18_Ranked6.1","TID_RANKED_LEAGUE_6",18,13,5,0,54,1,14,"Ranked1v1","FALSE",,7,6,"TRUE","sc/ui_league_badges.sc","league_badge_006","league_badge_006_nofx","WildcardElite",10000,"Chest_Shop_Small_1_Arena_L1",1,,,"divider_league",2,10,60,"league_list_icon_006",,,
"Template_18_Ranked6.2","TID_RANKED_LEAGUE_6",18,14,5,1,57,1,14,"Ranked1v1","FALSE",,,,"TRUE","sc/ui_league_badges.sc","league_badge_006","league_badge_006_nofx","WildcardRare",50,,,,,,2,10,60,"league_list_icon_006",,,
"Template_18_Ranked6.3","TID_RANKED_LEAGUE_6",18,15,5,2,61,1,14,"Ranked1v1","FALSE",,,,"TRUE","sc/ui_league_badges.sc","league_badge_006","league_badge_006_nofx","Gold",12000,,,,,,2,10,60,"league_list_icon_006",,,
"Template_18_Ranked7.1","TID_RANKED_LEAGUE_7",18,16,6,0,65,1,14,"Ranked1v1","FALSE",,-1,7,"TRUE","sc/ui_league_badges.sc","league_badge_007","league_badge_007_nofx","WildcardEpic",10,"Gold",25000,,,"divider_league",2,10,60,"league_list_icon_007",,,
"Template_18_Ranked7.2","TID_RANKED_LEAGUE_7",18,17,6,1,69,1,14,"Ranked1v1","FALSE",,,,"TRUE","sc/ui_league_badges.sc","league_badge_007","league_badge_007_nofx","WildcardElite",10000,,,,,,2,10,60,"league_list_icon_007",,,
"Template_18_Ranked8.1","TID_RANKED_LEAGUE_8",18,18,7,0,73,1,15,"Ranked1v1","FALSE",,-1,8,"TRUE","sc/ui_league_badges.sc","league_badge_008","league_badge_008_nofx","WildcardLegendary",1,"Chest_Shop_Large_Legendary_Arena_L1",1,,,"divider_league",2,10,60,"league_list_icon_008",,,
"Template_18_Ranked8.2","TID_RANKED_LEAGUE_8",18,19,7,1,77,1,15,"Ranked1v1","FALSE",,,,"TRUE","sc/ui_league_badges.sc","league_badge_008","league_badge_008_nofx","Gold",12000,,,,,,2,10,60,"league_list_icon_008",,,
"Template_18_Ranked9.1","TID_RANKED_LEAGUE_9",18,20,8,0,82,1,15,"Ranked1v1","FALSE",,-1,9,"TRUE","sc/ui_league_badges.sc","league_badge_009","league_badge_009_nofx","WildcardChampion",1,"Gold",30000,,,"divider_league",2,10,60,"league_list_icon_009",,,
"Template_18_Ranked9.2","TID_RANKED_LEAGUE_9",18,21,8,1,87,1,15,"Ranked1v1","FALSE",,,,"TRUE","sc/ui_league_badges.sc","league_badge_009","league_badge_009_nofx","WildcardElite",15000,,,,,,2,10,60,"league_list_icon_009",,,
"Template_18_Ranked10","TID_RANKED_LEAGUE_10",18,22,9,0,93,1,15,"Ranked1v1","TRUE",,-1,10,"TRUE","sc/ui_league_badges.sc","league_badge_010","league_badge_010_nofx","Gold",12000,"Emote_EmoteChronos71",1,,,"divider_league_last",15,150,90,"league_list_icon_010",,,
"Template_19_Ranked1.1","TID_RANKED_LEAGUE_1",19,0,0,0,0,0,11,"Ranked1v1","FALSE",,1,1,,"sc/ui_league_badges.sc","league_badge_001","league_badge_001_nofx","Gold",6000,,,,,"divider_league",1,10,60,"league_list_icon_001",,,
"Template_19_Ranked1.2","TID_RANKED_LEAGUE_1",19,23,0,1,3,0,11,"Ranked1v1","FALSE",,,,,"sc/ui_league_badges.sc","league_badge_001","league_badge_001_nofx","WildcardCommon",250,,,,,,1,10,60,"league_list_icon_001",,,
"Template_19_Ranked1.3","TID_RANKED_LEAGUE_1",19,1,0,2,7,0,11,"Ranked1v1","FALSE",,,,,"sc/ui_league_badges.sc","league_badge_001","league_badge_001_nofx","Gold",6000,,,,,,1,10,60,"league_list_icon_001",,,
"Template_19_Ranked2.1","TID_RANKED_LEAGUE_2",19,2,1,0,10,1,12,"Ranked1v1","FALSE",,3,2,,"sc/ui_league_badges.sc","league_badge_002","league_badge_002_nofx","WildcardElite",2500,"Chest_Giant_Arena_L1",1,,,"divider_league",2,10,60,"league_list_icon_002",,,
"Template_19_Ranked2.2","TID_RANKED_LEAGUE_2",19,3,1,1,13,1,12,"Ranked1v1","FALSE",,,,,"sc/ui_league_badges.sc","league_badge_002","league_badge_002_nofx","WildcardRare",50,,,,,,2,10,60,"league_list_icon_002",,,
"Template_19_Ranked2.3","TID_RANKED_LEAGUE_2",19,4,1,2,17,1,12,"Ranked1v1","FALSE",,,,,"sc/ui_league_badges.sc","league_badge_002","league_badge_002_nofx","Gold",6000,,,,,,2,10,60,"league_list_icon_002",,,
"Template_19_Ranked3.1","TID_RANKED_LEAGUE_3",19,5,2,0,21,1,12,"Ranked1v1","FALSE",,4,3,,"sc/ui_league_badges.sc","league_badge_003","league_badge_003_nofx","WildcardEpic",10,"Gold",15000,,,"divider_league",2,10,60,"league_list_icon_003",,,
"Template_19_Ranked3.2","TID_RANKED_LEAGUE_3",19,24,2,1,24,1,12,"Ranked1v1","FALSE",,,,,"sc/ui_league_badges.sc","league_badge_003","league_badge_003_nofx","Gold",9000,,,,,,2,10,60,"league_list_icon_003",,,
"Template_19_Ranked3.3","TID_RANKED_LEAGUE_3",19,6,2,2,28,1,12,"Ranked1v1","FALSE",,,,,"sc/ui_league_badges.sc","league_badge_003","league_badge_003_nofx","WildcardElite",5000,,,,,,2,10,60,"league_list_icon_003",,,
"Template_19_Ranked4.1","TID_RANKED_LEAGUE_4",19,7,3,0,32,1,13,"Ranked1v1","FALSE",,5,4,"TRUE","sc/ui_league_badges.sc","league_badge_004","league_badge_004_nofx","Emote_EmoteChronos190",1,"Chest_Magic_Arena_L1",1,,,"divider_league",2,10,60,"league_list_icon_004",,,
"Template_19_Ranked4.2","TID_RANKED_LEAGUE_4",19,8,3,1,35,1,13,"Ranked1v1","FALSE",,,,"TRUE","sc/ui_league_badges.sc","league_badge_004","league_badge_004_nofx","WildcardLegendary",1,,,,,,2,10,60,"league_list_icon_004",,,
"Template_19_Ranked4.3","TID_RANKED_LEAGUE_4",19,9,3,2,39,1,13,"Ranked1v1","FALSE",,,,"TRUE","sc/ui_league_badges.sc","league_badge_004","league_badge_004_nofx","WildcardElite",7500,,,,,,2,10,60,"league_list_icon_004",,,
"Template_19_Ranked5.1","TID_RANKED_LEAGUE_5",19,10,4,0,43,1,13,"Ranked1v1","FALSE",,6,5,"TRUE","sc/ui_league_badges.sc","league_badge_005","league_badge_005_nofx","WildcardChampion",1,"Gold",20000,,,"divider_league",2,10,60,"league_list_icon_005",,,
"Template_19_Ranked5.2","TID_RANKED_LEAGUE_5",19,11,4,1,46,1,13,"Ranked1v1","FALSE",,,,"TRUE","sc/ui_league_badges.sc","league_badge_005","league_badge_005_nofx","Gold",12000,,,,,,2,10,60,"league_list_icon_005",,,
"Template_19_Ranked5.3","TID_RANKED_LEAGUE_5",19,12,4,2,50,1,13,"Ranked1v1","FALSE",,,,"TRUE","sc/ui_league_badges.sc","league_badge_005","league_badge_005_nofx","WildcardCommon",250,,,,,,2,10,60,"league_list_icon_005",,,
"Template_19_Ranked6.1","TID_RANKED_LEAGUE_6",19,13,5,0,54,1,14,"Ranked1v1","FALSE",,7,6,"TRUE","sc/ui_league_badges.sc","league_badge_006","league_badge_006_nofx","WildcardElite",10000,"Chest_Shop_Small_1_Arena_L1",1,,,"divider_league",2,10,60,"league_list_icon_006",,,
"Template_19_Ranked6.2","TID_RANKED_LEAGUE_6",19,14,5,1,57,1,14,"Ranked1v1","FALSE",,,,"TRUE","sc/ui_league_badges.sc","league_badge_006","league_badge_006_nofx","WildcardRare",50,,,,,,2,10,60,"league_list_icon_006",,,
"Template_19_Ranked6.3","TID_RANKED_LEAGUE_6",19,15,5,2,61,1,14,"Ranked1v1","FALSE",,,,"TRUE","sc/ui_league_badges.sc","league_badge_006","league_badge_006_nofx","Gold",12000,,,,,,2,10,60,"league_list_icon_006",,,
"Template_19_Ranked7.1","TID_RANKED_LEAGUE_7",19,16,6,0,65,1,14,"Ranked1v1","FALSE",,-1,7,"TRUE","sc/ui_league_badges.sc","league_badge_007","league_badge_007_nofx","WildcardEpic",10,"Gold",25000,,,"divider_league",2,10,60,"league_list_icon_007",,,
"Template_19_Ranked7.2","TID_RANKED_LEAGUE_7",19,17,6,1,69,1,14,"Ranked1v1","FALSE",,,,"TRUE","sc/ui_league_badges.sc","league_badge_007","league_badge_007_nofx","WildcardElite",10000,,,,,,2,10,60,"league_list_icon_007",,,
"Template_19_Ranked8.1","TID_RANKED_LEAGUE_8",19,18,7,0,73,1,15,"Ranked1v1","FALSE",,-1,8,"TRUE","sc/ui_league_badges.sc","league_badge_008","league_badge_008_nofx","WildcardLegendary",1,"Chest_Shop_Large_Legendary_Arena_L1",1,,,"divider_league",2,10,60,"league_list_icon_008",,,
"Template_19_Ranked8.2","TID_RANKED_LEAGUE_8",19,19,7,1,77,1,15,"Ranked1v1","FALSE",,,,"TRUE","sc/ui_league_badges.sc","league_badge_008","league_badge_008_nofx","Gold",12000,,,,,,2,10,60,"league_list_icon_008",,,
"Template_19_Ranked9.1","TID_RANKED_LEAGUE_9",19,20,8,0,82,1,15,"Ranked1v1","FALSE",,-1,9,"TRUE","sc/ui_league_badges.sc","league_badge_009","league_badge_009_nofx","WildcardChampion",1,"Gold",30000,,,"divider_league",2,10,60,"league_list_icon_009",,,
"Template_19_Ranked9.2","TID_RANKED_LEAGUE_9",19,21,8,1,87,1,15,"Ranked1v1","FALSE",,,,"TRUE","sc/ui_league_badges.sc","league_badge_009","league_badge_009_nofx","WildcardElite",15000,,,,,,2,10,60,"league_list_icon_009",,,
"Template_19_Ranked10","TID_RANKED_LEAGUE_10",19,22,9,0,93,1,15,"Ranked1v1","TRUE",,-1,10,"TRUE","sc/ui_league_badges.sc","league_badge_010","league_badge_010_nofx","Gold",12000,"Emote_EmoteChronos71",1,,,"divider_league_last",15,150,90,"league_list_icon_010",,,
"Template_20_Ranked1.1","TID_RANKED_LEAGUE_1",20,0,0,0,0,0,11,"Ranked1v1","FALSE",,1,1,,"sc/ui_league_badges.sc","league_badge_001","league_badge_001_nofx","Gold",6000,,,,,"divider_league",1,10,60,"league_list_icon_001",,,
"Template_20_Ranked1.2","TID_RANKED_LEAGUE_1",20,23,0,1,3,0,11,"Ranked1v1","FALSE",,,,,"sc/ui_league_badges.sc","league_badge_001","league_badge_001_nofx","WildcardCommon",250,,,,,,1,10,60,"league_list_icon_001",,,
"Template_20_Ranked1.3","TID_RANKED_LEAGUE_1",20,1,0,2,7,0,11,"Ranked1v1","FALSE",,,,,"sc/ui_league_badges.sc","league_badge_001","league_badge_001_nofx","Gold",6000,,,,,,1,10,60,"league_list_icon_001",,,
"Template_20_Ranked2.1","TID_RANKED_LEAGUE_2",20,2,1,0,10,1,12,"Ranked1v1","FALSE",,3,2,,"sc/ui_league_badges.sc","league_badge_002","league_badge_002_nofx","WildcardElite",2500,"Chest_Giant_Arena_L1",1,,,"divider_league",2,10,60,"league_list_icon_002",,,
"Template_20_Ranked2.2","TID_RANKED_LEAGUE_2",20,3,1,1,13,1,12,"Ranked1v1","FALSE",,,,,"sc/ui_league_badges.sc","league_badge_002","league_badge_002_nofx","WildcardRare",50,,,,,,2,10,60,"league_list_icon_002",,,
"Template_20_Ranked2.3","TID_RANKED_LEAGUE_2",20,4,1,2,17,1,12,"Ranked1v1","FALSE",,,,,"sc/ui_league_badges.sc","league_badge_002","league_badge_002_nofx","Gold",6000,,,,,,2,10,60,"league_list_icon_002",,,
"Template_20_Ranked3.1","TID_RANKED_LEAGUE_3",20,5,2,0,21,1,12,"Ranked1v1","FALSE",,4,3,,"sc/ui_league_badges.sc","league_badge_003","league_badge_003_nofx","WildcardEpic",10,"Gold",15000,,,"divider_league",2,10,60,"league_list_icon_003",,,
"Template_20_Ranked3.2","TID_RANKED_LEAGUE_3",20,24,2,1,24,1,12,"Ranked1v1","FALSE",,,,,"sc/ui_league_badges.sc","league_badge_003","league_badge_003_nofx","Gold",9000,,,,,,2,10,60,"league_list_icon_003",,,
"Template_20_Ranked3.3","TID_RANKED_LEAGUE_3",20,6,2,2,28,1,12,"Ranked1v1","FALSE",,,,,"sc/ui_league_badges.sc","league_badge_003","league_badge_003_nofx","WildcardElite",5000,,,,,,2,10,60,"league_list_icon_003",,,
"Template_20_Ranked4.1","TID_RANKED_LEAGUE_4",20,7,3,0,32,1,13,"Ranked1v1","FALSE",,5,4,"TRUE","sc/ui_league_badges.sc","league_badge_004","league_badge_004_nofx","Emote_EmoteChronos194",1,"Chest_Magic_Arena_L1",1,,,"divider_league",2,10,60,"league_list_icon_004",,,
"Template_20_Ranked4.2","TID_RANKED_LEAGUE_4",20,8,3,1,35,1,13,"Ranked1v1","FALSE",,,,"TRUE","sc/ui_league_badges.sc","league_badge_004","league_badge_004_nofx","WildcardLegendary",1,,,,,,2,10,60,"league_list_icon_004",,,
"Template_20_Ranked4.3","TID_RANKED_LEAGUE_4",20,9,3,2,39,1,13,"Ranked1v1","FALSE",,,,"TRUE","sc/ui_league_badges.sc","league_badge_004","league_badge_004_nofx","WildcardElite",7500,,,,,,2,10,60,"league_list_icon_004",,,
"Template_20_Ranked5.1","TID_RANKED_LEAGUE_5",20,10,4,0,43,1,13,"Ranked1v1","FALSE",,6,5,"TRUE","sc/ui_league_badges.sc","league_badge_005","league_badge_005_nofx","WildcardChampion",1,"Gold",20000,,,"divider_league",2,10,60,"league_list_icon_005",,,
"Template_20_Ranked5.2","TID_RANKED_LEAGUE_5",20,11,4,1,46,1,13,"Ranked1v1","FALSE",,,,"TRUE","sc/ui_league_badges.sc","league_badge_005","league_badge_005_nofx","Gold",12000,,,,,,2,10,60,"league_list_icon_005",,,
"Template_20_Ranked5.3","TID_RANKED_LEAGUE_5",20,12,4,2,50,1,13,"Ranked1v1","FALSE",,,,"TRUE","sc/ui_league_badges.sc","league_badge_005","league_badge_005_nofx","WildcardCommon",250,,,,,,2,10,60,"league_list_icon_005",,,
"Template_20_Ranked6.1","TID_RANKED_LEAGUE_6",20,13,5,0,54,1,14,"Ranked1v1","FALSE",,7,6,"TRUE","sc/ui_league_badges.sc","league_badge_006","league_badge_006_nofx","WildcardElite",10000,"Chest_Shop_Small_1_Arena_L1",1,,,"divider_league",2,10,60,"league_list_icon_006",,,
"Template_20_Ranked6.2","TID_RANKED_LEAGUE_6",20,14,5,1,57,1,14,"Ranked1v1","FALSE",,,,"TRUE","sc/ui_league_badges.sc","league_badge_006","league_badge_006_nofx","WildcardRare",50,,,,,,2,10,60,"league_list_icon_006",,,
"Template_20_Ranked6.3","TID_RANKED_LEAGUE_6",20,15,5,2,61,1,14,"Ranked1v1","FALSE",,,,"TRUE","sc/ui_league_badges.sc","league_badge_006","league_badge_006_nofx","Gold",12000,,,,,,2,10,60,"league_list_icon_006",,,
"Template_20_Ranked7.1","TID_RANKED_LEAGUE_7",20,16,6,0,65,1,14,"Ranked1v1","FALSE",,-1,7,"TRUE","sc/ui_league_badges.sc","league_badge_007","league_badge_007_nofx","WildcardEpic",10,"Gold",25000,,,"divider_league",2,10,60,"league_list_icon_007",,,
"Template_20_Ranked7.2","TID_RANKED_LEAGUE_7",20,17,6,1,69,1,14,"Ranked1v1","FALSE",,,,"TRUE","sc/ui_league_badges.sc","league_badge_007","league_badge_007_nofx","WildcardElite",10000,,,,,,2,10,60,"league_list_icon_007",,,
"Template_20_Ranked8.1","TID_RANKED_LEAGUE_8",20,18,7,0,73,1,15,"Ranked1v1","FALSE",,-1,8,"TRUE","sc/ui_league_badges.sc","league_badge_008","league_badge_008_nofx","WildcardLegendary",1,"Chest_Shop_Large_Legendary_Arena_L1",1,,,"divider_league",2,10,60,"league_list_icon_008",,,
"Template_20_Ranked8.2","TID_RANKED_LEAGUE_8",20,19,7,1,77,1,15,"Ranked1v1","FALSE",,,,"TRUE","sc/ui_league_badges.sc","league_badge_008","league_badge_008_nofx","Gold",12000,,,,,,2,10,60,"league_list_icon_008",,,
"Template_20_Ranked9.1","TID_RANKED_LEAGUE_9",20,20,8,0,82,1,15,"Ranked1v1","FALSE",,-1,9,"TRUE","sc/ui_league_badges.sc","league_badge_009","league_badge_009_nofx","WildcardChampion",1,"Gold",30000,,,"divider_league",2,10,60,"league_list_icon_009",,,
"Template_20_Ranked9.2","TID_RANKED_LEAGUE_9",20,21,8,1,87,1,15,"Ranked1v1","FALSE",,,,"TRUE","sc/ui_league_badges.sc","league_badge_009","league_badge_009_nofx","WildcardElite",15000,,,,,,2,10,60,"league_list_icon_009",,,
"Template_20_Ranked10","TID_RANKED_LEAGUE_10",20,22,9,0,93,1,15,"Ranked1v1","TRUE",,-1,10,"TRUE","sc/ui_league_badges.sc","league_badge_010","league_badge_010_nofx","Gold",12000,"Emote_EmoteChronos71",1,,,"divider_league_last",15,150,90,"league_list_icon_010",,,
"Template_21_Ranked1.1","TID_RANKED_LEAGUE_1",21,0,0,0,0,0,11,"Ranked1v1_NewArena","FALSE",,1,1,,"sc/ui_league_badges.sc","league_badge_001","league_badge_001_nofx","Gold",6000,,,,,"divider_league",1,10,60,"league_list_icon_001",,,
"Template_21_Ranked1.2","TID_RANKED_LEAGUE_1",21,23,0,1,3,0,11,"Ranked1v1_NewArena","FALSE",,,,,"sc/ui_league_badges.sc","league_badge_001","league_badge_001_nofx","WildcardCommon",250,,,,,,1,10,60,"league_list_icon_001",,,
"Template_21_Ranked1.3","TID_RANKED_LEAGUE_1",21,1,0,2,7,0,11,"Ranked1v1_NewArena","FALSE",,,,,"sc/ui_league_badges.sc","league_badge_001","league_badge_001_nofx","Gold",6000,,,,,,1,10,60,"league_list_icon_001",,,
"Template_21_Ranked2.1","TID_RANKED_LEAGUE_2",21,2,1,0,10,1,12,"Ranked1v1_NewArena","FALSE",,3,2,,"sc/ui_league_badges.sc","league_badge_002","league_badge_002_nofx","WildcardElite",2500,"Chest_Giant_Arena_L1",1,,,"divider_league",2,10,60,"league_list_icon_002",,,
"Template_21_Ranked2.2","TID_RANKED_LEAGUE_2",21,3,1,1,13,1,12,"Ranked1v1_NewArena","FALSE",,,,,"sc/ui_league_badges.sc","league_badge_002","league_badge_002_nofx","WildcardRare",50,,,,,,2,10,60,"league_list_icon_002",,,
"Template_21_Ranked2.3","TID_RANKED_LEAGUE_2",21,4,1,2,17,1,12,"Ranked1v1_NewArena","FALSE",,,,,"sc/ui_league_badges.sc","league_badge_002","league_badge_002_nofx","Gold",6000,,,,,,2,10,60,"league_list_icon_002",,,
"Template_21_Ranked3.1","TID_RANKED_LEAGUE_3",21,5,2,0,21,1,12,"Ranked1v1_NewArena","FALSE",,4,3,,"sc/ui_league_badges.sc","league_badge_003","league_badge_003_nofx","WildcardEpic",10,"Gold",15000,,,"divider_league",2,10,60,"league_list_icon_003",,,
"Template_21_Ranked3.2","TID_RANKED_LEAGUE_3",21,24,2,1,24,1,12,"Ranked1v1_NewArena","FALSE",,,,,"sc/ui_league_badges.sc","league_badge_003","league_badge_003_nofx","Gold",9000,,,,,,2,10,60,"league_list_icon_003",,,
"Template_21_Ranked3.3","TID_RANKED_LEAGUE_3",21,6,2,2,28,1,12,"Ranked1v1_NewArena","FALSE",,,,,"sc/ui_league_badges.sc","league_badge_003","league_badge_003_nofx","WildcardElite",5000,,,,,,2,10,60,"league_list_icon_003",,,
"Template_21_Ranked4.1","TID_RANKED_LEAGUE_4",21,7,3,0,32,1,13,"Ranked1v1_NewArena","FALSE",,5,4,"TRUE","sc/ui_league_badges.sc","league_badge_004","league_badge_004_nofx","Emote_EmoteChronos198",1,"Chest_Magic_Arena_L1",1,,,"divider_league",2,10,60,"league_list_icon_004",,,
"Template_21_Ranked4.2","TID_RANKED_LEAGUE_4",21,8,3,1,35,1,13,"Ranked1v1_NewArena","FALSE",,,,"TRUE","sc/ui_league_badges.sc","league_badge_004","league_badge_004_nofx","WildcardLegendary",1,,,,,,2,10,60,"league_list_icon_004",,,
"Template_21_Ranked4.3","TID_RANKED_LEAGUE_4",21,9,3,2,39,1,13,"Ranked1v1_NewArena","FALSE",,,,"TRUE","sc/ui_league_badges.sc","league_badge_004","league_badge_004_nofx","WildcardElite",7500,,,,,,2,10,60,"league_list_icon_004",,,
"Template_21_Ranked5.1","TID_RANKED_LEAGUE_5",21,10,4,0,43,1,13,"Ranked1v1_NewArena","FALSE",,6,5,"TRUE","sc/ui_league_badges.sc","league_badge_005","league_badge_005_nofx","WildcardChampion",1,"Gold",20000,,,"divider_league",2,10,60,"league_list_icon_005",,,
"Template_21_Ranked5.2","TID_RANKED_LEAGUE_5",21,11,4,1,46,1,13,"Ranked1v1_NewArena","FALSE",,,,"TRUE","sc/ui_league_badges.sc","league_badge_005","league_badge_005_nofx","Gold",12000,,,,,,2,10,60,"league_list_icon_005",,,
"Template_21_Ranked5.3","TID_RANKED_LEAGUE_5",21,12,4,2,50,1,13,"Ranked1v1_NewArena","FALSE",,,,"TRUE","sc/ui_league_badges.sc","league_badge_005","league_badge_005_nofx","WildcardCommon",250,,,,,,2,10,60,"league_list_icon_005",,,
"Template_21_Ranked6.1","TID_RANKED_LEAGUE_6",21,13,5,0,54,1,14,"Ranked1v1_NewArena","FALSE",,7,6,"TRUE","sc/ui_league_badges.sc","league_badge_006","league_badge_006_nofx","WildcardElite",10000,"Chest_Shop_Small_1_Arena_L1",1,,,"divider_league",2,10,60,"league_list_icon_006",,,
"Template_21_Ranked6.2","TID_RANKED_LEAGUE_6",21,14,5,1,57,1,14,"Ranked1v1_NewArena","FALSE",,,,"TRUE","sc/ui_league_badges.sc","league_badge_006","league_badge_006_nofx","WildcardRare",50,,,,,,2,10,60,"league_list_icon_006",,,
"Template_21_Ranked6.3","TID_RANKED_LEAGUE_6",21,15,5,2,61,1,14,"Ranked1v1_NewArena","FALSE",,,,"TRUE","sc/ui_league_badges.sc","league_badge_006","league_badge_006_nofx","Gold",12000,,,,,,2,10,60,"league_list_icon_006",,,
"Template_21_Ranked7.1","TID_RANKED_LEAGUE_7",21,16,6,0,65,1,14,"Ranked1v1_NewArena","FALSE",,-1,7,"TRUE","sc/ui_league_badges.sc","league_badge_007","league_badge_007_nofx","WildcardEpic",10,"Gold",25000,,,"divider_league",2,10,60,"league_list_icon_007",,,
"Template_21_Ranked7.2","TID_RANKED_LEAGUE_7",21,17,6,1,69,1,14,"Ranked1v1_NewArena","FALSE",,,,"TRUE","sc/ui_league_badges.sc","league_badge_007","league_badge_007_nofx","WildcardElite",10000,,,,,,2,10,60,"league_list_icon_007",,,
"Template_21_Ranked8.1","TID_RANKED_LEAGUE_8",21,18,7,0,73,1,15,"Ranked1v1_NewArena","FALSE",,-1,8,"TRUE","sc/ui_league_badges.sc","league_badge_008","league_badge_008_nofx","WildcardLegendary",1,"Chest_Shop_Large_Legendary_Arena_L1",1,,,"divider_league",2,10,60,"league_list_icon_008",,,
"Template_21_Ranked8.2","TID_RANKED_LEAGUE_8",21,19,7,1,77,1,15,"Ranked1v1_NewArena","FALSE",,,,"TRUE","sc/ui_league_badges.sc","league_badge_008","league_badge_008_nofx","Gold",12000,,,,,,2,10,60,"league_list_icon_008",,,
"Template_21_Ranked9.1","TID_RANKED_LEAGUE_9",21,20,8,0,82,1,15,"Ranked1v1_NewArena","FALSE",,-1,9,"TRUE","sc/ui_league_badges.sc","league_badge_009","league_badge_009_nofx","WildcardChampion",1,"Gold",30000,,,"divider_league",2,10,60,"league_list_icon_009",,,
"Template_21_Ranked9.2","TID_RANKED_LEAGUE_9",21,21,8,1,87,1,15,"Ranked1v1_NewArena","FALSE",,,,"TRUE","sc/ui_league_badges.sc","league_badge_009","league_badge_009_nofx","WildcardElite",15000,,,,,,2,10,60,"league_list_icon_009",,,
"Template_21_Ranked10","TID_RANKED_LEAGUE_10",21,22,9,0,93,1,15,"Ranked1v1_NewArena","TRUE",,-1,10,"TRUE","sc/ui_league_badges.sc","league_badge_010","league_badge_010_nofx","Gold",12000,"Emote_EmoteChronos71",1,,,"divider_league_last",15,150,90,"league_list_icon_010",,,
"Template_22_Ranked1.1","TID_RANKED_LEAGUE_1",22,0,0,0,0,0,11,"Ranked1v1_NewArena2","FALSE",,1,1,,"sc/ui_league_badges.sc","league_badge_001","league_badge_001_nofx","Gold",6000,,,,,"divider_league",1,10,60,"league_list_icon_001",,,
"Template_22_Ranked1.2","TID_RANKED_LEAGUE_1",22,23,0,1,3,0,11,"Ranked1v1_NewArena2","FALSE",,,,,"sc/ui_league_badges.sc","league_badge_001","league_badge_001_nofx","WildcardCommon",250,,,,,,1,10,60,"league_list_icon_001",,,
"Template_22_Ranked1.3","TID_RANKED_LEAGUE_1",22,1,0,2,7,0,11,"Ranked1v1_NewArena2","FALSE",,,,,"sc/ui_league_badges.sc","league_badge_001","league_badge_001_nofx","Gold",6000,,,,,,1,10,60,"league_list_icon_001",,,
"Template_22_Ranked2.1","TID_RANKED_LEAGUE_2",22,2,1,0,10,1,12,"Ranked1v1_NewArena2","FALSE",,3,2,,"sc/ui_league_badges.sc","league_badge_002","league_badge_002_nofx","WildcardElite",2500,"Chest_Giant_Arena_L1",1,,,"divider_league",2,10,60,"league_list_icon_002",,,
"Template_22_Ranked2.2","TID_RANKED_LEAGUE_2",22,3,1,1,13,1,12,"Ranked1v1_NewArena2","FALSE",,,,,"sc/ui_league_badges.sc","league_badge_002","league_badge_002_nofx","WildcardRare",50,,,,,,2,10,60,"league_list_icon_002",,,
"Template_22_Ranked2.3","TID_RANKED_LEAGUE_2",22,4,1,2,17,1,12,"Ranked1v1_NewArena2","FALSE",,,,,"sc/ui_league_badges.sc","league_badge_002","league_badge_002_nofx","Gold",6000,,,,,,2,10,60,"league_list_icon_002",,,
"Template_22_Ranked3.1","TID_RANKED_LEAGUE_3",22,5,2,0,21,1,12,"Ranked1v1_NewArena2","FALSE",,4,3,,"sc/ui_league_badges.sc","league_badge_003","league_badge_003_nofx","WildcardEpic",10,"Gold",15000,,,"divider_league",2,10,60,"league_list_icon_003",,,
"Template_22_Ranked3.2","TID_RANKED_LEAGUE_3",22,24,2,1,24,1,12,"Ranked1v1_NewArena2","FALSE",,,,,"sc/ui_league_badges.sc","league_badge_003","league_badge_003_nofx","Gold",9000,,,,,,2,10,60,"league_list_icon_003",,,
"Template_22_Ranked3.3","TID_RANKED_LEAGUE_3",22,6,2,2,28,1,12,"Ranked1v1_NewArena2","FALSE",,,,,"sc/ui_league_badges.sc","league_badge_003","league_badge_003_nofx","WildcardElite",5000,,,,,,2,10,60,"league_list_icon_003",,,
"Template_22_Ranked4.1","TID_RANKED_LEAGUE_4",22,7,3,0,32,1,13,"Ranked1v1_NewArena2","FALSE",,5,4,"TRUE","sc/ui_league_badges.sc","league_badge_004","league_badge_004_nofx","Emote_EmoteChronos204",1,"Chest_Magic_Arena_L1",1,,,"divider_league",2,10,60,"league_list_icon_004",,,
"Template_22_Ranked4.2","TID_RANKED_LEAGUE_4",22,8,3,1,35,1,13,"Ranked1v1_NewArena2","FALSE",,,,"TRUE","sc/ui_league_badges.sc","league_badge_004","league_badge_004_nofx","WildcardLegendary",1,,,,,,2,10,60,"league_list_icon_004",,,
"Template_22_Ranked4.3","TID_RANKED_LEAGUE_4",22,9,3,2,39,1,13,"Ranked1v1_NewArena2","FALSE",,,,"TRUE","sc/ui_league_badges.sc","league_badge_004","league_badge_004_nofx","WildcardElite",7500,,,,,,2,10,60,"league_list_icon_004",,,
"Template_22_Ranked5.1","TID_RANKED_LEAGUE_5",22,10,4,0,43,1,13,"Ranked1v1_NewArena2","FALSE",,6,5,"TRUE","sc/ui_league_badges.sc","league_badge_005","league_badge_005_nofx","WildcardChampion",1,"Gold",20000,,,"divider_league",2,10,60,"league_list_icon_005",,,
"Template_22_Ranked5.2","TID_RANKED_LEAGUE_5",22,11,4,1,46,1,13,"Ranked1v1_NewArena2","FALSE",,,,"TRUE","sc/ui_league_badges.sc","league_badge_005","league_badge_005_nofx","Gold",12000,,,,,,2,10,60,"league_list_icon_005",,,
"Template_22_Ranked5.3","TID_RANKED_LEAGUE_5",22,12,4,2,50,1,13,"Ranked1v1_NewArena2","FALSE",,,,"TRUE","sc/ui_league_badges.sc","league_badge_005","league_badge_005_nofx","WildcardCommon",250,,,,,,2,10,60,"league_list_icon_005",,,
"Template_22_Ranked6.1","TID_RANKED_LEAGUE_6",22,13,5,0,54,1,14,"Ranked1v1_NewArena2","FALSE",,7,6,"TRUE","sc/ui_league_badges.sc","league_badge_006","league_badge_006_nofx","WildcardElite",10000,"Chest_Shop_Small_1_Arena_L1",1,,,"divider_league",2,10,60,"league_list_icon_006",,,
"Template_22_Ranked6.2","TID_RANKED_LEAGUE_6",22,14,5,1,57,1,14,"Ranked1v1_NewArena2","FALSE",,,,"TRUE","sc/ui_league_badges.sc","league_badge_006","league_badge_006_nofx","WildcardRare",50,,,,,,2,10,60,"league_list_icon_006",,,
"Template_22_Ranked6.3","TID_RANKED_LEAGUE_6",22,15,5,2,61,1,14,"Ranked1v1_NewArena2","FALSE",,,,"TRUE","sc/ui_league_badges.sc","league_badge_006","league_badge_006_nofx","Gold",12000,,,,,,2,10,60,"league_list_icon_006",,,
"Template_22_Ranked7.1","TID_RANKED_LEAGUE_7",22,16,6,0,65,1,14,"Ranked1v1_NewArena2","FALSE",,-1,7,"TRUE","sc/ui_league_badges.sc","league_badge_007","league_badge_007_nofx","WildcardEpic",10,"Gold",25000,,,"divider_league",2,10,60,"league_list_icon_007",,,
"Template_22_Ranked7.2","TID_RANKED_LEAGUE_7",22,17,6,1,69,1,14,"Ranked1v1_NewArena2","FALSE",,,,"TRUE","sc/ui_league_badges.sc","league_badge_007","league_badge_007_nofx","WildcardElite",10000,,,,,,2,10,60,"league_list_icon_007",,,
"Template_22_Ranked8.1","TID_RANKED_LEAGUE_8",22,18,7,0,73,1,15,"Ranked1v1_NewArena2","FALSE",,-1,8,"TRUE","sc/ui_league_badges.sc","league_badge_008","league_badge_008_nofx","WildcardLegendary",1,"Chest_Shop_Large_Legendary_Arena_L1",1,,,"divider_league",2,10,60,"league_list_icon_008",,,
"Template_22_Ranked8.2","TID_RANKED_LEAGUE_8",22,19,7,1,77,1,15,"Ranked1v1_NewArena2","FALSE",,,,"TRUE","sc/ui_league_badges.sc","league_badge_008","league_badge_008_nofx","Gold",12000,,,,,,2,10,60,"league_list_icon_008",,,
"Template_22_Ranked9.1","TID_RANKED_LEAGUE_9",22,20,8,0,82,1,15,"Ranked1v1_NewArena2","FALSE",,-1,9,"TRUE","sc/ui_league_badges.sc","league_badge_009","league_badge_009_nofx","WildcardChampion",1,"Gold",30000,,,"divider_league",2,10,60,"league_list_icon_009",,,
"Template_22_Ranked9.2","TID_RANKED_LEAGUE_9",22,21,8,1,87,1,15,"Ranked1v1_NewArena2","FALSE",,,,"TRUE","sc/ui_league_badges.sc","league_badge_009","league_badge_009_nofx","WildcardElite",15000,,,,,,2,10,60,"league_list_icon_009",,,
"Template_22_Ranked10","TID_RANKED_LEAGUE_10",22,22,9,0,93,1,15,"Ranked1v1_NewArena2","TRUE",,-1,10,"TRUE","sc/ui_league_badges.sc","league_badge_010","league_badge_010_nofx","Gold",12000,"Emote_EmoteChronos71",1,,,"divider_league_last",15,150,90,"league_list_icon_010",,,
"Template_23_Ranked1.1","TID_RANKED_LEAGUE_1",23,0,0,0,0,0,11,"Ranked1v1_NewArena","FALSE",,1,1,,"sc/ui_league_badges.sc","league_badge_001","league_badge_001_nofx","Gold",6000,,,,,"divider_league",1,10,60,"league_list_icon_001",,,
"Template_23_Ranked1.2","TID_RANKED_LEAGUE_1",23,23,0,1,3,0,11,"Ranked1v1_NewArena","FALSE",,,,,"sc/ui_league_badges.sc","league_badge_001","league_badge_001_nofx","WildcardCommon",250,,,,,,1,10,60,"league_list_icon_001",,,
"Template_23_Ranked1.3","TID_RANKED_LEAGUE_1",23,1,0,2,7,0,11,"Ranked1v1_NewArena","FALSE",,,,,"sc/ui_league_badges.sc","league_badge_001","league_badge_001_nofx","Gold",6000,,,,,,1,10,60,"league_list_icon_001",,,
"Template_23_Ranked2.1","TID_RANKED_LEAGUE_2",23,2,1,0,10,1,12,"Ranked1v1_NewArena","FALSE",,3,2,,"sc/ui_league_badges.sc","league_badge_002","league_badge_002_nofx","WildcardElite",2500,"Chest_Giant_Arena_L1",1,,,"divider_league",2,10,60,"league_list_icon_002",,,
"Template_23_Ranked2.2","TID_RANKED_LEAGUE_2",23,3,1,1,13,1,12,"Ranked1v1_NewArena","FALSE",,,,,"sc/ui_league_badges.sc","league_badge_002","league_badge_002_nofx","WildcardRare",50,,,,,,2,10,60,"league_list_icon_002",,,
"Template_23_Ranked2.3","TID_RANKED_LEAGUE_2",23,4,1,2,17,1,12,"Ranked1v1_NewArena","FALSE",,,,,"sc/ui_league_badges.sc","league_badge_002","league_badge_002_nofx","Gold",6000,,,,,,2,10,60,"league_list_icon_002",,,
"Template_23_Ranked3.1","TID_RANKED_LEAGUE_3",23,5,2,0,21,1,12,"Ranked1v1_NewArena","FALSE",,4,3,,"sc/ui_league_badges.sc","league_badge_003","league_badge_003_nofx","WildcardEpic",10,"Gold",15000,,,"divider_league",2,10,60,"league_list_icon_003",,,
"Template_23_Ranked3.2","TID_RANKED_LEAGUE_3",23,24,2,1,24,1,12,"Ranked1v1_NewArena","FALSE",,,,,"sc/ui_league_badges.sc","league_badge_003","league_badge_003_nofx","Gold",9000,,,,,,2,10,60,"league_list_icon_003",,,
"Template_23_Ranked3.3","TID_RANKED_LEAGUE_3",23,6,2,2,28,1,12,"Ranked1v1_NewArena","FALSE",,,,,"sc/ui_league_badges.sc","league_badge_003","league_badge_003_nofx","WildcardElite",5000,,,,,,2,10,60,"league_list_icon_003",,,
"Template_23_Ranked4.1","TID_RANKED_LEAGUE_4",23,7,3,0,32,1,13,"Ranked1v1_NewArena","FALSE",,5,4,"TRUE","sc/ui_league_badges.sc","league_badge_004","league_badge_004_nofx","Emote_EmoteChronos211",1,"Chest_Magic_Arena_L1",1,,,"divider_league",2,10,60,"league_list_icon_004",,,
"Template_23_Ranked4.2","TID_RANKED_LEAGUE_4",23,8,3,1,35,1,13,"Ranked1v1_NewArena","FALSE",,,,"TRUE","sc/ui_league_badges.sc","league_badge_004","league_badge_004_nofx","WildcardLegendary",1,,,,,,2,10,60,"league_list_icon_004",,,
"Template_23_Ranked4.3","TID_RANKED_LEAGUE_4",23,9,3,2,39,1,13,"Ranked1v1_NewArena","FALSE",,,,"TRUE","sc/ui_league_badges.sc","league_badge_004","league_badge_004_nofx","WildcardElite",7500,,,,,,2,10,60,"league_list_icon_004",,,
"Template_23_Ranked5.1","TID_RANKED_LEAGUE_5",23,10,4,0,43,1,13,"Ranked1v1_NewArena","FALSE",,6,5,"TRUE","sc/ui_league_badges.sc","league_badge_005","league_badge_005_nofx","WildcardChampion",1,"Gold",20000,,,"divider_league",2,10,60,"league_list_icon_005",,,
"Template_23_Ranked5.2","TID_RANKED_LEAGUE_5",23,11,4,1,46,1,13,"Ranked1v1_NewArena","FALSE",,,,"TRUE","sc/ui_league_badges.sc","league_badge_005","league_badge_005_nofx","Gold",12000,,,,,,2,10,60,"league_list_icon_005",,,
"Template_23_Ranked5.3","TID_RANKED_LEAGUE_5",23,12,4,2,50,1,13,"Ranked1v1_NewArena","FALSE",,,,"TRUE","sc/ui_league_badges.sc","league_badge_005","league_badge_005_nofx","WildcardCommon",250,,,,,,2,10,60,"league_list_icon_005",,,
"Template_23_Ranked6.1","TID_RANKED_LEAGUE_6",23,13,5,0,54,1,14,"Ranked1v1_NewArena","FALSE",,7,6,"TRUE","sc/ui_league_badges.sc","league_badge_006","league_badge_006_nofx","WildcardElite",10000,"Chest_Shop_Small_1_Arena_L1",1,,,"divider_league",2,10,60,"league_list_icon_006",,,
"Template_23_Ranked6.2","TID_RANKED_LEAGUE_6",23,14,5,1,57,1,14,"Ranked1v1_NewArena","FALSE",,,,"TRUE","sc/ui_league_badges.sc","league_badge_006","league_badge_006_nofx","WildcardRare",50,,,,,,2,10,60,"league_list_icon_006",,,
"Template_23_Ranked6.3","TID_RANKED_LEAGUE_6",23,15,5,2,61,1,14,"Ranked1v1_NewArena","FALSE",,,,"TRUE","sc/ui_league_badges.sc","league_badge_006","league_badge_006_nofx","Gold",12000,,,,,,2,10,60,"league_list_icon_006",,,
"Template_23_Ranked7.1","TID_RANKED_LEAGUE_7",23,16,6,0,65,1,14,"Ranked1v1_NewArena","FALSE",,-1,7,"TRUE","sc/ui_league_badges.sc","league_badge_007","league_badge_007_nofx","WildcardEpic",10,"Gold",25000,,,"divider_league",2,10,60,"league_list_icon_007",,,
"Template_23_Ranked7.2","TID_RANKED_LEAGUE_7",23,17,6,1,69,1,14,"Ranked1v1_NewArena","FALSE",,,,"TRUE","sc/ui_league_badges.sc","league_badge_007","league_badge_007_nofx","WildcardElite",10000,,,,,,2,10,60,"league_list_icon_007",,,
"Template_23_Ranked8.1","TID_RANKED_LEAGUE_8",23,18,7,0,73,1,15,"Ranked1v1_NewArena","FALSE",,-1,8,"TRUE","sc/ui_league_badges.sc","league_badge_008","league_badge_008_nofx","WildcardLegendary",1,"Chest_Shop_Large_Legendary_Arena_L1",1,,,"divider_league",2,10,60,"league_list_icon_008",,,
"Template_23_Ranked8.2","TID_RANKED_LEAGUE_8",23,19,7,1,77,1,15,"Ranked1v1_NewArena","FALSE",,,,"TRUE","sc/ui_league_badges.sc","league_badge_008","league_badge_008_nofx","Gold",12000,,,,,,2,10,60,"league_list_icon_008",,,
"Template_23_Ranked9.1","TID_RANKED_LEAGUE_9",23,20,8,0,82,1,15,"Ranked1v1_NewArena","FALSE",,-1,9,"TRUE","sc/ui_league_badges.sc","league_badge_009","league_badge_009_nofx","WildcardChampion",1,"Gold",30000,,,"divider_league",2,10,60,"league_list_icon_009",,,
"Template_23_Ranked9.2","TID_RANKED_LEAGUE_9",23,21,8,1,87,1,15,"Ranked1v1_NewArena","FALSE",,,,"TRUE","sc/ui_league_badges.sc","league_badge_009","league_badge_009_nofx","WildcardElite",15000,,,,,,2,10,60,"league_list_icon_009",,,
"Template_23_Ranked10","TID_RANKED_LEAGUE_10",23,22,9,0,93,1,15,"Ranked1v1_NewArena","TRUE",,-1,10,"TRUE","sc/ui_league_badges.sc","league_badge_010","league_badge_010_nofx","Gold",12000,"Emote_EmoteChronos71",1,,,"divider_league_last",15,150,90,"league_list_icon_010",,,
"Template_24_Ranked1.1","TID_RANKED_LEAGUE_1",24,0,0,0,0,0,11,"Ranked1v1_NewArena2","FALSE",,1,1,,"sc/ui_league_badges.sc","league_badge_001","league_badge_001_nofx","Gold",6000,,,,,"divider_league",1,10,60,"league_list_icon_001",,,
"Template_24_Ranked1.2","TID_RANKED_LEAGUE_1",24,23,0,1,3,0,11,"Ranked1v1_NewArena2","FALSE",,,,,"sc/ui_league_badges.sc","league_badge_001","league_badge_001_nofx","WildcardCommon",250,,,,,,1,10,60,"league_list_icon_001",,,
"Template_24_Ranked1.3","TID_RANKED_LEAGUE_1",24,1,0,2,7,0,11,"Ranked1v1_NewArena2","FALSE",,,,,"sc/ui_league_badges.sc","league_badge_001","league_badge_001_nofx","Gold",6000,,,,,,1,10,60,"league_list_icon_001",,,
"Template_24_Ranked2.1","TID_RANKED_LEAGUE_2",24,2,1,0,10,1,12,"Ranked1v1_NewArena2","FALSE",,3,2,,"sc/ui_league_badges.sc","league_badge_002","league_badge_002_nofx","WildcardElite",2500,"Chest_Giant_Arena_L1",1,,,"divider_league",2,10,60,"league_list_icon_002",,,
"Template_24_Ranked2.2","TID_RANKED_LEAGUE_2",24,3,1,1,13,1,12,"Ranked1v1_NewArena2","FALSE",,,,,"sc/ui_league_badges.sc","league_badge_002","league_badge_002_nofx","WildcardRare",50,,,,,,2,10,60,"league_list_icon_002",,,
"Template_24_Ranked2.3","TID_RANKED_LEAGUE_2",24,4,1,2,17,1,12,"Ranked1v1_NewArena2","FALSE",,,,,"sc/ui_league_badges.sc","league_badge_002","league_badge_002_nofx","Gold",6000,,,,,,2,10,60,"league_list_icon_002",,,
"Template_24_Ranked3.1","TID_RANKED_LEAGUE_3",24,5,2,0,21,1,12,"Ranked1v1_NewArena2","FALSE",,4,3,,"sc/ui_league_badges.sc","league_badge_003","league_badge_003_nofx","WildcardEpic",10,"Gold",15000,,,"divider_league",2,10,60,"league_list_icon_003",,,
"Template_24_Ranked3.2","TID_RANKED_LEAGUE_3",24,24,2,1,24,1,12,"Ranked1v1_NewArena2","FALSE",,,,,"sc/ui_league_badges.sc","league_badge_003","league_badge_003_nofx","Gold",9000,,,,,,2,10,60,"league_list_icon_003",,,
"Template_24_Ranked3.3","TID_RANKED_LEAGUE_3",24,6,2,2,28,1,12,"Ranked1v1_NewArena2","FALSE",,,,,"sc/ui_league_badges.sc","league_badge_003","league_badge_003_nofx","WildcardElite",5000,,,,,,2,10,60,"league_list_icon_003",,,
"Template_24_Ranked4.1","TID_RANKED_LEAGUE_4",24,7,3,0,32,1,13,"Ranked1v1_NewArena2","FALSE",,5,4,"TRUE","sc/ui_league_badges.sc","league_badge_004","league_badge_004_nofx","Emote_EmoteChronos224",1,"Chest_Magic_Arena_L1",1,,,"divider_league",2,10,60,"league_list_icon_004",,,
"Template_24_Ranked4.2","TID_RANKED_LEAGUE_4",24,8,3,1,35,1,13,"Ranked1v1_NewArena2","FALSE",,,,"TRUE","sc/ui_league_badges.sc","league_badge_004","league_badge_004_nofx","WildcardLegendary",1,,,,,,2,10,60,"league_list_icon_004",,,
"Template_24_Ranked4.3","TID_RANKED_LEAGUE_4",24,9,3,2,39,1,13,"Ranked1v1_NewArena2","FALSE",,,,"TRUE","sc/ui_league_badges.sc","league_badge_004","league_badge_004_nofx","WildcardElite",7500,,,,,,2,10,60,"league_list_icon_004",,,
"Template_24_Ranked5.1","TID_RANKED_LEAGUE_5",24,10,4,0,43,1,13,"Ranked1v1_NewArena2","FALSE",,6,5,"TRUE","sc/ui_league_badges.sc","league_badge_005","league_badge_005_nofx","WildcardChampion",1,"Gold",20000,,,"divider_league",2,10,60,"league_list_icon_005",,,
"Template_24_Ranked5.2","TID_RANKED_LEAGUE_5",24,11,4,1,46,1,13,"Ranked1v1_NewArena2","FALSE",,,,"TRUE","sc/ui_league_badges.sc","league_badge_005","league_badge_005_nofx","Gold",12000,,,,,,2,10,60,"league_list_icon_005",,,
"Template_24_Ranked5.3","TID_RANKED_LEAGUE_5",24,12,4,2,50,1,13,"Ranked1v1_NewArena2","FALSE",,,,"TRUE","sc/ui_league_badges.sc","league_badge_005","league_badge_005_nofx","WildcardCommon",250,,,,,,2,10,60,"league_list_icon_005",,,
"Template_24_Ranked6.1","TID_RANKED_LEAGUE_6",24,13,5,0,54,1,14,"Ranked1v1_NewArena2","FALSE",,7,6,"TRUE","sc/ui_league_badges.sc","league_badge_006","league_badge_006_nofx","WildcardElite",10000,"Chest_Shop_Small_1_Arena_L1",1,,,"divider_league",2,10,60,"league_list_icon_006",,,
"Template_24_Ranked6.2","TID_RANKED_LEAGUE_6",24,14,5,1,57,1,14,"Ranked1v1_NewArena2","FALSE",,,,"TRUE","sc/ui_league_badges.sc","league_badge_006","league_badge_006_nofx","WildcardRare",50,,,,,,2,10,60,"league_list_icon_006",,,
"Template_24_Ranked6.3","TID_RANKED_LEAGUE_6",24,15,5,2,61,1,14,"Ranked1v1_NewArena2","FALSE",,,,"TRUE","sc/ui_league_badges.sc","league_badge_006","league_badge_006_nofx","Gold",12000,,,,,,2,10,60,"league_list_icon_006",,,
"Template_24_Ranked7.1","TID_RANKED_LEAGUE_7",24,16,6,0,65,1,14,"Ranked1v1_NewArena2","FALSE",,-1,7,"TRUE","sc/ui_league_badges.sc","league_badge_007","league_badge_007_nofx","WildcardEpic",10,"Gold",25000,,,"divider_league",2,10,60,"league_list_icon_007",,,
"Template_24_Ranked7.2","TID_RANKED_LEAGUE_7",24,17,6,1,69,1,14,"Ranked1v1_NewArena2","FALSE",,,,"TRUE","sc/ui_league_badges.sc","league_badge_007","league_badge_007_nofx","WildcardElite",10000,,,,,,2,10,60,"league_list_icon_007",,,
"Template_24_Ranked8.1","TID_RANKED_LEAGUE_8",24,18,7,0,73,1,15,"Ranked1v1_NewArena2","FALSE",,-1,8,"TRUE","sc/ui_league_badges.sc","league_badge_008","league_badge_008_nofx","WildcardLegendary",1,"Chest_Shop_Large_Legendary_Arena_L1",1,,,"divider_league",2,10,60,"league_list_icon_008",,,
"Template_24_Ranked8.2","TID_RANKED_LEAGUE_8",24,19,7,1,77,1,15,"Ranked1v1_NewArena2","FALSE",,,,"TRUE","sc/ui_league_badges.sc","league_badge_008","league_badge_008_nofx","Gold",12000,,,,,,2,10,60,"league_list_icon_008",,,
"Template_24_Ranked9.1","TID_RANKED_LEAGUE_9",24,20,8,0,82,1,15,"Ranked1v1_NewArena2","FALSE",,-1,9,"TRUE","sc/ui_league_badges.sc","league_badge_009","league_badge_009_nofx","WildcardChampion",1,"Gold",30000,,,"divider_league",2,10,60,"league_list_icon_009",,,
"Template_24_Ranked9.2","TID_RANKED_LEAGUE_9",24,21,8,1,87,1,15,"Ranked1v1_NewArena2","FALSE",,,,"TRUE","sc/ui_league_badges.sc","league_badge_009","league_badge_009_nofx","WildcardElite",15000,,,,,,2,10,60,"league_list_icon_009",,,
"Template_24_Ranked10","TID_RANKED_LEAGUE_10",24,22,9,0,93,1,15,"Ranked1v1_NewArena2","TRUE",,-1,10,"TRUE","sc/ui_league_badges.sc","league_badge_010","league_badge_010_nofx","Gold",12000,"Emote_EmoteChronos71",1,,,"divider_league_last",15,150,90,"league_list_icon_010",,,
"Template_25_Ranked1.1","TID_RANKED_LEAGUE_1",25,0,0,0,0,0,11,"Ranked1v1_NewArena","FALSE",,1,1,,"sc/ui_league_badges.sc","league_badge_001","league_badge_001_nofx","Gold",6000,,,,,"divider_league",1,10,60,"league_list_icon_001",,,
"Template_25_Ranked1.2","TID_RANKED_LEAGUE_1",25,23,0,1,3,0,11,"Ranked1v1_NewArena","FALSE",,,,,"sc/ui_league_badges.sc","league_badge_001","league_badge_001_nofx","WildcardCommon",250,,,,,,1,10,60,"league_list_icon_001",,,
"Template_25_Ranked1.3","TID_RANKED_LEAGUE_1",25,1,0,2,7,0,11,"Ranked1v1_NewArena","FALSE",,,,,"sc/ui_league_badges.sc","league_badge_001","league_badge_001_nofx","Gold",6000,,,,,,1,10,60,"league_list_icon_001",,,
"Template_25_Ranked2.1","TID_RANKED_LEAGUE_2",25,2,1,0,10,1,12,"Ranked1v1_NewArena","FALSE",,3,2,,"sc/ui_league_badges.sc","league_badge_002","league_badge_002_nofx","WildcardElite",2500,"Chest_Giant_Arena_L1",1,,,"divider_league",2,10,60,"league_list_icon_002",,,
"Template_25_Ranked2.2","TID_RANKED_LEAGUE_2",25,3,1,1,13,1,12,"Ranked1v1_NewArena","FALSE",,,,,"sc/ui_league_badges.sc","league_badge_002","league_badge_002_nofx","WildcardRare",50,,,,,,2,10,60,"league_list_icon_002",,,
"Template_25_Ranked2.3","TID_RANKED_LEAGUE_2",25,4,1,2,17,1,12,"Ranked1v1_NewArena","FALSE",,,,,"sc/ui_league_badges.sc","league_badge_002","league_badge_002_nofx","Gold",6000,,,,,,2,10,60,"league_list_icon_002",,,
"Template_25_Ranked3.1","TID_RANKED_LEAGUE_3",25,5,2,0,21,1,12,"Ranked1v1_NewArena","FALSE",,4,3,,"sc/ui_league_badges.sc","league_badge_003","league_badge_003_nofx","WildcardEpic",10,"Gold",15000,,,"divider_league",2,10,60,"league_list_icon_003",,,
"Template_25_Ranked3.2","TID_RANKED_LEAGUE_3",25,24,2,1,24,1,12,"Ranked1v1_NewArena","FALSE",,,,,"sc/ui_league_badges.sc","league_badge_003","league_badge_003_nofx","Gold",9000,,,,,,2,10,60,"league_list_icon_003",,,
"Template_25_Ranked3.3","TID_RANKED_LEAGUE_3",25,6,2,2,28,1,12,"Ranked1v1_NewArena","FALSE",,,,,"sc/ui_league_badges.sc","league_badge_003","league_badge_003_nofx","WildcardElite",5000,,,,,,2,10,60,"league_list_icon_003",,,
"Template_25_Ranked4.1","TID_RANKED_LEAGUE_4",25,7,3,0,32,1,13,"Ranked1v1_NewArena","FALSE",,5,4,"TRUE","sc/ui_league_badges.sc","league_badge_004","league_badge_004_nofx","Emote_EmoteChronos230",1,"Chest_Magic_Arena_L1",1,,,"divider_league",2,10,60,"league_list_icon_004",,,
"Template_25_Ranked4.2","TID_RANKED_LEAGUE_4",25,8,3,1,35,1,13,"Ranked1v1_NewArena","FALSE",,,,"TRUE","sc/ui_league_badges.sc","league_badge_004","league_badge_004_nofx","WildcardLegendary",1,,,,,,2,10,60,"league_list_icon_004",,,
"Template_25_Ranked4.3","TID_RANKED_LEAGUE_4",25,9,3,2,39,1,13,"Ranked1v1_NewArena","FALSE",,,,"TRUE","sc/ui_league_badges.sc","league_badge_004","league_badge_004_nofx","WildcardElite",7500,,,,,,2,10,60,"league_list_icon_004",,,
"Template_25_Ranked5.1","TID_RANKED_LEAGUE_5",25,10,4,0,43,1,13,"Ranked1v1_NewArena","FALSE",,6,5,"TRUE","sc/ui_league_badges.sc","league_badge_005","league_badge_005_nofx","WildcardChampion",1,"Gold",20000,,,"divider_league",2,10,60,"league_list_icon_005",,,
"Template_25_Ranked5.2","TID_RANKED_LEAGUE_5",25,11,4,1,46,1,13,"Ranked1v1_NewArena","FALSE",,,,"TRUE","sc/ui_league_badges.sc","league_badge_005","league_badge_005_nofx","Gold",12000,,,,,,2,10,60,"league_list_icon_005",,,
"Template_25_Ranked5.3","TID_RANKED_LEAGUE_5",25,12,4,2,50,1,13,"Ranked1v1_NewArena","FALSE",,,,"TRUE","sc/ui_league_badges.sc","league_badge_005","league_badge_005_nofx","WildcardCommon",250,,,,,,2,10,60,"league_list_icon_005",,,
"Template_25_Ranked6.1","TID_RANKED_LEAGUE_6",25,13,5,0,54,1,14,"Ranked1v1_NewArena","FALSE",,7,6,"TRUE","sc/ui_league_badges.sc","league_badge_006","league_badge_006_nofx","WildcardElite",10000,"Chest_Shop_Small_1_Arena_L1",1,,,"divider_league",2,10,60,"league_list_icon_006",,,
"Template_25_Ranked6.2","TID_RANKED_LEAGUE_6",25,14,5,1,57,1,14,"Ranked1v1_NewArena","FALSE",,,,"TRUE","sc/ui_league_badges.sc","league_badge_006","league_badge_006_nofx","WildcardRare",50,,,,,,2,10,60,"league_list_icon_006",,,
"Template_25_Ranked6.3","TID_RANKED_LEAGUE_6",25,15,5,2,61,1,14,"Ranked1v1_NewArena","FALSE",,,,"TRUE","sc/ui_league_badges.sc","league_badge_006","league_badge_006_nofx","Gold",12000,,,,,,2,10,60,"league_list_icon_006",,,
"Template_25_Ranked7.1","TID_RANKED_LEAGUE_7",25,16,6,0,65,1,14,"Ranked1v1_NewArena","FALSE",,-1,7,"TRUE","sc/ui_league_badges.sc","league_badge_007","league_badge_007_nofx","WildcardEpic",10,"Gold",25000,,,"divider_league",2,10,60,"league_list_icon_007",,,
"Template_25_Ranked7.2","TID_RANKED_LEAGUE_7",25,17,6,1,69,1,14,"Ranked1v1_NewArena","FALSE",,,,"TRUE","sc/ui_league_badges.sc","league_badge_007","league_badge_007_nofx","WildcardElite",10000,,,,,,2,10,60,"league_list_icon_007",,,
"Template_25_Ranked8.1","TID_RANKED_LEAGUE_8",25,18,7,0,73,1,15,"Ranked1v1_NewArena","FALSE",,-1,8,"TRUE","sc/ui_league_badges.sc","league_badge_008","league_badge_008_nofx","WildcardLegendary",1,"Chest_Shop_Large_Legendary_Arena_L1",1,,,"divider_league",2,10,60,"league_list_icon_008",,,
"Template_25_Ranked8.2","TID_RANKED_LEAGUE_8",25,19,7,1,77,1,15,"Ranked1v1_NewArena","FALSE",,,,"TRUE","sc/ui_league_badges.sc","league_badge_008","league_badge_008_nofx","Gold",12000,,,,,,2,10,60,"league_list_icon_008",,,
"Template_25_Ranked9.1","TID_RANKED_LEAGUE_9",25,20,8,0,82,1,15,"Ranked1v1_NewArena","FALSE",,-1,9,"TRUE","sc/ui_league_badges.sc","league_badge_009","league_badge_009_nofx","WildcardChampion",1,"Gold",30000,,,"divider_league",2,10,60,"league_list_icon_009",,,
"Template_25_Ranked9.2","TID_RANKED_LEAGUE_9",25,21,8,1,87,1,15,"Ranked1v1_NewArena","FALSE",,,,"TRUE","sc/ui_league_badges.sc","league_badge_009","league_badge_009_nofx","WildcardElite",15000,,,,,,2,10,60,"league_list_icon_009",,,
"Template_25_Ranked10","TID_RANKED_LEAGUE_10",25,22,9,0,93,1,15,"Ranked1v1_NewArena","TRUE",,-1,10,"TRUE","sc/ui_league_badges.sc","league_badge_010","league_badge_010_nofx","Gold",12000,"Emote_EmoteChronos71",1,,,"divider_league_last",15,150,90,"league_list_icon_010",,,
"Template_26_Ranked1.1","TID_RANKED_LEAGUE_1",26,0,0,0,0,0,11,"Ranked1v1_NewArena2","FALSE",,1,1,,"sc/ui_league_badges.sc","league_badge_001","league_badge_001_nofx","Gold",6000,,,,,"divider_league",1,10,60,"league_list_icon_001",,,
"Template_26_Ranked1.2","TID_RANKED_LEAGUE_1",26,23,0,1,3,0,11,"Ranked1v1_NewArena2","FALSE",,,,,"sc/ui_league_badges.sc","league_badge_001","league_badge_001_nofx","WildcardCommon",250,,,,,,1,10,60,"league_list_icon_001",,,
"Template_26_Ranked1.3","TID_RANKED_LEAGUE_1",26,1,0,2,7,0,11,"Ranked1v1_NewArena2","FALSE",,,,,"sc/ui_league_badges.sc","league_badge_001","league_badge_001_nofx","Gold",6000,,,,,,1,10,60,"league_list_icon_001",,,
"Template_26_Ranked2.1","TID_RANKED_LEAGUE_2",26,2,1,0,10,1,12,"Ranked1v1_NewArena2","FALSE",,3,2,,"sc/ui_league_badges.sc","league_badge_002","league_badge_002_nofx","WildcardElite",2500,"Chest_Giant_Arena_L1",1,,,"divider_league",2,10,60,"league_list_icon_002",,,
"Template_26_Ranked2.2","TID_RANKED_LEAGUE_2",26,3,1,1,13,1,12,"Ranked1v1_NewArena2","FALSE",,,,,"sc/ui_league_badges.sc","league_badge_002","league_badge_002_nofx","WildcardRare",50,,,,,,2,10,60,"league_list_icon_002",,,
"Template_26_Ranked2.3","TID_RANKED_LEAGUE_2",26,4,1,2,17,1,12,"Ranked1v1_NewArena2","FALSE",,,,,"sc/ui_league_badges.sc","league_badge_002","league_badge_002_nofx","Gold",6000,,,,,,2,10,60,"league_list_icon_002",,,
"Template_26_Ranked3.1","TID_RANKED_LEAGUE_3",26,5,2,0,21,1,12,"Ranked1v1_NewArena2","FALSE",,4,3,,"sc/ui_league_badges.sc","league_badge_003","league_badge_003_nofx","WildcardEpic",10,"Gold",15000,,,"divider_league",2,10,60,"league_list_icon_003",,,
"Template_26_Ranked3.2","TID_RANKED_LEAGUE_3",26,24,2,1,24,1,12,"Ranked1v1_NewArena2","FALSE",,,,,"sc/ui_league_badges.sc","league_badge_003","league_badge_003_nofx","Gold",9000,,,,,,2,10,60,"league_list_icon_003",,,
"Template_26_Ranked3.3","TID_RANKED_LEAGUE_3",26,6,2,2,28,1,12,"Ranked1v1_NewArena2","FALSE",,,,,"sc/ui_league_badges.sc","league_badge_003","league_badge_003_nofx","WildcardElite",5000,,,,,,2,10,60,"league_list_icon_003",,,
"Template_26_Ranked4.1","TID_RANKED_LEAGUE_4",26,7,3,0,32,1,13,"Ranked1v1_NewArena2","FALSE",,5,4,"TRUE","sc/ui_league_badges.sc","league_badge_004","league_badge_004_nofx","Emote_EmoteChronos239",1,"Chest_Magic_Arena_L1",1,,,"divider_league",2,10,60,"league_list_icon_004",,,
"Template_26_Ranked4.2","TID_RANKED_LEAGUE_4",26,8,3,1,35,1,13,"Ranked1v1_NewArena2","FALSE",,,,"TRUE","sc/ui_league_badges.sc","league_badge_004","league_badge_004_nofx","WildcardLegendary",1,,,,,,2,10,60,"league_list_icon_004",,,
"Template_26_Ranked4.3","TID_RANKED_LEAGUE_4",26,9,3,2,39,1,13,"Ranked1v1_NewArena2","FALSE",,,,"TRUE","sc/ui_league_badges.sc","league_badge_004","league_badge_004_nofx","WildcardElite",7500,,,,,,2,10,60,"league_list_icon_004",,,
"Template_26_Ranked5.1","TID_RANKED_LEAGUE_5",26,10,4,0,43,1,13,"Ranked1v1_NewArena2","FALSE",,6,5,"TRUE","sc/ui_league_badges.sc","league_badge_005","league_badge_005_nofx","WildcardChampion",1,"Gold",20000,,,"divider_league",2,10,60,"league_list_icon_005",,,
"Template_26_Ranked5.2","TID_RANKED_LEAGUE_5",26,11,4,1,46,1,13,"Ranked1v1_NewArena2","FALSE",,,,"TRUE","sc/ui_league_badges.sc","league_badge_005","league_badge_005_nofx","Gold",12000,,,,,,2,10,60,"league_list_icon_005",,,
"Template_26_Ranked5.3","TID_RANKED_LEAGUE_5",26,12,4,2,50,1,13,"Ranked1v1_NewArena2","FALSE",,,,"TRUE","sc/ui_league_badges.sc","league_badge_005","league_badge_005_nofx","WildcardCommon",250,,,,,,2,10,60,"league_list_icon_005",,,
"Template_26_Ranked6.1","TID_RANKED_LEAGUE_6",26,13,5,0,54,1,14,"Ranked1v1_NewArena2","FALSE",,7,6,"TRUE","sc/ui_league_badges.sc","league_badge_006","league_badge_006_nofx","WildcardElite",10000,"Chest_Shop_Small_1_Arena_L1",1,,,"divider_league",2,10,60,"league_list_icon_006",,,
"Template_26_Ranked6.2","TID_RANKED_LEAGUE_6",26,14,5,1,57,1,14,"Ranked1v1_NewArena2","FALSE",,,,"TRUE","sc/ui_league_badges.sc","league_badge_006","league_badge_006_nofx","WildcardRare",50,,,,,,2,10,60,"league_list_icon_006",,,
"Template_26_Ranked6.3","TID_RANKED_LEAGUE_6",26,15,5,2,61,1,14,"Ranked1v1_NewArena2","FALSE",,,,"TRUE","sc/ui_league_badges.sc","league_badge_006","league_badge_006_nofx","Gold",12000,,,,,,2,10,60,"league_list_icon_006",,,
"Template_26_Ranked7.1","TID_RANKED_LEAGUE_7",26,16,6,0,65,1,14,"Ranked1v1_NewArena2","FALSE",,-1,7,"TRUE","sc/ui_league_badges.sc","league_badge_007","league_badge_007_nofx","WildcardEpic",10,"Gold",25000,,,"divider_league",2,10,60,"league_list_icon_007",,,
"Template_26_Ranked7.2","TID_RANKED_LEAGUE_7",26,17,6,1,69,1,14,"Ranked1v1_NewArena2","FALSE",,,,"TRUE","sc/ui_league_badges.sc","league_badge_007","league_badge_007_nofx","WildcardElite",10000,,,,,,2,10,60,"league_list_icon_007",,,
"Template_26_Ranked8.1","TID_RANKED_LEAGUE_8",26,18,7,0,73,1,15,"Ranked1v1_NewArena2","FALSE",,-1,8,"TRUE","sc/ui_league_badges.sc","league_badge_008","league_badge_008_nofx","WildcardLegendary",1,"Chest_Shop_Large_Legendary_Arena_L1",1,,,"divider_league",2,10,60,"league_list_icon_008",,,
"Template_26_Ranked8.2","TID_RANKED_LEAGUE_8",26,19,7,1,77,1,15,"Ranked1v1_NewArena2","FALSE",,,,"TRUE","sc/ui_league_badges.sc","league_badge_008","league_badge_008_nofx","Gold",12000,,,,,,2,10,60,"league_list_icon_008",,,
"Template_26_Ranked9.1","TID_RANKED_LEAGUE_9",26,20,8,0,82,1,15,"Ranked1v1_NewArena2","FALSE",,-1,9,"TRUE","sc/ui_league_badges.sc","league_badge_009","league_badge_009_nofx","WildcardChampion",1,"Gold",30000,,,"divider_league",2,10,60,"league_list_icon_009",,,
"Template_26_Ranked9.2","TID_RANKED_LEAGUE_9",26,21,8,1,87,1,15,"Ranked1v1_NewArena2","FALSE",,,,"TRUE","sc/ui_league_badges.sc","league_badge_009","league_badge_009_nofx","WildcardElite",15000,,,,,,2,10,60,"league_list_icon_009",,,
"Template_26_Ranked10","TID_RANKED_LEAGUE_10",26,22,9,0,93,1,15,"Ranked1v1_NewArena2","TRUE",,-1,10,"TRUE","sc/ui_league_badges.sc","league_badge_010","league_badge_010_nofx","Gold",12000,"Emote_EmoteChronos71",1,,,"divider_league_last",15,150,90,"league_list_icon_010",,,
"Template_27_Ranked1.1","TID_RANKED_LEAGUE_1",27,0,0,0,0,0,11,"Ranked1v1_NewArena","FALSE",,1,1,,"sc/ui_league_badges.sc","league_badge_001","league_badge_001_nofx","Gold",6000,,,,,"divider_league",1,10,60,"league_list_icon_001",,,
"Template_27_Ranked1.2","TID_RANKED_LEAGUE_1",27,23,0,1,3,0,11,"Ranked1v1_NewArena","FALSE",,,,,"sc/ui_league_badges.sc","league_badge_001","league_badge_001_nofx","WildcardCommon",250,,,,,,1,10,60,"league_list_icon_001",,,
"Template_27_Ranked1.3","TID_RANKED_LEAGUE_1",27,1,0,2,7,0,11,"Ranked1v1_NewArena","FALSE",,,,,"sc/ui_league_badges.sc","league_badge_001","league_badge_001_nofx","Gold",6000,,,,,,1,10,60,"league_list_icon_001",,,
"Template_27_Ranked2.1","TID_RANKED_LEAGUE_2",27,2,1,0,10,1,12,"Ranked1v1_NewArena","FALSE",,3,2,,"sc/ui_league_badges.sc","league_badge_002","league_badge_002_nofx","WildcardElite",2500,"Chest_Giant_Arena_L1",1,,,"divider_league",2,10,60,"league_list_icon_002",,,
"Template_27_Ranked2.2","TID_RANKED_LEAGUE_2",27,3,1,1,13,1,12,"Ranked1v1_NewArena","FALSE",,,,,"sc/ui_league_badges.sc","league_badge_002","league_badge_002_nofx","WildcardRare",50,,,,,,2,10,60,"league_list_icon_002",,,
"Template_27_Ranked2.3","TID_RANKED_LEAGUE_2",27,4,1,2,17,1,12,"Ranked1v1_NewArena","FALSE",,,,,"sc/ui_league_badges.sc","league_badge_002","league_badge_002_nofx","Gold",6000,,,,,,2,10,60,"league_list_icon_002",,,
"Template_27_Ranked3.1","TID_RANKED_LEAGUE_3",27,5,2,0,21,1,12,"Ranked1v1_NewArena","FALSE",,4,3,,"sc/ui_league_badges.sc","league_badge_003","league_badge_003_nofx","WildcardEpic",10,"Gold",15000,,,"divider_league",2,10,60,"league_list_icon_003",,,
"Template_27_Ranked3.2","TID_RANKED_LEAGUE_3",27,24,2,1,24,1,12,"Ranked1v1_NewArena","FALSE",,,,,"sc/ui_league_badges.sc","league_badge_003","league_badge_003_nofx","Gold",9000,,,,,,2,10,60,"league_list_icon_003",,,
"Template_27_Ranked3.3","TID_RANKED_LEAGUE_3",27,6,2,2,28,1,12,"Ranked1v1_NewArena","FALSE",,,,,"sc/ui_league_badges.sc","league_badge_003","league_badge_003_nofx","WildcardElite",5000,,,,,,2,10,60,"league_list_icon_003",,,
"Template_27_Ranked4.1","TID_RANKED_LEAGUE_4",27,7,3,0,32,1,13,"Ranked1v1_NewArena","FALSE",,5,4,"TRUE","sc/ui_league_badges.sc","league_badge_004","league_badge_004_nofx","Emote_EmoteChronos243",1,"Chest_Magic_Arena_L1",1,,,"divider_league",2,10,60,"league_list_icon_004",,,
"Template_27_Ranked4.2","TID_RANKED_LEAGUE_4",27,8,3,1,35,1,13,"Ranked1v1_NewArena","FALSE",,,,"TRUE","sc/ui_league_badges.sc","league_badge_004","league_badge_004_nofx","WildcardLegendary",1,,,,,,2,10,60,"league_list_icon_004",,,
"Template_27_Ranked4.3","TID_RANKED_LEAGUE_4",27,9,3,2,39,1,13,"Ranked1v1_NewArena","FALSE",,,,"TRUE","sc/ui_league_badges.sc","league_badge_004","league_badge_004_nofx","WildcardElite",7500,,,,,,2,10,60,"league_list_icon_004",,,
"Template_27_Ranked5.1","TID_RANKED_LEAGUE_5",27,10,4,0,43,1,13,"Ranked1v1_NewArena","FALSE",,6,5,"TRUE","sc/ui_league_badges.sc","league_badge_005","league_badge_005_nofx","WildcardChampion",1,"Gold",20000,,,"divider_league",2,10,60,"league_list_icon_005",,,
"Template_27_Ranked5.2","TID_RANKED_LEAGUE_5",27,11,4,1,46,1,13,"Ranked1v1_NewArena","FALSE",,,,"TRUE","sc/ui_league_badges.sc","league_badge_005","league_badge_005_nofx","Gold",12000,,,,,,2,10,60,"league_list_icon_005",,,
"Template_27_Ranked5.3","TID_RANKED_LEAGUE_5",27,12,4,2,50,1,13,"Ranked1v1_NewArena","FALSE",,,,"TRUE","sc/ui_league_badges.sc","league_badge_005","league_badge_005_nofx","WildcardCommon",250,,,,,,2,10,60,"league_list_icon_005",,,
"Template_27_Ranked6.1","TID_RANKED_LEAGUE_6",27,13,5,0,54,1,14,"Ranked1v1_NewArena","FALSE",,7,6,"TRUE","sc/ui_league_badges.sc","league_badge_006","league_badge_006_nofx","WildcardElite",10000,"Chest_Shop_Small_1_Arena_L1",1,,,"divider_league",2,10,60,"league_list_icon_006",,,
"Template_27_Ranked6.2","TID_RANKED_LEAGUE_6",27,14,5,1,57,1,14,"Ranked1v1_NewArena","FALSE",,,,"TRUE","sc/ui_league_badges.sc","league_badge_006","league_badge_006_nofx","WildcardRare",50,,,,,,2,10,60,"league_list_icon_006",,,
"Template_27_Ranked6.3","TID_RANKED_LEAGUE_6",27,15,5,2,61,1,14,"Ranked1v1_NewArena","FALSE",,,,"TRUE","sc/ui_league_badges.sc","league_badge_006","league_badge_006_nofx","Gold",12000,,,,,,2,10,60,"league_list_icon_006",,,
"Template_27_Ranked7.1","TID_RANKED_LEAGUE_7",27,16,6,0,65,1,14,"Ranked1v1_NewArena","FALSE",,-1,7,"TRUE","sc/ui_league_badges.sc","league_badge_007","league_badge_007_nofx","WildcardEpic",10,"Gold",25000,,,"divider_league",2,10,60,"league_list_icon_007",,,
"Template_27_Ranked7.2","TID_RANKED_LEAGUE_7",27,17,6,1,69,1,14,"Ranked1v1_NewArena","FALSE",,,,"TRUE","sc/ui_league_badges.sc","league_badge_007","league_badge_007_nofx","WildcardElite",10000,,,,,,2,10,60,"league_list_icon_007",,,
"Template_27_Ranked8.1","TID_RANKED_LEAGUE_8",27,18,7,0,73,1,15,"Ranked1v1_NewArena","FALSE",,-1,8,"TRUE","sc/ui_league_badges.sc","league_badge_008","league_badge_008_nofx","WildcardLegendary",1,"Chest_Shop_Large_Legendary_Arena_L1",1,,,"divider_league",2,10,60,"league_list_icon_008",,,
"Template_27_Ranked8.2","TID_RANKED_LEAGUE_8",27,19,7,1,77,1,15,"Ranked1v1_NewArena","FALSE",,,,"TRUE","sc/ui_league_badges.sc","league_badge_008","league_badge_008_nofx","Gold",12000,,,,,,2,10,60,"league_list_icon_008",,,
"Template_27_Ranked9.1","TID_RANKED_LEAGUE_9",27,20,8,0,82,1,15,"Ranked1v1_NewArena","FALSE",,-1,9,"TRUE","sc/ui_league_badges.sc","league_badge_009","league_badge_009_nofx","WildcardChampion",1,"Gold",30000,,,"divider_league",2,10,60,"league_list_icon_009",,,
"Template_27_Ranked9.2","TID_RANKED_LEAGUE_9",27,21,8,1,87,1,15,"Ranked1v1_NewArena","FALSE",,,,"TRUE","sc/ui_league_badges.sc","league_badge_009","league_badge_009_nofx","WildcardElite",15000,,,,,,2,10,60,"league_list_icon_009",,,
"Template_27_Ranked10","TID_RANKED_LEAGUE_10",27,22,9,0,93,1,15,"Ranked1v1_NewArena","TRUE",,-1,10,"TRUE","sc/ui_league_badges.sc","league_badge_010","league_badge_010_nofx","Gold",12000,"Emote_EmoteChronos71",1,,,"divider_league_last",15,150,90,"league_list_icon_010",,,
"Template_28_Ranked1.1","TID_RANKED_LEAGUE_1",28,0,0,0,0,0,11,"Ranked1v1_NewArena2","FALSE",,1,1,,"sc/ui_league_badges.sc","league_badge_001","league_badge_001_nofx","Gold",6000,,,,,"divider_league",1,10,60,"league_list_icon_001",,,
"Template_28_Ranked1.2","TID_RANKED_LEAGUE_1",28,23,0,1,3,0,11,"Ranked1v1_NewArena2","FALSE",,,,,"sc/ui_league_badges.sc","league_badge_001","league_badge_001_nofx","WildcardCommon",250,,,,,,1,10,60,"league_list_icon_001",,,
"Template_28_Ranked1.3","TID_RANKED_LEAGUE_1",28,1,0,2,7,0,11,"Ranked1v1_NewArena2","FALSE",,,,,"sc/ui_league_badges.sc","league_badge_001","league_badge_001_nofx","Gold",6000,,,,,,1,10,60,"league_list_icon_001",,,
"Template_28_Ranked2.1","TID_RANKED_LEAGUE_2",28,2,1,0,10,1,12,"Ranked1v1_NewArena2","FALSE",,3,2,,"sc/ui_league_badges.sc","league_badge_002","league_badge_002_nofx","WildcardElite",2500,"Chest_Giant_Arena_L1",1,,,"divider_league",2,10,60,"league_list_icon_002",,,
"Template_28_Ranked2.2","TID_RANKED_LEAGUE_2",28,3,1,1,13,1,12,"Ranked1v1_NewArena2","FALSE",,,,,"sc/ui_league_badges.sc","league_badge_002","league_badge_002_nofx","WildcardRare",50,,,,,,2,10,60,"league_list_icon_002",,,
"Template_28_Ranked2.3","TID_RANKED_LEAGUE_2",28,4,1,2,17,1,12,"Ranked1v1_NewArena2","FALSE",,,,,"sc/ui_league_badges.sc","league_badge_002","league_badge_002_nofx","Gold",6000,,,,,,2,10,60,"league_list_icon_002",,,
"Template_28_Ranked3.1","TID_RANKED_LEAGUE_3",28,5,2,0,21,1,12,"Ranked1v1_NewArena2","FALSE",,4,3,,"sc/ui_league_badges.sc","league_badge_003","league_badge_003_nofx","WildcardEpic",10,"Gold",15000,,,"divider_league",2,10,60,"league_list_icon_003",,,
"Template_28_Ranked3.2","TID_RANKED_LEAGUE_3",28,24,2,1,24,1,12,"Ranked1v1_NewArena2","FALSE",,,,,"sc/ui_league_badges.sc","league_badge_003","league_badge_003_nofx","Gold",9000,,,,,,2,10,60,"league_list_icon_003",,,
"Template_28_Ranked3.3","TID_RANKED_LEAGUE_3",28,6,2,2,28,1,12,"Ranked1v1_NewArena2","FALSE",,,,,"sc/ui_league_badges.sc","league_badge_003","league_badge_003_nofx","WildcardElite",5000,,,,,,2,10,60,"league_list_icon_003",,,
"Template_28_Ranked4.1","TID_RANKED_LEAGUE_4",28,7,3,0,32,1,13,"Ranked1v1_NewArena2","FALSE",,5,4,"TRUE","sc/ui_league_badges.sc","league_badge_004","league_badge_004_nofx","Emote_EmoteChronos252",1,"Chest_Magic_Arena_L1",1,,,"divider_league",2,10,60,"league_list_icon_004",,,
"Template_28_Ranked4.2","TID_RANKED_LEAGUE_4",28,8,3,1,35,1,13,"Ranked1v1_NewArena2","FALSE",,,,"TRUE","sc/ui_league_badges.sc","league_badge_004","league_badge_004_nofx","WildcardLegendary",1,,,,,,2,10,60,"league_list_icon_004",,,
"Template_28_Ranked4.3","TID_RANKED_LEAGUE_4",28,9,3,2,39,1,13,"Ranked1v1_NewArena2","FALSE",,,,"TRUE","sc/ui_league_badges.sc","league_badge_004","league_badge_004_nofx","WildcardElite",7500,,,,,,2,10,60,"league_list_icon_004",,,
"Template_28_Ranked5.1","TID_RANKED_LEAGUE_5",28,10,4,0,43,1,13,"Ranked1v1_NewArena2","FALSE",,6,5,"TRUE","sc/ui_league_badges.sc","league_badge_005","league_badge_005_nofx","WildcardChampion",1,"Gold",20000,,,"divider_league",2,10,60,"league_list_icon_005",,,
"Template_28_Ranked5.2","TID_RANKED_LEAGUE_5",28,11,4,1,46,1,13,"Ranked1v1_NewArena2","FALSE",,,,"TRUE","sc/ui_league_badges.sc","league_badge_005","league_badge_005_nofx","Gold",12000,,,,,,2,10,60,"league_list_icon_005",,,
"Template_28_Ranked5.3","TID_RANKED_LEAGUE_5",28,12,4,2,50,1,13,"Ranked1v1_NewArena2","FALSE",,,,"TRUE","sc/ui_league_badges.sc","league_badge_005","league_badge_005_nofx","WildcardCommon",250,,,,,,2,10,60,"league_list_icon_005",,,
"Template_28_Ranked6.1","TID_RANKED_LEAGUE_6",28,13,5,0,54,1,14,"Ranked1v1_NewArena2","FALSE",,7,6,"TRUE","sc/ui_league_badges.sc","league_badge_006","league_badge_006_nofx","WildcardElite",10000,"Chest_Shop_Small_1_Arena_L1",1,,,"divider_league",2,10,60,"league_list_icon_006",,,
"Template_28_Ranked6.2","TID_RANKED_LEAGUE_6",28,14,5,1,57,1,14,"Ranked1v1_NewArena2","FALSE",,,,"TRUE","sc/ui_league_badges.sc","league_badge_006","league_badge_006_nofx","WildcardRare",50,,,,,,2,10,60,"league_list_icon_006",,,
"Template_28_Ranked6.3","TID_RANKED_LEAGUE_6",28,15,5,2,61,1,14,"Ranked1v1_NewArena2","FALSE",,,,"TRUE","sc/ui_league_badges.sc","league_badge_006","league_badge_006_nofx","Gold",12000,,,,,,2,10,60,"league_list_icon_006",,,
"Template_28_Ranked7.1","TID_RANKED_LEAGUE_7",28,16,6,0,65,1,14,"Ranked1v1_NewArena2","FALSE",,-1,7,"TRUE","sc/ui_league_badges.sc","league_badge_007","league_badge_007_nofx","WildcardEpic",10,"Gold",25000,,,"divider_league",2,10,60,"league_list_icon_007",,,
"Template_28_Ranked7.2","TID_RANKED_LEAGUE_7",28,17,6,1,69,1,14,"Ranked1v1_NewArena2","FALSE",,,,"TRUE","sc/ui_league_badges.sc","league_badge_007","league_badge_007_nofx","WildcardElite",10000,,,,,,2,10,60,"league_list_icon_007",,,
"Template_28_Ranked8.1","TID_RANKED_LEAGUE_8",28,18,7,0,73,1,15,"Ranked1v1_NewArena2","FALSE",,-1,8,"TRUE","sc/ui_league_badges.sc","league_badge_008","league_badge_008_nofx","WildcardLegendary",1,"Chest_Shop_Large_Legendary_Arena_L1",1,,,"divider_league",2,10,60,"league_list_icon_008",,,
"Template_28_Ranked8.2","TID_RANKED_LEAGUE_8",28,19,7,1,77,1,15,"Ranked1v1_NewArena2","FALSE",,,,"TRUE","sc/ui_league_badges.sc","league_badge_008","league_badge_008_nofx","Gold",12000,,,,,,2,10,60,"league_list_icon_008",,,
"Template_28_Ranked9.1","TID_RANKED_LEAGUE_9",28,20,8,0,82,1,15,"Ranked1v1_NewArena2","FALSE",,-1,9,"TRUE","sc/ui_league_badges.sc","league_badge_009","league_badge_009_nofx","WildcardChampion",1,"Gold",30000,,,"divider_league",2,10,60,"league_list_icon_009",,,
"Template_28_Ranked9.2","TID_RANKED_LEAGUE_9",28,21,8,1,87,1,15,"Ranked1v1_NewArena2","FALSE",,,,"TRUE","sc/ui_league_badges.sc","league_badge_009","league_badge_009_nofx","WildcardElite",15000,,,,,,2,10,60,"league_list_icon_009",,,
"Template_28_Ranked10","TID_RANKED_LEAGUE_10",28,22,9,0,93,1,15,"Ranked1v1_NewArena2","TRUE",,-1,10,"TRUE","sc/ui_league_badges.sc","league_badge_010","league_badge_010_nofx","Gold",12000,"Emote_EmoteChronos71",1,,,"divider_league_last",15,150,90,"league_list_icon_010",,,
"Template_29_Ranked1.1","TID_RANKED_LEAGUE_1",29,0,0,0,0,0,11,"Ranked1v1_NewArena","FALSE",,1,1,,"sc/ui_league_badges.sc","league_badge_001","league_badge_001_nofx","Gold",6000,,,,,"divider_league",1,10,60,"league_list_icon_001",,,
"Template_29_Ranked1.2","TID_RANKED_LEAGUE_1",29,23,0,1,3,0,11,"Ranked1v1_NewArena","FALSE",,,,,"sc/ui_league_badges.sc","league_badge_001","league_badge_001_nofx","WildcardCommon",250,,,,,,1,10,60,"league_list_icon_001",,,
"Template_29_Ranked1.3","TID_RANKED_LEAGUE_1",29,1,0,2,7,0,11,"Ranked1v1_NewArena","FALSE",,,,,"sc/ui_league_badges.sc","league_badge_001","league_badge_001_nofx","Gold",6000,,,,,,1,10,60,"league_list_icon_001",,,
"Template_29_Ranked2.1","TID_RANKED_LEAGUE_2",29,2,1,0,10,1,12,"Ranked1v1_NewArena","FALSE",,3,2,,"sc/ui_league_badges.sc","league_badge_002","league_badge_002_nofx","WildcardElite",2500,"Chest_Giant_Arena_L1",1,,,"divider_league",2,10,60,"league_list_icon_002",,,
"Template_29_Ranked2.2","TID_RANKED_LEAGUE_2",29,3,1,1,13,1,12,"Ranked1v1_NewArena","FALSE",,,,,"sc/ui_league_badges.sc","league_badge_002","league_badge_002_nofx","WildcardRare",50,,,,,,2,10,60,"league_list_icon_002",,,
"Template_29_Ranked2.3","TID_RANKED_LEAGUE_2",29,4,1,2,17,1,12,"Ranked1v1_NewArena","FALSE",,,,,"sc/ui_league_badges.sc","league_badge_002","league_badge_002_nofx","Gold",6000,,,,,,2,10,60,"league_list_icon_002",,,
"Template_29_Ranked3.1","TID_RANKED_LEAGUE_3",29,5,2,0,21,1,12,"Ranked1v1_NewArena","FALSE",,4,3,,"sc/ui_league_badges.sc","league_badge_003","league_badge_003_nofx","WildcardEpic",10,"Gold",15000,,,"divider_league",2,10,60,"league_list_icon_003",,,
"Template_29_Ranked3.2","TID_RANKED_LEAGUE_3",29,24,2,1,24,1,12,"Ranked1v1_NewArena","FALSE",,,,,"sc/ui_league_badges.sc","league_badge_003","league_badge_003_nofx","Gold",9000,,,,,,2,10,60,"league_list_icon_003",,,
"Template_29_Ranked3.3","TID_RANKED_LEAGUE_3",29,6,2,2,28,1,12,"Ranked1v1_NewArena","FALSE",,,,,"sc/ui_league_badges.sc","league_badge_003","league_badge_003_nofx","WildcardElite",5000,,,,,,2,10,60,"league_list_icon_003",,,
"Template_29_Ranked4.1","TID_RANKED_LEAGUE_4",29,7,3,0,32,1,13,"Ranked1v1_NewArena","FALSE",,5,4,"TRUE","sc/ui_league_badges.sc","league_badge_004","league_badge_004_nofx","Emote_EmoteChronos258",1,"Chest_Magic_Arena_L1",1,,,"divider_league",2,10,60,"league_list_icon_004",,,
"Template_29_Ranked4.2","TID_RANKED_LEAGUE_4",29,8,3,1,35,1,13,"Ranked1v1_NewArena","FALSE",,,,"TRUE","sc/ui_league_badges.sc","league_badge_004","league_badge_004_nofx","WildcardLegendary",1,,,,,,2,10,60,"league_list_icon_004",,,
"Template_29_Ranked4.3","TID_RANKED_LEAGUE_4",29,9,3,2,39,1,13,"Ranked1v1_NewArena","FALSE",,,,"TRUE","sc/ui_league_badges.sc","league_badge_004","league_badge_004_nofx","WildcardElite",7500,,,,,,2,10,60,"league_list_icon_004",,,
"Template_29_Ranked5.1","TID_RANKED_LEAGUE_5",29,10,4,0,43,1,13,"Ranked1v1_NewArena","FALSE",,6,5,"TRUE","sc/ui_league_badges.sc","league_badge_005","league_badge_005_nofx","WildcardChampion",1,"Gold",20000,,,"divider_league",2,10,60,"league_list_icon_005",,,
"Template_29_Ranked5.2","TID_RANKED_LEAGUE_5",29,11,4,1,46,1,13,"Ranked1v1_NewArena","FALSE",,,,"TRUE","sc/ui_league_badges.sc","league_badge_005","league_badge_005_nofx","Gold",12000,,,,,,2,10,60,"league_list_icon_005",,,
"Template_29_Ranked5.3","TID_RANKED_LEAGUE_5",29,12,4,2,50,1,13,"Ranked1v1_NewArena","FALSE",,,,"TRUE","sc/ui_league_badges.sc","league_badge_005","league_badge_005_nofx","WildcardCommon",250,,,,,,2,10,60,"league_list_icon_005",,,
"Template_29_Ranked6.1","TID_RANKED_LEAGUE_6",29,13,5,0,54,1,14,"Ranked1v1_NewArena","FALSE",,7,6,"TRUE","sc/ui_league_badges.sc","league_badge_006","league_badge_006_nofx","WildcardElite",10000,"Chest_Shop_Small_1_Arena_L1",1,,,"divider_league",2,10,60,"league_list_icon_006",,,
"Template_29_Ranked6.2","TID_RANKED_LEAGUE_6",29,14,5,1,57,1,14,"Ranked1v1_NewArena","FALSE",,,,"TRUE","sc/ui_league_badges.sc","league_badge_006","league_badge_006_nofx","WildcardRare",50,,,,,,2,10,60,"league_list_icon_006",,,
"Template_29_Ranked6.3","TID_RANKED_LEAGUE_6",29,15,5,2,61,1,14,"Ranked1v1_NewArena","FALSE",,,,"TRUE","sc/ui_league_badges.sc","league_badge_006","league_badge_006_nofx","Gold",12000,,,,,,2,10,60,"league_list_icon_006",,,
"Template_29_Ranked7.1","TID_RANKED_LEAGUE_7",29,16,6,0,65,1,14,"Ranked1v1_NewArena","FALSE",,-1,7,"TRUE","sc/ui_league_badges.sc","league_badge_007","league_badge_007_nofx","WildcardEpic",10,"Gold",25000,,,"divider_league",2,10,60,"league_list_icon_007",,,
"Template_29_Ranked7.2","TID_RANKED_LEAGUE_7",29,17,6,1,69,1,14,"Ranked1v1_NewArena","FALSE",,,,"TRUE","sc/ui_league_badges.sc","league_badge_007","league_badge_007_nofx","WildcardElite",10000,,,,,,2,10,60,"league_list_icon_007",,,
"Template_29_Ranked8.1","TID_RANKED_LEAGUE_8",29,18,7,0,73,1,15,"Ranked1v1_NewArena","FALSE",,-1,8,"TRUE","sc/ui_league_badges.sc","league_badge_008","league_badge_008_nofx","WildcardLegendary",1,"Chest_Shop_Large_Legendary_Arena_L1",1,,,"divider_league",2,10,60,"league_list_icon_008",,,
"Template_29_Ranked8.2","TID_RANKED_LEAGUE_8",29,19,7,1,77,1,15,"Ranked1v1_NewArena","FALSE",,,,"TRUE","sc/ui_league_badges.sc","league_badge_008","league_badge_008_nofx","Gold",12000,,,,,,2,10,60,"league_list_icon_008",,,
"Template_29_Ranked9.1","TID_RANKED_LEAGUE_9",29,20,8,0,82,1,15,"Ranked1v1_NewArena","FALSE",,-1,9,"TRUE","sc/ui_league_badges.sc","league_badge_009","league_badge_009_nofx","WildcardChampion",1,"Gold",30000,,,"divider_league",2,10,60,"league_list_icon_009",,,
"Template_29_Ranked9.2","TID_RANKED_LEAGUE_9",29,21,8,1,87,1,15,"Ranked1v1_NewArena","FALSE",,,,"TRUE","sc/ui_league_badges.sc","league_badge_009","league_badge_009_nofx","WildcardElite",15000,,,,,,2,10,60,"league_list_icon_009",,,
"Template_29_Ranked10","TID_RANKED_LEAGUE_10",29,22,9,0,93,1,15,"Ranked1v1_NewArena","TRUE",,-1,10,"TRUE","sc/ui_league_badges.sc","league_badge_010","league_badge_010_nofx","Gold",12000,"Emote_EmoteChronos71",1,,,"divider_league_last",15,150,90,"league_list_icon_010",,,
"Template_30_Ranked1.1","TID_RANKED_LEAGUE_1",30,0,0,0,0,0,11,"Ranked1v1_NewArena2","FALSE",,1,1,,"sc/ui_league_badges.sc","league_badge_001","league_badge_001_nofx","Gold",6000,,,,,"divider_league",1,10,60,"league_list_icon_001",,,
"Template_30_Ranked1.2","TID_RANKED_LEAGUE_1",30,23,0,1,3,0,11,"Ranked1v1_NewArena2","FALSE",,,,,"sc/ui_league_badges.sc","league_badge_001","league_badge_001_nofx","WildcardCommon",250,,,,,,1,10,60,"league_list_icon_001",,,
"Template_30_Ranked1.3","TID_RANKED_LEAGUE_1",30,1,0,2,7,0,11,"Ranked1v1_NewArena2","FALSE",,,,,"sc/ui_league_badges.sc","league_badge_001","league_badge_001_nofx","Gold",6000,,,,,,1,10,60,"league_list_icon_001",,,
"Template_30_Ranked2.1","TID_RANKED_LEAGUE_2",30,2,1,0,10,1,12,"Ranked1v1_NewArena2","FALSE",,3,2,,"sc/ui_league_badges.sc","league_badge_002","league_badge_002_nofx","WildcardElite",2500,"Chest_Giant_Arena_L1",1,,,"divider_league",2,10,60,"league_list_icon_002",,,
"Template_30_Ranked2.2","TID_RANKED_LEAGUE_2",30,3,1,1,13,1,12,"Ranked1v1_NewArena2","FALSE",,,,,"sc/ui_league_badges.sc","league_badge_002","league_badge_002_nofx","WildcardRare",50,,,,,,2,10,60,"league_list_icon_002",,,
"Template_30_Ranked2.3","TID_RANKED_LEAGUE_2",30,4,1,2,17,1,12,"Ranked1v1_NewArena2","FALSE",,,,,"sc/ui_league_badges.sc","league_badge_002","league_badge_002_nofx","Gold",6000,,,,,,2,10,60,"league_list_icon_002",,,
"Template_30_Ranked3.1","TID_RANKED_LEAGUE_3",30,5,2,0,21,1,12,"Ranked1v1_NewArena2","FALSE",,4,3,,"sc/ui_league_badges.sc","league_badge_003","league_badge_003_nofx","WildcardEpic",10,"Gold",15000,,,"divider_league",2,10,60,"league_list_icon_003",,,
"Template_30_Ranked3.2","TID_RANKED_LEAGUE_3",30,24,2,1,24,1,12,"Ranked1v1_NewArena2","FALSE",,,,,"sc/ui_league_badges.sc","league_badge_003","league_badge_003_nofx","Gold",9000,,,,,,2,10,60,"league_list_icon_003",,,
"Template_30_Ranked3.3","TID_RANKED_LEAGUE_3",30,6,2,2,28,1,12,"Ranked1v1_NewArena2","FALSE",,,,,"sc/ui_league_badges.sc","league_badge_003","league_badge_003_nofx","WildcardElite",5000,,,,,,2,10,60,"league_list_icon_003",,,
"Template_30_Ranked4.1","TID_RANKED_LEAGUE_4",30,7,3,0,32,1,13,"Ranked1v1_NewArena2","FALSE",,5,4,"TRUE","sc/ui_league_badges.sc","league_badge_004","league_badge_004_nofx","Emote_EmoteChronos261",1,"Chest_Magic_Arena_L1",1,,,"divider_league",2,10,60,"league_list_icon_004",,,
"Template_30_Ranked4.2","TID_RANKED_LEAGUE_4",30,8,3,1,35,1,13,"Ranked1v1_NewArena2","FALSE",,,,"TRUE","sc/ui_league_badges.sc","league_badge_004","league_badge_004_nofx","WildcardLegendary",1,,,,,,2,10,60,"league_list_icon_004",,,
"Template_30_Ranked4.3","TID_RANKED_LEAGUE_4",30,9,3,2,39,1,13,"Ranked1v1_NewArena2","FALSE",,,,"TRUE","sc/ui_league_badges.sc","league_badge_004","league_badge_004_nofx","WildcardElite",7500,,,,,,2,10,60,"league_list_icon_004",,,
"Template_30_Ranked5.1","TID_RANKED_LEAGUE_5",30,10,4,0,43,1,13,"Ranked1v1_NewArena2","FALSE",,6,5,"TRUE","sc/ui_league_badges.sc","league_badge_005","league_badge_005_nofx","WildcardChampion",1,"Gold",20000,,,"divider_league",2,10,60,"league_list_icon_005",,,
"Template_30_Ranked5.2","TID_RANKED_LEAGUE_5",30,11,4,1,46,1,13,"Ranked1v1_NewArena2","FALSE",,,,"TRUE","sc/ui_league_badges.sc","league_badge_005","league_badge_005_nofx","Gold",12000,,,,,,2,10,60,"league_list_icon_005",,,
"Template_30_Ranked5.3","TID_RANKED_LEAGUE_5",30,12,4,2,50,1,13,"Ranked1v1_NewArena2","FALSE",,,,"TRUE","sc/ui_league_badges.sc","league_badge_005","league_badge_005_nofx","WildcardCommon",250,,,,,,2,10,60,"league_list_icon_005",,,
"Template_30_Ranked6.1","TID_RANKED_LEAGUE_6",30,13,5,0,54,1,14,"Ranked1v1_NewArena2","FALSE",,7,6,"TRUE","sc/ui_league_badges.sc","league_badge_006","league_badge_006_nofx","WildcardElite",10000,"Chest_Shop_Small_1_Arena_L1",1,,,"divider_league",2,10,60,"league_list_icon_006",,,
"Template_30_Ranked6.2","TID_RANKED_LEAGUE_6",30,14,5,1,57,1,14,"Ranked1v1_NewArena2","FALSE",,,,"TRUE","sc/ui_league_badges.sc","league_badge_006","league_badge_006_nofx","WildcardRare",50,,,,,,2,10,60,"league_list_icon_006",,,
"Template_30_Ranked6.3","TID_RANKED_LEAGUE_6",30,15,5,2,61,1,14,"Ranked1v1_NewArena2","FALSE",,,,"TRUE","sc/ui_league_badges.sc","league_badge_006","league_badge_006_nofx","Gold",12000,,,,,,2,10,60,"league_list_icon_006",,,
"Template_30_Ranked7.1","TID_RANKED_LEAGUE_7",30,16,6,0,65,1,14,"Ranked1v1_NewArena2","FALSE",,-1,7,"TRUE","sc/ui_league_badges.sc","league_badge_007","league_badge_007_nofx","WildcardEpic",10,"Gold",25000,,,"divider_league",2,10,60,"league_list_icon_007",,,
"Template_30_Ranked7.2","TID_RANKED_LEAGUE_7",30,17,6,1,69,1,14,"Ranked1v1_NewArena2","FALSE",,,,"TRUE","sc/ui_league_badges.sc","league_badge_007","league_badge_007_nofx","WildcardElite",10000,,,,,,2,10,60,"league_list_icon_007",,,
"Template_30_Ranked8.1","TID_RANKED_LEAGUE_8",30,18,7,0,73,1,15,"Ranked1v1_NewArena2","FALSE",,-1,8,"TRUE","sc/ui_league_badges.sc","league_badge_008","league_badge_008_nofx","WildcardLegendary",1,"Chest_Shop_Large_Legendary_Arena_L1",1,,,"divider_league",2,10,60,"league_list_icon_008",,,
"Template_30_Ranked8.2","TID_RANKED_LEAGUE_8",30,19,7,1,77,1,15,"Ranked1v1_NewArena2","FALSE",,,,"TRUE","sc/ui_league_badges.sc","league_badge_008","league_badge_008_nofx","Gold",12000,,,,,,2,10,60,"league_list_icon_008",,,
"Template_30_Ranked9.1","TID_RANKED_LEAGUE_9",30,20,8,0,82,1,15,"Ranked1v1_NewArena2","FALSE",,-1,9,"TRUE","sc/ui_league_badges.sc","league_badge_009","league_badge_009_nofx","WildcardChampion",1,"Gold",30000,,,"divider_league",2,10,60,"league_list_icon_009",,,
"Template_30_Ranked9.2","TID_RANKED_LEAGUE_9",30,21,8,1,87,1,15,"Ranked1v1_NewArena2","FALSE",,,,"TRUE","sc/ui_league_badges.sc","league_badge_009","league_badge_009_nofx","WildcardElite",15000,,,,,,2,10,60,"league_list_icon_009",,,
"Template_30_Ranked10","TID_RANKED_LEAGUE_10",30,22,9,0,93,1,15,"Ranked1v1_NewArena2","TRUE",,-1,10,"TRUE","sc/ui_league_badges.sc","league_badge_010","league_badge_010_nofx","Gold",12000,"Emote_EmoteChronos71",1,,,"divider_league_last",15,150,90,"league_list_icon_010",,,
"Template_31_Ranked4.1","TID_RANKED_LEAGUE_4",31,7,0,0,0,0,0,"Ranked1v1_NewArena2","FALSE",,5,1,"TRUE","sc/ui_league_badges.sc","league_badge_004","league_badge_004_nofx","WildcardCommon",250,"Chest_Magic_Arena_L10",1,,,"divider_league",2,10,60,"league_list_icon_004",,,
"Template_31_Ranked4.2","TID_RANKED_LEAGUE_4",31,8,0,1,3,1,0,"Ranked1v1_NewArena2","FALSE",,,,"TRUE","sc/ui_league_badges.sc","league_badge_004","league_badge_004_nofx","WildcardRare",50,,,,,,2,10,60,"league_list_icon_004",,,
"Template_31_Ranked4.3","TID_RANKED_LEAGUE_4",31,9,0,2,7,1,0,"Ranked1v1_NewArena2","FALSE",,,,"TRUE","sc/ui_league_badges.sc","league_badge_004","league_badge_004_nofx","WildcardElite",7500,,,,,,2,10,60,"league_list_icon_004",,,
"Template_31_Ranked5.1","TID_RANKED_LEAGUE_5",31,10,1,0,11,1,0,"Ranked1v1_NewArena2","FALSE",,6,1,"TRUE","sc/ui_league_badges.sc","league_badge_005","league_badge_005_nofx","Emote_EmoteChronos268",1,"Gold",30000,,,"divider_league",2,10,60,"league_list_icon_005",,,
"Template_31_Ranked5.2","TID_RANKED_LEAGUE_5",31,11,1,1,14,1,0,"Ranked1v1_NewArena2","FALSE",,,,"TRUE","sc/ui_league_badges.sc","league_badge_005","league_badge_005_nofx","WildcardEpic",10,,,,,,2,10,60,"league_list_icon_005",,,
"Template_31_Ranked5.3","TID_RANKED_LEAGUE_5",31,12,1,2,18,1,0,"Ranked1v1_NewArena2","FALSE",,,,"TRUE","sc/ui_league_badges.sc","league_badge_005","league_badge_005_nofx","WildcardLegendary",1,,,,,,2,10,60,"league_list_icon_005",,,
"Template_31_Ranked6.1","TID_RANKED_LEAGUE_6",31,13,2,0,22,1,0,"Ranked1v1_NewArena2","FALSE",,7,1,"TRUE","sc/ui_league_badges.sc","league_badge_006","league_badge_006_nofx","WildcardChampion",1,"Chest_Shop_Small_1_Arena_L10",1,,,"divider_league",2,10,60,"league_list_icon_006",,,
"Template_31_Ranked6.2","TID_RANKED_LEAGUE_6",31,14,2,1,25,1,0,"Ranked1v1_NewArena2","FALSE",,,,"TRUE","sc/ui_league_badges.sc","league_badge_006","league_badge_006_nofx","Gold",10000,,,,,,2,10,60,"league_list_icon_006",,,
"Template_31_Ranked6.3","TID_RANKED_LEAGUE_6",31,15,2,2,29,1,0,"Ranked1v1_NewArena2","FALSE",,,,"TRUE","sc/ui_league_badges.sc","league_badge_006","league_badge_006_nofx","WildcardCommon",250,,,,,,2,10,60,"league_list_icon_006",,,
"Template_31_Ranked7.1","TID_RANKED_LEAGUE_7",31,16,3,0,33,1,0,"Ranked1v1_NewArena2","FALSE",,-1,1,"TRUE","sc/ui_league_badges.sc","league_badge_007","league_badge_007_nofx","WildcardElite",7500,"Gold",30000,,,"divider_league",2,10,60,"league_list_icon_007",,,
"Template_31_Ranked7.2","TID_RANKED_LEAGUE_7",31,17,3,1,38,1,0,"Ranked1v1_NewArena2","FALSE",,,,"TRUE","sc/ui_league_badges.sc","league_badge_007","league_badge_007_nofx","WildcardRare",50,,,,,,2,10,60,"league_list_icon_007",,,
"Template_31_Ranked8.1","TID_RANKED_LEAGUE_8",31,18,4,0,43,1,0,"Ranked1v1_NewArena2","FALSE",,-1,4,"TRUE","sc/ui_league_badges.sc","league_badge_008","league_badge_008_nofx","WildcardLegendary",1,"Chest_Shop_Large_Legendary_Arena_L10",1,,,"divider_league",2,10,60,"league_list_icon_008",,,
"Template_31_Ranked8.2","TID_RANKED_LEAGUE_8",31,19,4,1,48,1,0,"Ranked1v1_NewArena2","FALSE",,,,"TRUE","sc/ui_league_badges.sc","league_badge_008","league_badge_008_nofx","Gold",15000,,,,,,2,10,60,"league_list_icon_008",,,
"Template_31_Ranked9.1","TID_RANKED_LEAGUE_9",31,20,5,0,53,1,0,"Ranked1v1_NewArena2","FALSE",,-1,5,"TRUE","sc/ui_league_badges.sc","league_badge_009","league_badge_009_nofx","WildcardElite",10000,"Gold",30000,,,"divider_league",2,10,60,"league_list_icon_009",,,
"Template_31_Ranked9.2","TID_RANKED_LEAGUE_9",31,21,5,1,58,1,0,"Ranked1v1_NewArena2","FALSE",,,,"TRUE","sc/ui_league_badges.sc","league_badge_009","league_badge_009_nofx","WildcardEpic",10,,,,,,2,10,60,"league_list_icon_009",,,
"Template_31_Ranked10","TID_RANKED_LEAGUE_10",31,22,6,0,63,1,0,"Ranked1v1_NewArena2","TRUE",,-1,6,"TRUE","sc/ui_league_badges.sc","league_badge_010","league_badge_010_nofx","WildcardChampion",1,"Emote_EmoteChronos71",1,,,"divider_league_last",15,150,90,"league_list_icon_010",,,
"Template_32_Ranked4.1","TID_RANKED_LEAGUE_4",32,7,0,0,0,0,0,"Ranked1v1_NewArena","FALSE",,5,1,"TRUE","sc/ui_league_badges.sc","league_badge_004","league_badge_004_nofx","WildcardCommon",250,"Chest_Magic_Arena_L10",1,,,"divider_league",2,10,60,"league_list_icon_004",,,
"Template_32_Ranked4.2","TID_RANKED_LEAGUE_4",32,8,0,1,3,1,0,"Ranked1v1_NewArena","FALSE",,,,"TRUE","sc/ui_league_badges.sc","league_badge_004","league_badge_004_nofx","WildcardRare",50,,,,,,2,10,60,"league_list_icon_004",,,
"Template_32_Ranked4.3","TID_RANKED_LEAGUE_4",32,9,0,2,7,1,0,"Ranked1v1_NewArena","FALSE",,,,"TRUE","sc/ui_league_badges.sc","league_badge_004","league_badge_004_nofx","WildcardElite",7500,,,,,,2,10,60,"league_list_icon_004",,,
"Template_32_Ranked5.1","TID_RANKED_LEAGUE_5",32,10,1,0,11,1,0,"Ranked1v1_NewArena","FALSE",,6,1,"TRUE","sc/ui_league_badges.sc","league_badge_005","league_badge_005_nofx","Emote_EmoteChronos282",1,"Gold",30000,,,"divider_league",2,10,60,"league_list_icon_005",,,
"Template_32_Ranked5.2","TID_RANKED_LEAGUE_5",32,11,1,1,14,1,0,"Ranked1v1_NewArena","FALSE",,,,"TRUE","sc/ui_league_badges.sc","league_badge_005","league_badge_005_nofx","WildcardEpic",10,,,,,,2,10,60,"league_list_icon_005",,,
"Template_32_Ranked5.3","TID_RANKED_LEAGUE_5",32,12,1,2,18,1,0,"Ranked1v1_NewArena","FALSE",,,,"TRUE","sc/ui_league_badges.sc","league_badge_005","league_badge_005_nofx","WildcardLegendary",1,,,,,,2,10,60,"league_list_icon_005",,,
"Template_32_Ranked6.1","TID_RANKED_LEAGUE_6",32,13,2,0,22,1,0,"Ranked1v1_NewArena","FALSE",,7,1,"TRUE","sc/ui_league_badges.sc","league_badge_006","league_badge_006_nofx","WildcardChampion",1,"Chest_Shop_Small_1_Arena_L10",1,,,"divider_league",2,10,60,"league_list_icon_006",,,
"Template_32_Ranked6.2","TID_RANKED_LEAGUE_6",32,14,2,1,25,1,0,"Ranked1v1_NewArena","FALSE",,,,"TRUE","sc/ui_league_badges.sc","league_badge_006","league_badge_006_nofx","Gold",10000,,,,,,2,10,60,"league_list_icon_006",,,
"Template_32_Ranked6.3","TID_RANKED_LEAGUE_6",32,15,2,2,29,1,0,"Ranked1v1_NewArena","FALSE",,,,"TRUE","sc/ui_league_badges.sc","league_badge_006","league_badge_006_nofx","WildcardCommon",250,,,,,,2,10,60,"league_list_icon_006",,,
"Template_32_Ranked7.1","TID_RANKED_LEAGUE_7",32,16,3,0,33,1,0,"Ranked1v1_NewArena","FALSE",,-1,1,"TRUE","sc/ui_league_badges.sc","league_badge_007","league_badge_007_nofx","WildcardElite",7500,"Gold",30000,,,"divider_league",2,10,60,"league_list_icon_007",,,
"Template_32_Ranked7.2","TID_RANKED_LEAGUE_7",32,17,3,1,38,1,0,"Ranked1v1_NewArena","FALSE",,,,"TRUE","sc/ui_league_badges.sc","league_badge_007","league_badge_007_nofx","WildcardRare",50,,,,,,2,10,60,"league_list_icon_007",,,
"Template_32_Ranked8.1","TID_RANKED_LEAGUE_8",32,18,4,0,43,1,0,"Ranked1v1_NewArena","FALSE",,-1,4,"TRUE","sc/ui_league_badges.sc","league_badge_008","league_badge_008_nofx","WildcardLegendary",1,"Chest_Shop_Large_Legendary_Arena_L10",1,,,"divider_league",2,10,60,"league_list_icon_008",,,
"Template_32_Ranked8.2","TID_RANKED_LEAGUE_8",32,19,4,1,48,1,0,"Ranked1v1_NewArena","FALSE",,,,"TRUE","sc/ui_league_badges.sc","league_badge_008","league_badge_008_nofx","Gold",15000,,,,,,2,10,60,"league_list_icon_008",,,
"Template_32_Ranked9.1","TID_RANKED_LEAGUE_9",32,20,5,0,53,1,0,"Ranked1v1_NewArena","FALSE",,-1,5,"TRUE","sc/ui_league_badges.sc","league_badge_009","league_badge_009_nofx","WildcardElite",10000,"Gold",30000,,,"divider_league",2,10,60,"league_list_icon_009",,,
"Template_32_Ranked9.2","TID_RANKED_LEAGUE_9",32,21,5,1,58,1,0,"Ranked1v1_NewArena","FALSE",,,,"TRUE","sc/ui_league_badges.sc","league_badge_009","league_badge_009_nofx","WildcardEpic",10,,,,,,2,10,60,"league_list_icon_009",,,
"Template_32_Ranked10","TID_RANKED_LEAGUE_10",32,22,6,0,63,1,0,"Ranked1v1_NewArena","TRUE",,-1,6,"TRUE","sc/ui_league_badges.sc","league_badge_010","league_badge_010_nofx","WildcardChampion",1,"Emote_EmoteChronos71",1,,,"divider_league_last",15,150,90,"league_list_icon_010",,,
"Template_33_Ranked4.1","TID_RANKED_LEAGUE_4",33,7,0,0,0,0,0,"Ranked1v1_NewArena2","FALSE",,5,1,"TRUE","sc/ui_league_badges.sc","league_badge_004","league_badge_004_nofx","WildcardCommon",250,"Chest_Magic_Arena_L10",1,,,"divider_league",2,10,60,"league_list_icon_004",,,
"Template_33_Ranked4.2","TID_RANKED_LEAGUE_4",33,8,0,1,3,1,0,"Ranked1v1_NewArena2","FALSE",,,,"TRUE","sc/ui_league_badges.sc","league_badge_004","league_badge_004_nofx","WildcardRare",50,,,,,,2,10,60,"league_list_icon_004",,,
"Template_33_Ranked4.3","TID_RANKED_LEAGUE_4",33,9,0,2,7,1,0,"Ranked1v1_NewArena2","FALSE",,,,"TRUE","sc/ui_league_badges.sc","league_badge_004","league_badge_004_nofx","WildcardElite",7500,,,,,,2,10,60,"league_list_icon_004",,,
"Template_33_Ranked5.1","TID_RANKED_LEAGUE_5",33,10,1,0,11,1,0,"Ranked1v1_NewArena2","FALSE",,6,1,"TRUE","sc/ui_league_badges.sc","league_badge_005","league_badge_005_nofx","Emote_EmoteChronos284",1,"Gold",30000,,,"divider_league",2,10,60,"league_list_icon_005",,,
"Template_33_Ranked5.2","TID_RANKED_LEAGUE_5",33,11,1,1,14,1,0,"Ranked1v1_NewArena2","FALSE",,,,"TRUE","sc/ui_league_badges.sc","league_badge_005","league_badge_005_nofx","WildcardEpic",10,,,,,,2,10,60,"league_list_icon_005",,,
"Template_33_Ranked5.3","TID_RANKED_LEAGUE_5",33,12,1,2,18,1,0,"Ranked1v1_NewArena2","FALSE",,,,"TRUE","sc/ui_league_badges.sc","league_badge_005","league_badge_005_nofx","WildcardLegendary",1,,,,,,2,10,60,"league_list_icon_005",,,
"Template_33_Ranked6.1","TID_RANKED_LEAGUE_6",33,13,2,0,22,1,0,"Ranked1v1_NewArena2","FALSE",,7,1,"TRUE","sc/ui_league_badges.sc","league_badge_006","league_badge_006_nofx","WildcardChampion",1,"Chest_Shop_Small_1_Arena_L10",1,,,"divider_league",2,10,60,"league_list_icon_006",,,
"Template_33_Ranked6.2","TID_RANKED_LEAGUE_6",33,14,2,1,25,1,0,"Ranked1v1_NewArena2","FALSE",,,,"TRUE","sc/ui_league_badges.sc","league_badge_006","league_badge_006_nofx","Gold",10000,,,,,,2,10,60,"league_list_icon_006",,,
"Template_33_Ranked6.3","TID_RANKED_LEAGUE_6",33,15,2,2,29,1,0,"Ranked1v1_NewArena2","FALSE",,,,"TRUE","sc/ui_league_badges.sc","league_badge_006","league_badge_006_nofx","WildcardCommon",250,,,,,,2,10,60,"league_list_icon_006",,,
"Template_33_Ranked7.1","TID_RANKED_LEAGUE_7",33,16,3,0,33,1,0,"Ranked1v1_NewArena2","FALSE",,-1,1,"TRUE","sc/ui_league_badges.sc","league_badge_007","league_badge_007_nofx","WildcardElite",7500,"Gold",30000,,,"divider_league",2,10,60,"league_list_icon_007",,,
"Template_33_Ranked7.2","TID_RANKED_LEAGUE_7",33,17,3,1,38,1,0,"Ranked1v1_NewArena2","FALSE",,,,"TRUE","sc/ui_league_badges.sc","league_badge_007","league_badge_007_nofx","WildcardRare",50,,,,,,2,10,60,"league_list_icon_007",,,
"Template_33_Ranked8.1","TID_RANKED_LEAGUE_8",33,18,4,0,43,1,0,"Ranked1v1_NewArena2","FALSE",,-1,4,"TRUE","sc/ui_league_badges.sc","league_badge_008","league_badge_008_nofx","WildcardLegendary",1,"Chest_Shop_Large_Legendary_Arena_L10",1,,,"divider_league",2,10,60,"league_list_icon_008",,,
"Template_33_Ranked8.2","TID_RANKED_LEAGUE_8",33,19,4,1,48,1,0,"Ranked1v1_NewArena2","FALSE",,,,"TRUE","sc/ui_league_badges.sc","league_badge_008","league_badge_008_nofx","Gold",15000,,,,,,2,10,60,"league_list_icon_008",,,
"Template_33_Ranked9.1","TID_RANKED_LEAGUE_9",33,20,5,0,53,1,0,"Ranked1v1_NewArena2","FALSE",,-1,5,"TRUE","sc/ui_league_badges.sc","league_badge_009","league_badge_009_nofx","WildcardElite",10000,"Gold",30000,,,"divider_league",2,10,60,"league_list_icon_009",,,
"Template_33_Ranked9.2","TID_RANKED_LEAGUE_9",33,21,5,1,58,1,0,"Ranked1v1_NewArena2","FALSE",,,,"TRUE","sc/ui_league_badges.sc","league_badge_009","league_badge_009_nofx","WildcardEpic",10,,,,,,2,10,60,"league_list_icon_009",,,
"Template_33_Ranked10","TID_RANKED_LEAGUE_10",33,22,6,0,63,1,0,"Ranked1v1_NewArena2","TRUE",,-1,6,"TRUE","sc/ui_league_badges.sc","league_badge_010","league_badge_010_nofx","WildcardChampion",1,"Emote_EmoteChronos71",1,,,"divider_league_last",15,150,90,"league_list_icon_010",,,
"Template_34_Ranked4.1","TID_RANKED_LEAGUE_4",34,7,0,0,0,0,0,"Ranked1v1_NewArena","FALSE",,5,1,"TRUE","sc/ui_league_badges.sc","league_badge_004","league_badge_004_nofx","WildcardCommon",250,"Chest_Magic_Arena_L10",1,,,"divider_league",2,10,60,"league_list_icon_004",,,
"Template_34_Ranked4.2","TID_RANKED_LEAGUE_4",34,8,0,1,3,1,0,"Ranked1v1_NewArena","FALSE",,,,"TRUE","sc/ui_league_badges.sc","league_badge_004","league_badge_004_nofx","WildcardRare",50,,,,,,2,10,60,"league_list_icon_004",,,
"Template_34_Ranked4.3","TID_RANKED_LEAGUE_4",34,9,0,2,7,1,0,"Ranked1v1_NewArena","FALSE",,,,"TRUE","sc/ui_league_badges.sc","league_badge_004","league_badge_004_nofx","WildcardElite",7500,,,,,,2,10,60,"league_list_icon_004",,,
"Template_34_Ranked5.1","TID_RANKED_LEAGUE_5",34,10,1,0,11,1,0,"Ranked1v1_NewArena","FALSE",,6,1,"TRUE","sc/ui_league_badges.sc","league_badge_005","league_badge_005_nofx","Emote_EmoteChronos292",1,"Gold",30000,,,"divider_league",2,10,60,"league_list_icon_005",,,
"Template_34_Ranked5.2","TID_RANKED_LEAGUE_5",34,11,1,1,14,1,0,"Ranked1v1_NewArena","FALSE",,,,"TRUE","sc/ui_league_badges.sc","league_badge_005","league_badge_005_nofx","WildcardEpic",10,,,,,,2,10,60,"league_list_icon_005",,,
"Template_34_Ranked5.3","TID_RANKED_LEAGUE_5",34,12,1,2,18,1,0,"Ranked1v1_NewArena","FALSE",,,,"TRUE","sc/ui_league_badges.sc","league_badge_005","league_badge_005_nofx","WildcardLegendary",1,,,,,,2,10,60,"league_list_icon_005",,,
"Template_34_Ranked6.1","TID_RANKED_LEAGUE_6",34,13,2,0,22,1,0,"Ranked1v1_NewArena","FALSE",,7,1,"TRUE","sc/ui_league_badges.sc","league_badge_006","league_badge_006_nofx","WildcardChampion",1,"Chest_Shop_Small_1_Arena_L10",1,,,"divider_league",2,10,60,"league_list_icon_006",,,
"Template_34_Ranked6.2","TID_RANKED_LEAGUE_6",34,14,2,1,25,1,0,"Ranked1v1_NewArena","FALSE",,,,"TRUE","sc/ui_league_badges.sc","league_badge_006","league_badge_006_nofx","Gold",10000,,,,,,2,10,60,"league_list_icon_006",,,
"Template_34_Ranked6.3","TID_RANKED_LEAGUE_6",34,15,2,2,29,1,0,"Ranked1v1_NewArena","FALSE",,,,"TRUE","sc/ui_league_badges.sc","league_badge_006","league_badge_006_nofx","WildcardCommon",250,,,,,,2,10,60,"league_list_icon_006",,,
"Template_34_Ranked7.1","TID_RANKED_LEAGUE_7",34,16,3,0,33,1,0,"Ranked1v1_NewArena","FALSE",,-1,1,"TRUE","sc/ui_league_badges.sc","league_badge_007","league_badge_007_nofx","WildcardElite",7500,"Gold",30000,,,"divider_league",2,10,60,"league_list_icon_007",,,
"Template_34_Ranked7.2","TID_RANKED_LEAGUE_7",34,17,3,1,38,1,0,"Ranked1v1_NewArena","FALSE",,,,"TRUE","sc/ui_league_badges.sc","league_badge_007","league_badge_007_nofx","WildcardRare",50,,,,,,2,10,60,"league_list_icon_007",,,
"Template_34_Ranked8.1","TID_RANKED_LEAGUE_8",34,18,4,0,43,1,0,"Ranked1v1_NewArena","FALSE",,-1,4,"TRUE","sc/ui_league_badges.sc","league_badge_008","league_badge_008_nofx","WildcardLegendary",1,"Chest_Shop_Large_Legendary_Arena_L10",1,,,"divider_league",2,10,60,"league_list_icon_008",,,
"Template_34_Ranked8.2","TID_RANKED_LEAGUE_8",34,19,4,1,48,1,0,"Ranked1v1_NewArena","FALSE",,,,"TRUE","sc/ui_league_badges.sc","league_badge_008","league_badge_008_nofx","Gold",15000,,,,,,2,10,60,"league_list_icon_008",,,
"Template_34_Ranked9.1","TID_RANKED_LEAGUE_9",34,20,5,0,53,1,0,"Ranked1v1_NewArena","FALSE",,-1,5,"TRUE","sc/ui_league_badges.sc","league_badge_009","league_badge_009_nofx","WildcardElite",10000,"Gold",30000,,,"divider_league",2,10,60,"league_list_icon_009",,,
"Template_34_Ranked9.2","TID_RANKED_LEAGUE_9",34,21,5,1,58,1,0,"Ranked1v1_NewArena","FALSE",,,,"TRUE","sc/ui_league_badges.sc","league_badge_009","league_badge_009_nofx","WildcardEpic",10,,,,,,2,10,60,"league_list_icon_009",,,
"Template_34_Ranked10","TID_RANKED_LEAGUE_10",34,22,6,0,63,1,0,"Ranked1v1_NewArena","TRUE",,-1,6,"TRUE","sc/ui_league_badges.sc","league_badge_010","league_badge_010_nofx","WildcardChampion",1,"Emote_EmoteChronos71",1,,,"divider_league_last",15,150,90,"league_list_icon_010",,,
"Template_35_Ranked4.1","TID_RANKED_LEAGUE_4",35,7,0,0,0,0,15,"Ranked1v1_NewArena2","FALSE",,5,1,"TRUE","sc/ui_league_badges.sc","league_badge_004","league_badge_004_nofx","WildcardCommon",250,"Chest_Magic_Arena_L10",1,,,"divider_league",2,10,60,"league_list_icon_004",,,
"Template_35_Ranked4.2","TID_RANKED_LEAGUE_4",35,8,0,1,3,1,15,"Ranked1v1_NewArena2","FALSE",,,,"TRUE","sc/ui_league_badges.sc","league_badge_004","league_badge_004_nofx","WildcardRare",50,,,,,,2,10,60,"league_list_icon_004",,,
"Template_35_Ranked4.3","TID_RANKED_LEAGUE_4",35,9,0,2,7,1,15,"Ranked1v1_NewArena2","FALSE",,,,"TRUE","sc/ui_league_badges.sc","league_badge_004","league_badge_004_nofx","Chest_Giant_Arena_L10",1,,,,,,2,10,60,"league_list_icon_004",,,
"Template_35_Ranked5.1","TID_RANKED_LEAGUE_5",35,10,1,0,11,1,15,"Ranked1v1_NewArena2","FALSE",,6,1,"TRUE","sc/ui_league_badges.sc","league_badge_005","league_badge_005_nofx","Emote_EmoteChronos301",1,"Gold",30000,,,"divider_league",2,10,60,"league_list_icon_005",,,
"Template_35_Ranked5.2","TID_RANKED_LEAGUE_5",35,11,1,1,14,1,15,"Ranked1v1_NewArena2","FALSE",,,,"TRUE","sc/ui_league_badges.sc","league_badge_005","league_badge_005_nofx","WildcardEpic",10,,,,,,2,10,60,"league_list_icon_005",,,
"Template_35_Ranked5.3","TID_RANKED_LEAGUE_5",35,12,1,2,18,1,15,"Ranked1v1_NewArena2","FALSE",,,,"TRUE","sc/ui_league_badges.sc","league_badge_005","league_badge_005_nofx","WildcardLegendary",1,,,,,,2,10,60,"league_list_icon_005",,,
"Template_35_Ranked6.1","TID_RANKED_LEAGUE_6",35,13,2,0,22,1,15,"Ranked1v1_NewArena2","FALSE",,7,1,"TRUE","sc/ui_league_badges.sc","league_badge_006","league_badge_006_nofx","WildcardChampion",1,"Chest_Shop_Small_1_Arena_L10",1,,,"divider_league",2,10,60,"league_list_icon_006",,,
"Template_35_Ranked6.2","TID_RANKED_LEAGUE_6",35,14,2,1,25,1,15,"Ranked1v1_NewArena2","FALSE",,,,"TRUE","sc/ui_league_badges.sc","league_badge_006","league_badge_006_nofx","Gold",10000,,,,,,2,10,60,"league_list_icon_006",,,
"Template_35_Ranked6.3","TID_RANKED_LEAGUE_6",35,15,2,2,29,1,15,"Ranked1v1_NewArena2","FALSE",,,,"TRUE","sc/ui_league_badges.sc","league_badge_006","league_badge_006_nofx","WildcardCommon",250,,,,,,2,10,60,"league_list_icon_006",,,
"Template_35_Ranked7.1","TID_RANKED_LEAGUE_7",35,16,3,0,33,1,15,"Ranked1v1_NewArena2","FALSE",,-1,1,"TRUE","sc/ui_league_badges.sc","league_badge_007","league_badge_007_nofx","Chest_Giant_Arena_L10",1,"Gold",30000,,,"divider_league",2,10,60,"league_list_icon_007",,,
"Template_35_Ranked7.2","TID_RANKED_LEAGUE_7",35,17,3,1,38,1,15,"Ranked1v1_NewArena2","FALSE",,,,"TRUE","sc/ui_league_badges.sc","league_badge_007","league_badge_007_nofx","WildcardRare",50,,,,,,2,10,60,"league_list_icon_007",,,
"Template_35_Ranked8.1","TID_RANKED_LEAGUE_8",35,18,4,0,43,1,15,"Ranked1v1_NewArena2","FALSE",,-1,4,"TRUE","sc/ui_league_badges.sc","league_badge_008","league_badge_008_nofx","WildcardLegendary",1,"Chest_Shop_Large_Legendary_Arena_L10",1,,,"divider_league",2,10,60,"league_list_icon_008",,,
"Template_35_Ranked8.2","TID_RANKED_LEAGUE_8",35,19,4,1,48,1,15,"Ranked1v1_NewArena2","FALSE",,,,"TRUE","sc/ui_league_badges.sc","league_badge_008","league_badge_008_nofx","Gold",15000,,,,,,2,10,60,"league_list_icon_008",,,
"Template_35_Ranked9.1","TID_RANKED_LEAGUE_9",35,20,5,0,53,1,15,"Ranked1v1_NewArena2","FALSE",,-1,5,"TRUE","sc/ui_league_badges.sc","league_badge_009","league_badge_009_nofx","Chest_Magic_Arena_L10",1,"Gold",30000,,,"divider_league",2,10,60,"league_list_icon_009",,,
"Template_35_Ranked9.2","TID_RANKED_LEAGUE_9",35,21,5,1,58,1,15,"Ranked1v1_NewArena2","FALSE",,,,"TRUE","sc/ui_league_badges.sc","league_badge_009","league_badge_009_nofx","WildcardEpic",10,,,,,,2,10,60,"league_list_icon_009",,,
"Template_35_Ranked10","TID_RANKED_LEAGUE_10",35,22,6,0,63,1,15,"Ranked1v1_NewArena2","TRUE",,-1,6,"TRUE","sc/ui_league_badges.sc","league_badge_010","league_badge_010_nofx","WildcardChampion",1,"Emote_EmoteChronos71",1,,,"divider_league_last",15,150,90,"league_list_icon_010",,,
"Template_36_Ranked4.1","TID_RANKED_LEAGUE_4",36,7,0,0,0,0,15,"Ranked1v1_NewArena","FALSE",,5,1,"TRUE","sc/ui_league_badges.sc","league_badge_004","league_badge_004_nofx","WildcardCommon",250,"Chest_Magic_Arena_L10",1,,,"divider_league",2,10,60,"league_list_icon_004",,,
"Template_36_Ranked4.2","TID_RANKED_LEAGUE_4",36,8,0,1,3,1,15,"Ranked1v1_NewArena","FALSE",,,,"TRUE","sc/ui_league_badges.sc","league_badge_004","league_badge_004_nofx","WildcardRare",50,,,,,,2,10,60,"league_list_icon_004",,,
"Template_36_Ranked4.3","TID_RANKED_LEAGUE_4",36,9,0,2,7,1,15,"Ranked1v1_NewArena","FALSE",,,,"TRUE","sc/ui_league_badges.sc","league_badge_004","league_badge_004_nofx","Chest_Giant_Arena_L10",1,,,,,,2,10,60,"league_list_icon_004",,,
"Template_36_Ranked5.1","TID_RANKED_LEAGUE_5",36,10,1,0,11,1,15,"Ranked1v1_NewArena","FALSE",,6,1,"TRUE","sc/ui_league_badges.sc","league_badge_005","league_badge_005_nofx","Emote_EmoteChronos322",1,"Gold",30000,,,"divider_league",2,10,60,"league_list_icon_005",,,
"Template_36_Ranked5.2","TID_RANKED_LEAGUE_5",36,11,1,1,14,1,15,"Ranked1v1_NewArena","FALSE",,,,"TRUE","sc/ui_league_badges.sc","league_badge_005","league_badge_005_nofx","WildcardEpic",10,,,,,,2,10,60,"league_list_icon_005",,,
"Template_36_Ranked5.3","TID_RANKED_LEAGUE_5",36,12,1,2,18,1,15,"Ranked1v1_NewArena","FALSE",,,,"TRUE","sc/ui_league_badges.sc","league_badge_005","league_badge_005_nofx","WildcardLegendary",1,,,,,,2,10,60,"league_list_icon_005",,,
"Template_36_Ranked6.1","TID_RANKED_LEAGUE_6",36,13,2,0,22,1,15,"Ranked1v1_NewArena","FALSE",,7,1,"TRUE","sc/ui_league_badges.sc","league_badge_006","league_badge_006_nofx","WildcardChampion",1,"Chest_Shop_Small_1_Arena_L10",1,,,"divider_league",2,10,60,"league_list_icon_006",,,
"Template_36_Ranked6.2","TID_RANKED_LEAGUE_6",36,14,2,1,25,1,15,"Ranked1v1_NewArena","FALSE",,,,"TRUE","sc/ui_league_badges.sc","league_badge_006","league_badge_006_nofx","Gold",10000,,,,,,2,10,60,"league_list_icon_006",,,
"Template_36_Ranked6.3","TID_RANKED_LEAGUE_6",36,15,2,2,29,1,15,"Ranked1v1_NewArena","FALSE",,,,"TRUE","sc/ui_league_badges.sc","league_badge_006","league_badge_006_nofx","WildcardCommon",250,,,,,,2,10,60,"league_list_icon_006",,,
"Template_36_Ranked7.1","TID_RANKED_LEAGUE_7",36,16,3,0,33,1,15,"Ranked1v1_NewArena","FALSE",,-1,1,"TRUE","sc/ui_league_badges.sc","league_badge_007","league_badge_007_nofx","Chest_Giant_Arena_L10",1,"Gold",30000,,,"divider_league",2,10,60,"league_list_icon_007",,,
"Template_36_Ranked7.2","TID_RANKED_LEAGUE_7",36,17,3,1,38,1,15,"Ranked1v1_NewArena","FALSE",,,,"TRUE","sc/ui_league_badges.sc","league_badge_007","league_badge_007_nofx","WildcardRare",50,,,,,,2,10,60,"league_list_icon_007",,,
"Template_36_Ranked8.1","TID_RANKED_LEAGUE_8",36,18,4,0,43,1,15,"Ranked1v1_NewArena","FALSE",,-1,4,"TRUE","sc/ui_league_badges.sc","league_badge_008","league_badge_008_nofx","WildcardLegendary",1,"Chest_Shop_Large_Legendary_Arena_L10",1,,,"divider_league",2,10,60,"league_list_icon_008",,,
"Template_36_Ranked8.2","TID_RANKED_LEAGUE_8",36,19,4,1,48,1,15,"Ranked1v1_NewArena","FALSE",,,,"TRUE","sc/ui_league_badges.sc","league_badge_008","league_badge_008_nofx","Gold",15000,,,,,,2,10,60,"league_list_icon_008",,,
"Template_36_Ranked9.1","TID_RANKED_LEAGUE_9",36,20,5,0,53,1,15,"Ranked1v1_NewArena","FALSE",,-1,5,"TRUE","sc/ui_league_badges.sc","league_badge_009","league_badge_009_nofx","Chest_Magic_Arena_L10",1,"Gold",30000,,,"divider_league",2,10,60,"league_list_icon_009",,,
"Template_36_Ranked9.2","TID_RANKED_LEAGUE_9",36,21,5,1,58,1,15,"Ranked1v1_NewArena","FALSE",,,,"TRUE","sc/ui_league_badges.sc","league_badge_009","league_badge_009_nofx","WildcardEpic",10,,,,,,2,10,60,"league_list_icon_009",,,
"Template_36_Ranked10","TID_RANKED_LEAGUE_10",36,22,6,0,63,1,15,"Ranked1v1_NewArena","TRUE",,-1,6,"TRUE","sc/ui_league_badges.sc","league_badge_010","league_badge_010_nofx","WildcardChampion",1,"Emote_EmoteChronos71",1,,,"divider_league_last",15,150,90,"league_list_icon_010",,,
"Template_37_Ranked4.1","TID_RANKED_LEAGUE_4",37,7,0,0,0,1,15,"Ranked1v1_NewArena2","FALSE",,5,1,"TRUE","sc/ui_league_badges.sc","league_badge_004","league_badge_004_nofx","WildcardCommon",250,"Chest_Magic_Arena_L10",1,,,"divider_league",2,10,60,"league_list_icon_004",,,
"Template_37_Ranked4.2","TID_RANKED_LEAGUE_4",37,8,0,1,3,1,15,"Ranked1v1_NewArena2","FALSE",,,,"TRUE","sc/ui_league_badges.sc","league_badge_004","league_badge_004_nofx","WildcardRare",50,,,,,,2,10,60,"league_list_icon_004",,,
"Template_37_Ranked4.3","TID_RANKED_LEAGUE_4",37,9,0,2,7,1,15,"Ranked1v1_NewArena2","FALSE",,,,"TRUE","sc/ui_league_badges.sc","league_badge_004","league_badge_004_nofx","Chest_Giant_Arena_L10",1,,,,,,2,10,60,"league_list_icon_004",,,
"Template_37_Ranked5.1","TID_RANKED_LEAGUE_5",37,10,1,0,11,1,15,"Ranked1v1_NewArena2","FALSE",,6,1,"TRUE","sc/ui_league_badges.sc","league_badge_005","league_badge_005_nofx","Emote_EmoteChronos331",1,"Gold",30000,,,"divider_league",2,10,60,"league_list_icon_005",,,
"Template_37_Ranked5.2","TID_RANKED_LEAGUE_5",37,11,1,1,14,1,15,"Ranked1v1_NewArena2","FALSE",,,,"TRUE","sc/ui_league_badges.sc","league_badge_005","league_badge_005_nofx","WildcardEpic",10,,,,,,2,10,60,"league_list_icon_005",,,
"Template_37_Ranked5.3","TID_RANKED_LEAGUE_5",37,12,1,2,18,1,15,"Ranked1v1_NewArena2","FALSE",,,,"TRUE","sc/ui_league_badges.sc","league_badge_005","league_badge_005_nofx","WildcardLegendary",1,,,,,,2,10,60,"league_list_icon_005",,,
"Template_37_Ranked6.1","TID_RANKED_LEAGUE_6",37,13,2,0,22,1,15,"Ranked1v1_NewArena2","FALSE",,7,1,"TRUE","sc/ui_league_badges.sc","league_badge_006","league_badge_006_nofx","WildcardChampion",1,"Chest_Shop_Small_1_Arena_L10",1,,,"divider_league",2,10,60,"league_list_icon_006",,,
"Template_37_Ranked6.2","TID_RANKED_LEAGUE_6",37,14,2,1,25,1,15,"Ranked1v1_NewArena2","FALSE",,,,"TRUE","sc/ui_league_badges.sc","league_badge_006","league_badge_006_nofx","Gold",10000,,,,,,2,10,60,"league_list_icon_006",,,
"Template_37_Ranked6.3","TID_RANKED_LEAGUE_6",37,15,2,2,29,1,15,"Ranked1v1_NewArena2","FALSE",,,,"TRUE","sc/ui_league_badges.sc","league_badge_006","league_badge_006_nofx","WildcardCommon",250,,,,,,2,10,60,"league_list_icon_006",,,
"Template_37_Ranked7.1","TID_RANKED_LEAGUE_7",37,16,3,0,33,1,15,"Ranked1v1_NewArena2","FALSE",,-1,1,"TRUE","sc/ui_league_badges.sc","league_badge_007","league_badge_007_nofx","Chest_Giant_Arena_L10",1,"Gold",30000,,,"divider_league",2,10,60,"league_list_icon_007",,,
"Template_37_Ranked7.2","TID_RANKED_LEAGUE_7",37,17,3,1,38,1,15,"Ranked1v1_NewArena2","FALSE",,,,"TRUE","sc/ui_league_badges.sc","league_badge_007","league_badge_007_nofx","WildcardRare",50,,,,,,2,10,60,"league_list_icon_007",,,
"Template_37_Ranked8.1","TID_RANKED_LEAGUE_8",37,18,4,0,43,1,15,"Ranked1v1_NewArena2","FALSE",,-1,4,"TRUE","sc/ui_league_badges.sc","league_badge_008","league_badge_008_nofx","WildcardLegendary",1,"Chest_Shop_Large_Legendary_Arena_L10",1,,,"divider_league",2,10,60,"league_list_icon_008",,,
"Template_37_Ranked8.2","TID_RANKED_LEAGUE_8",37,19,4,1,48,1,15,"Ranked1v1_NewArena2","FALSE",,,,"TRUE","sc/ui_league_badges.sc","league_badge_008","league_badge_008_nofx","Gold",15000,,,,,,2,10,60,"league_list_icon_008",,,
"Template_37_Ranked9.1","TID_RANKED_LEAGUE_9",37,20,5,0,53,1,15,"Ranked1v1_NewArena2","FALSE",,-1,5,"TRUE","sc/ui_league_badges.sc","league_badge_009","league_badge_009_nofx","Chest_Magic_Arena_L10",1,"Gold",30000,,,"divider_league",2,10,60,"league_list_icon_009",,,
"Template_37_Ranked9.2","TID_RANKED_LEAGUE_9",37,21,5,1,58,1,15,"Ranked1v1_NewArena2","FALSE",,,,"TRUE","sc/ui_league_badges.sc","league_badge_009","league_badge_009_nofx","WildcardEpic",10,,,,,,2,10,60,"league_list_icon_009",,,
"Template_37_Ranked10","TID_RANKED_LEAGUE_10",37,22,6,0,63,1,15,"Ranked1v1_NewArena2","TRUE",,-1,6,"TRUE","sc/ui_league_badges.sc","league_badge_010","league_badge_010_nofx","WildcardChampion",1,"Emote_EmoteChronos71",1,,,"divider_league_last",15,150,90,"league_list_icon_010",,,
"Template_38_Ranked4.1","TID_RANKED_LEAGUE_4",38,7,0,0,0,1,15,"Ranked1v1_NewArena","FALSE",,5,1,"TRUE","sc/ui_league_badges.sc","league_badge_004","league_badge_004_nofx","WildcardCommon",250,"Chest_Magic_Arena_L10",1,,,"divider_league",2,10,60,"league_list_icon_004",,,
"Template_38_Ranked4.2","TID_RANKED_LEAGUE_4",38,8,0,1,3,1,15,"Ranked1v1_NewArena","FALSE",,,,"TRUE","sc/ui_league_badges.sc","league_badge_004","league_badge_004_nofx","WildcardRare",50,,,,,,2,10,60,"league_list_icon_004",,,
"Template_38_Ranked4.3","TID_RANKED_LEAGUE_4",38,9,0,2,7,1,15,"Ranked1v1_NewArena","FALSE",,,,"TRUE","sc/ui_league_badges.sc","league_badge_004","league_badge_004_nofx","Chest_Giant_Arena_L10",1,,,,,,2,10,60,"league_list_icon_004",,,
"Template_38_Ranked5.1","TID_RANKED_LEAGUE_5",38,10,1,0,11,1,15,"Ranked1v1_NewArena","FALSE",,6,1,"TRUE","sc/ui_league_badges.sc","league_badge_005","league_badge_005_nofx","Emote_EmoteChronos340",1,"Gold",30000,,,"divider_league",2,10,60,"league_list_icon_005",,,
"Template_38_Ranked5.2","TID_RANKED_LEAGUE_5",38,11,1,1,14,1,15,"Ranked1v1_NewArena","FALSE",,,,"TRUE","sc/ui_league_badges.sc","league_badge_005","league_badge_005_nofx","WildcardEpic",10,,,,,,2,10,60,"league_list_icon_005",,,
"Template_38_Ranked5.3","TID_RANKED_LEAGUE_5",38,12,1,2,18,1,15,"Ranked1v1_NewArena","FALSE",,,,"TRUE","sc/ui_league_badges.sc","league_badge_005","league_badge_005_nofx","WildcardLegendary",1,,,,,,2,10,60,"league_list_icon_005",,,
"Template_38_Ranked6.1","TID_RANKED_LEAGUE_6",38,13,2,0,22,1,15,"Ranked1v1_NewArena","FALSE",,7,1,"TRUE","sc/ui_league_badges.sc","league_badge_006","league_badge_006_nofx","WildcardChampion",1,"Chest_Shop_Small_1_Arena_L10",1,,,"divider_league",2,10,60,"league_list_icon_006",,,
"Template_38_Ranked6.2","TID_RANKED_LEAGUE_6",38,14,2,1,25,1,15,"Ranked1v1_NewArena","FALSE",,,,"TRUE","sc/ui_league_badges.sc","league_badge_006","league_badge_006_nofx","Gold",10000,,,,,,2,10,60,"league_list_icon_006",,,
"Template_38_Ranked6.3","TID_RANKED_LEAGUE_6",38,15,2,2,29,1,15,"Ranked1v1_NewArena","FALSE",,,,"TRUE","sc/ui_league_badges.sc","league_badge_006","league_badge_006_nofx","WildcardCommon",250,,,,,,2,10,60,"league_list_icon_006",,,
"Template_38_Ranked7.1","TID_RANKED_LEAGUE_7",38,16,3,0,33,1,15,"Ranked1v1_NewArena","FALSE",,-1,1,"TRUE","sc/ui_league_badges.sc","league_badge_007","league_badge_007_nofx","Chest_Giant_Arena_L10",1,"Gold",30000,,,"divider_league",2,10,60,"league_list_icon_007",,,
"Template_38_Ranked7.2","TID_RANKED_LEAGUE_7",38,17,3,1,38,1,15,"Ranked1v1_NewArena","FALSE",,,,"TRUE","sc/ui_league_badges.sc","league_badge_007","league_badge_007_nofx","WildcardRare",50,,,,,,2,10,60,"league_list_icon_007",,,
"Template_38_Ranked8.1","TID_RANKED_LEAGUE_8",38,18,4,0,43,1,15,"Ranked1v1_NewArena","FALSE",,-1,4,"TRUE","sc/ui_league_badges.sc","league_badge_008","league_badge_008_nofx","WildcardLegendary",1,"Chest_Shop_Large_Legendary_Arena_L10",1,,,"divider_league",2,10,60,"league_list_icon_008",,,
"Template_38_Ranked8.2","TID_RANKED_LEAGUE_8",38,19,4,1,48,1,15,"Ranked1v1_NewArena","FALSE",,,,"TRUE","sc/ui_league_badges.sc","league_badge_008","league_badge_008_nofx","Gold",15000,,,,,,2,10,60,"league_list_icon_008",,,
"Template_38_Ranked9.1","TID_RANKED_LEAGUE_9",38,20,5,0,53,1,15,"Ranked1v1_NewArena","FALSE",,-1,5,"TRUE","sc/ui_league_badges.sc","league_badge_009","league_badge_009_nofx","Chest_Magic_Arena_L10",1,"Gold",30000,,,"divider_league",2,10,60,"league_list_icon_009",,,
"Template_38_Ranked9.2","TID_RANKED_LEAGUE_9",38,21,5,1,58,1,15,"Ranked1v1_NewArena","FALSE",,,,"TRUE","sc/ui_league_badges.sc","league_badge_009","league_badge_009_nofx","WildcardEpic",10,,,,,,2,10,60,"league_list_icon_009",,,
"Template_38_Ranked10","TID_RANKED_LEAGUE_10",38,22,6,0,63,1,15,"Ranked1v1_NewArena","TRUE",,-1,6,"TRUE","sc/ui_league_badges.sc","league_badge_010","league_badge_010_nofx","WildcardChampion",1,"Emote_EmoteChronos71",1,,,"divider_league_last",15,150,90,"league_list_icon_010",,,
"Template_39_Ranked4.1","TID_RANKED_LEAGUE_4",39,7,0,0,0,1,15,"Ranked1v1_NewArena2","FALSE",,5,1,"TRUE","sc/ui_league_badges.sc","league_badge_004","league_badge_004_nofx","WildcardCommon",250,"Chest_Magic_Arena_L10",1,,,"divider_league",2,10,60,"league_list_icon_004",1,1,1
"Template_39_Ranked4.2","TID_RANKED_LEAGUE_4",39,8,0,1,3,1,15,"Ranked1v1_NewArena2","FALSE",,,,"TRUE","sc/ui_league_badges.sc","league_badge_004","league_badge_004_nofx","WildcardRare",50,,,,,,2,10,60,"league_list_icon_004",1,1,1
"Template_39_Ranked4.3","TID_RANKED_LEAGUE_4",39,9,0,2,7,1,15,"Ranked1v1_NewArena2","FALSE",,,,"TRUE","sc/ui_league_badges.sc","league_badge_004","league_badge_004_nofx","Chest_Giant_Arena_L10",1,,,,,,2,10,60,"league_list_icon_004",1,1,1
"Template_39_Ranked5.1","TID_RANKED_LEAGUE_5",39,10,1,0,11,1,15,"Ranked1v1_NewArena2","FALSE",,6,1,"TRUE","sc/ui_league_badges.sc","league_badge_005","league_badge_005_nofx","Emote_EmoteChronos351",1,"Gold",30000,,,"divider_league",2,10,60,"league_list_icon_005",1,1,1
"Template_39_Ranked5.2","TID_RANKED_LEAGUE_5",39,11,1,1,14,1,15,"Ranked1v1_NewArena2","FALSE",,,,"TRUE","sc/ui_league_badges.sc","league_badge_005","league_badge_005_nofx","WildcardEpic",10,,,,,,2,10,60,"league_list_icon_005",1,1,1
"Template_39_Ranked5.3","TID_RANKED_LEAGUE_5",39,12,1,2,18,1,15,"Ranked1v1_NewArena2","FALSE",,,,"TRUE","sc/ui_league_badges.sc","league_badge_005","league_badge_005_nofx","WildcardLegendary",1,,,,,,2,10,60,"league_list_icon_005",1,1,1
"Template_39_Ranked6.1","TID_RANKED_LEAGUE_6",39,13,2,0,22,1,15,"Ranked1v1_NewArena2","FALSE",,7,1,"TRUE","sc/ui_league_badges.sc","league_badge_006","league_badge_006_nofx","WildcardChampion",1,"Chest_Shop_Small_1_Arena_L10",1,,,"divider_league",2,10,60,"league_list_icon_006",1,1,1
"Template_39_Ranked6.2","TID_RANKED_LEAGUE_6",39,14,2,1,25,1,15,"Ranked1v1_NewArena2","FALSE",,,,"TRUE","sc/ui_league_badges.sc","league_badge_006","league_badge_006_nofx","Gold",10000,,,,,,2,10,60,"league_list_icon_006",1,1,1
"Template_39_Ranked6.3","TID_RANKED_LEAGUE_6",39,15,2,2,29,1,15,"Ranked1v1_NewArena2","FALSE",,,,"TRUE","sc/ui_league_badges.sc","league_badge_006","league_badge_006_nofx","WildcardCommon",250,,,,,,2,10,60,"league_list_icon_006",1,1,1
"Template_39_Ranked7.1","TID_RANKED_LEAGUE_7",39,16,3,0,33,1,15,"Ranked1v1_NewArena2","FALSE",,-1,1,"TRUE","sc/ui_league_badges.sc","league_badge_007","league_badge_007_nofx","Chest_Giant_Arena_L10",1,"Gold",30000,,,"divider_league",2,10,60,"league_list_icon_007",1,1,1
"Template_39_Ranked7.2","TID_RANKED_LEAGUE_7",39,17,3,1,38,1,15,"Ranked1v1_NewArena2","FALSE",,,,"TRUE","sc/ui_league_badges.sc","league_badge_007","league_badge_007_nofx","WildcardRare",50,,,,,,2,10,60,"league_list_icon_007",1,1,1
"Template_39_Ranked8.1","TID_RANKED_LEAGUE_8",39,18,4,0,43,1,15,"Ranked1v1_NewArena2","FALSE",,-1,4,"TRUE","sc/ui_league_badges.sc","league_badge_008","league_badge_008_nofx","WildcardLegendary",1,"Chest_Shop_Large_Legendary_Arena_L10",1,,,"divider_league",2,10,60,"league_list_icon_008",1,1,1
"Template_39_Ranked8.2","TID_RANKED_LEAGUE_8",39,19,4,1,48,1,15,"Ranked1v1_NewArena2","FALSE",,,,"TRUE","sc/ui_league_badges.sc","league_badge_008","league_badge_008_nofx","Gold",15000,,,,,,2,10,60,"league_list_icon_008",1,1,1
"Template_39_Ranked9.1","TID_RANKED_LEAGUE_9",39,20,5,0,53,1,15,"Ranked1v1_NewArena2","FALSE",,-1,5,"TRUE","sc/ui_league_badges.sc","league_badge_009","league_badge_009_nofx","Chest_Magic_Arena_L10",1,"Gold",30000,,,"divider_league",2,10,60,"league_list_icon_009",1,1,1
"Template_39_Ranked9.2","TID_RANKED_LEAGUE_9",39,21,5,1,58,1,15,"Ranked1v1_NewArena2","FALSE",,,,"TRUE","sc/ui_league_badges.sc","league_badge_009","league_badge_009_nofx","WildcardEpic",10,,,,,,2,10,60,"league_list_icon_009",1,1,1
"Template_39_Ranked10","TID_RANKED_LEAGUE_10",39,22,6,0,63,1,15,"Ranked1v1_NewArena2","TRUE",,-1,6,"TRUE","sc/ui_league_badges.sc","league_badge_010","league_badge_010_nofx","WildcardChampion",1,"Emote_EmoteChronos71",1,,,"divider_league_last",15,150,90,"league_list_icon_010",1,1,1
"Template_40_Ranked4.1","TID_RANKED_LEAGUE_4",40,7,0,0,0,1,15,"Ranked1v1_NewArena","FALSE",,5,1,"TRUE","sc/ui_league_badges.sc","league_badge_004","league_badge_004_nofx","WildcardCommon",250,"Chest_Magic_Arena_L10",1,,,"divider_league",2,10,60,"league_list_icon_004",1,1,1
"Template_40_Ranked4.2","TID_RANKED_LEAGUE_4",40,8,0,1,3,1,15,"Ranked1v1_NewArena","FALSE",,,,"TRUE","sc/ui_league_badges.sc","league_badge_004","league_badge_004_nofx","WildcardRare",50,,,,,,2,10,60,"league_list_icon_004",1,1,1
"Template_40_Ranked4.3","TID_RANKED_LEAGUE_4",40,9,0,2,7,1,15,"Ranked1v1_NewArena","FALSE",,,,"TRUE","sc/ui_league_badges.sc","league_badge_004","league_badge_004_nofx","Chest_Giant_Arena_L10",1,,,,,,2,10,60,"league_list_icon_004",1,1,1
"Template_40_Ranked5.1","TID_RANKED_LEAGUE_5",40,10,1,0,11,1,15,"Ranked1v1_NewArena","FALSE",,6,1,"TRUE","sc/ui_league_badges.sc","league_badge_005","league_badge_005_nofx","Emote_EmoteChronos361",1,"Gold",30000,,,"divider_league",2,10,60,"league_list_icon_005",1,1,1
"Template_40_Ranked5.2","TID_RANKED_LEAGUE_5",40,11,1,1,14,1,15,"Ranked1v1_NewArena","FALSE",,,,"TRUE","sc/ui_league_badges.sc","league_badge_005","league_badge_005_nofx","WildcardEpic",10,,,,,,2,10,60,"league_list_icon_005",1,1,1
"Template_40_Ranked5.3","TID_RANKED_LEAGUE_5",40,12,1,2,18,1,15,"Ranked1v1_NewArena","FALSE",,,,"TRUE","sc/ui_league_badges.sc","league_badge_005","league_badge_005_nofx","WildcardLegendary",1,,,,,,2,10,60,"league_list_icon_005",1,1,1
"Template_40_Ranked6.1","TID_RANKED_LEAGUE_6",40,13,2,0,22,1,15,"Ranked1v1_NewArena","FALSE",,7,1,"TRUE","sc/ui_league_badges.sc","league_badge_006","league_badge_006_nofx","WildcardChampion",1,"Chest_Shop_Small_1_Arena_L10",1,,,"divider_league",2,10,60,"league_list_icon_006",1,1,1
"Template_40_Ranked6.2","TID_RANKED_LEAGUE_6",40,14,2,1,25,1,15,"Ranked1v1_NewArena","FALSE",,,,"TRUE","sc/ui_league_badges.sc","league_badge_006","league_badge_006_nofx","Gold",10000,,,,,,2,10,60,"league_list_icon_006",1,1,1
"Template_40_Ranked6.3","TID_RANKED_LEAGUE_6",40,15,2,2,29,1,15,"Ranked1v1_NewArena","FALSE",,,,"TRUE","sc/ui_league_badges.sc","league_badge_006","league_badge_006_nofx","WildcardCommon",250,,,,,,2,10,60,"league_list_icon_006",1,1,1
"Template_40_Ranked7.1","TID_RANKED_LEAGUE_7",40,16,3,0,33,1,15,"Ranked1v1_NewArena","FALSE",,-1,1,"TRUE","sc/ui_league_badges.sc","league_badge_007","league_badge_007_nofx","Chest_Giant_Arena_L10",1,"Gold",30000,,,"divider_league",2,10,60,"league_list_icon_007",1,1,1
"Template_40_Ranked7.2","TID_RANKED_LEAGUE_7",40,17,3,1,38,1,15,"Ranked1v1_NewArena","FALSE",,,,"TRUE","sc/ui_league_badges.sc","league_badge_007","league_badge_007_nofx","WildcardRare",50,,,,,,2,10,60,"league_list_icon_007",1,1,1
"Template_40_Ranked8.1","TID_RANKED_LEAGUE_8",40,18,4,0,43,1,15,"Ranked1v1_NewArena","FALSE",,-1,4,"TRUE","sc/ui_league_badges.sc","league_badge_008","league_badge_008_nofx","WildcardLegendary",1,"Chest_Shop_Large_Legendary_Arena_L10",1,,,"divider_league",2,10,60,"league_list_icon_008",1,1,1
"Template_40_Ranked8.2","TID_RANKED_LEAGUE_8",40,19,4,1,48,1,15,"Ranked1v1_NewArena","FALSE",,,,"TRUE","sc/ui_league_badges.sc","league_badge_008","league_badge_008_nofx","Gold",15000,,,,,,2,10,60,"league_list_icon_008",1,1,1
"Template_40_Ranked9.1","TID_RANKED_LEAGUE_9",40,20,5,0,53,1,15,"Ranked1v1_NewArena","FALSE",,-1,5,"TRUE","sc/ui_league_badges.sc","league_badge_009","league_badge_009_nofx","Chest_Magic_Arena_L10",1,"Gold",30000,,,"divider_league",2,10,60,"league_list_icon_009",1,1,1
"Template_40_Ranked9.2","TID_RANKED_LEAGUE_9",40,21,5,1,58,1,15,"Ranked1v1_NewArena","FALSE",,,,"TRUE","sc/ui_league_badges.sc","league_badge_009","league_badge_009_nofx","WildcardEpic",10,,,,,,2,10,60,"league_list_icon_009",1,1,1
"Template_40_Ranked10","TID_RANKED_LEAGUE_10",40,22,6,0,63,1,15,"Ranked1v1_NewArena","TRUE",,-1,6,"TRUE","sc/ui_league_badges.sc","league_badge_010","league_badge_010_nofx","WildcardChampion",1,"Emote_EmoteChronos71",1,,,"divider_league_last",15,150,90,"league_list_icon_010",1,1,1
"Template_41_Ranked4.1","TID_RANKED_LEAGUE_4",41,7,0,0,0,1,15,"Ranked1v1_NewArena2","FALSE",,5,1,"TRUE","sc/ui_league_badges.sc","league_badge_004","league_badge_004_nofx","WildcardCommon",250,"Chest_Magic_Arena_L10",1,,,"divider_league",2,10,60,"league_list_icon_004",1,1,1
"Template_41_Ranked4.2","TID_RANKED_LEAGUE_4",41,8,0,1,3,1,15,"Ranked1v1_NewArena2","FALSE",,,,"TRUE","sc/ui_league_badges.sc","league_badge_004","league_badge_004_nofx","WildcardRare",50,,,,,,2,10,60,"league_list_icon_004",1,1,1
"Template_41_Ranked4.3","TID_RANKED_LEAGUE_4",41,9,0,2,7,1,15,"Ranked1v1_NewArena2","FALSE",,,,"TRUE","sc/ui_league_badges.sc","league_badge_004","league_badge_004_nofx","Chest_Giant_Arena_L10",1,,,,,,2,10,60,"league_list_icon_004",1,1,1
"Template_41_Ranked5.1","TID_RANKED_LEAGUE_5",41,10,1,0,11,1,15,"Ranked1v1_NewArena2","FALSE",,6,1,"TRUE","sc/ui_league_badges.sc","league_badge_005","league_badge_005_nofx","Emote_EmoteChronos373",1,"Gold",30000,,,"divider_league",2,10,60,"league_list_icon_005",1,1,1
"Template_41_Ranked5.2","TID_RANKED_LEAGUE_5",41,11,1,1,14,1,15,"Ranked1v1_NewArena2","FALSE",,,,"TRUE","sc/ui_league_badges.sc","league_badge_005","league_badge_005_nofx","WildcardEpic",10,,,,,,2,10,60,"league_list_icon_005",1,1,1
"Template_41_Ranked5.3","TID_RANKED_LEAGUE_5",41,12,1,2,18,1,15,"Ranked1v1_NewArena2","FALSE",,,,"TRUE","sc/ui_league_badges.sc","league_badge_005","league_badge_005_nofx","WildcardLegendary",1,,,,,,2,10,60,"league_list_icon_005",1,1,1
"Template_41_Ranked6.1","TID_RANKED_LEAGUE_6",41,13,2,0,22,1,15,"Ranked1v1_NewArena2","FALSE",,7,1,"TRUE","sc/ui_league_badges.sc","league_badge_006","league_badge_006_nofx","WildcardChampion",1,"Chest_Shop_Small_1_Arena_L10",1,,,"divider_league",2,10,60,"league_list_icon_006",1,1,1
"Template_41_Ranked6.2","TID_RANKED_LEAGUE_6",41,14,2,1,25,1,15,"Ranked1v1_NewArena2","FALSE",,,,"TRUE","sc/ui_league_badges.sc","league_badge_006","league_badge_006_nofx","Gold",10000,,,,,,2,10,60,"league_list_icon_006",1,1,1
"Template_41_Ranked6.3","TID_RANKED_LEAGUE_6",41,15,2,2,29,1,15,"Ranked1v1_NewArena2","FALSE",,,,"TRUE","sc/ui_league_badges.sc","league_badge_006","league_badge_006_nofx","WildcardCommon",250,,,,,,2,10,60,"league_list_icon_006",1,1,1
"Template_41_Ranked7.1","TID_RANKED_LEAGUE_7",41,16,3,0,33,1,15,"Ranked1v1_NewArena2","FALSE",,-1,1,"TRUE","sc/ui_league_badges.sc","league_badge_007","league_badge_007_nofx","Chest_Giant_Arena_L10",1,"Gold",30000,,,"divider_league",2,10,60,"league_list_icon_007",1,1,1
"Template_41_Ranked7.2","TID_RANKED_LEAGUE_7",41,17,3,1,38,1,15,"Ranked1v1_NewArena2","FALSE",,,,"TRUE","sc/ui_league_badges.sc","league_badge_007","league_badge_007_nofx","WildcardRare",50,,,,,,2,10,60,"league_list_icon_007",1,1,1
"Template_41_Ranked8.1","TID_RANKED_LEAGUE_8",41,18,4,0,43,1,15,"Ranked1v1_NewArena2","FALSE",,-1,4,"TRUE","sc/ui_league_badges.sc","league_badge_008","league_badge_008_nofx","WildcardLegendary",1,"Chest_Shop_Large_Legendary_Arena_L10",1,,,"divider_league",2,10,60,"league_list_icon_008",1,1,1
"Template_41_Ranked8.2","TID_RANKED_LEAGUE_8",41,19,4,1,48,1,15,"Ranked1v1_NewArena2","FALSE",,,,"TRUE","sc/ui_league_badges.sc","league_badge_008","league_badge_008_nofx","Gold",15000,,,,,,2,10,60,"league_list_icon_008",1,1,1
"Template_41_Ranked9.1","TID_RANKED_LEAGUE_9",41,20,5,0,53,1,15,"Ranked1v1_NewArena2","FALSE",,-1,5,"TRUE","sc/ui_league_badges.sc","league_badge_009","league_badge_009_nofx","Chest_Magic_Arena_L10",1,"Gold",30000,,,"divider_league",2,10,60,"league_list_icon_009",1,1,1
"Template_41_Ranked9.2","TID_RANKED_LEAGUE_9",41,21,5,1,58,1,15,"Ranked1v1_NewArena2","FALSE",,,,"TRUE","sc/ui_league_badges.sc","league_badge_009","league_badge_009_nofx","WildcardEpic",10,,,,,,2,10,60,"league_list_icon_009",1,1,1
"Template_41_Ranked10","TID_RANKED_LEAGUE_10",41,22,6,0,63,1,15,"Ranked1v1_NewArena2","TRUE",,-1,6,"TRUE","sc/ui_league_badges.sc","league_badge_010","league_badge_010_nofx","WildcardChampion",1,"Emote_EmoteChronos71",1,,,"divider_league_last",15,150,90,"league_list_icon_010",1,1,1
"Template_42_Ranked4.1","TID_RANKED_LEAGUE_4",42,7,0,0,0,1,16,"Ranked1v1_NewArena","FALSE",,5,1,"TRUE","sc/ui_league_badges.sc","league_badge_004","league_badge_004_nofx","WildcardCommon",250,"Chest_Magic_Arena_L10",1,,,"divider_league",2,10,60,"league_list_icon_004",1,1,1
"Template_42_Ranked4.2","TID_RANKED_LEAGUE_4",42,8,0,1,3,1,16,"Ranked1v1_NewArena","FALSE",,,,"TRUE","sc/ui_league_badges.sc","league_badge_004","league_badge_004_nofx","WildcardRare",50,,,,,,2,10,60,"league_list_icon_004",1,1,1
"Template_42_Ranked4.3","TID_RANKED_LEAGUE_4",42,9,0,2,7,1,16,"Ranked1v1_NewArena","FALSE",,,,"TRUE","sc/ui_league_badges.sc","league_badge_004","league_badge_004_nofx","Chest_Giant_Arena_L10",1,,,,,,2,10,60,"league_list_icon_004",1,1,1
"Template_42_Ranked5.1","TID_RANKED_LEAGUE_5",42,10,1,0,11,1,16,"Ranked1v1_NewArena","FALSE",,6,1,"TRUE","sc/ui_league_badges.sc","league_badge_005","league_badge_005_nofx","Emote_EmoteChronos376",1,"Gold",30000,,,"divider_league",2,10,60,"league_list_icon_005",1,1,1
"Template_42_Ranked5.2","TID_RANKED_LEAGUE_5",42,11,1,1,14,1,16,"Ranked1v1_NewArena","FALSE",,,,"TRUE","sc/ui_league_badges.sc","league_badge_005","league_badge_005_nofx","WildcardEpic",10,,,,,,2,10,60,"league_list_icon_005",1,1,1
"Template_42_Ranked5.3","TID_RANKED_LEAGUE_5",42,12,1,2,18,1,16,"Ranked1v1_NewArena","FALSE",,,,"TRUE","sc/ui_league_badges.sc","league_badge_005","league_badge_005_nofx","WildcardLegendary",1,,,,,,2,10,60,"league_list_icon_005",1,1,1
"Template_42_Ranked6.1","TID_RANKED_LEAGUE_6",42,13,2,0,22,1,16,"Ranked1v1_NewArena","FALSE",,7,1,"TRUE","sc/ui_league_badges.sc","league_badge_006","league_badge_006_nofx","WildcardChampion",1,"Chest_Shop_Small_1_Arena_L10",1,,,"divider_league",2,10,60,"league_list_icon_006",1,1,1
"Template_42_Ranked6.2","TID_RANKED_LEAGUE_6",42,14,2,1,25,1,16,"Ranked1v1_NewArena","FALSE",,,,"TRUE","sc/ui_league_badges.sc","league_badge_006","league_badge_006_nofx","Gold",10000,,,,,,2,10,60,"league_list_icon_006",1,1,1
"Template_42_Ranked6.3","TID_RANKED_LEAGUE_6",42,15,2,2,29,1,16,"Ranked1v1_NewArena","FALSE",,,,"TRUE","sc/ui_league_badges.sc","league_badge_006","league_badge_006_nofx","WildcardCommon",250,,,,,,2,10,60,"league_list_icon_006",1,1,1
"Template_42_Ranked7.1","TID_RANKED_LEAGUE_7",42,16,3,0,33,1,16,"Ranked1v1_NewArena","FALSE",,-1,1,"TRUE","sc/ui_league_badges.sc","league_badge_007","league_badge_007_nofx","Chest_Giant_Arena_L10",1,"Gold",30000,,,"divider_league",2,10,60,"league_list_icon_007",1,1,1
"Template_42_Ranked7.2","TID_RANKED_LEAGUE_7",42,17,3,1,38,1,16,"Ranked1v1_NewArena","FALSE",,,,"TRUE","sc/ui_league_badges.sc","league_badge_007","league_badge_007_nofx","WildcardRare",50,,,,,,2,10,60,"league_list_icon_007",1,1,1
"Template_42_Ranked8.1","TID_RANKED_LEAGUE_8",42,18,4,0,43,1,16,"Ranked1v1_NewArena","FALSE",,-1,4,"TRUE","sc/ui_league_badges.sc","league_badge_008","league_badge_008_nofx","WildcardLegendary",1,"Chest_Shop_Large_Legendary_Arena_L10",1,,,"divider_league",2,10,60,"league_list_icon_008",1,1,1
"Template_42_Ranked8.2","TID_RANKED_LEAGUE_8",42,19,4,1,48,1,16,"Ranked1v1_NewArena","FALSE",,,,"TRUE","sc/ui_league_badges.sc","league_badge_008","league_badge_008_nofx","Gold",15000,,,,,,2,10,60,"league_list_icon_008",1,1,1
"Template_42_Ranked9.1","TID_RANKED_LEAGUE_9",42,20,5,0,53,1,16,"Ranked1v1_NewArena","FALSE",,-1,5,"TRUE","sc/ui_league_badges.sc","league_badge_009","league_badge_009_nofx","Chest_Magic_Arena_L10",1,"Gold",30000,,,"divider_league",2,10,60,"league_list_icon_009",1,1,1
"Template_42_Ranked9.2","TID_RANKED_LEAGUE_9",42,21,5,1,58,1,16,"Ranked1v1_NewArena","FALSE",,,,"TRUE","sc/ui_league_badges.sc","league_badge_009","league_badge_009_nofx","WildcardEpic",10,,,,,,2,10,60,"league_list_icon_009",1,1,1
"Template_42_Ranked10","TID_RANKED_LEAGUE_10",42,22,6,0,63,1,16,"Ranked1v1_NewArena","TRUE",,-1,6,"TRUE","sc/ui_league_badges.sc","league_badge_010","league_badge_010_nofx","WildcardChampion",1,"Emote_EmoteChronos71",1,,,"divider_league_last",15,150,90,"league_list_icon_010",1,1,1
"Template_43_Ranked4.1","TID_RANKED_LEAGUE_4",43,7,0,0,0,1,16,"Ranked1v1_NewArena2","FALSE",,5,1,"TRUE","sc/ui_league_badges.sc","league_badge_004","league_badge_004_nofx","WildcardCommon",250,"Chest_Magic_Arena_L10",1,,,"divider_league",2,10,60,"league_list_icon_004",1,1,1
"Template_43_Ranked4.2","TID_RANKED_LEAGUE_4",43,8,0,1,3,1,16,"Ranked1v1_NewArena2","FALSE",,,,"TRUE","sc/ui_league_badges.sc","league_badge_004","league_badge_004_nofx","WildcardRare",50,,,,,,2,10,60,"league_list_icon_004",1,1,1
"Template_43_Ranked4.3","TID_RANKED_LEAGUE_4",43,9,0,2,7,1,16,"Ranked1v1_NewArena2","FALSE",,,,"TRUE","sc/ui_league_badges.sc","league_badge_004","league_badge_004_nofx","Chest_Giant_Arena_L10",1,,,,,,2,10,60,"league_list_icon_004",1,1,1
"Template_43_Ranked5.1","TID_RANKED_LEAGUE_5",43,10,1,0,11,1,16,"Ranked1v1_NewArena2","FALSE",,6,1,"TRUE","sc/ui_league_badges.sc","league_badge_005","league_badge_005_nofx","Emote_EmoteChronos393",1,"Gold",30000,,,"divider_league",2,10,60,"league_list_icon_005",1,1,1
"Template_43_Ranked5.2","TID_RANKED_LEAGUE_5",43,11,1,1,14,1,16,"Ranked1v1_NewArena2","FALSE",,,,"TRUE","sc/ui_league_badges.sc","league_badge_005","league_badge_005_nofx","WildcardEpic",10,,,,,,2,10,60,"league_list_icon_005",1,1,1
"Template_43_Ranked5.3","TID_RANKED_LEAGUE_5",43,12,1,2,18,1,16,"Ranked1v1_NewArena2","FALSE",,,,"TRUE","sc/ui_league_badges.sc","league_badge_005","league_badge_005_nofx","WildcardLegendary",1,,,,,,2,10,60,"league_list_icon_005",1,1,1
"Template_43_Ranked6.1","TID_RANKED_LEAGUE_6",43,13,2,0,22,1,16,"Ranked1v1_NewArena2","FALSE",,7,1,"TRUE","sc/ui_league_badges.sc","league_badge_006","league_badge_006_nofx","WildcardChampion",1,"Chest_Shop_Small_1_Arena_L10",1,,,"divider_league",2,10,60,"league_list_icon_006",1,1,1
"Template_43_Ranked6.2","TID_RANKED_LEAGUE_6",43,14,2,1,25,1,16,"Ranked1v1_NewArena2","FALSE",,,,"TRUE","sc/ui_league_badges.sc","league_badge_006","league_badge_006_nofx","Gold",10000,,,,,,2,10,60,"league_list_icon_006",1,1,1
"Template_43_Ranked6.3","TID_RANKED_LEAGUE_6",43,15,2,2,29,1,16,"Ranked1v1_NewArena2","FALSE",,,,"TRUE","sc/ui_league_badges.sc","league_badge_006","league_badge_006_nofx","WildcardCommon",250,,,,,,2,10,60,"league_list_icon_006",1,1,1
"Template_43_Ranked7.1","TID_RANKED_LEAGUE_7",43,16,3,0,33,1,16,"Ranked1v1_NewArena2","FALSE",,-1,1,"TRUE","sc/ui_league_badges.sc","league_badge_007","league_badge_007_nofx","Chest_Giant_Arena_L10",1,"Gold",30000,,,"divider_league",2,10,60,"league_list_icon_007",1,1,1
"Template_43_Ranked7.2","TID_RANKED_LEAGUE_7",43,17,3,1,38,1,16,"Ranked1v1_NewArena2","FALSE",,,,"TRUE","sc/ui_league_badges.sc","league_badge_007","league_badge_007_nofx","WildcardRare",50,,,,,,2,10,60,"league_list_icon_007",1,1,1
"Template_43_Ranked8.1","TID_RANKED_LEAGUE_8",43,18,4,0,43,1,16,"Ranked1v1_NewArena2","FALSE",,-1,4,"TRUE","sc/ui_league_badges.sc","league_badge_008","league_badge_008_nofx","WildcardLegendary",1,"Chest_Shop_Large_Legendary_Arena_L10",1,,,"divider_league",2,10,60,"league_list_icon_008",1,1,1
"Template_43_Ranked8.2","TID_RANKED_LEAGUE_8",43,19,4,1,48,1,16,"Ranked1v1_NewArena2","FALSE",,,,"TRUE","sc/ui_league_badges.sc","league_badge_008","league_badge_008_nofx","Gold",15000,,,,,,2,10,60,"league_list_icon_008",1,1,1
"Template_43_Ranked9.1","TID_RANKED_LEAGUE_9",43,20,5,0,53,1,16,"Ranked1v1_NewArena2","FALSE",,-1,5,"TRUE","sc/ui_league_badges.sc","league_badge_009","league_badge_009_nofx","Chest_Magic_Arena_L10",1,"Gold",30000,,,"divider_league",2,10,60,"league_list_icon_009",1,1,1
"Template_43_Ranked9.2","TID_RANKED_LEAGUE_9",43,21,5,1,58,1,16,"Ranked1v1_NewArena2","FALSE",,,,"TRUE","sc/ui_league_badges.sc","league_badge_009","league_badge_009_nofx","WildcardEpic",10,,,,,,2,10,60,"league_list_icon_009",1,1,1
"Template_43_Ranked10","TID_RANKED_LEAGUE_10",43,22,6,0,63,1,16,"Ranked1v1_NewArena2","TRUE",,-1,6,"TRUE","sc/ui_league_badges.sc","league_badge_010","league_badge_010_nofx","WildcardChampion",1,"Emote_EmoteChronos71",1,,,"divider_league_last",15,150,90,"league_list_icon_010",1,1,1
"Template_44_Ranked4.1","TID_RANKED_LEAGUE_4",44,7,0,0,0,1,16,"Ranked1v1_NewArena","FALSE",,5,1,"TRUE","sc/ui_league_badges.sc","league_badge_004","league_badge_004_nofx","WildcardCommon",250,"Chest_Magic_Arena_L10",1,,,"divider_league",2,10,60,"league_list_icon_004",1,1,1
"Template_44_Ranked4.2","TID_RANKED_LEAGUE_4",44,8,0,1,3,1,16,"Ranked1v1_NewArena","FALSE",,,,"TRUE","sc/ui_league_badges.sc","league_badge_004","league_badge_004_nofx","WildcardRare",50,,,,,,2,10,60,"league_list_icon_004",1,1,1
"Template_44_Ranked4.3","TID_RANKED_LEAGUE_4",44,9,0,2,7,1,16,"Ranked1v1_NewArena","FALSE",,,,"TRUE","sc/ui_league_badges.sc","league_badge_004","league_badge_004_nofx","Chest_Giant_Arena_L10",1,,,,,,2,10,60,"league_list_icon_004",1,1,1
"Template_44_Ranked5.1","TID_RANKED_LEAGUE_5",44,10,1,0,11,1,16,"Ranked1v1_NewArena","FALSE",,6,1,"TRUE","sc/ui_league_badges.sc","league_badge_005","league_badge_005_nofx","Emote_EmoteChronos401",1,"Gold",30000,,,"divider_league",2,10,60,"league_list_icon_005",1,1,1
"Template_44_Ranked5.2","TID_RANKED_LEAGUE_5",44,11,1,1,14,1,16,"Ranked1v1_NewArena","FALSE",,,,"TRUE","sc/ui_league_badges.sc","league_badge_005","league_badge_005_nofx","WildcardEpic",10,,,,,,2,10,60,"league_list_icon_005",1,1,1
"Template_44_Ranked5.3","TID_RANKED_LEAGUE_5",44,12,1,2,18,1,16,"Ranked1v1_NewArena","FALSE",,,,"TRUE","sc/ui_league_badges.sc","league_badge_005","league_badge_005_nofx","WildcardLegendary",1,,,,,,2,10,60,"league_list_icon_005",1,1,1
"Template_44_Ranked6.1","TID_RANKED_LEAGUE_6",44,13,2,0,22,1,16,"Ranked1v1_NewArena","FALSE",,7,1,"TRUE","sc/ui_league_badges.sc","league_badge_006","league_badge_006_nofx","WildcardChampion",1,"Chest_Shop_Small_1_Arena_L10",1,,,"divider_league",2,10,60,"league_list_icon_006",1,1,1
"Template_44_Ranked6.2","TID_RANKED_LEAGUE_6",44,14,2,1,25,1,16,"Ranked1v1_NewArena","FALSE",,,,"TRUE","sc/ui_league_badges.sc","league_badge_006","league_badge_006_nofx","Gold",10000,,,,,,2,10,60,"league_list_icon_006",1,1,1
"Template_44_Ranked6.3","TID_RANKED_LEAGUE_6",44,15,2,2,29,1,16,"Ranked1v1_NewArena","FALSE",,,,"TRUE","sc/ui_league_badges.sc","league_badge_006","league_badge_006_nofx","WildcardCommon",250,,,,,,2,10,60,"league_list_icon_006",1,1,1
"Template_44_Ranked7.1","TID_RANKED_LEAGUE_7",44,16,3,0,33,1,16,"Ranked1v1_NewArena","FALSE",,-1,1,"TRUE","sc/ui_league_badges.sc","league_badge_007","league_badge_007_nofx","Chest_Giant_Arena_L10",1,"Gold",30000,,,"divider_league",2,10,60,"league_list_icon_007",1,1,1
"Template_44_Ranked7.2","TID_RANKED_LEAGUE_7",44,17,3,1,38,1,16,"Ranked1v1_NewArena","FALSE",,,,"TRUE","sc/ui_league_badges.sc","league_badge_007","league_badge_007_nofx","WildcardRare",50,,,,,,2,10,60,"league_list_icon_007",1,1,1
"Template_44_Ranked8.1","TID_RANKED_LEAGUE_8",44,18,4,0,43,1,16,"Ranked1v1_NewArena","FALSE",,-1,4,"TRUE","sc/ui_league_badges.sc","league_badge_008","league_badge_008_nofx","WildcardLegendary",1,"Chest_Shop_Large_Legendary_Arena_L10",1,,,"divider_league",2,10,60,"league_list_icon_008",1,1,1
"Template_44_Ranked8.2","TID_RANKED_LEAGUE_8",44,19,4,1,48,1,16,"Ranked1v1_NewArena","FALSE",,,,"TRUE","sc/ui_league_badges.sc","league_badge_008","league_badge_008_nofx","Gold",15000,,,,,,2,10,60,"league_list_icon_008",1,1,1
"Template_44_Ranked9.1","TID_RANKED_LEAGUE_9",44,20,5,0,53,1,16,"Ranked1v1_NewArena","FALSE",,-1,5,"TRUE","sc/ui_league_badges.sc","league_badge_009","league_badge_009_nofx","Chest_Magic_Arena_L10",1,"Gold",30000,,,"divider_league",2,10,60,"league_list_icon_009",1,1,1
"Template_44_Ranked9.2","TID_RANKED_LEAGUE_9",44,21,5,1,58,1,16,"Ranked1v1_NewArena","FALSE",,,,"TRUE","sc/ui_league_badges.sc","league_badge_009","league_badge_009_nofx","WildcardEpic",10,,,,,,2,10,60,"league_list_icon_009",1,1,1
"Template_44_Ranked10","TID_RANKED_LEAGUE_10",44,22,6,0,63,1,16,"Ranked1v1_NewArena","TRUE",,-1,6,"TRUE","sc/ui_league_badges.sc","league_badge_010","league_badge_010_nofx","WildcardChampion",1,"Emote_EmoteChronos71",1,,,"divider_league_last",15,150,90,"league_list_icon_010",1,1,1
"Template_45_Ranked4.1","TID_RANKED_LEAGUE_4",45,7,0,0,0,1,16,"Ranked1v1_NewArena2","FALSE",,5,1,"TRUE","sc/ui_league_badges.sc","league_badge_004","league_badge_004_nofx","WildcardCommon",250,"Chest_Magic_Arena_L10",1,,,"divider_league",2,10,60,"league_list_icon_004",1,1,1
"Template_45_Ranked4.2","TID_RANKED_LEAGUE_4",45,8,0,1,3,1,16,"Ranked1v1_NewArena2","FALSE",,,,"TRUE","sc/ui_league_badges.sc","league_badge_004","league_badge_004_nofx","WildcardRare",50,,,,,,2,10,60,"league_list_icon_004",1,1,1
"Template_45_Ranked4.3","TID_RANKED_LEAGUE_4",45,9,0,2,7,1,16,"Ranked1v1_NewArena2","FALSE",,,,"TRUE","sc/ui_league_badges.sc","league_badge_004","league_badge_004_nofx","Chest_Giant_Arena_L10",1,,,,,,2,10,60,"league_list_icon_004",1,1,1
"Template_45_Ranked5.1","TID_RANKED_LEAGUE_5",45,10,1,0,11,1,16,"Ranked1v1_NewArena2","FALSE",,6,1,"TRUE","sc/ui_league_badges.sc","league_badge_005","league_badge_005_nofx","Emote_EmoteChronos419",1,"Gold",30000,,,"divider_league",2,10,60,"league_list_icon_005",1,1,1
"Template_45_Ranked5.2","TID_RANKED_LEAGUE_5",45,11,1,1,14,1,16,"Ranked1v1_NewArena2","FALSE",,,,"TRUE","sc/ui_league_badges.sc","league_badge_005","league_badge_005_nofx","WildcardEpic",10,,,,,,2,10,60,"league_list_icon_005",1,1,1
"Template_45_Ranked5.3","TID_RANKED_LEAGUE_5",45,12,1,2,18,1,16,"Ranked1v1_NewArena2","FALSE",,,,"TRUE","sc/ui_league_badges.sc","league_badge_005","league_badge_005_nofx","WildcardLegendary",1,,,,,,2,10,60,"league_list_icon_005",1,1,1
"Template_45_Ranked6.1","TID_RANKED_LEAGUE_6",45,13,2,0,22,1,16,"Ranked1v1_NewArena2","FALSE",,7,1,"TRUE","sc/ui_league_badges.sc","league_badge_006","league_badge_006_nofx","WildcardChampion",1,"Chest_Shop_Small_1_Arena_L10",1,,,"divider_league",2,10,60,"league_list_icon_006",1,1,1
"Template_45_Ranked6.2","TID_RANKED_LEAGUE_6",45,14,2,1,25,1,16,"Ranked1v1_NewArena2","FALSE",,,,"TRUE","sc/ui_league_badges.sc","league_badge_006","league_badge_006_nofx","Gold",10000,,,,,,2,10,60,"league_list_icon_006",1,1,1
"Template_45_Ranked6.3","TID_RANKED_LEAGUE_6",45,15,2,2,29,1,16,"Ranked1v1_NewArena2","FALSE",,,,"TRUE","sc/ui_league_badges.sc","league_badge_006","league_badge_006_nofx","WildcardCommon",250,,,,,,2,10,60,"league_list_icon_006",1,1,1
"Template_45_Ranked7.1","TID_RANKED_LEAGUE_7",45,16,3,0,33,1,16,"Ranked1v1_NewArena2","FALSE",,-1,1,"TRUE","sc/ui_league_badges.sc","league_badge_007","league_badge_007_nofx","Chest_Giant_Arena_L10",1,"Gold",30000,,,"divider_league",2,10,60,"league_list_icon_007",1,1,1
"Template_45_Ranked7.2","TID_RANKED_LEAGUE_7",45,17,3,1,38,1,16,"Ranked1v1_NewArena2","FALSE",,,,"TRUE","sc/ui_league_badges.sc","league_badge_007","league_badge_007_nofx","WildcardRare",50,,,,,,2,10,60,"league_list_icon_007",1,1,1
"Template_45_Ranked8.1","TID_RANKED_LEAGUE_8",45,18,4,0,43,1,16,"Ranked1v1_NewArena2","FALSE",,-1,4,"TRUE","sc/ui_league_badges.sc","league_badge_008","league_badge_008_nofx","WildcardLegendary",1,"Chest_Shop_Large_Legendary_Arena_L10",1,,,"divider_league",2,10,60,"league_list_icon_008",1,1,1
"Template_45_Ranked8.2","TID_RANKED_LEAGUE_8",45,19,4,1,48,1,16,"Ranked1v1_NewArena2","FALSE",,,,"TRUE","sc/ui_league_badges.sc","league_badge_008","league_badge_008_nofx","Gold",15000,,,,,,2,10,60,"league_list_icon_008",1,1,1
"Template_45_Ranked9.1","TID_RANKED_LEAGUE_9",45,20,5,0,53,1,16,"Ranked1v1_NewArena2","FALSE",,-1,5,"TRUE","sc/ui_league_badges.sc","league_badge_009","league_badge_009_nofx","Chest_Magic_Arena_L10",1,"Gold",30000,,,"divider_league",2,10,60,"league_list_icon_009",1,1,1
"Template_45_Ranked9.2","TID_RANKED_LEAGUE_9",45,21,5,1,58,1,16,"Ranked1v1_NewArena2","FALSE",,,,"TRUE","sc/ui_league_badges.sc","league_badge_009","league_badge_009_nofx","WildcardEpic",10,,,,,,2,10,60,"league_list_icon_009",1,1,1
"Template_45_Ranked10","TID_RANKED_LEAGUE_10",45,22,6,0,63,1,16,"Ranked1v1_NewArena2","TRUE",,-1,6,"TRUE","sc/ui_league_badges.sc","league_badge_010","league_badge_010_nofx","WildcardChampion",1,"Emote_EmoteChronos71",1,,,"divider_league_last",15,150,90,"league_list_icon_010",1,1,1
"Template_46_Ranked4.1","TID_RANKED_LEAGUE_4",46,7,0,0,0,1,16,"Ranked1v1_NewArena","FALSE",,5,1,"TRUE","sc/ui_league_badges.sc","league_badge_004","league_badge_004_nofx","WildcardCommon",250,"Chest_Magic_Arena_L10",1,,,"divider_league",2,10,60,"league_list_icon_004",1,1,1
"Template_46_Ranked4.2","TID_RANKED_LEAGUE_4",46,8,0,1,3,1,16,"Ranked1v1_NewArena","FALSE",,,,"TRUE","sc/ui_league_badges.sc","league_badge_004","league_badge_004_nofx","WildcardRare",50,,,,,,2,10,60,"league_list_icon_004",1,1,1
"Template_46_Ranked4.3","TID_RANKED_LEAGUE_4",46,9,0,2,7,1,16,"Ranked1v1_NewArena","FALSE",,,,"TRUE","sc/ui_league_badges.sc","league_badge_004","league_badge_004_nofx","Chest_Giant_Arena_L10",1,,,,,,2,10,60,"league_list_icon_004",1,1,1
"Template_46_Ranked5.1","TID_RANKED_LEAGUE_5",46,10,1,0,11,1,16,"Ranked1v1_NewArena","FALSE",,6,1,"TRUE","sc/ui_league_badges.sc","league_badge_005","league_badge_005_nofx","Emote_EmoteChronos425",1,"Gold",30000,,,"divider_league",2,10,60,"league_list_icon_005",1,1,1
"Template_46_Ranked5.2","TID_RANKED_LEAGUE_5",46,11,1,1,14,1,16,"Ranked1v1_NewArena","FALSE",,,,"TRUE","sc/ui_league_badges.sc","league_badge_005","league_badge_005_nofx","WildcardEpic",10,,,,,,2,10,60,"league_list_icon_005",1,1,1
"Template_46_Ranked5.3","TID_RANKED_LEAGUE_5",46,12,1,2,18,1,16,"Ranked1v1_NewArena","FALSE",,,,"TRUE","sc/ui_league_badges.sc","league_badge_005","league_badge_005_nofx","WildcardLegendary",1,,,,,,2,10,60,"league_list_icon_005",1,1,1
"Template_46_Ranked6.1","TID_RANKED_LEAGUE_6",46,13,2,0,22,1,16,"Ranked1v1_NewArena","FALSE",,7,1,"TRUE","sc/ui_league_badges.sc","league_badge_006","league_badge_006_nofx","WildcardChampion",1,"Chest_Shop_Small_1_Arena_L10",1,,,"divider_league",2,10,60,"league_list_icon_006",1,1,1
"Template_46_Ranked6.2","TID_RANKED_LEAGUE_6",46,14,2,1,25,1,16,"Ranked1v1_NewArena","FALSE",,,,"TRUE","sc/ui_league_badges.sc","league_badge_006","league_badge_006_nofx","Gold",10000,,,,,,2,10,60,"league_list_icon_006",1,1,1
"Template_46_Ranked6.3","TID_RANKED_LEAGUE_6",46,15,2,2,29,1,16,"Ranked1v1_NewArena","FALSE",,,,"TRUE","sc/ui_league_badges.sc","league_badge_006","league_badge_006_nofx","WildcardCommon",250,,,,,,2,10,60,"league_list_icon_006",1,1,1
"Template_46_Ranked7.1","TID_RANKED_LEAGUE_7",46,16,3,0,33,1,16,"Ranked1v1_NewArena","FALSE",,-1,1,"TRUE","sc/ui_league_badges.sc","league_badge_007","league_badge_007_nofx","Chest_Giant_Arena_L10",1,"Gold",30000,,,"divider_league",2,10,60,"league_list_icon_007",1,1,1
"Template_46_Ranked7.2","TID_RANKED_LEAGUE_7",46,17,3,1,38,1,16,"Ranked1v1_NewArena","FALSE",,,,"TRUE","sc/ui_league_badges.sc","league_badge_007","league_badge_007_nofx","WildcardRare",50,,,,,,2,10,60,"league_list_icon_007",1,1,1
"Template_46_Ranked8.1","TID_RANKED_LEAGUE_8",46,18,4,0,43,1,16,"Ranked1v1_NewArena","FALSE",,-1,4,"TRUE","sc/ui_league_badges.sc","league_badge_008","league_badge_008_nofx","WildcardLegendary",1,"Chest_Shop_Large_Legendary_Arena_L10",1,,,"divider_league",2,10,60,"league_list_icon_008",1,1,1
"Template_46_Ranked8.2","TID_RANKED_LEAGUE_8",46,19,4,1,48,1,16,"Ranked1v1_NewArena","FALSE",,,,"TRUE","sc/ui_league_badges.sc","league_badge_008","league_badge_008_nofx","Gold",15000,,,,,,2,10,60,"league_list_icon_008",1,1,1
"Template_46_Ranked9.1","TID_RANKED_LEAGUE_9",46,20,5,0,53,1,16,"Ranked1v1_NewArena","FALSE",,-1,5,"TRUE","sc/ui_league_badges.sc","league_badge_009","league_badge_009_nofx","Chest_Magic_Arena_L10",1,"Gold",30000,,,"divider_league",2,10,60,"league_list_icon_009",1,1,1
"Template_46_Ranked9.2","TID_RANKED_LEAGUE_9",46,21,5,1,58,1,16,"Ranked1v1_NewArena","FALSE",,,,"TRUE","sc/ui_league_badges.sc","league_badge_009","league_badge_009_nofx","WildcardEpic",10,,,,,,2,10,60,"league_list_icon_009",1,1,1
"Template_46_Ranked10","TID_RANKED_LEAGUE_10",46,22,6,0,63,1,16,"Ranked1v1_NewArena","TRUE",,-1,6,"TRUE","sc/ui_league_badges.sc","league_badge_010","league_badge_010_nofx","WildcardChampion",1,"Emote_EmoteChronos71",1,,,"divider_league_last",15,150,90,"league_list_icon_010",1,1,1
