"Group","LoginDay","KingLevelMin","Arena","RewardType","RewardAmount","RewardChest","RewardMysteryBox"
"String","Int","Int","String","String","Int","String","String"
"ReactivationV5",1,5,"Arena2","Chest",1,"Giant_Arena4",
,2,5,"Arena2","Gems",150,,
,3,5,"Arena2","MysteryBox",1,,"EpicLuckyDrop"
,4,5,"Arena2","Gold",10000,,
,5,5,"Arena2","WildcardRare",20,,
,6,5,"Arena2","Gems",250,,
,7,5,"Arena2","Chest",1,"Magic_Arena4",
,1,11,"Arena5","Chest",1,"Giant_Arena8",
,2,11,"Arena5","WildcardCommon",400,,
,3,11,"Arena5","MysteryBox",1,,"EpicLuckyDrop"
,4,11,"Arena5","WildcardRare",100,,
,5,11,"Arena5","Gems",400,,
,6,11,"Arena5","WildcardEpic",10,,
,7,11,"Arena5","Chest",1,"Magic_Arena8",
,1,25,"Arena_L","Chest",1,"Legendary_Arena_Electric",
,2,25,"Arena_L","WildcardCommon",1000,,
,3,25,"Arena_L","MysteryBox",1,,"EpicLuckyDrop"
,4,25,"Arena_L","WildcardRare",400,,
,5,25,"Arena_L","Gold",20000,,
,6,25,"Arena_L","WildcardEpic",40,,
,7,25,"Arena_L","Chest",1,"Magic_Arena_Electric",
,1,31,"Arena_L1","Chest",1,"Legendary_Arena_L1",
,2,31,"Arena_L1","WildcardRare",750,,
,3,31,"Arena_L1","MysteryBox",1,,"EpicLuckyDrop"
,4,31,"Arena_L1","WildcardEpic",100,,
,5,31,"Arena_L1","Gold",30000,,
,6,31,"Arena_L1","WildcardLegendary",3,,
,7,31,"Arena_L1","Chest",1,"Magic_Arena_L1",
,1,41,"Arena_L6","Chest",1,"ChampionChest_Arena_L4",
,2,41,"Arena_L6","WildcardRare",1250,,
,3,41,"Arena_L6","MysteryBox",1,,"EpicLuckyDrop"
,4,41,"Arena_L6","WildcardEpic",200,,
,5,41,"Arena_L6","Gold",60000,,
,6,41,"Arena_L6","WildcardLegendary",5,,
,7,41,"Arena_L6","Chest",1,"Magic_Arena_L4",
"Reactivation28Days",1,5,"Arena2","Chest",1,"Giant_Arena4",
,2,5,"Arena2","Gems",150,,
,3,5,"Arena2","Gold",6000,,
,4,5,"Arena2","WildcardCommon",100,,
,5,5,"Arena2","Gold",8000,,
,6,5,"Arena2","WildcardRare",20,,
,7,5,"Arena2","MysteryBox",1,,"EpicLuckyDrop"
,8,5,"Arena2","Chest",1,"Magic_Arena4",
,9,5,"Arena2","Gold",5000,,
,10,5,"Arena2","MysteryBox",1,,"RareLuckyDrop"
,11,5,"Arena2","Gems",150,,
,12,5,"Arena2","Chest",1,"Giant_Arena4",
,13,5,"Arena2","MysteryBox",1,,"RareLuckyDrop"
,14,5,"Arena2","MysteryBox",1,,"EpicLuckyDrop"
,15,5,"Arena2","Chest",1,"Giant_Arena4",
,16,5,"Arena2","MysteryBox",1,,"CommonLuckyDrop"
,17,5,"Arena2","MysteryBox",1,,"RareLuckyDrop"
,18,5,"Arena2","MysteryBox",1,,"CommonLuckyDrop"
,19,5,"Arena2","Chest",1,"Magic_Arena4",
,20,5,"Arena2","MysteryBox",1,,"RareLuckyDrop"
,21,5,"Arena2","MysteryBox",1,,"LegendaryLuckyDrop"
,22,5,"Arena2","Chest",1,"Magic_Arena4",
,23,5,"Arena2","MysteryBox",1,,"CommonLuckyDrop"
,24,5,"Arena2","MysteryBox",1,,"RareLuckyDrop"
,25,5,"Arena2","MysteryBox",1,,"RareLuckyDrop"
,26,5,"Arena2","MysteryBox",1,,"CommonLuckyDrop"
,27,5,"Arena2","MysteryBox",1,,"RareLuckyDrop"
,28,5,"Arena2","MysteryBox",1,,"LegendaryLuckyDrop"
,1,11,"Arena5","Chest",1,"Giant_Arena8",
,2,11,"Arena5","WildcardCommon",400,,
,3,11,"Arena5","Gold",10000,,
,4,11,"Arena5","WildcardRare",100,,
,5,11,"Arena5","Gold",15000,,
,6,11,"Arena5","WildcardEpic",10,,
,7,11,"Arena5","MysteryBox",1,,"EpicLuckyDrop"
,8,11,"Arena5","Chest",1,"Magic_Arena8",
,9,11,"Arena5","Gold",10000,,
,10,11,"Arena5","MysteryBox",1,,"RareLuckyDrop"
,11,11,"Arena5","Gems",300,,
,12,11,"Arena5","Chest",1,"Giant_Arena8",
,13,11,"Arena5","MysteryBox",1,,"RareLuckyDrop"
,14,11,"Arena5","MysteryBox",1,,"EpicLuckyDrop"
,15,11,"Arena5","Chest",1,"Giant_Arena8",
,16,11,"Arena5","MysteryBox",1,,"CommonLuckyDrop"
,17,11,"Arena5","MysteryBox",1,,"RareLuckyDrop"
,18,11,"Arena5","MysteryBox",1,,"CommonLuckyDrop"
,19,11,"Arena5","Chest",1,"Magic_Arena8",
,20,11,"Arena5","MysteryBox",1,,"RareLuckyDrop"
,21,11,"Arena5","MysteryBox",1,,"LegendaryLuckyDrop"
,22,11,"Arena5","Chest",1,"Magic_Arena8",
,23,11,"Arena5","MysteryBox",1,,"CommonLuckyDrop"
,24,11,"Arena5","MysteryBox",1,,"RareLuckyDrop"
,25,11,"Arena5","MysteryBox",1,,"RareLuckyDrop"
,26,11,"Arena5","MysteryBox",1,,"CommonLuckyDrop"
,27,11,"Arena5","MysteryBox",1,,"RareLuckyDrop"
,28,11,"Arena5","MysteryBox",1,,"LegendaryLuckyDrop"
,1,25,"Arena_L","Chest",1,"Giant_Arena_Electric",
,2,25,"Arena_L","WildcardCommon",1000,,
,3,25,"Arena_L","Gold",20000,,
,4,25,"Arena_L","WildcardRare",400,,
,5,25,"Arena_L","Gold",30000,,
,6,25,"Arena_L","WildcardEpic",40,,
,7,25,"Arena_L","MysteryBox",1,,"EpicLuckyDrop"
,8,25,"Arena_L","Chest",1,"Magic_Arena_Electric",
,9,25,"Arena_L","Gold",20000,,
,10,25,"Arena_L","MysteryBox",1,,"RareLuckyDrop"
,11,25,"Arena_L","Gems",400,,
,12,25,"Arena_L","Chest",1,"Giant_Arena_Electric",
,13,25,"Arena_L","MysteryBox",1,,"RareLuckyDrop"
,14,25,"Arena_L","MysteryBox",1,,"EpicLuckyDrop"
,15,25,"Arena_L","Chest",1,"Giant_Arena_Electric",
,16,25,"Arena_L","MysteryBox",1,,"CommonLuckyDrop"
,17,25,"Arena_L","MysteryBox",1,,"RareLuckyDrop"
,18,25,"Arena_L","MysteryBox",1,,"CommonLuckyDrop"
,19,25,"Arena_L","Chest",1,"Magic_Arena_Electric",
,20,25,"Arena_L","MysteryBox",1,,"RareLuckyDrop"
,21,25,"Arena_L","MysteryBox",1,,"LegendaryLuckyDrop"
,22,25,"Arena_L","Chest",1,"Magic_Arena_Electric",
,23,25,"Arena_L","MysteryBox",1,,"CommonLuckyDrop"
,24,25,"Arena_L","MysteryBox",1,,"RareLuckyDrop"
,25,25,"Arena_L","MysteryBox",1,,"RareLuckyDrop"
,26,25,"Arena_L","MysteryBox",1,,"CommonLuckyDrop"
,27,25,"Arena_L","MysteryBox",1,,"RareLuckyDrop"
,28,25,"Arena_L","MysteryBox",1,,"LegendaryLuckyDrop"
,1,31,"Arena_L1","Chest",1,"Giant_Arena_L1",
,2,31,"Arena_L1","WildcardRare",750,,
,3,31,"Arena_L1","Gold",30000,,
,4,31,"Arena_L1","WildcardEpic",100,,
,5,31,"Arena_L1","Gold",40000,,
,6,31,"Arena_L1","WildcardLegendary",3,,
,7,31,"Arena_L1","MysteryBox",1,,"EpicLuckyDrop"
,8,31,"Arena_L1","Chest",1,"Magic_Arena_L1",
,9,31,"Arena_L1","Gold",30000,,
,10,31,"Arena_L1","MysteryBox",1,,"RareLuckyDrop"
,11,31,"Arena_L1","WildcardCommon",1500,,
,12,31,"Arena_L1","Chest",1,"Giant_Arena_L1",
,13,31,"Arena_L1","MysteryBox",1,,"RareLuckyDrop"
,14,31,"Arena_L1","MysteryBox",1,,"EpicLuckyDrop"
,15,31,"Arena_L1","Chest",1,"Giant_Arena_L1",
,16,31,"Arena_L1","MysteryBox",1,,"CommonLuckyDrop"
,17,31,"Arena_L1","MysteryBox",1,,"RareLuckyDrop"
,18,31,"Arena_L1","MysteryBox",1,,"CommonLuckyDrop"
,19,31,"Arena_L1","Chest",1,"Magic_Arena_L1",
,20,31,"Arena_L1","MysteryBox",1,,"RareLuckyDrop"
,21,31,"Arena_L1","MysteryBox",1,,"LegendaryLuckyDrop"
,22,31,"Arena_L1","Chest",1,"Magic_Arena_L1",
,23,31,"Arena_L1","MysteryBox",1,,"CommonLuckyDrop"
,24,31,"Arena_L1","MysteryBox",1,,"RareLuckyDrop"
,25,31,"Arena_L1","MysteryBox",1,,"RareLuckyDrop"
,26,31,"Arena_L1","MysteryBox",1,,"CommonLuckyDrop"
,27,31,"Arena_L1","MysteryBox",1,,"RareLuckyDrop"
,28,31,"Arena_L1","MysteryBox",1,,"LegendaryLuckyDrop"
,1,41,"Arena_L6","Chest",1,"Giant_Arena_L4",
,2,41,"Arena_L6","WildcardRare",1250,,
,3,41,"Arena_L6","Gold",60000,,
,4,41,"Arena_L6","WildcardEpic",200,,
,5,41,"Arena_L6","Gold",80000,,
,6,41,"Arena_L6","WildcardLegendary",5,,
,7,41,"Arena_L6","MysteryBox",1,,"EpicLuckyDrop"
,8,41,"Arena_L6","Chest",1,"Magic_Arena_L4",
,9,41,"Arena_L6","Gold",50000,,
,10,41,"Arena_L6","MysteryBox",1,,"RareLuckyDrop"
,11,41,"Arena_L6","WildcardCommon",3000,,
,12,41,"Arena_L6","Chest",1,"Giant_Arena_L4",
,13,41,"Arena_L6","MysteryBox",1,,"RareLuckyDrop"
,14,41,"Arena_L6","MysteryBox",1,,"EpicLuckyDrop"
,15,41,"Arena_L6","Chest",1,"Giant_Arena_L4",
,16,41,"Arena_L6","MysteryBox",1,,"CommonLuckyDrop"
,17,41,"Arena_L6","MysteryBox",1,,"RareLuckyDrop"
,18,41,"Arena_L6","MysteryBox",1,,"CommonLuckyDrop"
,19,41,"Arena_L6","Chest",1,"Magic_Arena_L4",
,20,41,"Arena_L6","MysteryBox",1,,"RareLuckyDrop"
,21,41,"Arena_L6","MysteryBox",1,,"LegendaryLuckyDrop"
,22,41,"Arena_L6","Chest",1,"Magic_Arena_L4",
,23,41,"Arena_L6","MysteryBox",1,,"CommonLuckyDrop"
,24,41,"Arena_L6","MysteryBox",1,,"RareLuckyDrop"
,25,41,"Arena_L6","MysteryBox",1,,"RareLuckyDrop"
,26,41,"Arena_L6","MysteryBox",1,,"CommonLuckyDrop"
,27,41,"Arena_L6","MysteryBox",1,,"RareLuckyDrop"
,28,41,"Arena_L6","MysteryBox",1,,"LegendaryLuckyDrop"
"Reactivation21Days",1,5,"Arena2","Chest",1,"Giant_Arena4",
,2,5,"Arena2","Gems",150,,
,3,5,"Arena2","Gold",6000,,
,4,5,"Arena2","WildcardCommon",100,,
,5,5,"Arena2","Gold",8000,,
,6,5,"Arena2","WildcardRare",20,,
,7,5,"Arena2","MysteryBox",1,,"EpicLuckyDrop"
,8,5,"Arena2","Chest",1,"Magic_Arena4",
,9,5,"Arena2","Gold",5000,,
,10,5,"Arena2","MysteryBox",1,,"RareLuckyDrop"
,11,5,"Arena2","Gems",150,,
,12,5,"Arena2","Chest",1,"Giant_Arena4",
,13,5,"Arena2","MysteryBox",1,,"RareLuckyDrop"
,14,5,"Arena2","MysteryBox",1,,"EpicLuckyDrop"
,15,5,"Arena2","Chest",1,"Giant_Arena4",
,16,5,"Arena2","MysteryBox",1,,"CommonLuckyDrop"
,17,5,"Arena2","MysteryBox",1,,"RareLuckyDrop"
,18,5,"Arena2","MysteryBox",1,,"CommonLuckyDrop"
,19,5,"Arena2","Chest",1,"Magic_Arena4",
,20,5,"Arena2","MysteryBox",1,,"RareLuckyDrop"
,21,5,"Arena2","MysteryBox",1,,"LegendaryLuckyDrop"
,1,11,"Arena5","Chest",1,"Giant_Arena8",
,2,11,"Arena5","WildcardCommon",400,,
,3,11,"Arena5","Gold",10000,,
,4,11,"Arena5","WildcardRare",100,,
,5,11,"Arena5","Gold",15000,,
,6,11,"Arena5","WildcardEpic",10,,
,7,11,"Arena5","MysteryBox",1,,"EpicLuckyDrop"
,8,11,"Arena5","Chest",1,"Magic_Arena8",
,9,11,"Arena5","Gold",10000,,
,10,11,"Arena5","MysteryBox",1,,"RareLuckyDrop"
,11,11,"Arena5","Gems",300,,
,12,11,"Arena5","Chest",1,"Giant_Arena8",
,13,11,"Arena5","MysteryBox",1,,"RareLuckyDrop"
,14,11,"Arena5","MysteryBox",1,,"EpicLuckyDrop"
,15,11,"Arena5","Chest",1,"Giant_Arena8",
,16,11,"Arena5","MysteryBox",1,,"CommonLuckyDrop"
,17,11,"Arena5","MysteryBox",1,,"RareLuckyDrop"
,18,11,"Arena5","MysteryBox",1,,"CommonLuckyDrop"
,19,11,"Arena5","Chest",1,"Magic_Arena8",
,20,11,"Arena5","MysteryBox",1,,"RareLuckyDrop"
,21,11,"Arena5","MysteryBox",1,,"LegendaryLuckyDrop"
,1,25,"Arena_L","Chest",1,"Giant_Arena8",
,2,25,"Arena_L","WildcardCommon",1000,,
,3,25,"Arena_L","Gold",20000,,
,4,25,"Arena_L","WildcardRare",400,,
,5,25,"Arena_L","Gold",30000,,
,6,25,"Arena_L","WildcardEpic",40,,
,7,25,"Arena_L","MysteryBox",1,,"EpicLuckyDrop"
,8,25,"Arena_L","Chest",1,"Magic_Arena_Electric",
,9,25,"Arena_L","Gold",20000,,
,10,25,"Arena_L","MysteryBox",1,,"RareLuckyDrop"
,11,25,"Arena_L","Gems",400,,
,12,25,"Arena_L","Chest",1,"Giant_Arena_Electric",
,13,25,"Arena_L","MysteryBox",1,,"RareLuckyDrop"
,14,25,"Arena_L","MysteryBox",1,,"EpicLuckyDrop"
,15,25,"Arena_L","Chest",1,"Giant_Arena_Electric",
,16,25,"Arena_L","MysteryBox",1,,"CommonLuckyDrop"
,17,25,"Arena_L","MysteryBox",1,,"RareLuckyDrop"
,18,25,"Arena_L","MysteryBox",1,,"CommonLuckyDrop"
,19,25,"Arena_L","Chest",1,"Magic_Arena_Electric",
,20,25,"Arena_L","MysteryBox",1,,"RareLuckyDrop"
,21,25,"Arena_L","MysteryBox",1,,"LegendaryLuckyDrop"
,1,31,"Arena_L1","Chest",1,"Giant_Arena_L1",
,2,31,"Arena_L1","WildcardRare",750,,
,3,31,"Arena_L1","Gold",30000,,
,4,31,"Arena_L1","WildcardEpic",100,,
,5,31,"Arena_L1","Gold",40000,,
,6,31,"Arena_L1","WildcardLegendary",3,,
,7,31,"Arena_L1","MysteryBox",1,,"EpicLuckyDrop"
,8,31,"Arena_L1","Chest",1,"Magic_Arena_L1",
,9,31,"Arena_L1","Gold",30000,,
,10,31,"Arena_L1","MysteryBox",1,,"RareLuckyDrop"
,11,31,"Arena_L1","WildcardCommon",1500,,
,12,31,"Arena_L1","Chest",1,"Giant_Arena_L1",
,13,31,"Arena_L1","MysteryBox",1,,"RareLuckyDrop"
,14,31,"Arena_L1","MysteryBox",1,,"EpicLuckyDrop"
,15,31,"Arena_L1","Chest",1,"Giant_Arena_L1",
,16,31,"Arena_L1","MysteryBox",1,,"CommonLuckyDrop"
,17,31,"Arena_L1","MysteryBox",1,,"RareLuckyDrop"
,18,31,"Arena_L1","MysteryBox",1,,"CommonLuckyDrop"
,19,31,"Arena_L1","Chest",1,"Magic_Arena_L1",
,20,31,"Arena_L1","MysteryBox",1,,"RareLuckyDrop"
,21,31,"Arena_L1","MysteryBox",1,,"LegendaryLuckyDrop"
,1,41,"Arena_L6","Chest",1,"Giant_Arena_L4",
,2,41,"Arena_L6","WildcardRare",1250,,
,3,41,"Arena_L6","Gold",60000,,
,4,41,"Arena_L6","WildcardEpic",200,,
,5,41,"Arena_L6","Gold",80000,,
,6,41,"Arena_L6","WildcardLegendary",5,,
,7,41,"Arena_L6","MysteryBox",1,,"EpicLuckyDrop"
,8,41,"Arena_L6","Chest",1,"Magic_Arena_L4",
,9,41,"Arena_L6","Gold",50000,,
,10,41,"Arena_L6","MysteryBox",1,,"RareLuckyDrop"
,11,41,"Arena_L6","WildcardCommon",3000,,
,12,41,"Arena_L6","Chest",1,"Giant_Arena_L4",
,13,41,"Arena_L6","MysteryBox",1,,"RareLuckyDrop"
,14,41,"Arena_L6","MysteryBox",1,,"EpicLuckyDrop"
,15,41,"Arena_L6","Chest",1,"Giant_Arena_L4",
,16,41,"Arena_L6","MysteryBox",1,,"CommonLuckyDrop"
,17,41,"Arena_L6","MysteryBox",1,,"RareLuckyDrop"
,18,41,"Arena_L6","MysteryBox",1,,"CommonLuckyDrop"
,19,41,"Arena_L6","Chest",1,"Magic_Arena_L4",
,20,41,"Arena_L6","MysteryBox",1,,"RareLuckyDrop"
,21,41,"Arena_L6","MysteryBox",1,,"LegendaryLuckyDrop"
"Reactivation14Days",1,5,"Arena2","Chest",1,"Giant_Arena4",
,2,5,"Arena2","Gems",150,,
,3,5,"Arena2","Gold",6000,,
,4,5,"Arena2","WildcardCommon",100,,
,5,5,"Arena2","Gold",8000,,
,6,5,"Arena2","WildcardRare",20,,
,7,5,"Arena2","MysteryBox",1,,"EpicLuckyDrop"
,8,5,"Arena2","Chest",1,"Magic_Arena4",
,9,5,"Arena2","Gold",5000,,
,10,5,"Arena2","MysteryBox",1,,"RareLuckyDrop"
,11,5,"Arena2","Gems",150,,
,12,5,"Arena2","Chest",1,"Giant_Arena4",
,13,5,"Arena2","MysteryBox",1,,"RareLuckyDrop"
,14,5,"Arena2","MysteryBox",1,,"EpicLuckyDrop"
,1,11,"Arena5","Chest",1,"Giant_Arena8",
,2,11,"Arena5","WildcardCommon",400,,
,3,11,"Arena5","Gold",10000,,
,4,11,"Arena5","WildcardRare",100,,
,5,11,"Arena5","Gold",15000,,
,6,11,"Arena5","WildcardEpic",10,,
,7,11,"Arena5","MysteryBox",1,,"EpicLuckyDrop"
,8,11,"Arena5","Chest",1,"Magic_Arena8",
,9,11,"Arena5","Gold",10000,,
,10,11,"Arena5","MysteryBox",1,,"RareLuckyDrop"
,11,11,"Arena5","Gems",300,,
,12,11,"Arena5","Chest",1,"Giant_Arena8",
,13,11,"Arena5","MysteryBox",1,,"RareLuckyDrop"
,14,11,"Arena5","MysteryBox",1,,"EpicLuckyDrop"
,1,25,"Arena_L","Chest",1,"Giant_Arena8",
,2,25,"Arena_L","WildcardCommon",1000,,
,3,25,"Arena_L","Gold",20000,,
,4,25,"Arena_L","WildcardRare",400,,
,5,25,"Arena_L","Gold",30000,,
,6,25,"Arena_L","WildcardEpic",40,,
,7,25,"Arena_L","MysteryBox",1,,"EpicLuckyDrop"
,8,25,"Arena_L","Chest",1,"Magic_Arena_Electric",
,9,25,"Arena_L","Gold",20000,,
,10,25,"Arena_L","MysteryBox",1,,"RareLuckyDrop"
,11,25,"Arena_L","Gems",400,,
,12,25,"Arena_L","Chest",1,"Giant_Arena_Electric",
,13,25,"Arena_L","MysteryBox",1,,"RareLuckyDrop"
,14,25,"Arena_L","MysteryBox",1,,"EpicLuckyDrop"
,1,31,"Arena_L1","Chest",1,"Giant_Arena_L1",
,2,31,"Arena_L1","WildcardRare",750,,
,3,31,"Arena_L1","Gold",30000,,
,4,31,"Arena_L1","WildcardEpic",100,,
,5,31,"Arena_L1","Gold",40000,,
,6,31,"Arena_L1","WildcardLegendary",3,,
,7,31,"Arena_L1","MysteryBox",1,,"EpicLuckyDrop"
,8,31,"Arena_L1","Chest",1,"Magic_Arena_L1",
,9,31,"Arena_L1","Gold",30000,,
,10,31,"Arena_L1","MysteryBox",1,,"RareLuckyDrop"
,11,31,"Arena_L1","WildcardCommon",1500,,
,12,31,"Arena_L1","Chest",1,"Giant_Arena_L1",
,13,31,"Arena_L1","MysteryBox",1,,"RareLuckyDrop"
,14,31,"Arena_L1","MysteryBox",1,,"EpicLuckyDrop"
,1,41,"Arena_L6","Chest",1,"Giant_Arena_L4",
,2,41,"Arena_L6","WildcardRare",1250,,
,3,41,"Arena_L6","Gold",60000,,
,4,41,"Arena_L6","WildcardEpic",200,,
,5,41,"Arena_L6","Gold",80000,,
,6,41,"Arena_L6","WildcardLegendary",5,,
,7,41,"Arena_L6","MysteryBox",1,,"EpicLuckyDrop"
,8,41,"Arena_L6","Chest",1,"Magic_Arena_L4",
,9,41,"Arena_L6","Gold",50000,,
,10,41,"Arena_L6","MysteryBox",1,,"RareLuckyDrop"
,11,41,"Arena_L6","WildcardCommon",3000,,
,12,41,"Arena_L6","Chest",1,"Giant_Arena_L4",
,13,41,"Arena_L6","MysteryBox",1,,"RareLuckyDrop"
,14,41,"Arena_L6","MysteryBox",1,,"EpicLuckyDrop"
"Reactivation7Days",1,5,"Arena2","Chest",1,"Giant_Arena4",
,2,5,"Arena2","Gems",150,,
,3,5,"Arena2","Gold",6000,,
,4,5,"Arena2","WildcardCommon",100,,
,5,5,"Arena2","Gold",8000,,
,6,5,"Arena2","WildcardRare",20,,
,7,5,"Arena2","MysteryBox",1,,"EpicLuckyDrop"
,1,11,"Arena5","Chest",1,"Giant_Arena8",
,2,11,"Arena5","WildcardCommon",400,,
,3,11,"Arena5","Gold",10000,,
,4,11,"Arena5","WildcardRare",100,,
,5,11,"Arena5","Gold",15000,,
,6,11,"Arena5","WildcardEpic",10,,
,7,11,"Arena5","MysteryBox",1,,"EpicLuckyDrop"
,1,25,"Arena_L","Chest",1,"Giant_Arena8",
,2,25,"Arena_L","WildcardCommon",1000,,
,3,25,"Arena_L","Gold",20000,,
,4,25,"Arena_L","WildcardRare",400,,
,5,25,"Arena_L","Gold",30000,,
,6,25,"Arena_L","WildcardEpic",40,,
,7,25,"Arena_L","MysteryBox",1,,"EpicLuckyDrop"
,1,31,"Arena_L1","Chest",1,"Giant_Arena_L1",
,2,31,"Arena_L1","WildcardRare",750,,
,3,31,"Arena_L1","Gold",30000,,
,4,31,"Arena_L1","WildcardEpic",100,,
,5,31,"Arena_L1","Gold",40000,,
,6,31,"Arena_L1","WildcardLegendary",3,,
,7,31,"Arena_L1","MysteryBox",1,,"EpicLuckyDrop"
,1,41,"Arena_L6","Chest",1,"Giant_Arena_L4",
,2,41,"Arena_L6","WildcardRare",1250,,
,3,41,"Arena_L6","Gold",60000,,
,4,41,"Arena_L6","WildcardEpic",200,,
,5,41,"Arena_L6","Gold",80000,,
,6,41,"Arena_L6","WildcardLegendary",5,,
,7,41,"Arena_L6","MysteryBox",1,,"EpicLuckyDrop"
"V10ReactivationInactive120Ctrl",1,5,"Arena2","Chest",1,"Giant_Arena4",
,2,5,"Arena2","Gems",150,,
,3,5,"Arena2","MysteryBox",1,,"LegendaryLuckyDrop"
,4,5,"Arena2","WildcardCommon",100,,
,5,5,"Arena2","Gold",10000,,
,6,5,"Arena2","WildcardRare",20,,
,7,5,"Arena2","Chest",1,"Magic_Arena4",
,8,5,"Arena2","Chest",1,"Magic_Arena4",
,9,5,"Arena2","Gold",5000,,
,10,5,"Arena2","MysteryBox",1,,"RareLuckyDrop"
,11,5,"Arena2","Gems",150,,
,12,5,"Arena2","Chest",1,"Giant_Arena4",
,13,5,"Arena2","MysteryBox",1,,"RareLuckyDrop"
,14,5,"Arena2","MysteryBox",1,,"EpicLuckyDrop"
,15,5,"Arena2","Chest",1,"Giant_Arena4",
,16,5,"Arena2","MysteryBox",1,,"CommonLuckyDrop"
,17,5,"Arena2","MysteryBox",1,,"RareLuckyDrop"
,18,5,"Arena2","MysteryBox",1,,"CommonLuckyDrop"
,19,5,"Arena2","Chest",1,"Magic_Arena4",
,20,5,"Arena2","MysteryBox",1,,"RareLuckyDrop"
,21,5,"Arena2","MysteryBox",1,,"LegendaryLuckyDrop"
,22,5,"Arena2","Chest",1,"Magic_Arena4",
,23,5,"Arena2","MysteryBox",1,,"CommonLuckyDrop"
,24,5,"Arena2","MysteryBox",1,,"RareLuckyDrop"
,25,5,"Arena2","MysteryBox",1,,"RareLuckyDrop"
,26,5,"Arena2","MysteryBox",1,,"CommonLuckyDrop"
,27,5,"Arena2","MysteryBox",1,,"RareLuckyDrop"
,28,5,"Arena2","MysteryBox",1,,"LegendaryLuckyDrop"
,1,11,"Arena5","Chest",1,"Giant_Arena8",
,2,11,"Arena5","WildcardCommon",400,,
,3,11,"Arena5","MysteryBox",1,,"LegendaryLuckyDrop"
,4,11,"Arena5","WildcardRare",100,,
,5,11,"Arena5","Gold",15000,,
,6,11,"Arena5","WildcardEpic",10,,
,7,11,"Arena5","Chest",1,"Magic_Arena8",
,8,11,"Arena5","Chest",1,"Magic_Arena8",
,9,11,"Arena5","Gold",10000,,
,10,11,"Arena5","MysteryBox",1,,"RareLuckyDrop"
,11,11,"Arena5","Gems",300,,
,12,11,"Arena5","Chest",1,"Giant_Arena8",
,13,11,"Arena5","MysteryBox",1,,"RareLuckyDrop"
,14,11,"Arena5","MysteryBox",1,,"EpicLuckyDrop"
,15,11,"Arena5","Chest",1,"Giant_Arena8",
,16,11,"Arena5","MysteryBox",1,,"CommonLuckyDrop"
,17,11,"Arena5","MysteryBox",1,,"RareLuckyDrop"
,18,11,"Arena5","MysteryBox",1,,"CommonLuckyDrop"
,19,11,"Arena5","Chest",1,"Magic_Arena8",
,20,11,"Arena5","MysteryBox",1,,"RareLuckyDrop"
,21,11,"Arena5","MysteryBox",1,,"LegendaryLuckyDrop"
,22,11,"Arena5","Chest",1,"Magic_Arena8",
,23,11,"Arena5","MysteryBox",1,,"CommonLuckyDrop"
,24,11,"Arena5","MysteryBox",1,,"RareLuckyDrop"
,25,11,"Arena5","MysteryBox",1,,"RareLuckyDrop"
,26,11,"Arena5","MysteryBox",1,,"CommonLuckyDrop"
,27,11,"Arena5","MysteryBox",1,,"RareLuckyDrop"
,28,11,"Arena5","MysteryBox",1,,"LegendaryLuckyDrop"
,1,25,"Arena_L","Chest",1,"Giant_Arena8",
,2,25,"Arena_L","WildcardCommon",1000,,
,3,25,"Arena_L","MysteryBox",1,,"LegendaryLuckyDrop"
,4,25,"Arena_L","WildcardRare",400,,
,5,25,"Arena_L","Gold",20000,,
,6,25,"Arena_L","WildcardEpic",40,,
,7,25,"Arena_L","Chest",1,"Magic_Arena_Electric",
,8,25,"Arena_L","Chest",1,"Magic_Arena_Electric",
,9,25,"Arena_L","Gold",20000,,
,10,25,"Arena_L","MysteryBox",1,,"RareLuckyDrop"
,11,25,"Arena_L","Gems",400,,
,12,25,"Arena_L","Chest",1,"Giant_Arena_Electric",
,13,25,"Arena_L","MysteryBox",1,,"RareLuckyDrop"
,14,25,"Arena_L","MysteryBox",1,,"EpicLuckyDrop"
,15,25,"Arena_L","Chest",1,"Giant_Arena_Electric",
,16,25,"Arena_L","MysteryBox",1,,"CommonLuckyDrop"
,17,25,"Arena_L","MysteryBox",1,,"RareLuckyDrop"
,18,25,"Arena_L","MysteryBox",1,,"CommonLuckyDrop"
,19,25,"Arena_L","Chest",1,"Magic_Arena_Electric",
,20,25,"Arena_L","MysteryBox",1,,"RareLuckyDrop"
,21,25,"Arena_L","MysteryBox",1,,"LegendaryLuckyDrop"
,22,25,"Arena_L","Chest",1,"Magic_Arena_Electric",
,23,25,"Arena_L","MysteryBox",1,,"CommonLuckyDrop"
,24,25,"Arena_L","MysteryBox",1,,"RareLuckyDrop"
,25,25,"Arena_L","MysteryBox",1,,"RareLuckyDrop"
,26,25,"Arena_L","MysteryBox",1,,"CommonLuckyDrop"
,27,25,"Arena_L","MysteryBox",1,,"RareLuckyDrop"
,28,25,"Arena_L","MysteryBox",1,,"LegendaryLuckyDrop"
,1,31,"Arena_L1","Chest",1,"Giant_Arena_L1",
,2,31,"Arena_L1","WildcardRare",750,,
,3,31,"Arena_L1","MysteryBox",1,,"LegendaryLuckyDrop"
,4,31,"Arena_L1","WildcardEpic",100,,
,5,31,"Arena_L1","Gold",30000,,
,6,31,"Arena_L1","WildcardLegendary",3,,
,7,31,"Arena_L1","Chest",1,"Magic_Arena_L1",
,8,31,"Arena_L1","Chest",1,"Magic_Arena_L1",
,9,31,"Arena_L1","Gold",30000,,
,10,31,"Arena_L1","MysteryBox",1,,"RareLuckyDrop"
,11,31,"Arena_L1","WildcardCommon",1500,,
,12,31,"Arena_L1","Chest",1,"Giant_Arena_L1",
,13,31,"Arena_L1","MysteryBox",1,,"RareLuckyDrop"
,14,31,"Arena_L1","MysteryBox",1,,"EpicLuckyDrop"
,15,31,"Arena_L1","Chest",1,"Giant_Arena_L1",
,16,31,"Arena_L1","MysteryBox",1,,"CommonLuckyDrop"
,17,31,"Arena_L1","MysteryBox",1,,"RareLuckyDrop"
,18,31,"Arena_L1","MysteryBox",1,,"CommonLuckyDrop"
,19,31,"Arena_L1","Chest",1,"Magic_Arena_L1",
,20,31,"Arena_L1","MysteryBox",1,,"RareLuckyDrop"
,21,31,"Arena_L1","MysteryBox",1,,"LegendaryLuckyDrop"
,22,31,"Arena_L1","Chest",1,"Magic_Arena_L1",
,23,31,"Arena_L1","MysteryBox",1,,"CommonLuckyDrop"
,24,31,"Arena_L1","MysteryBox",1,,"RareLuckyDrop"
,25,31,"Arena_L1","MysteryBox",1,,"RareLuckyDrop"
,26,31,"Arena_L1","MysteryBox",1,,"CommonLuckyDrop"
,27,31,"Arena_L1","MysteryBox",1,,"RareLuckyDrop"
,28,31,"Arena_L1","MysteryBox",1,,"LegendaryLuckyDrop"
,1,41,"Arena_L6","Chest",1,"Giant_Arena_L4",
,2,41,"Arena_L6","WildcardRare",1250,,
,3,41,"Arena_L6","MysteryBox",1,,"LegendaryLuckyDrop"
,4,41,"Arena_L6","WildcardEpic",200,,
,5,41,"Arena_L6","Gold",60000,,
,6,41,"Arena_L6","WildcardLegendary",5,,
,7,41,"Arena_L6","Chest",1,"Magic_Arena_L4",
,8,41,"Arena_L6","Chest",1,"Magic_Arena_L4",
,9,41,"Arena_L6","Gold",50000,,
,10,41,"Arena_L6","MysteryBox",1,,"RareLuckyDrop"
,11,41,"Arena_L6","WildcardCommon",3000,,
,12,41,"Arena_L6","Chest",1,"Giant_Arena_L4",
,13,41,"Arena_L6","MysteryBox",1,,"RareLuckyDrop"
,14,41,"Arena_L6","MysteryBox",1,,"EpicLuckyDrop"
,15,41,"Arena_L6","Chest",1,"Giant_Arena_L4",
,16,41,"Arena_L6","MysteryBox",1,,"CommonLuckyDrop"
,17,41,"Arena_L6","MysteryBox",1,,"RareLuckyDrop"
,18,41,"Arena_L6","MysteryBox",1,,"CommonLuckyDrop"
,19,41,"Arena_L6","Chest",1,"Magic_Arena_L4",
,20,41,"Arena_L6","MysteryBox",1,,"RareLuckyDrop"
,21,41,"Arena_L6","MysteryBox",1,,"LegendaryLuckyDrop"
,22,41,"Arena_L6","Chest",1,"Magic_Arena_L4",
,23,41,"Arena_L6","MysteryBox",1,,"CommonLuckyDrop"
,24,41,"Arena_L6","MysteryBox",1,,"RareLuckyDrop"
,25,41,"Arena_L6","MysteryBox",1,,"RareLuckyDrop"
,26,41,"Arena_L6","MysteryBox",1,,"CommonLuckyDrop"
,27,41,"Arena_L6","MysteryBox",1,,"RareLuckyDrop"
,28,41,"Arena_L6","MysteryBox",1,,"LegendaryLuckyDrop"
"V10ReactivationInactive90Ctrl",1,5,"Arena2","Chest",1,"Giant_Arena4",
,2,5,"Arena2","Gems",150,,
,3,5,"Arena2","MysteryBox",1,,"LegendaryLuckyDrop"
,4,5,"Arena2","WildcardCommon",100,,
,5,5,"Arena2","Gold",10000,,
,6,5,"Arena2","WildcardRare",20,,
,7,5,"Arena2","Chest",1,"Magic_Arena4",
,8,5,"Arena2","Chest",1,"Magic_Arena4",
,9,5,"Arena2","Gold",5000,,
,10,5,"Arena2","MysteryBox",1,,"RareLuckyDrop"
,11,5,"Arena2","Gems",150,,
,12,5,"Arena2","Chest",1,"Giant_Arena4",
,13,5,"Arena2","MysteryBox",1,,"RareLuckyDrop"
,14,5,"Arena2","MysteryBox",1,,"EpicLuckyDrop"
,15,5,"Arena2","Chest",1,"Giant_Arena4",
,16,5,"Arena2","MysteryBox",1,,"CommonLuckyDrop"
,17,5,"Arena2","MysteryBox",1,,"RareLuckyDrop"
,18,5,"Arena2","MysteryBox",1,,"CommonLuckyDrop"
,19,5,"Arena2","Chest",1,"Magic_Arena4",
,20,5,"Arena2","MysteryBox",1,,"RareLuckyDrop"
,21,5,"Arena2","MysteryBox",1,,"LegendaryLuckyDrop"
,1,11,"Arena5","Chest",1,"Giant_Arena8",
,2,11,"Arena5","WildcardCommon",400,,
,3,11,"Arena5","MysteryBox",1,,"LegendaryLuckyDrop"
,4,11,"Arena5","WildcardRare",100,,
,5,11,"Arena5","Gold",15000,,
,6,11,"Arena5","WildcardEpic",10,,
,7,11,"Arena5","Chest",1,"Magic_Arena8",
,8,11,"Arena5","Chest",1,"Magic_Arena8",
,9,11,"Arena5","Gold",10000,,
,10,11,"Arena5","MysteryBox",1,,"RareLuckyDrop"
,11,11,"Arena5","Gems",300,,
,12,11,"Arena5","Chest",1,"Giant_Arena8",
,13,11,"Arena5","MysteryBox",1,,"RareLuckyDrop"
,14,11,"Arena5","MysteryBox",1,,"EpicLuckyDrop"
,15,11,"Arena5","Chest",1,"Giant_Arena8",
,16,11,"Arena5","MysteryBox",1,,"CommonLuckyDrop"
,17,11,"Arena5","MysteryBox",1,,"RareLuckyDrop"
,18,11,"Arena5","MysteryBox",1,,"CommonLuckyDrop"
,19,11,"Arena5","Chest",1,"Magic_Arena8",
,20,11,"Arena5","MysteryBox",1,,"RareLuckyDrop"
,21,11,"Arena5","MysteryBox",1,,"LegendaryLuckyDrop"
,1,25,"Arena_L","Chest",1,"Giant_Arena8",
,2,25,"Arena_L","WildcardCommon",1000,,
,3,25,"Arena_L","MysteryBox",1,,"LegendaryLuckyDrop"
,4,25,"Arena_L","WildcardRare",400,,
,5,25,"Arena_L","Gold",20000,,
,6,25,"Arena_L","WildcardEpic",40,,
,7,25,"Arena_L","Chest",1,"Magic_Arena_Electric",
,8,25,"Arena_L","Chest",1,"Magic_Arena_Electric",
,9,25,"Arena_L","Gold",20000,,
,10,25,"Arena_L","MysteryBox",1,,"RareLuckyDrop"
,11,25,"Arena_L","Gems",400,,
,12,25,"Arena_L","Chest",1,"Giant_Arena_Electric",
,13,25,"Arena_L","MysteryBox",1,,"RareLuckyDrop"
,14,25,"Arena_L","MysteryBox",1,,"EpicLuckyDrop"
,15,25,"Arena_L","Chest",1,"Giant_Arena_Electric",
,16,25,"Arena_L","MysteryBox",1,,"CommonLuckyDrop"
,17,25,"Arena_L","MysteryBox",1,,"RareLuckyDrop"
,18,25,"Arena_L","MysteryBox",1,,"CommonLuckyDrop"
,19,25,"Arena_L","Chest",1,"Magic_Arena_Electric",
,20,25,"Arena_L","MysteryBox",1,,"RareLuckyDrop"
,21,25,"Arena_L","MysteryBox",1,,"LegendaryLuckyDrop"
,1,31,"Arena_L1","Chest",1,"Giant_Arena_L1",
,2,31,"Arena_L1","WildcardRare",750,,
,3,31,"Arena_L1","MysteryBox",1,,"LegendaryLuckyDrop"
,4,31,"Arena_L1","WildcardEpic",100,,
,5,31,"Arena_L1","Gold",30000,,
,6,31,"Arena_L1","WildcardLegendary",3,,
,7,31,"Arena_L1","Chest",1,"Magic_Arena_L1",
,8,31,"Arena_L1","Chest",1,"Magic_Arena_L1",
,9,31,"Arena_L1","Gold",30000,,
,10,31,"Arena_L1","MysteryBox",1,,"RareLuckyDrop"
,11,31,"Arena_L1","WildcardCommon",1500,,
,12,31,"Arena_L1","Chest",1,"Giant_Arena_L1",
,13,31,"Arena_L1","MysteryBox",1,,"RareLuckyDrop"
,14,31,"Arena_L1","MysteryBox",1,,"EpicLuckyDrop"
,15,31,"Arena_L1","Chest",1,"Giant_Arena_L1",
,16,31,"Arena_L1","MysteryBox",1,,"CommonLuckyDrop"
,17,31,"Arena_L1","MysteryBox",1,,"RareLuckyDrop"
,18,31,"Arena_L1","MysteryBox",1,,"CommonLuckyDrop"
,19,31,"Arena_L1","Chest",1,"Magic_Arena_L1",
,20,31,"Arena_L1","MysteryBox",1,,"RareLuckyDrop"
,21,31,"Arena_L1","MysteryBox",1,,"LegendaryLuckyDrop"
,1,41,"Arena_L6","Chest",1,"Giant_Arena_L4",
,2,41,"Arena_L6","WildcardRare",1250,,
,3,41,"Arena_L6","MysteryBox",1,,"LegendaryLuckyDrop"
,4,41,"Arena_L6","WildcardEpic",200,,
,5,41,"Arena_L6","Gold",60000,,
,6,41,"Arena_L6","WildcardLegendary",5,,
,7,41,"Arena_L6","Chest",1,"Magic_Arena_L4",
,8,41,"Arena_L6","Chest",1,"Magic_Arena_L4",
,9,41,"Arena_L6","Gold",50000,,
,10,41,"Arena_L6","MysteryBox",1,,"RareLuckyDrop"
,11,41,"Arena_L6","WildcardCommon",3000,,
,12,41,"Arena_L6","Chest",1,"Giant_Arena_L4",
,13,41,"Arena_L6","MysteryBox",1,,"RareLuckyDrop"
,14,41,"Arena_L6","MysteryBox",1,,"EpicLuckyDrop"
,15,41,"Arena_L6","Chest",1,"Giant_Arena_L4",
,16,41,"Arena_L6","MysteryBox",1,,"CommonLuckyDrop"
,17,41,"Arena_L6","MysteryBox",1,,"RareLuckyDrop"
,18,41,"Arena_L6","MysteryBox",1,,"CommonLuckyDrop"
,19,41,"Arena_L6","Chest",1,"Magic_Arena_L4",
,20,41,"Arena_L6","MysteryBox",1,,"RareLuckyDrop"
,21,41,"Arena_L6","MysteryBox",1,,"LegendaryLuckyDrop"
"V10ReactivationInactive60Ctrl",1,5,"Arena2","Chest",1,"Giant_Arena4",
,2,5,"Arena2","Gems",150,,
,3,5,"Arena2","MysteryBox",1,,"LegendaryLuckyDrop"
,4,5,"Arena2","WildcardCommon",100,,
,5,5,"Arena2","Gold",10000,,
,6,5,"Arena2","WildcardRare",20,,
,7,5,"Arena2","Chest",1,"Magic_Arena4",
,8,5,"Arena2","Chest",1,"Magic_Arena4",
,9,5,"Arena2","Gold",5000,,
,10,5,"Arena2","MysteryBox",1,,"RareLuckyDrop"
,11,5,"Arena2","Gems",150,,
,12,5,"Arena2","Chest",1,"Giant_Arena4",
,13,5,"Arena2","MysteryBox",1,,"RareLuckyDrop"
,14,5,"Arena2","MysteryBox",1,,"EpicLuckyDrop"
,1,11,"Arena5","Chest",1,"Giant_Arena8",
,2,11,"Arena5","WildcardCommon",400,,
,3,11,"Arena5","MysteryBox",1,,"LegendaryLuckyDrop"
,4,11,"Arena5","WildcardRare",100,,
,5,11,"Arena5","Gold",15000,,
,6,11,"Arena5","WildcardEpic",10,,
,7,11,"Arena5","Chest",1,"Magic_Arena8",
,8,11,"Arena5","Chest",1,"Magic_Arena8",
,9,11,"Arena5","Gold",10000,,
,10,11,"Arena5","MysteryBox",1,,"RareLuckyDrop"
,11,11,"Arena5","Gems",300,,
,12,11,"Arena5","Chest",1,"Giant_Arena8",
,13,11,"Arena5","MysteryBox",1,,"RareLuckyDrop"
,14,11,"Arena5","MysteryBox",1,,"EpicLuckyDrop"
,1,25,"Arena_L","Chest",1,"Giant_Arena8",
,2,25,"Arena_L","WildcardCommon",1000,,
,3,25,"Arena_L","MysteryBox",1,,"LegendaryLuckyDrop"
,4,25,"Arena_L","WildcardRare",400,,
,5,25,"Arena_L","Gold",20000,,
,6,25,"Arena_L","WildcardEpic",40,,
,7,25,"Arena_L","Chest",1,"Magic_Arena_Electric",
,8,25,"Arena_L","Chest",1,"Magic_Arena_Electric",
,9,25,"Arena_L","Gold",20000,,
,10,25,"Arena_L","MysteryBox",1,,"RareLuckyDrop"
,11,25,"Arena_L","Gems",400,,
,12,25,"Arena_L","Chest",1,"Giant_Arena_Electric",
,13,25,"Arena_L","MysteryBox",1,,"RareLuckyDrop"
,14,25,"Arena_L","MysteryBox",1,,"EpicLuckyDrop"
,1,31,"Arena_L1","Chest",1,"Giant_Arena_L1",
,2,31,"Arena_L1","WildcardRare",750,,
,3,31,"Arena_L1","MysteryBox",1,,"LegendaryLuckyDrop"
,4,31,"Arena_L1","WildcardEpic",100,,
,5,31,"Arena_L1","Gold",30000,,
,6,31,"Arena_L1","WildcardLegendary",3,,
,7,31,"Arena_L1","Chest",1,"Magic_Arena_L1",
,8,31,"Arena_L1","Chest",1,"Magic_Arena_L1",
,9,31,"Arena_L1","Gold",30000,,
,10,31,"Arena_L1","MysteryBox",1,,"RareLuckyDrop"
,11,31,"Arena_L1","WildcardCommon",1500,,
,12,31,"Arena_L1","Chest",1,"Giant_Arena_L1",
,13,31,"Arena_L1","MysteryBox",1,,"RareLuckyDrop"
,14,31,"Arena_L1","MysteryBox",1,,"EpicLuckyDrop"
,1,41,"Arena_L6","Chest",1,"Giant_Arena_L4",
,2,41,"Arena_L6","WildcardRare",1250,,
,3,41,"Arena_L6","MysteryBox",1,,"LegendaryLuckyDrop"
,4,41,"Arena_L6","WildcardEpic",200,,
,5,41,"Arena_L6","Gold",60000,,
,6,41,"Arena_L6","WildcardLegendary",5,,
,7,41,"Arena_L6","Chest",1,"Magic_Arena_L4",
,8,41,"Arena_L6","Chest",1,"Magic_Arena_L4",
,9,41,"Arena_L6","Gold",50000,,
,10,41,"Arena_L6","MysteryBox",1,,"RareLuckyDrop"
,11,41,"Arena_L6","WildcardCommon",3000,,
,12,41,"Arena_L6","Chest",1,"Giant_Arena_L4",
,13,41,"Arena_L6","MysteryBox",1,,"RareLuckyDrop"
,14,41,"Arena_L6","MysteryBox",1,,"EpicLuckyDrop"
"V10ReactivationInactive30Ctrl",1,5,"Arena2","Chest",1,"Giant_Arena4",
,2,5,"Arena2","Gems",150,,
,3,5,"Arena2","MysteryBox",1,,"LegendaryLuckyDrop"
,4,5,"Arena2","WildcardCommon",100,,
,5,5,"Arena2","Gold",10000,,
,6,5,"Arena2","WildcardRare",20,,
,7,5,"Arena2","Chest",1,"Magic_Arena4",
,1,11,"Arena5","Chest",1,"Giant_Arena8",
,2,11,"Arena5","WildcardCommon",400,,
,3,11,"Arena5","MysteryBox",1,,"LegendaryLuckyDrop"
,4,11,"Arena5","WildcardRare",100,,
,5,11,"Arena5","Gold",15000,,
,6,11,"Arena5","WildcardEpic",10,,
,7,11,"Arena5","Chest",1,"Magic_Arena8",
,1,25,"Arena_L","Chest",1,"Giant_Arena8",
,2,25,"Arena_L","WildcardCommon",1000,,
,3,25,"Arena_L","MysteryBox",1,,"LegendaryLuckyDrop"
,4,25,"Arena_L","WildcardRare",400,,
,5,25,"Arena_L","Gold",20000,,
,6,25,"Arena_L","WildcardEpic",40,,
,7,25,"Arena_L","Chest",1,"Magic_Arena_Electric",
,1,31,"Arena_L1","Chest",1,"Giant_Arena_L1",
,2,31,"Arena_L1","WildcardRare",750,,
,3,31,"Arena_L1","MysteryBox",1,,"LegendaryLuckyDrop"
,4,31,"Arena_L1","WildcardEpic",100,,
,5,31,"Arena_L1","Gold",30000,,
,6,31,"Arena_L1","WildcardLegendary",3,,
,7,31,"Arena_L1","Chest",1,"Magic_Arena_L1",
,1,41,"Arena_L6","Chest",1,"Giant_Arena_L4",
,2,41,"Arena_L6","WildcardRare",1250,,
,3,41,"Arena_L6","MysteryBox",1,,"LegendaryLuckyDrop"
,4,41,"Arena_L6","WildcardEpic",200,,
,5,41,"Arena_L6","Gold",60000,,
,6,41,"Arena_L6","WildcardLegendary",5,,
,7,41,"Arena_L6","Chest",1,"Magic_Arena_L4",
"V10ReactivationInactive120Test1",1,5,"Arena2","Chest",1,"Giant_Arena4",
,2,5,"Arena2","WildcardCommon",70,,
,3,5,"Arena2","MysteryBox",1,,"LegendaryLuckyDrop"
,4,5,"Arena2","WildcardRare",15,,
,5,5,"Arena2","Gold",8000,,
,6,5,"Arena2","Gems",100,,
,7,5,"Arena2","MysteryBox",1,,"EpicLuckyDrop"
,8,5,"Arena2","Gold",8000,,
,9,5,"Arena2","Gems",100,,
,10,5,"Arena2","MysteryBox",1,,"RareLuckyDrop"
,11,5,"Arena2","Chest",1,"Magic_Arena4",
,12,5,"Arena2","WildcardCommon",30,,
,13,5,"Arena2","MysteryBox",1,,"RareLuckyDrop"
,14,5,"Arena2","MysteryBox",1,,"LegendaryLuckyDrop"
,15,5,"Arena2","Chest",1,"Giant_Arena4",
,16,5,"Arena2","WildcardRare",8,,
,17,5,"Arena2","MysteryBox",1,,"RareLuckyDrop"
,18,5,"Arena2","Chest",1,"Magic_Arena4",
,19,5,"Arena2","Gems",50,,
,20,5,"Arena2","MysteryBox",1,,"RareLuckyDrop"
,21,5,"Arena2","MysteryBox",1,,"LegendaryLuckyDrop"
,22,5,"Arena2","Chest",1,"Magic_Arena4",
,23,5,"Arena2","Gems",50,,
,24,5,"Arena2","MysteryBox",1,,"RareLuckyDrop"
,25,5,"Arena2","Chest",1,"Giant_Arena4",
,26,5,"Arena2","MysteryBox",1,,"RareLuckyDrop"
,27,5,"Arena2","MysteryBox",1,,"CommonLuckyDrop"
,28,5,"Arena2","MysteryBox",1,,"LegendaryLuckyDrop"
,1,11,"Arena5","Chest",1,"Giant_Arena8",
,2,11,"Arena5","WildcardCommon",300,,
,3,11,"Arena5","MysteryBox",1,,"LegendaryLuckyDrop"
,4,11,"Arena5","WildcardRare",70,,
,5,11,"Arena5","Gold",15000,,
,6,11,"Arena5","WildcardEpic",8,,
,7,11,"Arena5","MysteryBox",1,,"EpicLuckyDrop"
,8,11,"Arena5","Gold",15000,,
,9,11,"Arena5","Gems",200,,
,10,11,"Arena5","MysteryBox",1,,"RareLuckyDrop"
,11,11,"Arena5","Chest",1,"Magic_Arena8",
,12,11,"Arena5","WildcardCommon",100,,
,13,11,"Arena5","MysteryBox",1,,"RareLuckyDrop"
,14,11,"Arena5","MysteryBox",1,,"LegendaryLuckyDrop"
,15,11,"Arena5","Chest",1,"Giant_Arena8",
,16,11,"Arena5","WildcardRare",30,,
,17,11,"Arena5","MysteryBox",1,,"RareLuckyDrop"
,18,11,"Arena5","Chest",1,"Magic_Arena8",
,19,11,"Arena5","WildcardEpic",4,,
,20,11,"Arena5","MysteryBox",1,,"RareLuckyDrop"
,21,11,"Arena5","MysteryBox",1,,"LegendaryLuckyDrop"
,22,11,"Arena5","Chest",1,"Magic_Arena8",
,23,11,"Arena5","Gems",100,,
,24,11,"Arena5","MysteryBox",1,,"RareLuckyDrop"
,25,11,"Arena5","Chest",1,"Giant_Arena8",
,26,11,"Arena5","MysteryBox",1,,"RareLuckyDrop"
,27,11,"Arena5","MysteryBox",1,,"CommonLuckyDrop"
,28,11,"Arena5","MysteryBox",1,,"LegendaryLuckyDrop"
,1,25,"Arena_L","Chest",1,"Giant_Arena_Electric",
,2,25,"Arena_L","WildcardCommon",700,,
,3,25,"Arena_L","MysteryBox",1,,"LegendaryLuckyDrop"
,4,25,"Arena_L","WildcardRare",300,,
,5,25,"Arena_L","Gold",20000,,
,6,25,"Arena_L","WildcardEpic",30,,
,7,25,"Arena_L","MysteryBox",1,,"EpicLuckyDrop"
,8,25,"Arena_L","Gold",20000,,
,9,25,"Arena_L","Gems",200,,
,10,25,"Arena_L","MysteryBox",1,,"RareLuckyDrop"
,11,25,"Arena_L","Chest",1,"Magic_Arena_Electric",
,12,25,"Arena_L","WildcardCommon",300,,
,13,25,"Arena_L","MysteryBox",1,,"RareLuckyDrop"
,14,25,"Arena_L","MysteryBox",1,,"LegendaryLuckyDrop"
,15,25,"Arena_L","Chest",1,"Giant_Arena_Electric",
,16,25,"Arena_L","WildcardRare",150,,
,17,25,"Arena_L","MysteryBox",1,,"RareLuckyDrop"
,18,25,"Arena_L","Chest",1,"Magic_Arena_Electric",
,19,25,"Arena_L","WildcardEpic",15,,
,20,25,"Arena_L","MysteryBox",1,,"RareLuckyDrop"
,21,25,"Arena_L","MysteryBox",1,,"LegendaryLuckyDrop"
,22,25,"Arena_L","Chest",1,"Magic_Arena_Electric",
,23,25,"Arena_L","Gems",100,,
,24,25,"Arena_L","MysteryBox",1,,"RareLuckyDrop"
,25,25,"Arena_L","Chest",1,"Giant_Arena_Electric",
,26,25,"Arena_L","MysteryBox",1,,"RareLuckyDrop"
,27,25,"Arena_L","MysteryBox",1,,"CommonLuckyDrop"
,28,25,"Arena_L","MysteryBox",1,,"LegendaryLuckyDrop"
,1,31,"Arena_L1","Chest",1,"Giant_Arena_L1",
,2,31,"Arena_L1","WildcardRare",500,,
,3,31,"Arena_L1","MysteryBox",1,,"LegendaryLuckyDrop"
,4,31,"Arena_L1","WildcardEpic",70,,
,5,31,"Arena_L1","Gold",30000,,
,6,31,"Arena_L1","WildcardLegendary",2,,
,7,31,"Arena_L1","MysteryBox",1,,"EpicLuckyDrop"
,8,31,"Arena_L1","Gold",30000,,
,9,31,"Arena_L1","WildcardCommon",1000,,
,10,31,"Arena_L1","MysteryBox",1,,"RareLuckyDrop"
,11,31,"Arena_L1","Chest",1,"Magic_Arena_L1",
,12,31,"Arena_L1","WildcardRare",250,,
,13,31,"Arena_L1","MysteryBox",1,,"RareLuckyDrop"
,14,31,"Arena_L1","MysteryBox",1,,"LegendaryLuckyDrop"
,15,31,"Arena_L1","Chest",1,"Giant_Arena_L1",
,16,31,"Arena_L1","WildcardEpic",30,,
,17,31,"Arena_L1","MysteryBox",1,,"RareLuckyDrop"
,18,31,"Arena_L1","Chest",1,"Magic_Arena_L1",
,19,31,"Arena_L1","WildcardLegendary",1,,
,20,31,"Arena_L1","MysteryBox",1,,"RareLuckyDrop"
,21,31,"Arena_L1","MysteryBox",1,,"LegendaryLuckyDrop"
,22,31,"Arena_L1","Chest",1,"Magic_Arena_L1",
,23,31,"Arena_L1","WildcardCommon",500,,
,24,31,"Arena_L1","MysteryBox",1,,"RareLuckyDrop"
,25,31,"Arena_L1","Chest",1,"Giant_Arena_L1",
,26,31,"Arena_L1","MysteryBox",1,,"RareLuckyDrop"
,27,31,"Arena_L1","MysteryBox",1,,"CommonLuckyDrop"
,28,31,"Arena_L1","MysteryBox",1,,"LegendaryLuckyDrop"
,1,41,"Arena_L6","Chest",1,"Giant_Arena_L4",
,2,41,"Arena_L6","WildcardRare",800,,
,3,41,"Arena_L6","MysteryBox",1,,"LegendaryLuckyDrop"
,4,41,"Arena_L6","WildcardEpic",140,,
,5,41,"Arena_L6","Gold",60000,,
,6,41,"Arena_L6","WildcardLegendary",3,,
,7,41,"Arena_L6","MysteryBox",1,,"EpicLuckyDrop"
,8,41,"Arena_L6","Gold",60000,,
,9,41,"Arena_L6","WildcardCommon",2000,,
,10,41,"Arena_L6","MysteryBox",1,,"RareLuckyDrop"
,11,41,"Arena_L6","Chest",1,"Magic_Arena_L4",
,12,41,"Arena_L6","WildcardRare",450,,
,13,41,"Arena_L6","MysteryBox",1,,"RareLuckyDrop"
,14,41,"Arena_L6","MysteryBox",1,,"LegendaryLuckyDrop"
,15,41,"Arena_L6","Chest",1,"Giant_Arena_L4",
,16,41,"Arena_L6","WildcardEpic",60,,
,17,41,"Arena_L6","MysteryBox",1,,"RareLuckyDrop"
,18,41,"Arena_L6","Chest",1,"Magic_Arena_L4",
,19,41,"Arena_L6","WildcardLegendary",2,,
,20,41,"Arena_L6","MysteryBox",1,,"RareLuckyDrop"
,21,41,"Arena_L6","MysteryBox",1,,"LegendaryLuckyDrop"
,22,41,"Arena_L6","Chest",1,"Magic_Arena_L4",
,23,41,"Arena_L6","WildcardCommon",1000,,
,24,41,"Arena_L6","MysteryBox",1,,"RareLuckyDrop"
,25,41,"Arena_L6","Chest",1,"Giant_Arena_L4",
,26,41,"Arena_L6","MysteryBox",1,,"RareLuckyDrop"
,27,41,"Arena_L6","MysteryBox",1,,"CommonLuckyDrop"
,28,41,"Arena_L6","MysteryBox",1,,"LegendaryLuckyDrop"
"V10ReactivationInactive90Test1",1,5,"Arena2","Chest",1,"Giant_Arena4",
,2,5,"Arena2","WildcardCommon",70,,
,3,5,"Arena2","MysteryBox",1,,"LegendaryLuckyDrop"
,4,5,"Arena2","WildcardRare",15,,
,5,5,"Arena2","Gold",8000,,
,6,5,"Arena2","Gems",100,,
,7,5,"Arena2","MysteryBox",1,,"EpicLuckyDrop"
,8,5,"Arena2","Gold",8000,,
,9,5,"Arena2","Gems",100,,
,10,5,"Arena2","MysteryBox",1,,"RareLuckyDrop"
,11,5,"Arena2","Chest",1,"Magic_Arena4",
,12,5,"Arena2","WildcardCommon",30,,
,13,5,"Arena2","MysteryBox",1,,"RareLuckyDrop"
,14,5,"Arena2","MysteryBox",1,,"LegendaryLuckyDrop"
,15,5,"Arena2","MysteryBox",1,,"CommonLuckyDrop"
,16,5,"Arena2","WildcardRare",8,,
,17,5,"Arena2","Chest",1,"Giant_Arena4",
,18,5,"Arena2","MysteryBox",1,,"CommonLuckyDrop"
,19,5,"Arena2","MysteryBox",1,,"CommonLuckyDrop"
,20,5,"Arena2","Chest",1,"Magic_Arena4",
,21,5,"Arena2","MysteryBox",1,,"EpicLuckyDrop"
,22,5,"Arena2","MysteryBox",1,,"CommonLuckyDrop"
,23,5,"Arena2","MysteryBox",1,,"CommonLuckyDrop"
,24,5,"Arena2","Chest",1,"Giant_Arena4",
,25,5,"Arena2","MysteryBox",1,,"CommonLuckyDrop"
,26,5,"Arena2","MysteryBox",1,,"CommonLuckyDrop"
,27,5,"Arena2","Chest",1,"Magic_Arena4",
,28,5,"Arena2","MysteryBox",1,,"EpicLuckyDrop"
,1,11,"Arena5","Chest",1,"Giant_Arena8",
,2,11,"Arena5","WildcardCommon",300,,
,3,11,"Arena5","MysteryBox",1,,"LegendaryLuckyDrop"
,4,11,"Arena5","WildcardRare",70,,
,5,11,"Arena5","Gold",15000,,
,6,11,"Arena5","WildcardEpic",8,,
,7,11,"Arena5","MysteryBox",1,,"EpicLuckyDrop"
,8,11,"Arena5","Gold",15000,,
,9,11,"Arena5","Gems",200,,
,10,11,"Arena5","MysteryBox",1,,"RareLuckyDrop"
,11,11,"Arena5","Chest",1,"Magic_Arena8",
,12,11,"Arena5","WildcardCommon",100,,
,13,11,"Arena5","MysteryBox",1,,"RareLuckyDrop"
,14,11,"Arena5","MysteryBox",1,,"LegendaryLuckyDrop"
,15,11,"Arena5","MysteryBox",1,,"CommonLuckyDrop"
,16,11,"Arena5","WildcardRare",30,,
,17,11,"Arena5","Chest",1,"Giant_Arena8",
,18,11,"Arena5","MysteryBox",1,,"CommonLuckyDrop"
,19,11,"Arena5","MysteryBox",1,,"CommonLuckyDrop"
,20,11,"Arena5","Chest",1,"Magic_Arena8",
,21,11,"Arena5","MysteryBox",1,,"EpicLuckyDrop"
,22,11,"Arena5","MysteryBox",1,,"CommonLuckyDrop"
,23,11,"Arena5","MysteryBox",1,,"CommonLuckyDrop"
,24,11,"Arena5","Chest",1,"Giant_Arena8",
,25,11,"Arena5","MysteryBox",1,,"CommonLuckyDrop"
,26,11,"Arena5","MysteryBox",1,,"CommonLuckyDrop"
,27,11,"Arena5","Chest",1,"Magic_Arena8",
,28,11,"Arena5","MysteryBox",1,,"EpicLuckyDrop"
,1,25,"Arena_L","Chest",1,"Giant_Arena_Electric",
,2,25,"Arena_L","WildcardCommon",700,,
,3,25,"Arena_L","MysteryBox",1,,"LegendaryLuckyDrop"
,4,25,"Arena_L","WildcardRare",300,,
,5,25,"Arena_L","Gold",20000,,
,6,25,"Arena_L","WildcardEpic",30,,
,7,25,"Arena_L","MysteryBox",1,,"EpicLuckyDrop"
,8,25,"Arena_L","Gold",20000,,
,9,25,"Arena_L","Gems",200,,
,10,25,"Arena_L","MysteryBox",1,,"RareLuckyDrop"
,11,25,"Arena_L","Chest",1,"Magic_Arena_Electric",
,12,25,"Arena_L","WildcardCommon",300,,
,13,25,"Arena_L","MysteryBox",1,,"RareLuckyDrop"
,14,25,"Arena_L","MysteryBox",1,,"LegendaryLuckyDrop"
,15,25,"Arena_L","MysteryBox",1,,"CommonLuckyDrop"
,16,25,"Arena_L","WildcardRare",150,,
,17,25,"Arena_L","Chest",1,"Giant_Arena_Electric",
,18,25,"Arena_L","MysteryBox",1,,"CommonLuckyDrop"
,19,25,"Arena_L","MysteryBox",1,,"CommonLuckyDrop"
,20,25,"Arena_L","Chest",1,"Magic_Arena_Electric",
,21,25,"Arena_L","MysteryBox",1,,"EpicLuckyDrop"
,22,25,"Arena_L","MysteryBox",1,,"CommonLuckyDrop"
,23,25,"Arena_L","MysteryBox",1,,"CommonLuckyDrop"
,24,25,"Arena_L","Chest",1,"Giant_Arena_Electric",
,25,25,"Arena_L","MysteryBox",1,,"CommonLuckyDrop"
,26,25,"Arena_L","MysteryBox",1,,"CommonLuckyDrop"
,27,25,"Arena_L","Chest",1,"Magic_Arena_Electric",
,28,25,"Arena_L","MysteryBox",1,,"EpicLuckyDrop"
,1,31,"Arena_L1","Chest",1,"Giant_Arena_L1",
,2,31,"Arena_L1","WildcardRare",500,,
,3,31,"Arena_L1","MysteryBox",1,,"LegendaryLuckyDrop"
,4,31,"Arena_L1","WildcardEpic",70,,
,5,31,"Arena_L1","Gold",30000,,
,6,31,"Arena_L1","WildcardLegendary",2,,
,7,31,"Arena_L1","MysteryBox",1,,"EpicLuckyDrop"
,8,31,"Arena_L1","Gold",30000,,
,9,31,"Arena_L1","WildcardCommon",1000,,
,10,31,"Arena_L1","MysteryBox",1,,"RareLuckyDrop"
,11,31,"Arena_L1","Chest",1,"Magic_Arena_L1",
,12,31,"Arena_L1","WildcardRare",250,,
,13,31,"Arena_L1","MysteryBox",1,,"RareLuckyDrop"
,14,31,"Arena_L1","MysteryBox",1,,"LegendaryLuckyDrop"
,15,31,"Arena_L1","MysteryBox",1,,"CommonLuckyDrop"
,16,31,"Arena_L1","WildcardEpic",30,,
,17,31,"Arena_L1","Chest",1,"Giant_Arena_L1",
,18,31,"Arena_L1","MysteryBox",1,,"CommonLuckyDrop"
,19,31,"Arena_L1","MysteryBox",1,,"CommonLuckyDrop"
,20,31,"Arena_L1","Chest",1,"Magic_Arena_L1",
,21,31,"Arena_L1","MysteryBox",1,,"EpicLuckyDrop"
,22,31,"Arena_L1","MysteryBox",1,,"CommonLuckyDrop"
,23,31,"Arena_L1","MysteryBox",1,,"CommonLuckyDrop"
,24,31,"Arena_L1","Chest",1,"Giant_Arena_L1",
,25,31,"Arena_L1","MysteryBox",1,,"CommonLuckyDrop"
,26,31,"Arena_L1","MysteryBox",1,,"CommonLuckyDrop"
,27,31,"Arena_L1","Chest",1,"Magic_Arena_L1",
,28,31,"Arena_L1","MysteryBox",1,,"EpicLuckyDrop"
,1,41,"Arena_L6","Chest",1,"Giant_Arena_L4",
,2,41,"Arena_L6","WildcardRare",800,,
,3,41,"Arena_L6","MysteryBox",1,,"LegendaryLuckyDrop"
,4,41,"Arena_L6","WildcardEpic",140,,
,5,41,"Arena_L6","Gold",60000,,
,6,41,"Arena_L6","WildcardLegendary",3,,
,7,41,"Arena_L6","MysteryBox",1,,"EpicLuckyDrop"
,8,41,"Arena_L6","Gold",60000,,
,9,41,"Arena_L6","WildcardCommon",2000,,
,10,41,"Arena_L6","MysteryBox",1,,"RareLuckyDrop"
,11,41,"Arena_L6","Chest",1,"Magic_Arena_L4",
,12,41,"Arena_L6","WildcardRare",450,,
,13,41,"Arena_L6","MysteryBox",1,,"RareLuckyDrop"
,14,41,"Arena_L6","MysteryBox",1,,"LegendaryLuckyDrop"
,15,41,"Arena_L6","MysteryBox",1,,"CommonLuckyDrop"
,16,41,"Arena_L6","WildcardEpic",60,,
,17,41,"Arena_L6","Chest",1,"Giant_Arena_L4",
,18,41,"Arena_L6","MysteryBox",1,,"CommonLuckyDrop"
,19,41,"Arena_L6","MysteryBox",1,,"CommonLuckyDrop"
,20,41,"Arena_L6","Chest",1,"Magic_Arena_L4",
,21,41,"Arena_L6","MysteryBox",1,,"EpicLuckyDrop"
,22,41,"Arena_L6","MysteryBox",1,,"CommonLuckyDrop"
,23,41,"Arena_L6","MysteryBox",1,,"CommonLuckyDrop"
,24,41,"Arena_L6","Chest",1,"Giant_Arena_L4",
,25,41,"Arena_L6","MysteryBox",1,,"CommonLuckyDrop"
,26,41,"Arena_L6","MysteryBox",1,,"CommonLuckyDrop"
,27,41,"Arena_L6","Chest",1,"Magic_Arena_L4",
,28,41,"Arena_L6","MysteryBox",1,,"EpicLuckyDrop"
"V10ReactivationInactive60Test1",1,5,"Arena2","Chest",1,"Giant_Arena4",
,2,5,"Arena2","WildcardCommon",80,,
,3,5,"Arena2","MysteryBox",1,,"LegendaryLuckyDrop"
,4,5,"Arena2","WildcardRare",15,,
,5,5,"Arena2","Gold",8000,,
,6,5,"Arena2","Gems",100,,
,7,5,"Arena2","MysteryBox",1,,"EpicLuckyDrop"
,8,5,"Arena2","Gold",8000,,
,9,5,"Arena2","Gems",100,,
,10,5,"Arena2","MysteryBox",1,,"RareLuckyDrop"
,11,5,"Arena2","MysteryBox",1,,"CommonLuckyDrop"
,12,5,"Arena2","Chest",1,"Magic_Arena4",
,13,5,"Arena2","MysteryBox",1,,"RareLuckyDrop"
,14,5,"Arena2","MysteryBox",1,,"LegendaryLuckyDrop"
,15,5,"Arena2","MysteryBox",1,,"CommonLuckyDrop"
,16,5,"Arena2","MysteryBox",1,,"CommonLuckyDrop"
,17,5,"Arena2","Chest",1,"Giant_Arena4",
,18,5,"Arena2","MysteryBox",1,,"CommonLuckyDrop"
,19,5,"Arena2","MysteryBox",1,,"CommonLuckyDrop"
,20,5,"Arena2","Chest",1,"Magic_Arena4",
,21,5,"Arena2","MysteryBox",1,,"EpicLuckyDrop"
,1,11,"Arena5","Chest",1,"Giant_Arena8",
,2,11,"Arena5","WildcardCommon",400,,
,3,11,"Arena5","MysteryBox",1,,"LegendaryLuckyDrop"
,4,11,"Arena5","WildcardRare",60,,
,5,11,"Arena5","Gold",15000,,
,6,11,"Arena5","WildcardEpic",5,,
,7,11,"Arena5","MysteryBox",1,,"EpicLuckyDrop"
,8,11,"Arena5","Gold",15000,,
,9,11,"Arena5","Gems",200,,
,10,11,"Arena5","MysteryBox",1,,"RareLuckyDrop"
,11,11,"Arena5","MysteryBox",1,,"CommonLuckyDrop"
,12,11,"Arena5","Chest",1,"Magic_Arena8",
,13,11,"Arena5","MysteryBox",1,,"RareLuckyDrop"
,14,11,"Arena5","MysteryBox",1,,"LegendaryLuckyDrop"
,15,11,"Arena5","MysteryBox",1,,"CommonLuckyDrop"
,16,11,"Arena5","MysteryBox",1,,"CommonLuckyDrop"
,17,11,"Arena5","Chest",1,"Giant_Arena8",
,18,11,"Arena5","MysteryBox",1,,"CommonLuckyDrop"
,19,11,"Arena5","MysteryBox",1,,"CommonLuckyDrop"
,20,11,"Arena5","Chest",1,"Magic_Arena8",
,21,11,"Arena5","MysteryBox",1,,"EpicLuckyDrop"
,1,25,"Arena_L","Chest",1,"Giant_Arena_Electric",
,2,25,"Arena_L","WildcardCommon",1000,,
,3,25,"Arena_L","MysteryBox",1,,"LegendaryLuckyDrop"
,4,25,"Arena_L","WildcardRare",300,,
,5,25,"Arena_L","Gold",30000,,
,6,25,"Arena_L","WildcardEpic",20,,
,7,25,"Arena_L","MysteryBox",1,,"EpicLuckyDrop"
,8,25,"Arena_L","Gold",20000,,
,9,25,"Arena_L","Gems",200,,
,10,25,"Arena_L","MysteryBox",1,,"RareLuckyDrop"
,11,25,"Arena_L","MysteryBox",1,,"CommonLuckyDrop"
,12,25,"Arena_L","Chest",1,"Magic_Arena_Electric",
,13,25,"Arena_L","MysteryBox",1,,"RareLuckyDrop"
,14,25,"Arena_L","MysteryBox",1,,"LegendaryLuckyDrop"
,15,25,"Arena_L","MysteryBox",1,,"CommonLuckyDrop"
,16,25,"Arena_L","MysteryBox",1,,"CommonLuckyDrop"
,17,25,"Arena_L","Chest",1,"Giant_Arena_Electric",
,18,25,"Arena_L","MysteryBox",1,,"CommonLuckyDrop"
,19,25,"Arena_L","MysteryBox",1,,"CommonLuckyDrop"
,20,25,"Arena_L","Chest",1,"Magic_Arena_Electric",
,21,25,"Arena_L","MysteryBox",1,,"EpicLuckyDrop"
,1,31,"Arena_L1","Chest",1,"Giant_Arena_L1",
,2,31,"Arena_L1","WildcardRare",750,,
,3,31,"Arena_L1","MysteryBox",1,,"LegendaryLuckyDrop"
,4,31,"Arena_L1","WildcardEpic",50,,
,5,31,"Arena_L1","Gold",40000,,
,6,31,"Arena_L1","WildcardLegendary",3,,
,7,31,"Arena_L1","MysteryBox",1,,"EpicLuckyDrop"
,8,31,"Arena_L1","Gold",30000,,
,9,31,"Arena_L1","WildcardCommon",1000,,
,10,31,"Arena_L1","MysteryBox",1,,"RareLuckyDrop"
,11,31,"Arena_L1","MysteryBox",1,,"CommonLuckyDrop"
,12,31,"Arena_L1","Chest",1,"Magic_Arena_L1",
,13,31,"Arena_L1","MysteryBox",1,,"RareLuckyDrop"
,14,31,"Arena_L1","MysteryBox",1,,"LegendaryLuckyDrop"
,15,31,"Arena_L1","MysteryBox",1,,"CommonLuckyDrop"
,16,31,"Arena_L1","MysteryBox",1,,"CommonLuckyDrop"
,17,31,"Arena_L1","Chest",1,"Giant_Arena_L1",
,18,31,"Arena_L1","MysteryBox",1,,"CommonLuckyDrop"
,19,31,"Arena_L1","MysteryBox",1,,"CommonLuckyDrop"
,20,31,"Arena_L1","Chest",1,"Magic_Arena_L1",
,21,31,"Arena_L1","MysteryBox",1,,"EpicLuckyDrop"
,1,41,"Arena_L6","Chest",1,"Giant_Arena_L4",
,2,41,"Arena_L6","WildcardRare",1250,,
,3,41,"Arena_L6","MysteryBox",1,,"LegendaryLuckyDrop"
,4,41,"Arena_L6","WildcardEpic",150,,
,5,41,"Arena_L6","Gold",60000,,
,6,41,"Arena_L6","WildcardLegendary",5,,
,7,41,"Arena_L6","MysteryBox",1,,"EpicLuckyDrop"
,8,41,"Arena_L6","Gold",60000,,
,9,41,"Arena_L6","WildcardCommon",2000,,
,10,41,"Arena_L6","MysteryBox",1,,"RareLuckyDrop"
,11,41,"Arena_L6","MysteryBox",1,,"CommonLuckyDrop"
,12,41,"Arena_L6","Chest",1,"Magic_Arena_L4",
,13,41,"Arena_L6","MysteryBox",1,,"RareLuckyDrop"
,14,41,"Arena_L6","MysteryBox",1,,"LegendaryLuckyDrop"
,15,41,"Arena_L6","MysteryBox",1,,"CommonLuckyDrop"
,16,41,"Arena_L6","MysteryBox",1,,"CommonLuckyDrop"
,17,41,"Arena_L6","Chest",1,"Giant_Arena_L4",
,18,41,"Arena_L6","MysteryBox",1,,"CommonLuckyDrop"
,19,41,"Arena_L6","MysteryBox",1,,"CommonLuckyDrop"
,20,41,"Arena_L6","Chest",1,"Magic_Arena_L4",
,21,41,"Arena_L6","MysteryBox",1,,"EpicLuckyDrop"
"V10ReactivationInactive30Test1",1,5,"Arena2","Chest",1,"Giant_Arena4",
,2,5,"Arena2","WildcardCommon",80,,
,3,5,"Arena2","MysteryBox",1,,"LegendaryLuckyDrop"
,4,5,"Arena2","WildcardRare",15,,
,5,5,"Arena2","Gold",8000,,
,6,5,"Arena2","Gems",100,,
,7,5,"Arena2","MysteryBox",1,,"EpicLuckyDrop"
,8,5,"Arena2","MysteryBox",1,,"CommonLuckyDrop"
,9,5,"Arena2","MysteryBox",1,,"CommonLuckyDrop"
,10,5,"Arena2","Chest",1,"Giant_Arena4",
,11,5,"Arena2","MysteryBox",1,,"CommonLuckyDrop"
,12,5,"Arena2","MysteryBox",1,,"CommonLuckyDrop"
,13,5,"Arena2","Chest",1,"Magic_Arena4",
,14,5,"Arena2","MysteryBox",1,,"EpicLuckyDrop"
,1,11,"Arena5","Chest",1,"Giant_Arena8",
,2,11,"Arena5","WildcardCommon",400,,
,3,11,"Arena5","MysteryBox",1,,"LegendaryLuckyDrop"
,4,11,"Arena5","WildcardRare",60,,
,5,11,"Arena5","Gold",15000,,
,6,11,"Arena5","WildcardEpic",5,,
,7,11,"Arena5","MysteryBox",1,,"EpicLuckyDrop"
,8,11,"Arena5","MysteryBox",1,,"CommonLuckyDrop"
,9,11,"Arena5","MysteryBox",1,,"CommonLuckyDrop"
,10,11,"Arena5","Chest",1,"Giant_Arena8",
,11,11,"Arena5","MysteryBox",1,,"CommonLuckyDrop"
,12,11,"Arena5","MysteryBox",1,,"CommonLuckyDrop"
,13,11,"Arena5","Chest",1,"Magic_Arena8",
,14,11,"Arena5","MysteryBox",1,,"EpicLuckyDrop"
,1,25,"Arena_L","Chest",1,"Giant_Arena_Electric",
,2,25,"Arena_L","WildcardCommon",1000,,
,3,25,"Arena_L","MysteryBox",1,,"LegendaryLuckyDrop"
,4,25,"Arena_L","WildcardRare",300,,
,5,25,"Arena_L","Gold",30000,,
,6,25,"Arena_L","WildcardEpic",20,,
,7,25,"Arena_L","MysteryBox",1,,"EpicLuckyDrop"
,8,25,"Arena_L","MysteryBox",1,,"CommonLuckyDrop"
,9,25,"Arena_L","MysteryBox",1,,"CommonLuckyDrop"
,10,25,"Arena_L","Chest",1,"Giant_Arena_Electric",
,11,25,"Arena_L","MysteryBox",1,,"CommonLuckyDrop"
,12,25,"Arena_L","MysteryBox",1,,"CommonLuckyDrop"
,13,25,"Arena_L","Chest",1,"Magic_Arena_Electric",
,14,25,"Arena_L","MysteryBox",1,,"EpicLuckyDrop"
,1,31,"Arena_L1","Chest",1,"Giant_Arena_L1",
,2,31,"Arena_L1","WildcardRare",750,,
,3,31,"Arena_L1","MysteryBox",1,,"LegendaryLuckyDrop"
,4,31,"Arena_L1","WildcardEpic",50,,
,5,31,"Arena_L1","Gold",40000,,
,6,31,"Arena_L1","WildcardLegendary",3,,
,7,31,"Arena_L1","MysteryBox",1,,"EpicLuckyDrop"
,8,31,"Arena_L1","MysteryBox",1,,"CommonLuckyDrop"
,9,31,"Arena_L1","MysteryBox",1,,"CommonLuckyDrop"
,10,31,"Arena_L1","Chest",1,"Giant_Arena_L1",
,11,31,"Arena_L1","MysteryBox",1,,"CommonLuckyDrop"
,12,31,"Arena_L1","MysteryBox",1,,"CommonLuckyDrop"
,13,31,"Arena_L1","Chest",1,"Magic_Arena_L1",
,14,31,"Arena_L1","MysteryBox",1,,"EpicLuckyDrop"
,1,41,"Arena_L6","Chest",1,"Giant_Arena_L4",
,2,41,"Arena_L6","WildcardRare",1250,,
,3,41,"Arena_L6","MysteryBox",1,,"LegendaryLuckyDrop"
,4,41,"Arena_L6","WildcardEpic",150,,
,5,41,"Arena_L6","Gold",60000,,
,6,41,"Arena_L6","WildcardLegendary",5,,
,7,41,"Arena_L6","MysteryBox",1,,"EpicLuckyDrop"
,8,41,"Arena_L6","MysteryBox",1,,"CommonLuckyDrop"
,9,41,"Arena_L6","MysteryBox",1,,"CommonLuckyDrop"
,10,41,"Arena_L6","Chest",1,"Giant_Arena_L4",
,11,41,"Arena_L6","MysteryBox",1,,"CommonLuckyDrop"
,12,41,"Arena_L6","MysteryBox",1,,"CommonLuckyDrop"
,13,41,"Arena_L6","Chest",1,"Magic_Arena_L4",
,14,41,"Arena_L6","MysteryBox",1,,"EpicLuckyDrop"
"V10ReactivationInactive120Test2",1,5,"Arena2","MysteryBox",1,,"RareLuckyDrop"
,2,5,"Arena2","MysteryBox",1,,"LegendaryLuckyDrop"
,3,5,"Arena2","MysteryBox",1,,"EpicLuckyDrop"
,4,5,"Arena2","MysteryBox",1,,"LegendaryLuckyDrop"
,5,5,"Arena2","MysteryBox",1,,"RareLuckyDrop"
,6,5,"Arena2","MysteryBox",1,,"EpicLuckyDrop"
,7,5,"Arena2","MysteryBox",1,,"LegendaryLuckyDrop"
,8,5,"Arena2","MysteryBox",1,,"CommonLuckyDrop"
,9,5,"Arena2","MysteryBox",1,,"RareLuckyDrop"
,10,5,"Arena2","MysteryBox",1,,"EpicLuckyDrop"
,11,5,"Arena2","MysteryBox",1,,"CommonLuckyDrop"
,12,5,"Arena2","MysteryBox",1,,"RareLuckyDrop"
,13,5,"Arena2","MysteryBox",1,,"RareLuckyDrop"
,14,5,"Arena2","MysteryBox",1,,"LegendaryLuckyDrop"
,15,5,"Arena2","MysteryBox",1,,"CommonLuckyDrop"
,16,5,"Arena2","MysteryBox",1,,"RareLuckyDrop"
,17,5,"Arena2","MysteryBox",1,,"EpicLuckyDrop"
,18,5,"Arena2","MysteryBox",1,,"CommonLuckyDrop"
,19,5,"Arena2","MysteryBox",1,,"RareLuckyDrop"
,20,5,"Arena2","MysteryBox",1,,"RareLuckyDrop"
,21,5,"Arena2","MysteryBox",1,,"LegendaryLuckyDrop"
,22,5,"Arena2","MysteryBox",1,,"CommonLuckyDrop"
,23,5,"Arena2","MysteryBox",1,,"RareLuckyDrop"
,24,5,"Arena2","MysteryBox",1,,"EpicLuckyDrop"
,25,5,"Arena2","MysteryBox",1,,"CommonLuckyDrop"
,26,5,"Arena2","MysteryBox",1,,"RareLuckyDrop"
,27,5,"Arena2","MysteryBox",1,,"RareLuckyDrop"
,28,5,"Arena2","MysteryBox",1,,"LegendaryLuckyDrop"
,1,11,"Arena5","MysteryBox",1,,"RareLuckyDrop"
,2,11,"Arena5","MysteryBox",1,,"LegendaryLuckyDrop"
,3,11,"Arena5","MysteryBox",1,,"EpicLuckyDrop"
,4,11,"Arena5","MysteryBox",1,,"EpicLuckyDrop"
,5,11,"Arena5","MysteryBox",1,,"RareLuckyDrop"
,6,11,"Arena5","MysteryBox",1,,"EpicLuckyDrop"
,7,11,"Arena5","MysteryBox",1,,"LegendaryLuckyDrop"
,8,11,"Arena5","MysteryBox",1,,"EpicLuckyDrop"
,9,11,"Arena5","MysteryBox",1,,"RareLuckyDrop"
,10,11,"Arena5","MysteryBox",1,,"LegendaryLuckyDrop"
,11,11,"Arena5","MysteryBox",1,,"EpicLuckyDrop"
,12,11,"Arena5","MysteryBox",1,,"RareLuckyDrop"
,13,11,"Arena5","MysteryBox",1,,"EpicLuckyDrop"
,14,11,"Arena5","MysteryBox",1,,"LegendaryLuckyDrop"
,15,11,"Arena5","MysteryBox",1,,"RareLuckyDrop"
,16,11,"Arena5","MysteryBox",1,,"RareLuckyDrop"
,17,11,"Arena5","MysteryBox",1,,"EpicLuckyDrop"
,18,11,"Arena5","MysteryBox",1,,"RareLuckyDrop"
,19,11,"Arena5","MysteryBox",1,,"RareLuckyDrop"
,20,11,"Arena5","MysteryBox",1,,"RareLuckyDrop"
,21,11,"Arena5","MysteryBox",1,,"LegendaryLuckyDrop"
,22,11,"Arena5","MysteryBox",1,,"CommonLuckyDrop"
,23,11,"Arena5","MysteryBox",1,,"RareLuckyDrop"
,24,11,"Arena5","MysteryBox",1,,"EpicLuckyDrop"
,25,11,"Arena5","MysteryBox",1,,"CommonLuckyDrop"
,26,11,"Arena5","MysteryBox",1,,"RareLuckyDrop"
,27,11,"Arena5","MysteryBox",1,,"RareLuckyDrop"
,28,11,"Arena5","MysteryBox",1,,"LegendaryLuckyDrop"
,1,25,"Arena_L","MysteryBox",1,,"RareLuckyDrop"
,2,25,"Arena_L","MysteryBox",1,,"LegendaryLuckyDrop"
,3,25,"Arena_L","MysteryBox",1,,"EpicLuckyDrop"
,4,25,"Arena_L","MysteryBox",1,,"LegendaryLuckyDrop"
,5,25,"Arena_L","MysteryBox",1,,"RareLuckyDrop"
,6,25,"Arena_L","MysteryBox",1,,"EpicLuckyDrop"
,7,25,"Arena_L","MysteryBox",1,,"LegendaryLuckyDrop"
,8,25,"Arena_L","MysteryBox",1,,"EpicLuckyDrop"
,9,25,"Arena_L","MysteryBox",1,,"RareLuckyDrop"
,10,25,"Arena_L","MysteryBox",1,,"LegendaryLuckyDrop"
,11,25,"Arena_L","MysteryBox",1,,"EpicLuckyDrop"
,12,25,"Arena_L","MysteryBox",1,,"RareLuckyDrop"
,13,25,"Arena_L","MysteryBox",1,,"EpicLuckyDrop"
,14,25,"Arena_L","MysteryBox",1,,"LegendaryLuckyDrop"
,15,25,"Arena_L","MysteryBox",1,,"RareLuckyDrop"
,16,25,"Arena_L","MysteryBox",1,,"EpicLuckyDrop"
,17,25,"Arena_L","MysteryBox",1,,"LegendaryLuckyDrop"
,18,25,"Arena_L","MysteryBox",1,,"RareLuckyDrop"
,19,25,"Arena_L","MysteryBox",1,,"RareLuckyDrop"
,20,25,"Arena_L","MysteryBox",1,,"EpicLuckyDrop"
,21,25,"Arena_L","MysteryBox",1,,"LegendaryLuckyDrop"
,22,25,"Arena_L","MysteryBox",1,,"RareLuckyDrop"
,23,25,"Arena_L","MysteryBox",1,,"EpicLuckyDrop"
,24,25,"Arena_L","MysteryBox",1,,"LegendaryLuckyDrop"
,25,25,"Arena_L","MysteryBox",1,,"RareLuckyDrop"
,26,25,"Arena_L","MysteryBox",1,,"RareLuckyDrop"
,27,25,"Arena_L","MysteryBox",1,,"EpicLuckyDrop"
,28,25,"Arena_L","MysteryBox",1,,"LegendaryLuckyDrop"
,1,31,"Arena_L1","MysteryBox",1,,"RareLuckyDrop"
,2,31,"Arena_L1","MysteryBox",1,,"LegendaryLuckyDrop"
,3,31,"Arena_L1","MysteryBox",1,,"EpicLuckyDrop"
,4,31,"Arena_L1","MysteryBox",1,,"LegendaryLuckyDrop"
,5,31,"Arena_L1","MysteryBox",1,,"RareLuckyDrop"
,6,31,"Arena_L1","MysteryBox",1,,"LegendaryLuckyDrop"
,7,31,"Arena_L1","MysteryBox",1,,"LegendaryLuckyDrop"
,8,31,"Arena_L1","MysteryBox",1,,"EpicLuckyDrop"
,9,31,"Arena_L1","MysteryBox",1,,"RareLuckyDrop"
,10,31,"Arena_L1","MysteryBox",1,,"LegendaryLuckyDrop"
,11,31,"Arena_L1","MysteryBox",1,,"EpicLuckyDrop"
,12,31,"Arena_L1","MysteryBox",1,,"RareLuckyDrop"
,13,31,"Arena_L1","MysteryBox",1,,"EpicLuckyDrop"
,14,31,"Arena_L1","MysteryBox",1,,"LegendaryLuckyDrop"
,15,31,"Arena_L1","MysteryBox",1,,"RareLuckyDrop"
,16,31,"Arena_L1","MysteryBox",1,,"EpicLuckyDrop"
,17,31,"Arena_L1","MysteryBox",1,,"LegendaryLuckyDrop"
,18,31,"Arena_L1","MysteryBox",1,,"RareLuckyDrop"
,19,31,"Arena_L1","MysteryBox",1,,"RareLuckyDrop"
,20,31,"Arena_L1","MysteryBox",1,,"EpicLuckyDrop"
,21,31,"Arena_L1","MysteryBox",1,,"LegendaryLuckyDrop"
,22,31,"Arena_L1","MysteryBox",1,,"RareLuckyDrop"
,23,31,"Arena_L1","MysteryBox",1,,"EpicLuckyDrop"
,24,31,"Arena_L1","MysteryBox",1,,"LegendaryLuckyDrop"
,25,31,"Arena_L1","MysteryBox",1,,"RareLuckyDrop"
,26,31,"Arena_L1","MysteryBox",1,,"RareLuckyDrop"
,27,31,"Arena_L1","MysteryBox",1,,"EpicLuckyDrop"
,28,31,"Arena_L1","MysteryBox",1,,"LegendaryLuckyDrop"
,1,41,"Arena_L6","MysteryBox",1,,"RareLuckyDrop"
,2,41,"Arena_L6","MysteryBox",1,,"LegendaryLuckyDrop"
,3,41,"Arena_L6","MysteryBox",1,,"EpicLuckyDrop"
,4,41,"Arena_L6","MysteryBox",1,,"ChampionLuckyDrop"
,5,41,"Arena_L6","MysteryBox",1,,"RareLuckyDrop"
,6,41,"Arena_L6","MysteryBox",1,,"EpicLuckyDrop"
,7,41,"Arena_L6","MysteryBox",1,,"LegendaryLuckyDrop"
,8,41,"Arena_L6","MysteryBox",1,,"EpicLuckyDrop"
,9,41,"Arena_L6","MysteryBox",1,,"RareLuckyDrop"
,10,41,"Arena_L6","MysteryBox",1,,"LegendaryLuckyDrop"
,11,41,"Arena_L6","MysteryBox",1,,"EpicLuckyDrop"
,12,41,"Arena_L6","MysteryBox",1,,"RareLuckyDrop"
,13,41,"Arena_L6","MysteryBox",1,,"EpicLuckyDrop"
,14,41,"Arena_L6","MysteryBox",1,,"LegendaryLuckyDrop"
,15,41,"Arena_L6","MysteryBox",1,,"RareLuckyDrop"
,16,41,"Arena_L6","MysteryBox",1,,"EpicLuckyDrop"
,17,41,"Arena_L6","MysteryBox",1,,"LegendaryLuckyDrop"
,18,41,"Arena_L6","MysteryBox",1,,"RareLuckyDrop"
,19,41,"Arena_L6","MysteryBox",1,,"RareLuckyDrop"
,20,41,"Arena_L6","MysteryBox",1,,"EpicLuckyDrop"
,21,41,"Arena_L6","MysteryBox",1,,"LegendaryLuckyDrop"
,22,41,"Arena_L6","MysteryBox",1,,"RareLuckyDrop"
,23,41,"Arena_L6","MysteryBox",1,,"EpicLuckyDrop"
,24,41,"Arena_L6","MysteryBox",1,,"LegendaryLuckyDrop"
,25,41,"Arena_L6","MysteryBox",1,,"RareLuckyDrop"
,26,41,"Arena_L6","MysteryBox",1,,"RareLuckyDrop"
,27,41,"Arena_L6","MysteryBox",1,,"EpicLuckyDrop"
,28,41,"Arena_L6","MysteryBox",1,,"LegendaryLuckyDrop"
"NewPlayerLoginCalendarV1",1,3,"Arena1","Gold",500,,
,2,3,"Arena1","Chest",1,"Gold_Arena1",
,3,3,"Arena1","MysteryBox",1,,"CommonLuckyDrop"
,4,3,"Arena1","Gold",1000,,
,5,3,"Arena1","MysteryBox",1,,"CommonLuckyDrop"
,6,3,"Arena1","Chest",1,"Silver_Arena1",
,7,3,"Arena1","Chest",1,"Shop_Small_1_Arena2",
"Reactivation7Days50%Wildcards",1,5,"Arena2","Chest",1,"Giant_Arena4",
,2,5,"Arena2","Gems",100,,
,3,5,"Arena2","Gold",6000,,
,4,5,"Arena2","WildcardCommon",50,,
,5,5,"Arena2","Gold",8000,,
,6,5,"Arena2","WildcardRare",10,,
,7,5,"Arena2","MysteryBox",1,,"EpicLuckyDrop"
,1,11,"Arena5","Chest",1,"Giant_Arena8",
,2,11,"Arena5","WildcardCommon",200,,
,3,11,"Arena5","Gold",10000,,
,4,11,"Arena5","WildcardRare",50,,
,5,11,"Arena5","Gold",15000,,
,6,11,"Arena5","WildcardEpic",5,,
,7,11,"Arena5","MysteryBox",1,,"EpicLuckyDrop"
,1,25,"Arena_L","Chest",1,"Giant_Arena8",
,2,25,"Arena_L","WildcardCommon",500,,
,3,25,"Arena_L","Gold",20000,,
,4,25,"Arena_L","WildcardRare",200,,
,5,25,"Arena_L","Gold",30000,,
,6,25,"Arena_L","WildcardEpic",20,,
,7,25,"Arena_L","MysteryBox",1,,"EpicLuckyDrop"
,1,31,"Arena_L1","Chest",1,"Giant_Arena_L1",
,2,31,"Arena_L1","WildcardRare",400,,
,3,31,"Arena_L1","Gold",30000,,
,4,31,"Arena_L1","WildcardEpic",50,,
,5,31,"Arena_L1","Gold",40000,,
,6,31,"Arena_L1","WildcardLegendary",2,,
,7,31,"Arena_L1","MysteryBox",1,,"EpicLuckyDrop"
,1,41,"Arena_L6","Chest",1,"Giant_Arena_L4",
,2,41,"Arena_L6","WildcardRare",700,,
,3,41,"Arena_L6","Gold",60000,,
,4,41,"Arena_L6","WildcardEpic",100,,
,5,41,"Arena_L6","Gold",80000,,
,6,41,"Arena_L6","WildcardLegendary",3,,
,7,41,"Arena_L6","MysteryBox",1,,"EpicLuckyDrop"
"Reactivation14Days50%Wildcards",1,5,"Arena2","Chest",1,"Giant_Arena4",
,2,5,"Arena2","Gems",100,,
,3,5,"Arena2","Gold",6000,,
,4,5,"Arena2","WildcardCommon",50,,
,5,5,"Arena2","Gold",8000,,
,6,5,"Arena2","WildcardRare",10,,
,7,5,"Arena2","MysteryBox",1,,"EpicLuckyDrop"
,8,5,"Arena2","Chest",1,"Magic_Arena4",
,9,5,"Arena2","Gold",5000,,
,10,5,"Arena2","MysteryBox",1,,"RareLuckyDrop"
,11,5,"Arena2","Gems",100,,
,12,5,"Arena2","Chest",1,"Giant_Arena4",
,13,5,"Arena2","MysteryBox",1,,"RareLuckyDrop"
,14,5,"Arena2","MysteryBox",1,,"EpicLuckyDrop"
,1,11,"Arena5","Chest",1,"Giant_Arena8",
,2,11,"Arena5","WildcardCommon",200,,
,3,11,"Arena5","Gold",10000,,
,4,11,"Arena5","WildcardRare",50,,
,5,11,"Arena5","Gold",15000,,
,6,11,"Arena5","WildcardEpic",5,,
,7,11,"Arena5","MysteryBox",1,,"EpicLuckyDrop"
,8,11,"Arena5","Chest",1,"Magic_Arena8",
,9,11,"Arena5","Gold",10000,,
,10,11,"Arena5","MysteryBox",1,,"RareLuckyDrop"
,11,11,"Arena5","Gems",150,,
,12,11,"Arena5","Chest",1,"Giant_Arena8",
,13,11,"Arena5","MysteryBox",1,,"RareLuckyDrop"
,14,11,"Arena5","MysteryBox",1,,"EpicLuckyDrop"
,1,25,"Arena_L","Chest",1,"Giant_Arena8",
,2,25,"Arena_L","WildcardCommon",500,,
,3,25,"Arena_L","Gold",20000,,
,4,25,"Arena_L","WildcardRare",200,,
,5,25,"Arena_L","Gold",30000,,
,6,25,"Arena_L","WildcardEpic",20,,
,7,25,"Arena_L","MysteryBox",1,,"EpicLuckyDrop"
,8,25,"Arena_L","Chest",1,"Magic_Arena_Electric",
,9,25,"Arena_L","Gold",20000,,
,10,25,"Arena_L","MysteryBox",1,,"RareLuckyDrop"
,11,25,"Arena_L","Gems",200,,
,12,25,"Arena_L","Chest",1,"Giant_Arena_Electric",
,13,25,"Arena_L","MysteryBox",1,,"RareLuckyDrop"
,14,25,"Arena_L","MysteryBox",1,,"EpicLuckyDrop"
,1,31,"Arena_L1","Chest",1,"Giant_Arena_L1",
,2,31,"Arena_L1","WildcardRare",400,,
,3,31,"Arena_L1","Gold",30000,,
,4,31,"Arena_L1","WildcardEpic",50,,
,5,31,"Arena_L1","Gold",40000,,
,6,31,"Arena_L1","WildcardLegendary",2,,
,7,31,"Arena_L1","MysteryBox",1,,"EpicLuckyDrop"
,8,31,"Arena_L1","Chest",1,"Magic_Arena_L1",
,9,31,"Arena_L1","Gold",30000,,
,10,31,"Arena_L1","MysteryBox",1,,"RareLuckyDrop"
,11,31,"Arena_L1","WildcardCommon",800,,
,12,31,"Arena_L1","Chest",1,"Giant_Arena_L1",
,13,31,"Arena_L1","MysteryBox",1,,"RareLuckyDrop"
,14,31,"Arena_L1","MysteryBox",1,,"EpicLuckyDrop"
,1,41,"Arena_L6","Chest",1,"Giant_Arena_L4",
,2,41,"Arena_L6","WildcardRare",700,,
,3,41,"Arena_L6","Gold",60000,,
,4,41,"Arena_L6","WildcardEpic",100,,
,5,41,"Arena_L6","Gold",80000,,
,6,41,"Arena_L6","WildcardLegendary",3,,
,7,41,"Arena_L6","MysteryBox",1,,"EpicLuckyDrop"
,8,41,"Arena_L6","Chest",1,"Magic_Arena_L4",
,9,41,"Arena_L6","Gold",50000,,
,10,41,"Arena_L6","MysteryBox",1,,"RareLuckyDrop"
,11,41,"Arena_L6","WildcardCommon",1500,,
,12,41,"Arena_L6","Chest",1,"Giant_Arena_L4",
,13,41,"Arena_L6","MysteryBox",1,,"RareLuckyDrop"
,14,41,"Arena_L6","MysteryBox",1,,"EpicLuckyDrop"
"Reactivation28Days50%Wildcards",1,5,"Arena2","Chest",1,"Giant_Arena4",
,2,5,"Arena2","Gems",100,,
,3,5,"Arena2","Gold",6000,,
,4,5,"Arena2","WildcardCommon",50,,
,5,5,"Arena2","Gold",8000,,
,6,5,"Arena2","WildcardRare",10,,
,7,5,"Arena2","MysteryBox",1,,"EpicLuckyDrop"
,8,5,"Arena2","Chest",1,"Magic_Arena4",
,9,5,"Arena2","Gold",5000,,
,10,5,"Arena2","MysteryBox",1,,"RareLuckyDrop"
,11,5,"Arena2","Gems",100,,
,12,5,"Arena2","Chest",1,"Giant_Arena4",
,13,5,"Arena2","MysteryBox",1,,"RareLuckyDrop"
,14,5,"Arena2","MysteryBox",1,,"EpicLuckyDrop"
,15,5,"Arena2","Chest",1,"Giant_Arena4",
,16,5,"Arena2","MysteryBox",1,,"CommonLuckyDrop"
,17,5,"Arena2","MysteryBox",1,,"RareLuckyDrop"
,18,5,"Arena2","MysteryBox",1,,"CommonLuckyDrop"
,19,5,"Arena2","Chest",1,"Magic_Arena4",
,20,5,"Arena2","MysteryBox",1,,"RareLuckyDrop"
,21,5,"Arena2","MysteryBox",1,,"LegendaryLuckyDrop"
,22,5,"Arena2","Chest",1,"Magic_Arena4",
,23,5,"Arena2","MysteryBox",1,,"CommonLuckyDrop"
,24,5,"Arena2","MysteryBox",1,,"RareLuckyDrop"
,25,5,"Arena2","MysteryBox",1,,"RareLuckyDrop"
,26,5,"Arena2","MysteryBox",1,,"CommonLuckyDrop"
,27,5,"Arena2","MysteryBox",1,,"RareLuckyDrop"
,28,5,"Arena2","MysteryBox",1,,"LegendaryLuckyDrop"
,1,11,"Arena5","Chest",1,"Giant_Arena8",
,2,11,"Arena5","WildcardCommon",200,,
,3,11,"Arena5","Gold",10000,,
,4,11,"Arena5","WildcardRare",50,,
,5,11,"Arena5","Gold",15000,,
,6,11,"Arena5","WildcardEpic",5,,
,7,11,"Arena5","MysteryBox",1,,"EpicLuckyDrop"
,8,11,"Arena5","Chest",1,"Magic_Arena8",
,9,11,"Arena5","Gold",10000,,
,10,11,"Arena5","MysteryBox",1,,"RareLuckyDrop"
,11,11,"Arena5","Gems",150,,
,12,11,"Arena5","Chest",1,"Giant_Arena8",
,13,11,"Arena5","MysteryBox",1,,"RareLuckyDrop"
,14,11,"Arena5","MysteryBox",1,,"EpicLuckyDrop"
,15,11,"Arena5","Chest",1,"Giant_Arena8",
,16,11,"Arena5","MysteryBox",1,,"CommonLuckyDrop"
,17,11,"Arena5","MysteryBox",1,,"RareLuckyDrop"
,18,11,"Arena5","MysteryBox",1,,"CommonLuckyDrop"
,19,11,"Arena5","Chest",1,"Magic_Arena8",
,20,11,"Arena5","MysteryBox",1,,"RareLuckyDrop"
,21,11,"Arena5","MysteryBox",1,,"LegendaryLuckyDrop"
,22,11,"Arena5","Chest",1,"Magic_Arena8",
,23,11,"Arena5","MysteryBox",1,,"CommonLuckyDrop"
,24,11,"Arena5","MysteryBox",1,,"RareLuckyDrop"
,25,11,"Arena5","MysteryBox",1,,"RareLuckyDrop"
,26,11,"Arena5","MysteryBox",1,,"CommonLuckyDrop"
,27,11,"Arena5","MysteryBox",1,,"RareLuckyDrop"
,28,11,"Arena5","MysteryBox",1,,"LegendaryLuckyDrop"
,1,25,"Arena_L","Chest",1,"Giant_Arena8",
,2,25,"Arena_L","WildcardCommon",500,,
,3,25,"Arena_L","Gold",20000,,
,4,25,"Arena_L","WildcardRare",200,,
,5,25,"Arena_L","Gold",30000,,
,6,25,"Arena_L","WildcardEpic",20,,
,7,25,"Arena_L","MysteryBox",1,,"EpicLuckyDrop"
,8,25,"Arena_L","Chest",1,"Magic_Arena_Electric",
,9,25,"Arena_L","Gold",20000,,
,10,25,"Arena_L","MysteryBox",1,,"RareLuckyDrop"
,11,25,"Arena_L","Gems",200,,
,12,25,"Arena_L","Chest",1,"Giant_Arena_Electric",
,13,25,"Arena_L","MysteryBox",1,,"RareLuckyDrop"
,14,25,"Arena_L","MysteryBox",1,,"EpicLuckyDrop"
,15,25,"Arena_L","Chest",1,"Giant_Arena_Electric",
,16,25,"Arena_L","MysteryBox",1,,"CommonLuckyDrop"
,17,25,"Arena_L","MysteryBox",1,,"RareLuckyDrop"
,18,25,"Arena_L","MysteryBox",1,,"CommonLuckyDrop"
,19,25,"Arena_L","Chest",1,"Magic_Arena_Electric",
,20,25,"Arena_L","MysteryBox",1,,"RareLuckyDrop"
,21,25,"Arena_L","MysteryBox",1,,"LegendaryLuckyDrop"
,22,25,"Arena_L","Chest",1,"Magic_Arena_Electric",
,23,25,"Arena_L","MysteryBox",1,,"CommonLuckyDrop"
,24,25,"Arena_L","MysteryBox",1,,"RareLuckyDrop"
,25,25,"Arena_L","MysteryBox",1,,"RareLuckyDrop"
,26,25,"Arena_L","MysteryBox",1,,"CommonLuckyDrop"
,27,25,"Arena_L","MysteryBox",1,,"RareLuckyDrop"
,28,25,"Arena_L","MysteryBox",1,,"LegendaryLuckyDrop"
,1,31,"Arena_L1","Chest",1,"Giant_Arena_L1",
,2,31,"Arena_L1","WildcardRare",400,,
,3,31,"Arena_L1","Gold",30000,,
,4,31,"Arena_L1","WildcardEpic",50,,
,5,31,"Arena_L1","Gold",40000,,
,6,31,"Arena_L1","WildcardLegendary",2,,
,7,31,"Arena_L1","MysteryBox",1,,"EpicLuckyDrop"
,8,31,"Arena_L1","Chest",1,"Magic_Arena_L1",
,9,31,"Arena_L1","Gold",30000,,
,10,31,"Arena_L1","MysteryBox",1,,"RareLuckyDrop"
,11,31,"Arena_L1","WildcardCommon",800,,
,12,31,"Arena_L1","Chest",1,"Giant_Arena_L1",
,13,31,"Arena_L1","MysteryBox",1,,"RareLuckyDrop"
,14,31,"Arena_L1","MysteryBox",1,,"EpicLuckyDrop"
,15,31,"Arena_L1","Chest",1,"Giant_Arena_L1",
,16,31,"Arena_L1","MysteryBox",1,,"CommonLuckyDrop"
,17,31,"Arena_L1","MysteryBox",1,,"RareLuckyDrop"
,18,31,"Arena_L1","MysteryBox",1,,"CommonLuckyDrop"
,19,31,"Arena_L1","Chest",1,"Magic_Arena_L1",
,20,31,"Arena_L1","MysteryBox",1,,"RareLuckyDrop"
,21,31,"Arena_L1","MysteryBox",1,,"LegendaryLuckyDrop"
,22,31,"Arena_L1","Chest",1,"Magic_Arena_L1",
,23,31,"Arena_L1","MysteryBox",1,,"CommonLuckyDrop"
,24,31,"Arena_L1","MysteryBox",1,,"RareLuckyDrop"
,25,31,"Arena_L1","MysteryBox",1,,"RareLuckyDrop"
,26,31,"Arena_L1","MysteryBox",1,,"CommonLuckyDrop"
,27,31,"Arena_L1","MysteryBox",1,,"RareLuckyDrop"
,28,31,"Arena_L1","MysteryBox",1,,"LegendaryLuckyDrop"
,1,41,"Arena_L6","Chest",1,"Giant_Arena_L4",
,2,41,"Arena_L6","WildcardRare",700,,
,3,41,"Arena_L6","Gold",60000,,
,4,41,"Arena_L6","WildcardEpic",100,,
,5,41,"Arena_L6","Gold",80000,,
,6,41,"Arena_L6","WildcardLegendary",3,,
,7,41,"Arena_L6","MysteryBox",1,,"EpicLuckyDrop"
,8,41,"Arena_L6","Chest",1,"Magic_Arena_L4",
,9,41,"Arena_L6","Gold",50000,,
,10,41,"Arena_L6","MysteryBox",1,,"RareLuckyDrop"
,11,41,"Arena_L6","WildcardCommon",1500,,
,12,41,"Arena_L6","Chest",1,"Giant_Arena_L4",
,13,41,"Arena_L6","MysteryBox",1,,"RareLuckyDrop"
,14,41,"Arena_L6","MysteryBox",1,,"EpicLuckyDrop"
,15,41,"Arena_L6","Chest",1,"Giant_Arena_L4",
,16,41,"Arena_L6","MysteryBox",1,,"CommonLuckyDrop"
,17,41,"Arena_L6","MysteryBox",1,,"RareLuckyDrop"
,18,41,"Arena_L6","MysteryBox",1,,"CommonLuckyDrop"
,19,41,"Arena_L6","Chest",1,"Magic_Arena_L4",
,20,41,"Arena_L6","MysteryBox",1,,"RareLuckyDrop"
,21,41,"Arena_L6","MysteryBox",1,,"LegendaryLuckyDrop"
,22,41,"Arena_L6","Chest",1,"Magic_Arena_L4",
,23,41,"Arena_L6","MysteryBox",1,,"CommonLuckyDrop"
,24,41,"Arena_L6","MysteryBox",1,,"RareLuckyDrop"
,25,41,"Arena_L6","MysteryBox",1,,"RareLuckyDrop"
,26,41,"Arena_L6","MysteryBox",1,,"CommonLuckyDrop"
,27,41,"Arena_L6","MysteryBox",1,,"RareLuckyDrop"
,28,41,"Arena_L6","MysteryBox",1,,"LegendaryLuckyDrop"
"Reactivation28DaysNoWildcard",1,5,"Arena2","Chest",1,"Giant_Arena4",
,2,5,"Arena2","MysteryBox",1,,"CommonLuckyDrop"
,3,5,"Arena2","Gold",6000,,
,4,5,"Arena2","MysteryBox",1,,"RareLuckyDrop"
,5,5,"Arena2","Gold",8000,,
,6,5,"Arena2","MysteryBox",1,,"CommonLuckyDrop"
,7,5,"Arena2","MysteryBox",1,,"EpicLuckyDrop"
,8,5,"Arena2","Chest",1,"Magic_Arena4",
,9,5,"Arena2","Gold",5000,,
,10,5,"Arena2","MysteryBox",1,,"RareLuckyDrop"
,11,5,"Arena2","MysteryBox",1,,"CommonLuckyDrop"
,12,5,"Arena2","Chest",1,"Giant_Arena4",
,13,5,"Arena2","MysteryBox",1,,"RareLuckyDrop"
,14,5,"Arena2","MysteryBox",1,,"EpicLuckyDrop"
,15,5,"Arena2","Chest",1,"Giant_Arena4",
,16,5,"Arena2","MysteryBox",1,,"CommonLuckyDrop"
,17,5,"Arena2","MysteryBox",1,,"RareLuckyDrop"
,18,5,"Arena2","MysteryBox",1,,"CommonLuckyDrop"
,19,5,"Arena2","Chest",1,"Magic_Arena4",
,20,5,"Arena2","MysteryBox",1,,"RareLuckyDrop"
,21,5,"Arena2","MysteryBox",1,,"LegendaryLuckyDrop"
,22,5,"Arena2","Chest",1,"Magic_Arena4",
,23,5,"Arena2","MysteryBox",1,,"CommonLuckyDrop"
,24,5,"Arena2","MysteryBox",1,,"RareLuckyDrop"
,25,5,"Arena2","MysteryBox",1,,"RareLuckyDrop"
,26,5,"Arena2","MysteryBox",1,,"CommonLuckyDrop"
,27,5,"Arena2","MysteryBox",1,,"RareLuckyDrop"
,28,5,"Arena2","MysteryBox",1,,"LegendaryLuckyDrop"
,1,11,"Arena5","Chest",1,"Giant_Arena8",
,2,11,"Arena5","MysteryBox",1,,"CommonLuckyDrop"
,3,11,"Arena5","Gold",10000,,
,4,11,"Arena5","MysteryBox",1,,"RareLuckyDrop"
,5,11,"Arena5","Gold",15000,,
,6,11,"Arena5","MysteryBox",1,,"CommonLuckyDrop"
,7,11,"Arena5","MysteryBox",1,,"EpicLuckyDrop"
,8,11,"Arena5","Chest",1,"Magic_Arena8",
,9,11,"Arena5","Gold",10000,,
,10,11,"Arena5","MysteryBox",1,,"RareLuckyDrop"
,11,11,"Arena5","MysteryBox",1,,"CommonLuckyDrop"
,12,11,"Arena5","Chest",1,"Giant_Arena8",
,13,11,"Arena5","MysteryBox",1,,"RareLuckyDrop"
,14,11,"Arena5","MysteryBox",1,,"EpicLuckyDrop"
,15,11,"Arena5","Chest",1,"Giant_Arena8",
,16,11,"Arena5","MysteryBox",1,,"CommonLuckyDrop"
,17,11,"Arena5","MysteryBox",1,,"RareLuckyDrop"
,18,11,"Arena5","MysteryBox",1,,"CommonLuckyDrop"
,19,11,"Arena5","Chest",1,"Magic_Arena8",
,20,11,"Arena5","MysteryBox",1,,"RareLuckyDrop"
,21,11,"Arena5","MysteryBox",1,,"LegendaryLuckyDrop"
,22,11,"Arena5","Chest",1,"Magic_Arena8",
,23,11,"Arena5","MysteryBox",1,,"CommonLuckyDrop"
,24,11,"Arena5","MysteryBox",1,,"RareLuckyDrop"
,25,11,"Arena5","MysteryBox",1,,"RareLuckyDrop"
,26,11,"Arena5","MysteryBox",1,,"CommonLuckyDrop"
,27,11,"Arena5","MysteryBox",1,,"RareLuckyDrop"
,28,11,"Arena5","MysteryBox",1,,"LegendaryLuckyDrop"
,1,25,"Arena_L","Chest",1,"Giant_Arena8",
,2,25,"Arena_L","MysteryBox",1,,"CommonLuckyDrop"
,3,25,"Arena_L","Gold",20000,,
,4,25,"Arena_L","MysteryBox",1,,"RareLuckyDrop"
,5,25,"Arena_L","Gold",30000,,
,6,25,"Arena_L","MysteryBox",1,,"CommonLuckyDrop"
,7,25,"Arena_L","MysteryBox",1,,"EpicLuckyDrop"
,8,25,"Arena_L","Chest",1,"Magic_Arena_Electric",
,9,25,"Arena_L","Gold",20000,,
,10,25,"Arena_L","MysteryBox",1,,"RareLuckyDrop"
,11,25,"Arena_L","MysteryBox",1,,"CommonLuckyDrop"
,12,25,"Arena_L","Chest",1,"Giant_Arena_Electric",
,13,25,"Arena_L","MysteryBox",1,,"RareLuckyDrop"
,14,25,"Arena_L","MysteryBox",1,,"EpicLuckyDrop"
,15,25,"Arena_L","Chest",1,"Giant_Arena_Electric",
,16,25,"Arena_L","MysteryBox",1,,"CommonLuckyDrop"
,17,25,"Arena_L","MysteryBox",1,,"RareLuckyDrop"
,18,25,"Arena_L","MysteryBox",1,,"CommonLuckyDrop"
,19,25,"Arena_L","Chest",1,"Magic_Arena_Electric",
,20,25,"Arena_L","MysteryBox",1,,"RareLuckyDrop"
,21,25,"Arena_L","MysteryBox",1,,"LegendaryLuckyDrop"
,22,25,"Arena_L","Chest",1,"Magic_Arena_Electric",
,23,25,"Arena_L","MysteryBox",1,,"CommonLuckyDrop"
,24,25,"Arena_L","MysteryBox",1,,"RareLuckyDrop"
,25,25,"Arena_L","MysteryBox",1,,"RareLuckyDrop"
,26,25,"Arena_L","MysteryBox",1,,"CommonLuckyDrop"
,27,25,"Arena_L","MysteryBox",1,,"RareLuckyDrop"
,28,25,"Arena_L","MysteryBox",1,,"LegendaryLuckyDrop"
,1,31,"Arena_L1","Chest",1,"Giant_Arena_L1",
,2,31,"Arena_L1","MysteryBox",1,,"CommonLuckyDrop"
,3,31,"Arena_L1","Gold",30000,,
,4,31,"Arena_L1","MysteryBox",1,,"RareLuckyDrop"
,5,31,"Arena_L1","Gold",40000,,
,6,31,"Arena_L1","MysteryBox",1,,"CommonLuckyDrop"
,7,31,"Arena_L1","MysteryBox",1,,"EpicLuckyDrop"
,8,31,"Arena_L1","Chest",1,"Magic_Arena_L1",
,9,31,"Arena_L1","Gold",30000,,
,10,31,"Arena_L1","MysteryBox",1,,"RareLuckyDrop"
,11,31,"Arena_L1","MysteryBox",1,,"CommonLuckyDrop"
,12,31,"Arena_L1","Chest",1,"Giant_Arena_L1",
,13,31,"Arena_L1","MysteryBox",1,,"RareLuckyDrop"
,14,31,"Arena_L1","MysteryBox",1,,"EpicLuckyDrop"
,15,31,"Arena_L1","Chest",1,"Giant_Arena_L1",
,16,31,"Arena_L1","MysteryBox",1,,"CommonLuckyDrop"
,17,31,"Arena_L1","MysteryBox",1,,"RareLuckyDrop"
,18,31,"Arena_L1","MysteryBox",1,,"CommonLuckyDrop"
,19,31,"Arena_L1","Chest",1,"Magic_Arena_L1",
,20,31,"Arena_L1","MysteryBox",1,,"RareLuckyDrop"
,21,31,"Arena_L1","MysteryBox",1,,"LegendaryLuckyDrop"
,22,31,"Arena_L1","Chest",1,"Magic_Arena_L1",
,23,31,"Arena_L1","MysteryBox",1,,"CommonLuckyDrop"
,24,31,"Arena_L1","MysteryBox",1,,"RareLuckyDrop"
,25,31,"Arena_L1","MysteryBox",1,,"RareLuckyDrop"
,26,31,"Arena_L1","MysteryBox",1,,"CommonLuckyDrop"
,27,31,"Arena_L1","MysteryBox",1,,"RareLuckyDrop"
,28,31,"Arena_L1","MysteryBox",1,,"LegendaryLuckyDrop"
,1,41,"Arena_L6","Chest",1,"Giant_Arena_L4",
,2,41,"Arena_L6","MysteryBox",1,,"CommonLuckyDrop"
,3,41,"Arena_L6","Gold",60000,,
,4,41,"Arena_L6","MysteryBox",1,,"RareLuckyDrop"
,5,41,"Arena_L6","Gold",80000,,
,6,41,"Arena_L6","MysteryBox",1,,"CommonLuckyDrop"
,7,41,"Arena_L6","MysteryBox",1,,"EpicLuckyDrop"
,8,41,"Arena_L6","Chest",1,"Magic_Arena_L4",
,9,41,"Arena_L6","Gold",50000,,
,10,41,"Arena_L6","MysteryBox",1,,"RareLuckyDrop"
,11,41,"Arena_L6","MysteryBox",1,,"CommonLuckyDrop"
,12,41,"Arena_L6","Chest",1,"Giant_Arena_L4",
,13,41,"Arena_L6","MysteryBox",1,,"RareLuckyDrop"
,14,41,"Arena_L6","MysteryBox",1,,"EpicLuckyDrop"
,15,41,"Arena_L6","Chest",1,"Giant_Arena_L4",
,16,41,"Arena_L6","MysteryBox",1,,"CommonLuckyDrop"
,17,41,"Arena_L6","MysteryBox",1,,"RareLuckyDrop"
,18,41,"Arena_L6","MysteryBox",1,,"CommonLuckyDrop"
,19,41,"Arena_L6","Chest",1,"Magic_Arena_L4",
,20,41,"Arena_L6","MysteryBox",1,,"RareLuckyDrop"
,21,41,"Arena_L6","MysteryBox",1,,"LegendaryLuckyDrop"
,22,41,"Arena_L6","Chest",1,"Magic_Arena_L4",
,23,41,"Arena_L6","MysteryBox",1,,"CommonLuckyDrop"
,24,41,"Arena_L6","MysteryBox",1,,"RareLuckyDrop"
,25,41,"Arena_L6","MysteryBox",1,,"RareLuckyDrop"
,26,41,"Arena_L6","MysteryBox",1,,"CommonLuckyDrop"
,27,41,"Arena_L6","MysteryBox",1,,"RareLuckyDrop"
,28,41,"Arena_L6","MysteryBox",1,,"LegendaryLuckyDrop"
"NewPlayerLoginCalendarLuckyChest",1,3,"Arena1","Gold",500,,
,2,3,"Arena1","MysteryBox",1,,"Basic_Lucky_Chest"
,3,3,"Arena1","MysteryBox",1,,"CommonLuckyDrop"
,4,3,"Arena1","Gold",1000,,
,5,3,"Arena1","MysteryBox",1,,"CommonLuckyDrop"
,6,3,"Arena1","MysteryBox",1,,"Basic_Lucky_Chest"
,7,3,"Arena1","MysteryBox",1,,"RareLuckyDrop"
"NewPlayerLoginCalendarMoreGold",1,3,"Arena1","Gold",1500,,
,2,3,"Arena1","MysteryBox",1,,"Basic_Lucky_Chest"
,3,3,"Arena1","Gold",2500,,
,4,3,"Arena1","MysteryBox",1,,"CommonLuckyDrop"
,5,3,"Arena1","Gold",5000,,
,6,3,"Arena1","MysteryBox",1,,"Basic_Lucky_Chest"
,7,3,"Arena1","MysteryBox",1,,"RareLuckyDrop"
"Reactivation28DaysWithEVOBox",1,5,"Arena2","Chest",1,"Giant_Arena4",
,2,5,"Arena2","Gems",150,,
,3,5,"Arena2","Gold",6000,,
,4,5,"Arena2","WildcardCommon",100,,
,5,5,"Arena2","Gold",8000,,
,6,5,"Arena2","WildcardRare",20,,
,7,5,"Arena2","MysteryBox",1,,"EpicLuckyDrop"
,8,5,"Arena2","Chest",1,"Magic_Arena4",
,9,5,"Arena2","Gold",5000,,
,10,5,"Arena2","MysteryBox",1,,"RareLuckyDrop"
,11,5,"Arena2","Gems",150,,
,12,5,"Arena2","Chest",1,"Giant_Arena4",
,13,5,"Arena2","MysteryBox",1,,"RareLuckyDrop"
,14,5,"Arena2","MysteryBox",1,,"EpicLuckyDrop"
,15,5,"Arena2","Chest",1,"Giant_Arena4",
,16,5,"Arena2","MysteryBox",1,,"CommonLuckyDrop"
,17,5,"Arena2","MysteryBox",1,,"RareLuckyDrop"
,18,5,"Arena2","MysteryBox",1,,"CommonLuckyDrop"
,19,5,"Arena2","Chest",1,"Magic_Arena4",
,20,5,"Arena2","MysteryBox",1,,"RareLuckyDrop"
,21,5,"Arena2","MysteryBox",1,,"LegendaryLuckyDrop"
,22,5,"Arena2","Chest",1,"Magic_Arena4",
,23,5,"Arena2","MysteryBox",1,,"CommonLuckyDrop"
,24,5,"Arena2","MysteryBox",1,,"RareLuckyDrop"
,25,5,"Arena2","MysteryBox",1,,"RareLuckyDrop"
,26,5,"Arena2","MysteryBox",1,,"CommonLuckyDrop"
,27,5,"Arena2","MysteryBox",1,,"RareLuckyDrop"
,28,5,"Arena2","MysteryBox",1,,"LegendaryLuckyDrop"
,1,11,"Arena5","MysteryBox",1,,"EVO_Shard_5Star"
,2,11,"Arena5","WildcardCommon",400,,
,3,11,"Arena5","Gold",10000,,
,4,11,"Arena5","WildcardRare",100,,
,5,11,"Arena5","Gold",15000,,
,6,11,"Arena5","WildcardEpic",10,,
,7,11,"Arena5","MysteryBox",1,,"EpicLuckyDrop"
,8,11,"Arena5","Chest",1,"Magic_Arena8",
,9,11,"Arena5","Gold",10000,,
,10,11,"Arena5","MysteryBox",1,,"RareLuckyDrop"
,11,11,"Arena5","Gems",300,,
,12,11,"Arena5","Chest",1,"Giant_Arena8",
,13,11,"Arena5","MysteryBox",1,,"RareLuckyDrop"
,14,11,"Arena5","MysteryBox",1,,"EpicLuckyDrop"
,15,11,"Arena5","Chest",1,"Giant_Arena8",
,16,11,"Arena5","MysteryBox",1,,"CommonLuckyDrop"
,17,11,"Arena5","MysteryBox",1,,"RareLuckyDrop"
,18,11,"Arena5","MysteryBox",1,,"CommonLuckyDrop"
,19,11,"Arena5","Chest",1,"Magic_Arena8",
,20,11,"Arena5","MysteryBox",1,,"RareLuckyDrop"
,21,11,"Arena5","MysteryBox",1,,"LegendaryLuckyDrop"
,22,11,"Arena5","Chest",1,"Magic_Arena8",
,23,11,"Arena5","MysteryBox",1,,"CommonLuckyDrop"
,24,11,"Arena5","MysteryBox",1,,"RareLuckyDrop"
,25,11,"Arena5","MysteryBox",1,,"RareLuckyDrop"
,26,11,"Arena5","MysteryBox",1,,"CommonLuckyDrop"
,27,11,"Arena5","MysteryBox",1,,"RareLuckyDrop"
,28,11,"Arena5","MysteryBox",1,,"LegendaryLuckyDrop"
,1,25,"Arena_L","MysteryBox",1,,"EVO_Shard_5Star"
,2,25,"Arena_L","WildcardCommon",1000,,
,3,25,"Arena_L","Gold",20000,,
,4,25,"Arena_L","WildcardRare",400,,
,5,25,"Arena_L","Gold",30000,,
,6,25,"Arena_L","WildcardEpic",40,,
,7,25,"Arena_L","MysteryBox",1,,"EpicLuckyDrop"
,8,25,"Arena_L","Chest",1,"Magic_Arena_Electric",
,9,25,"Arena_L","Gold",20000,,
,10,25,"Arena_L","MysteryBox",1,,"RareLuckyDrop"
,11,25,"Arena_L","Gems",400,,
,12,25,"Arena_L","Chest",1,"Giant_Arena_Electric",
,13,25,"Arena_L","MysteryBox",1,,"RareLuckyDrop"
,14,25,"Arena_L","MysteryBox",1,,"EpicLuckyDrop"
,15,25,"Arena_L","Chest",1,"Giant_Arena_Electric",
,16,25,"Arena_L","MysteryBox",1,,"CommonLuckyDrop"
,17,25,"Arena_L","MysteryBox",1,,"RareLuckyDrop"
,18,25,"Arena_L","MysteryBox",1,,"CommonLuckyDrop"
,19,25,"Arena_L","Chest",1,"Magic_Arena_Electric",
,20,25,"Arena_L","MysteryBox",1,,"RareLuckyDrop"
,21,25,"Arena_L","MysteryBox",1,,"LegendaryLuckyDrop"
,22,25,"Arena_L","Chest",1,"Magic_Arena_Electric",
,23,25,"Arena_L","MysteryBox",1,,"CommonLuckyDrop"
,24,25,"Arena_L","MysteryBox",1,,"RareLuckyDrop"
,25,25,"Arena_L","MysteryBox",1,,"RareLuckyDrop"
,26,25,"Arena_L","MysteryBox",1,,"CommonLuckyDrop"
,27,25,"Arena_L","MysteryBox",1,,"RareLuckyDrop"
,28,25,"Arena_L","MysteryBox",1,,"LegendaryLuckyDrop"
,1,31,"Arena_L1","MysteryBox",1,,"EVO_Shard_5Star"
,2,31,"Arena_L1","WildcardRare",750,,
,3,31,"Arena_L1","Gold",30000,,
,4,31,"Arena_L1","WildcardEpic",100,,
,5,31,"Arena_L1","Gold",40000,,
,6,31,"Arena_L1","WildcardLegendary",3,,
,7,31,"Arena_L1","MysteryBox",1,,"EpicLuckyDrop"
,8,31,"Arena_L1","Chest",1,"Magic_Arena_L1",
,9,31,"Arena_L1","Gold",30000,,
,10,31,"Arena_L1","MysteryBox",1,,"RareLuckyDrop"
,11,31,"Arena_L1","WildcardCommon",1500,,
,12,31,"Arena_L1","Chest",1,"Giant_Arena_L1",
,13,31,"Arena_L1","MysteryBox",1,,"RareLuckyDrop"
,14,31,"Arena_L1","MysteryBox",1,,"EpicLuckyDrop"
,15,31,"Arena_L1","Chest",1,"Giant_Arena_L1",
,16,31,"Arena_L1","MysteryBox",1,,"CommonLuckyDrop"
,17,31,"Arena_L1","MysteryBox",1,,"RareLuckyDrop"
,18,31,"Arena_L1","MysteryBox",1,,"CommonLuckyDrop"
,19,31,"Arena_L1","Chest",1,"Magic_Arena_L1",
,20,31,"Arena_L1","MysteryBox",1,,"RareLuckyDrop"
,21,31,"Arena_L1","MysteryBox",1,,"LegendaryLuckyDrop"
,22,31,"Arena_L1","Chest",1,"Magic_Arena_L1",
,23,31,"Arena_L1","MysteryBox",1,,"CommonLuckyDrop"
,24,31,"Arena_L1","MysteryBox",1,,"RareLuckyDrop"
,25,31,"Arena_L1","MysteryBox",1,,"RareLuckyDrop"
,26,31,"Arena_L1","MysteryBox",1,,"CommonLuckyDrop"
,27,31,"Arena_L1","MysteryBox",1,,"RareLuckyDrop"
,28,31,"Arena_L1","MysteryBox",1,,"LegendaryLuckyDrop"
,1,41,"Arena_L6","MysteryBox",1,,"EVO_Shard_5Star"
,2,41,"Arena_L6","WildcardRare",1250,,
,3,41,"Arena_L6","Gold",60000,,
,4,41,"Arena_L6","WildcardEpic",200,,
,5,41,"Arena_L6","Gold",80000,,
,6,41,"Arena_L6","WildcardLegendary",5,,
,7,41,"Arena_L6","MysteryBox",1,,"EpicLuckyDrop"
,8,41,"Arena_L6","Chest",1,"Magic_Arena_L4",
,9,41,"Arena_L6","Gold",50000,,
,10,41,"Arena_L6","MysteryBox",1,,"RareLuckyDrop"
,11,41,"Arena_L6","WildcardCommon",3000,,
,12,41,"Arena_L6","Chest",1,"Giant_Arena_L4",
,13,41,"Arena_L6","MysteryBox",1,,"RareLuckyDrop"
,14,41,"Arena_L6","MysteryBox",1,,"EpicLuckyDrop"
,15,41,"Arena_L6","Chest",1,"Giant_Arena_L4",
,16,41,"Arena_L6","MysteryBox",1,,"CommonLuckyDrop"
,17,41,"Arena_L6","MysteryBox",1,,"RareLuckyDrop"
,18,41,"Arena_L6","MysteryBox",1,,"CommonLuckyDrop"
,19,41,"Arena_L6","Chest",1,"Magic_Arena_L4",
,20,41,"Arena_L6","MysteryBox",1,,"RareLuckyDrop"
,21,41,"Arena_L6","MysteryBox",1,,"LegendaryLuckyDrop"
,22,41,"Arena_L6","Chest",1,"Magic_Arena_L4",
,23,41,"Arena_L6","MysteryBox",1,,"CommonLuckyDrop"
,24,41,"Arena_L6","MysteryBox",1,,"RareLuckyDrop"
,25,41,"Arena_L6","MysteryBox",1,,"RareLuckyDrop"
,26,41,"Arena_L6","MysteryBox",1,,"CommonLuckyDrop"
,27,41,"Arena_L6","MysteryBox",1,,"RareLuckyDrop"
,28,41,"Arena_L6","MysteryBox",1,,"LegendaryLuckyDrop"
"Reactivation28DaysWithEVOBoxDay7",1,5,"Arena2","Chest",1,"Giant_Arena4",
,2,5,"Arena2","Gems",150,,
,3,5,"Arena2","Gold",6000,,
,4,5,"Arena2","WildcardCommon",100,,
,5,5,"Arena2","Gold",8000,,
,6,5,"Arena2","WildcardRare",20,,
,7,5,"Arena2","MysteryBox",1,,"EpicLuckyDrop"
,8,5,"Arena2","Chest",1,"Magic_Arena4",
,9,5,"Arena2","Gold",5000,,
,10,5,"Arena2","MysteryBox",1,,"RareLuckyDrop"
,11,5,"Arena2","Gems",150,,
,12,5,"Arena2","Chest",1,"Giant_Arena4",
,13,5,"Arena2","MysteryBox",1,,"RareLuckyDrop"
,14,5,"Arena2","MysteryBox",1,,"EpicLuckyDrop"
,15,5,"Arena2","Chest",1,"Giant_Arena4",
,16,5,"Arena2","MysteryBox",1,,"CommonLuckyDrop"
,17,5,"Arena2","MysteryBox",1,,"RareLuckyDrop"
,18,5,"Arena2","MysteryBox",1,,"CommonLuckyDrop"
,19,5,"Arena2","Chest",1,"Magic_Arena4",
,20,5,"Arena2","MysteryBox",1,,"RareLuckyDrop"
,21,5,"Arena2","MysteryBox",1,,"LegendaryLuckyDrop"
,22,5,"Arena2","Chest",1,"Magic_Arena4",
,23,5,"Arena2","MysteryBox",1,,"CommonLuckyDrop"
,24,5,"Arena2","MysteryBox",1,,"RareLuckyDrop"
,25,5,"Arena2","MysteryBox",1,,"RareLuckyDrop"
,26,5,"Arena2","MysteryBox",1,,"CommonLuckyDrop"
,27,5,"Arena2","MysteryBox",1,,"RareLuckyDrop"
,28,5,"Arena2","MysteryBox",1,,"LegendaryLuckyDrop"
,1,11,"Arena5","Chest",1,"Giant_Arena8",
,2,11,"Arena5","WildcardCommon",400,,
,3,11,"Arena5","Gold",10000,,
,4,11,"Arena5","WildcardRare",100,,
,5,11,"Arena5","Gold",15000,,
,6,11,"Arena5","WildcardEpic",10,,
,7,11,"Arena5","MysteryBox",1,,"EVO_Shard_5Star"
,8,11,"Arena5","Chest",1,"Magic_Arena8",
,9,11,"Arena5","Gold",10000,,
,10,11,"Arena5","MysteryBox",1,,"RareLuckyDrop"
,11,11,"Arena5","Gems",300,,
,12,11,"Arena5","Chest",1,"Giant_Arena8",
,13,11,"Arena5","MysteryBox",1,,"RareLuckyDrop"
,14,11,"Arena5","MysteryBox",1,,"EpicLuckyDrop"
,15,11,"Arena5","Chest",1,"Giant_Arena8",
,16,11,"Arena5","MysteryBox",1,,"CommonLuckyDrop"
,17,11,"Arena5","MysteryBox",1,,"RareLuckyDrop"
,18,11,"Arena5","MysteryBox",1,,"CommonLuckyDrop"
,19,11,"Arena5","Chest",1,"Magic_Arena8",
,20,11,"Arena5","MysteryBox",1,,"RareLuckyDrop"
,21,11,"Arena5","MysteryBox",1,,"LegendaryLuckyDrop"
,22,11,"Arena5","Chest",1,"Magic_Arena8",
,23,11,"Arena5","MysteryBox",1,,"CommonLuckyDrop"
,24,11,"Arena5","MysteryBox",1,,"RareLuckyDrop"
,25,11,"Arena5","MysteryBox",1,,"RareLuckyDrop"
,26,11,"Arena5","MysteryBox",1,,"CommonLuckyDrop"
,27,11,"Arena5","MysteryBox",1,,"RareLuckyDrop"
,28,11,"Arena5","MysteryBox",1,,"LegendaryLuckyDrop"
,1,25,"Arena_L","Chest",1,"Giant_Arena_Electric",
,2,25,"Arena_L","WildcardCommon",1000,,
,3,25,"Arena_L","Gold",20000,,
,4,25,"Arena_L","WildcardRare",400,,
,5,25,"Arena_L","Gold",30000,,
,6,25,"Arena_L","WildcardEpic",40,,
,7,25,"Arena_L","MysteryBox",1,,"EVO_Shard_5Star"
,8,25,"Arena_L","Chest",1,"Magic_Arena_Electric",
,9,25,"Arena_L","Gold",20000,,
,10,25,"Arena_L","MysteryBox",1,,"RareLuckyDrop"
,11,25,"Arena_L","Gems",400,,
,12,25,"Arena_L","Chest",1,"Giant_Arena_Electric",
,13,25,"Arena_L","MysteryBox",1,,"RareLuckyDrop"
,14,25,"Arena_L","MysteryBox",1,,"EpicLuckyDrop"
,15,25,"Arena_L","Chest",1,"Giant_Arena_Electric",
,16,25,"Arena_L","MysteryBox",1,,"CommonLuckyDrop"
,17,25,"Arena_L","MysteryBox",1,,"RareLuckyDrop"
,18,25,"Arena_L","MysteryBox",1,,"CommonLuckyDrop"
,19,25,"Arena_L","Chest",1,"Magic_Arena_Electric",
,20,25,"Arena_L","MysteryBox",1,,"RareLuckyDrop"
,21,25,"Arena_L","MysteryBox",1,,"LegendaryLuckyDrop"
,22,25,"Arena_L","Chest",1,"Magic_Arena_Electric",
,23,25,"Arena_L","MysteryBox",1,,"CommonLuckyDrop"
,24,25,"Arena_L","MysteryBox",1,,"RareLuckyDrop"
,25,25,"Arena_L","MysteryBox",1,,"RareLuckyDrop"
,26,25,"Arena_L","MysteryBox",1,,"CommonLuckyDrop"
,27,25,"Arena_L","MysteryBox",1,,"RareLuckyDrop"
,28,25,"Arena_L","MysteryBox",1,,"LegendaryLuckyDrop"
,1,31,"Arena_L1","Chest",1,"Giant_Arena_L1",
,2,31,"Arena_L1","WildcardRare",750,,
,3,31,"Arena_L1","Gold",30000,,
,4,31,"Arena_L1","WildcardEpic",100,,
,5,31,"Arena_L1","Gold",40000,,
,6,31,"Arena_L1","WildcardLegendary",3,,
,7,31,"Arena_L1","MysteryBox",1,,"EVO_Shard_5Star"
,8,31,"Arena_L1","Chest",1,"Magic_Arena_L1",
,9,31,"Arena_L1","Gold",30000,,
,10,31,"Arena_L1","MysteryBox",1,,"RareLuckyDrop"
,11,31,"Arena_L1","WildcardCommon",1500,,
,12,31,"Arena_L1","Chest",1,"Giant_Arena_L1",
,13,31,"Arena_L1","MysteryBox",1,,"RareLuckyDrop"
,14,31,"Arena_L1","MysteryBox",1,,"EpicLuckyDrop"
,15,31,"Arena_L1","Chest",1,"Giant_Arena_L1",
,16,31,"Arena_L1","MysteryBox",1,,"CommonLuckyDrop"
,17,31,"Arena_L1","MysteryBox",1,,"RareLuckyDrop"
,18,31,"Arena_L1","MysteryBox",1,,"CommonLuckyDrop"
,19,31,"Arena_L1","Chest",1,"Magic_Arena_L1",
,20,31,"Arena_L1","MysteryBox",1,,"RareLuckyDrop"
,21,31,"Arena_L1","MysteryBox",1,,"LegendaryLuckyDrop"
,22,31,"Arena_L1","Chest",1,"Magic_Arena_L1",
,23,31,"Arena_L1","MysteryBox",1,,"CommonLuckyDrop"
,24,31,"Arena_L1","MysteryBox",1,,"RareLuckyDrop"
,25,31,"Arena_L1","MysteryBox",1,,"RareLuckyDrop"
,26,31,"Arena_L1","MysteryBox",1,,"CommonLuckyDrop"
,27,31,"Arena_L1","MysteryBox",1,,"RareLuckyDrop"
,28,31,"Arena_L1","MysteryBox",1,,"LegendaryLuckyDrop"
,1,41,"Arena_L6","Chest",1,"Giant_Arena_L4",
,2,41,"Arena_L6","WildcardRare",1250,,
,3,41,"Arena_L6","Gold",60000,,
,4,41,"Arena_L6","WildcardEpic",200,,
,5,41,"Arena_L6","Gold",80000,,
,6,41,"Arena_L6","WildcardLegendary",5,,
,7,41,"Arena_L6","MysteryBox",1,,"EVO_Shard_5Star"
,8,41,"Arena_L6","Chest",1,"Magic_Arena_L4",
,9,41,"Arena_L6","Gold",50000,,
,10,41,"Arena_L6","MysteryBox",1,,"RareLuckyDrop"
,11,41,"Arena_L6","WildcardCommon",3000,,
,12,41,"Arena_L6","Chest",1,"Giant_Arena_L4",
,13,41,"Arena_L6","MysteryBox",1,,"RareLuckyDrop"
,14,41,"Arena_L6","MysteryBox",1,,"EpicLuckyDrop"
,15,41,"Arena_L6","Chest",1,"Giant_Arena_L4",
,16,41,"Arena_L6","MysteryBox",1,,"CommonLuckyDrop"
,17,41,"Arena_L6","MysteryBox",1,,"RareLuckyDrop"
,18,41,"Arena_L6","MysteryBox",1,,"CommonLuckyDrop"
,19,41,"Arena_L6","Chest",1,"Magic_Arena_L4",
,20,41,"Arena_L6","MysteryBox",1,,"RareLuckyDrop"
,21,41,"Arena_L6","MysteryBox",1,,"LegendaryLuckyDrop"
,22,41,"Arena_L6","Chest",1,"Magic_Arena_L4",
,23,41,"Arena_L6","MysteryBox",1,,"CommonLuckyDrop"
,24,41,"Arena_L6","MysteryBox",1,,"RareLuckyDrop"
,25,41,"Arena_L6","MysteryBox",1,,"RareLuckyDrop"
,26,41,"Arena_L6","MysteryBox",1,,"CommonLuckyDrop"
,27,41,"Arena_L6","MysteryBox",1,,"RareLuckyDrop"
,28,41,"Arena_L6","MysteryBox",1,,"LegendaryLuckyDrop"
"Reactivation28DaysEVOShardDay7",1,5,"Arena2","Chest",1,"Giant_Arena4",
,2,5,"Arena2","Gems",150,,
,3,5,"Arena2","Gold",6000,,
,4,5,"Arena2","WildcardCommon",100,,
,5,5,"Arena2","Gold",8000,,
,6,5,"Arena2","WildcardRare",20,,
,7,5,"Arena2","MysteryBox",1,,"EpicLuckyDrop"
,8,5,"Arena2","Chest",1,"Magic_Arena4",
,9,5,"Arena2","Gold",5000,,
,10,5,"Arena2","MysteryBox",1,,"RareLuckyDrop"
,11,5,"Arena2","Gems",150,,
,12,5,"Arena2","Chest",1,"Giant_Arena4",
,13,5,"Arena2","MysteryBox",1,,"RareLuckyDrop"
,14,5,"Arena2","MysteryBox",1,,"EpicLuckyDrop"
,15,5,"Arena2","Chest",1,"Giant_Arena4",
,16,5,"Arena2","MysteryBox",1,,"CommonLuckyDrop"
,17,5,"Arena2","MysteryBox",1,,"RareLuckyDrop"
,18,5,"Arena2","MysteryBox",1,,"CommonLuckyDrop"
,19,5,"Arena2","Chest",1,"Magic_Arena4",
,20,5,"Arena2","MysteryBox",1,,"RareLuckyDrop"
,21,5,"Arena2","MysteryBox",1,,"LegendaryLuckyDrop"
,22,5,"Arena2","Chest",1,"Magic_Arena4",
,23,5,"Arena2","MysteryBox",1,,"CommonLuckyDrop"
,24,5,"Arena2","MysteryBox",1,,"RareLuckyDrop"
,25,5,"Arena2","MysteryBox",1,,"RareLuckyDrop"
,26,5,"Arena2","MysteryBox",1,,"CommonLuckyDrop"
,27,5,"Arena2","MysteryBox",1,,"RareLuckyDrop"
,28,5,"Arena2","MysteryBox",1,,"LegendaryLuckyDrop"
,1,11,"Arena5","Chest",1,"Giant_Arena8",
,2,11,"Arena5","WildcardCommon",400,,
,3,11,"Arena5","Gold",10000,,
,4,11,"Arena5","WildcardRare",100,,
,5,11,"Arena5","Gold",15000,,
,6,11,"Arena5","WildcardEpic",10,,
,7,11,"Arena5","WildcardShard",6,,
,8,11,"Arena5","Chest",1,"Magic_Arena8",
,9,11,"Arena5","Gold",10000,,
,10,11,"Arena5","MysteryBox",1,,"RareLuckyDrop"
,11,11,"Arena5","Gems",300,,
,12,11,"Arena5","Chest",1,"Giant_Arena8",
,13,11,"Arena5","MysteryBox",1,,"RareLuckyDrop"
,14,11,"Arena5","MysteryBox",1,,"EpicLuckyDrop"
,15,11,"Arena5","Chest",1,"Giant_Arena8",
,16,11,"Arena5","MysteryBox",1,,"CommonLuckyDrop"
,17,11,"Arena5","MysteryBox",1,,"RareLuckyDrop"
,18,11,"Arena5","MysteryBox",1,,"CommonLuckyDrop"
,19,11,"Arena5","Chest",1,"Magic_Arena8",
,20,11,"Arena5","MysteryBox",1,,"RareLuckyDrop"
,21,11,"Arena5","MysteryBox",1,,"LegendaryLuckyDrop"
,22,11,"Arena5","Chest",1,"Magic_Arena8",
,23,11,"Arena5","MysteryBox",1,,"CommonLuckyDrop"
,24,11,"Arena5","MysteryBox",1,,"RareLuckyDrop"
,25,11,"Arena5","MysteryBox",1,,"RareLuckyDrop"
,26,11,"Arena5","MysteryBox",1,,"CommonLuckyDrop"
,27,11,"Arena5","MysteryBox",1,,"RareLuckyDrop"
,28,11,"Arena5","MysteryBox",1,,"LegendaryLuckyDrop"
,1,25,"Arena_L","Chest",1,"Giant_Arena_Electric",
,2,25,"Arena_L","WildcardCommon",1000,,
,3,25,"Arena_L","Gold",20000,,
,4,25,"Arena_L","WildcardRare",400,,
,5,25,"Arena_L","Gold",30000,,
,6,25,"Arena_L","WildcardEpic",40,,
,7,25,"Arena_L","WildcardShard",6,,
,8,25,"Arena_L","Chest",1,"Magic_Arena_Electric",
,9,25,"Arena_L","Gold",20000,,
,10,25,"Arena_L","MysteryBox",1,,"RareLuckyDrop"
,11,25,"Arena_L","Gems",400,,
,12,25,"Arena_L","Chest",1,"Giant_Arena_Electric",
,13,25,"Arena_L","MysteryBox",1,,"RareLuckyDrop"
,14,25,"Arena_L","MysteryBox",1,,"EpicLuckyDrop"
,15,25,"Arena_L","Chest",1,"Giant_Arena_Electric",
,16,25,"Arena_L","MysteryBox",1,,"CommonLuckyDrop"
,17,25,"Arena_L","MysteryBox",1,,"RareLuckyDrop"
,18,25,"Arena_L","MysteryBox",1,,"CommonLuckyDrop"
,19,25,"Arena_L","Chest",1,"Magic_Arena_Electric",
,20,25,"Arena_L","MysteryBox",1,,"RareLuckyDrop"
,21,25,"Arena_L","MysteryBox",1,,"LegendaryLuckyDrop"
,22,25,"Arena_L","Chest",1,"Magic_Arena_Electric",
,23,25,"Arena_L","MysteryBox",1,,"CommonLuckyDrop"
,24,25,"Arena_L","MysteryBox",1,,"RareLuckyDrop"
,25,25,"Arena_L","MysteryBox",1,,"RareLuckyDrop"
,26,25,"Arena_L","MysteryBox",1,,"CommonLuckyDrop"
,27,25,"Arena_L","MysteryBox",1,,"RareLuckyDrop"
,28,25,"Arena_L","MysteryBox",1,,"LegendaryLuckyDrop"
,1,31,"Arena_L1","Chest",1,"Giant_Arena_L1",
,2,31,"Arena_L1","WildcardRare",750,,
,3,31,"Arena_L1","Gold",30000,,
,4,31,"Arena_L1","WildcardEpic",100,,
,5,31,"Arena_L1","Gold",40000,,
,6,31,"Arena_L1","WildcardLegendary",3,,
,7,31,"Arena_L1","WildcardShard",6,,
,8,31,"Arena_L1","Chest",1,"Magic_Arena_L1",
,9,31,"Arena_L1","Gold",30000,,
,10,31,"Arena_L1","MysteryBox",1,,"RareLuckyDrop"
,11,31,"Arena_L1","WildcardCommon",1500,,
,12,31,"Arena_L1","Chest",1,"Giant_Arena_L1",
,13,31,"Arena_L1","MysteryBox",1,,"RareLuckyDrop"
,14,31,"Arena_L1","MysteryBox",1,,"EpicLuckyDrop"
,15,31,"Arena_L1","Chest",1,"Giant_Arena_L1",
,16,31,"Arena_L1","MysteryBox",1,,"CommonLuckyDrop"
,17,31,"Arena_L1","MysteryBox",1,,"RareLuckyDrop"
,18,31,"Arena_L1","MysteryBox",1,,"CommonLuckyDrop"
,19,31,"Arena_L1","Chest",1,"Magic_Arena_L1",
,20,31,"Arena_L1","MysteryBox",1,,"RareLuckyDrop"
,21,31,"Arena_L1","MysteryBox",1,,"LegendaryLuckyDrop"
,22,31,"Arena_L1","Chest",1,"Magic_Arena_L1",
,23,31,"Arena_L1","MysteryBox",1,,"CommonLuckyDrop"
,24,31,"Arena_L1","MysteryBox",1,,"RareLuckyDrop"
,25,31,"Arena_L1","MysteryBox",1,,"RareLuckyDrop"
,26,31,"Arena_L1","MysteryBox",1,,"CommonLuckyDrop"
,27,31,"Arena_L1","MysteryBox",1,,"RareLuckyDrop"
,28,31,"Arena_L1","MysteryBox",1,,"LegendaryLuckyDrop"
,1,41,"Arena_L6","Chest",1,"Giant_Arena_L4",
,2,41,"Arena_L6","WildcardRare",1250,,
,3,41,"Arena_L6","Gold",60000,,
,4,41,"Arena_L6","WildcardEpic",200,,
,5,41,"Arena_L6","Gold",80000,,
,6,41,"Arena_L6","WildcardLegendary",5,,
,7,41,"Arena_L6","WildcardShard",6,,
,8,41,"Arena_L6","Chest",1,"Magic_Arena_L4",
,9,41,"Arena_L6","Gold",50000,,
,10,41,"Arena_L6","MysteryBox",1,,"RareLuckyDrop"
,11,41,"Arena_L6","WildcardCommon",3000,,
,12,41,"Arena_L6","Chest",1,"Giant_Arena_L4",
,13,41,"Arena_L6","MysteryBox",1,,"RareLuckyDrop"
,14,41,"Arena_L6","MysteryBox",1,,"EpicLuckyDrop"
,15,41,"Arena_L6","Chest",1,"Giant_Arena_L4",
,16,41,"Arena_L6","MysteryBox",1,,"CommonLuckyDrop"
,17,41,"Arena_L6","MysteryBox",1,,"RareLuckyDrop"
,18,41,"Arena_L6","MysteryBox",1,,"CommonLuckyDrop"
,19,41,"Arena_L6","Chest",1,"Magic_Arena_L4",
,20,41,"Arena_L6","MysteryBox",1,,"RareLuckyDrop"
,21,41,"Arena_L6","MysteryBox",1,,"LegendaryLuckyDrop"
,22,41,"Arena_L6","Chest",1,"Magic_Arena_L4",
,23,41,"Arena_L6","MysteryBox",1,,"CommonLuckyDrop"
,24,41,"Arena_L6","MysteryBox",1,,"RareLuckyDrop"
,25,41,"Arena_L6","MysteryBox",1,,"RareLuckyDrop"
,26,41,"Arena_L6","MysteryBox",1,,"CommonLuckyDrop"
,27,41,"Arena_L6","MysteryBox",1,,"RareLuckyDrop"
,28,41,"Arena_L6","MysteryBox",1,,"LegendaryLuckyDrop"
"Reactivation28DaysEVOShardDay1",1,5,"Arena2","Chest",1,"Giant_Arena4",
,2,5,"Arena2","Gems",150,,
,3,5,"Arena2","Gold",6000,,
,4,5,"Arena2","WildcardCommon",100,,
,5,5,"Arena2","Gold",8000,,
,6,5,"Arena2","WildcardRare",20,,
,7,5,"Arena2","MysteryBox",1,,"EpicLuckyDrop"
,8,5,"Arena2","Chest",1,"Magic_Arena4",
,9,5,"Arena2","Gold",5000,,
,10,5,"Arena2","MysteryBox",1,,"RareLuckyDrop"
,11,5,"Arena2","Gems",150,,
,12,5,"Arena2","Chest",1,"Giant_Arena4",
,13,5,"Arena2","MysteryBox",1,,"RareLuckyDrop"
,14,5,"Arena2","MysteryBox",1,,"EpicLuckyDrop"
,15,5,"Arena2","Chest",1,"Giant_Arena4",
,16,5,"Arena2","MysteryBox",1,,"CommonLuckyDrop"
,17,5,"Arena2","MysteryBox",1,,"RareLuckyDrop"
,18,5,"Arena2","MysteryBox",1,,"CommonLuckyDrop"
,19,5,"Arena2","Chest",1,"Magic_Arena4",
,20,5,"Arena2","MysteryBox",1,,"RareLuckyDrop"
,21,5,"Arena2","MysteryBox",1,,"LegendaryLuckyDrop"
,22,5,"Arena2","Chest",1,"Magic_Arena4",
,23,5,"Arena2","MysteryBox",1,,"CommonLuckyDrop"
,24,5,"Arena2","MysteryBox",1,,"RareLuckyDrop"
,25,5,"Arena2","MysteryBox",1,,"RareLuckyDrop"
,26,5,"Arena2","MysteryBox",1,,"CommonLuckyDrop"
,27,5,"Arena2","MysteryBox",1,,"RareLuckyDrop"
,28,5,"Arena2","MysteryBox",1,,"LegendaryLuckyDrop"
,1,11,"Arena5","WildcardShard",6,,
,2,11,"Arena5","WildcardCommon",400,,
,3,11,"Arena5","Gold",10000,,
,4,11,"Arena5","WildcardRare",100,,
,5,11,"Arena5","Gold",15000,,
,6,11,"Arena5","WildcardEpic",10,,
,7,11,"Arena5","MysteryBox",1,,"EpicLuckyDrop"
,8,11,"Arena5","Chest",1,"Magic_Arena8",
,9,11,"Arena5","Gold",10000,,
,10,11,"Arena5","MysteryBox",1,,"RareLuckyDrop"
,11,11,"Arena5","Gems",300,,
,12,11,"Arena5","Chest",1,"Giant_Arena8",
,13,11,"Arena5","MysteryBox",1,,"RareLuckyDrop"
,14,11,"Arena5","MysteryBox",1,,"EpicLuckyDrop"
,15,11,"Arena5","Chest",1,"Giant_Arena8",
,16,11,"Arena5","MysteryBox",1,,"CommonLuckyDrop"
,17,11,"Arena5","MysteryBox",1,,"RareLuckyDrop"
,18,11,"Arena5","MysteryBox",1,,"CommonLuckyDrop"
,19,11,"Arena5","Chest",1,"Magic_Arena8",
,20,11,"Arena5","MysteryBox",1,,"RareLuckyDrop"
,21,11,"Arena5","MysteryBox",1,,"LegendaryLuckyDrop"
,22,11,"Arena5","Chest",1,"Magic_Arena8",
,23,11,"Arena5","MysteryBox",1,,"CommonLuckyDrop"
,24,11,"Arena5","MysteryBox",1,,"RareLuckyDrop"
,25,11,"Arena5","MysteryBox",1,,"RareLuckyDrop"
,26,11,"Arena5","MysteryBox",1,,"CommonLuckyDrop"
,27,11,"Arena5","MysteryBox",1,,"RareLuckyDrop"
,28,11,"Arena5","MysteryBox",1,,"LegendaryLuckyDrop"
,1,25,"Arena_L","WildcardShard",6,,
,2,25,"Arena_L","WildcardCommon",1000,,
,3,25,"Arena_L","Gold",20000,,
,4,25,"Arena_L","WildcardRare",400,,
,5,25,"Arena_L","Gold",30000,,
,6,25,"Arena_L","WildcardEpic",40,,
,7,25,"Arena_L","MysteryBox",1,,"EpicLuckyDrop"
,8,25,"Arena_L","Chest",1,"Magic_Arena_Electric",
,9,25,"Arena_L","Gold",20000,,
,10,25,"Arena_L","MysteryBox",1,,"RareLuckyDrop"
,11,25,"Arena_L","Gems",400,,
,12,25,"Arena_L","Chest",1,"Giant_Arena_Electric",
,13,25,"Arena_L","MysteryBox",1,,"RareLuckyDrop"
,14,25,"Arena_L","MysteryBox",1,,"EpicLuckyDrop"
,15,25,"Arena_L","Chest",1,"Giant_Arena_Electric",
,16,25,"Arena_L","MysteryBox",1,,"CommonLuckyDrop"
,17,25,"Arena_L","MysteryBox",1,,"RareLuckyDrop"
,18,25,"Arena_L","MysteryBox",1,,"CommonLuckyDrop"
,19,25,"Arena_L","Chest",1,"Magic_Arena_Electric",
,20,25,"Arena_L","MysteryBox",1,,"RareLuckyDrop"
,21,25,"Arena_L","MysteryBox",1,,"LegendaryLuckyDrop"
,22,25,"Arena_L","Chest",1,"Magic_Arena_Electric",
,23,25,"Arena_L","MysteryBox",1,,"CommonLuckyDrop"
,24,25,"Arena_L","MysteryBox",1,,"RareLuckyDrop"
,25,25,"Arena_L","MysteryBox",1,,"RareLuckyDrop"
,26,25,"Arena_L","MysteryBox",1,,"CommonLuckyDrop"
,27,25,"Arena_L","MysteryBox",1,,"RareLuckyDrop"
,28,25,"Arena_L","MysteryBox",1,,"LegendaryLuckyDrop"
,1,31,"Arena_L1","WildcardShard",6,,
,2,31,"Arena_L1","WildcardRare",750,,
,3,31,"Arena_L1","Gold",30000,,
,4,31,"Arena_L1","WildcardEpic",100,,
,5,31,"Arena_L1","Gold",40000,,
,6,31,"Arena_L1","WildcardLegendary",3,,
,7,31,"Arena_L1","MysteryBox",1,,"EpicLuckyDrop"
,8,31,"Arena_L1","Chest",1,"Magic_Arena_L1",
,9,31,"Arena_L1","Gold",30000,,
,10,31,"Arena_L1","MysteryBox",1,,"RareLuckyDrop"
,11,31,"Arena_L1","WildcardCommon",1500,,
,12,31,"Arena_L1","Chest",1,"Giant_Arena_L1",
,13,31,"Arena_L1","MysteryBox",1,,"RareLuckyDrop"
,14,31,"Arena_L1","MysteryBox",1,,"EpicLuckyDrop"
,15,31,"Arena_L1","Chest",1,"Giant_Arena_L1",
,16,31,"Arena_L1","MysteryBox",1,,"CommonLuckyDrop"
,17,31,"Arena_L1","MysteryBox",1,,"RareLuckyDrop"
,18,31,"Arena_L1","MysteryBox",1,,"CommonLuckyDrop"
,19,31,"Arena_L1","Chest",1,"Magic_Arena_L1",
,20,31,"Arena_L1","MysteryBox",1,,"RareLuckyDrop"
,21,31,"Arena_L1","MysteryBox",1,,"LegendaryLuckyDrop"
,22,31,"Arena_L1","Chest",1,"Magic_Arena_L1",
,23,31,"Arena_L1","MysteryBox",1,,"CommonLuckyDrop"
,24,31,"Arena_L1","MysteryBox",1,,"RareLuckyDrop"
,25,31,"Arena_L1","MysteryBox",1,,"RareLuckyDrop"
,26,31,"Arena_L1","MysteryBox",1,,"CommonLuckyDrop"
,27,31,"Arena_L1","MysteryBox",1,,"RareLuckyDrop"
,28,31,"Arena_L1","MysteryBox",1,,"LegendaryLuckyDrop"
,1,41,"Arena_L6","WildcardShard",6,,
,2,41,"Arena_L6","WildcardRare",1250,,
,3,41,"Arena_L6","Gold",60000,,
,4,41,"Arena_L6","WildcardEpic",200,,
,5,41,"Arena_L6","Gold",80000,,
,6,41,"Arena_L6","WildcardLegendary",5,,
,7,41,"Arena_L6","MysteryBox",1,,"EpicLuckyDrop"
,8,41,"Arena_L6","Chest",1,"Magic_Arena_L4",
,9,41,"Arena_L6","Gold",50000,,
,10,41,"Arena_L6","MysteryBox",1,,"RareLuckyDrop"
,11,41,"Arena_L6","WildcardCommon",3000,,
,12,41,"Arena_L6","Chest",1,"Giant_Arena_L4",
,13,41,"Arena_L6","MysteryBox",1,,"RareLuckyDrop"
,14,41,"Arena_L6","MysteryBox",1,,"EpicLuckyDrop"
,15,41,"Arena_L6","Chest",1,"Giant_Arena_L4",
,16,41,"Arena_L6","MysteryBox",1,,"CommonLuckyDrop"
,17,41,"Arena_L6","MysteryBox",1,,"RareLuckyDrop"
,18,41,"Arena_L6","MysteryBox",1,,"CommonLuckyDrop"
,19,41,"Arena_L6","Chest",1,"Magic_Arena_L4",
,20,41,"Arena_L6","MysteryBox",1,,"RareLuckyDrop"
,21,41,"Arena_L6","MysteryBox",1,,"LegendaryLuckyDrop"
,22,41,"Arena_L6","Chest",1,"Magic_Arena_L4",
,23,41,"Arena_L6","MysteryBox",1,,"CommonLuckyDrop"
,24,41,"Arena_L6","MysteryBox",1,,"RareLuckyDrop"
,25,41,"Arena_L6","MysteryBox",1,,"RareLuckyDrop"
,26,41,"Arena_L6","MysteryBox",1,,"CommonLuckyDrop"
,27,41,"Arena_L6","MysteryBox",1,,"RareLuckyDrop"
,28,41,"Arena_L6","MysteryBox",1,,"LegendaryLuckyDrop"
