"Name","BaseChest","Arena","Theme","TournamentChest","SurvivalChest","UnlockTimeSeconds","RandomSpells","DifferentSpells","ChestCountInChestCycle","RareChance","EpicChance","LegendaryChance","ChampionChance","GuaranteedSpells","MinBaseGold","MaxBaseGold","MinGoldPerCard","MaxGoldPerCard","FileName","ExportName","ShopExportName","GainedExportName","AnimExportName","SlotLandEffect","OpenEffect","TapSound","TapSoundShop","DescriptionTID","TID","NotificationTID","SortValue","DraftChest","IconSWF","IconExportName","LegendaryOverrideChance","ChampionOverrideChance","TokenChance","LegendaryTokenChance","EpicTokenChance","RareTokenChance","CommonTokenChance","SingleReward","MinBonusGoldPercentage","MaxBonusGoldPercentage","NumRerolls","HasSeasonPassRerolls","ShopChest","OverrideArenaWithCurrent","UseFixedSpellCount","RoundGoldAmount","AllowMultipleNewCards","NoCatchup","NoRandomCardAmount","DisableArenaWildcards","FixedWildcardsCommon","FixedWildcardsRare","FixedWildcardsEpic","FixedWildcardsLegendary","FixedWildcardsChampion","Flags","ExtraGemsMin","ExtraGemsMax","RandomShardsProbability","RandomShardsMin","RandomShardsMax","GuaranteedShards","GuaranteedShardsMin","GuaranteedShardsMax","CustomBGFile","CustomBGExportName","SupportCardsCommonChance","SupportCardsCommonQuantityMin","SupportCardsCommonQuantityMax","SupportCardsRareChance","SupportCardsRareQuantityMin","SupportCardsRareQuantityMax","SupportCardsEpicChance","SupportCardsEpicQuantityMin","SupportCardsEpicQuantityMax","SupportCardsLegendaryChance","SupportCardsLegendaryQuantityMin","SupportCardsLegendaryQuantityMax","SupportCardsChampionChance","SupportCardsChampionQuantityMin","SupportCardsChampionQuantityMax","CardGroup"
"String","String","String","String","boolean","boolean","int","int","int","int","int","int","int","int","String","int","int","int","int","String","String","String","String","String","String","String","String","String","String","String","String","int","boolean","String","String","int","int","int","int","int","int","int","boolean","int","int","int","boolean","string","boolean","boolean","boolean","boolean","boolean","boolean","boolean","int","int","int","int","int","String","int","int","int","int","int","string","int","int","String","String","int","int","int","int","int","int","int","int","int","int","int","int","int","int","int","String"
"Newbie1",,"TrainingCamp",,,,5,3,3,,,,,,"Knight",,,6,6,"sc/ui_chest.sc","Chest_wood",,"get_wood_chest","chest_open_wooden","chest_landing_wood","openChest_wood","soundbanks/ui_menu_general/ui_menu_general_tap_wooden_chest","soundbanks/ui_menu_general/ui_menu_general_jingle_openchest_wood",,"TID_CHEST_WOOD","TID_CHEST_WOOD_NOTIFICATION",,,"sc/ui.sc","icon_chests_wooden_small",,,,,,,,,,,,,,,,,,,,,,,,,,,,,,,,,,,,,,,,,,,,,,,,,,,,
,,,,,,,,,,,,,,"Arrows",,,,,,,,,,,,,,,,,,,,,,,,,,,,,,,,,,,,,,,,,,,,,,,,,,,,,,,,,,,,,,,,,,,,,,,,
"Newbie2",,"TrainingCamp",,,,5,3,3,,,,,,"Musketeer",,,6,6,"sc/ui_chest.sc","Chest_wood",,"get_wood_chest","chest_open_wooden","chest_landing_wood","openChest_wood","soundbanks/ui_menu_general/ui_menu_general_tap_wooden_chest","soundbanks/ui_menu_general/ui_menu_general_jingle_openchest_wood",,"TID_CHEST_WOOD","TID_CHEST_WOOD_NOTIFICATION",,,"sc/ui.sc","icon_chests_wooden_small",,,,,,,,,,,,,,,,,,,,,,,,,,,,,,,,,,,,,,,,,,,,,,,,,,,,
"NewbieFixedEpic",,"TrainingCamp",,,,5,3,3,,,,,,"MiniPekka",,,6,6,"sc/ui_chest.sc","Chest_wood",,"get_wood_chest","chest_open_wooden","chest_landing_wood","openChest_wood","soundbanks/ui_menu_general/ui_menu_general_tap_wooden_chest","soundbanks/ui_menu_general/ui_menu_general_jingle_openchest_wood",,"TID_CHEST_WOOD","TID_CHEST_WOOD_NOTIFICATION",,,"sc/ui.sc","icon_chests_wooden_small",,,,,,,,,,,,,,,,,,,,,,,,,,,,,,,,,,,,,,,,,,,,,,,,,,,,
"NewbieRandom",,"TrainingCamp",,,,5,3,3,,8,,,,,,,6,6,"sc/ui_chest.sc","Chest_wood",,"get_wood_chest","chest_open_wooden","chest_landing_wood","openChest_wood","soundbanks/ui_menu_general/ui_menu_general_tap_wooden_chest","soundbanks/ui_menu_general/ui_menu_general_jingle_openchest_wood",,"TID_CHEST_WOOD","TID_CHEST_WOOD_NOTIFICATION",,,"sc/ui.sc","icon_chests_wooden_small",,,,,,,,,,,,,,,,,,,,,,,,,,,,,,,,,,,,,,,,,,,,,,,,,,,,
"Silver",,"TrainingCamp",,,,10800,8,3,60,6,80,1600,3200,,,,15,18,"sc/ui_chest.sc","Chest_iron","chest_iron_open","get_metal_chest","chest_open_iron","chest_landing_iron","openChest_iron","soundbanks/ui_menu_general/ui_menu_general_tap_iron_chest","soundbanks/ui_menu_general/ui_menu_general_jingle_openchest_iron",,"TID_CHEST_SILVER","TID_CHEST_SILVER_NOTIFICATION",2,,"sc/ui.sc","icon_chests_silver_small",,,,,,,,,,,,,,,,,,,,"TRUE",,,,,,,,,,,,,,,,,,,,,,,,,,,,,,,,
"Gold",,"TrainingCamp",,,,28800,14,4,19,6,65,1300,2600,,,,15,20,"sc/ui_chest.sc","Chest_gold","chest_gold_open","get_gold_chest","chest_open_gold","chest_landing_gold","openChest_gold","soundbanks/ui_menu_general/ui_menu_general_tap_gold_chest","soundbanks/ui_menu_general/ui_menu_general_jingle_openchest_gold",,"TID_CHEST_GOLD","TID_CHEST_GOLD_NOTIFICATION",3,,"sc/ui.sc","icon_chests_gold_small",,,,,,,,,,,,,,,,,,,,"TRUE",,,,,,,,,,,,,,,,,,,,,,,,,,,,,,,,
"Magic",,"TrainingCamp",,,,43200,42,8,1,6,35,700,1400,,,,20,20,"sc/ui_chest.sc","Chest_magical","chest_magical_open","get_magic_chest","chest_open_magical","chest_landing_magic","openChest_magical","soundbanks/ui_battle_general/ui_menu_general_tap_magic_chest","soundbanks/ui_menu_general/ui_menu_general_jingle_openchest_magical",,"TID_CHEST_MAGICAL","TID_CHEST_MAGICAL_NOTIFICATION",5,,"sc/ui.sc","icon_chests_magical_small",,,,,,,,,,,,,,,,,,,,,,,,,,,,,,,,,,,,,,,,,,,,,,,,,,,,
"Free",,"TrainingCamp",,,,,4,3,,6,90,1750,3500,"Goblins",,,10,16,"sc/ui_chest.sc","Chest_wood",,"get_wood_chest","chest_open_wooden","chest_landing_wood","openChest_wood","soundbanks/ui_menu_general/ui_menu_general_tap_wooden_chest","soundbanks/ui_menu_general/ui_menu_general_jingle_openchest_wood",,"TID_CHEST_WOOD","TID_CHEST_WOOD_NOTIFICATION",1,,"sc/ui.sc","icon_chests_wooden_small",,,,,,,,,,,,,,,,,,,,"TRUE",,,,,,,,,,,,,,,,,,,,,,,,,,,,,,,,
"Star",,"TrainingCamp",,,,86400,32,5,,6,50,1000,2000,,,,15,15,"sc/ui_chest.sc","chest_star_closed",,"get_gold_chest","chest_open_star","chest_landing_magic","openChest_star","soundbanks/ui_battle_general/ui_menu_general_tap_magic_chest","soundbanks/ui_menu_general/ui_menu_general_jingle_openchest_magical",,"TID_STAR_CHEST","TID_CHEST_GOLD_NOTIFICATION",4,,"sc/ui.sc","icon_chests_star_small",,,,,,,,,,,,"TRUE",,,,,,,,"TRUE",,,,,,,,,,,,,,,,,,,,,,,,,,,,,,,,
"Silver_Arena1","Silver","Arena1",,,,,,,,,,,,,,,,,,,,,,,,,,,,,,,,,,,,,,,,,,,,,,,,,,,,,,,,,,,,,,,,,,,,,,,,,,,,,,,,,,,,
"Gold_Arena1","Gold","Arena1",,,,,,,,,,,,,,,,,,,,,,,,,,,,,,,,,,,,,,,,,,,,,,,,,,,,,,,,,,,,,,,,,,,,,,,,,,,,,,,,,,,,
"Magic_Arena1","Magic","Arena1",,,,,,,,,,,,,,,,,,,,,,,,,,,,,,,,,,,,,,,,,,,,,,,,,,,,,,,,,,,,,,,,,,,,,,,,,,,,,,,,,,,,
"Free_Arena1","Free","Arena1",,,,,,,,,,,,,,,,,,,,,,,,,,,,,,,,,,,,,,,,,,,,,,,,,,,,,,,,,,,,,,,,,,,,,,,,,,,,,,,,,,,,
"Star_Arena1","Star","Arena1",,,,,,,,,,,,,,,,,,,,,,,,,,,,,,,,,,,,,,,,,,,,,,,,,,,,,,,,,,,,,,,,,,,,,,,,,,,,,,,,,,,,
"Silver_Arena2","Silver","Arena2",,,,,,,,,,,,,,,,,,,,,,,,,,,,,,,,,,,,,,,,,,,,,,,,,,,,,,,,,,,,,,,,,,,,,,,,,,,,,,,,,,,,
"Gold_Arena2","Gold","Arena2",,,,,,,,,,,,,,,,,,,,,,,,,,,,,,,,,,,,,,,,,,,,,,,,,,,,,,,,,,,,,,,,,,,,,,,,,,,,,,,,,,,,
"Magic_Arena2","Magic","Arena2",,,,,,,,,,,,,,,,,,,,,,,,,,,,,,,,,,,,,,,,,,,,,,,,,,,,,,,,,,,,,,,,,,,,,,,,,,,,,,,,,,,,
"Free_Arena2","Free","Arena2",,,,,,,,,,,,,,,,,,,,,,,,,,,,,,,,,,,,,,,,,,,,,,,,,,,,,,,,,,,,,,,,,,,,,,,,,,,,,,,,,,,,
"Star_Arena2","Star","Arena2",,,,,,,,,,,,,,,,,,,,,,,,,,,,,,,,,,,,,,,,,,,,,,,,,,,,,,,,,,,,,,,,,,,,,,,,,,,,,,,,,,,,
"Silver_Arena3","Silver","Arena3",,,,,,,,,,,,,,,,,,,,,,,,,,,,,,,,,,,,,,,,,,,,,,,,,,,,,,,,,,,,,,,,,,,,,,,,,,,,,,,,,,,,
"Gold_Arena3","Gold","Arena3",,,,,,,,,,,,,,,,,,,,,,,,,,,,,,,,,,,,,,,,,,,,,,,,,,,,,,,,,,,,,,,,,,,,,,,,,,,,,,,,,,,,
"Magic_Arena3","Magic","Arena3",,,,,,,,,,,,,,,,,,,,,,,,,,,,,,,,,,,,,,,,,,,,,,,,,,,,,,,,,,,,,,,,,,,,,,,,,,,,,,,,,,,,
"Free_Arena3","Free","Arena3",,,,,,,,,,,,,,,,,,,,,,,,,,,,,,,,,,,,,,,,,,,,,,,,,,,,,,,,,,,,,,,,,,,,,,,,,,,,,,,,,,,,
"Star_Arena3","Star","Arena3",,,,,,,,,,,,,,,,,,,,,,,,,,,,,,,,,,,,,,,,,,,,,,,,,,,,,,,,,,,,,,,,,,,,,,,,,,,,,,,,,,,,
"Silver_Arena4","Silver","Arena4",,,,,,,,,,,,,,,,,,,,,,,,,,,,,,,,,,,,,,,,,,,,,,,,,,,,,,,,,,,,,,,,,,,,,,,,,,,,,,,,,,,,
"Gold_Arena4","Gold","Arena4",,,,,,,,,,,,,,,,,,,,,,,,,,,,,,,,,,,,,,,,,,,,,,,,,,,,,,,,,,,,,,,,,,,,,,,,,,,,,,,,,,,,
"Magic_Arena4","Magic","Arena4",,,,,,,,,,,,,,,,,,,,,,,,,,,,,,,,,,,,,,,,,,,,,,,,,,,,,,,,,,,,,,,,,,,,,,,,,,,,,,,,,,,,
"Free_Arena4","Free","Arena4",,,,,,,,,,,,,,,,,,,,,,,,,,,,,,,,,,,,,,,,,,,,,,,,,,,,,,,,,,,,,,,,,,,,,,,,,,,,,,,,,,,,
"Star_Arena4","Star","Arena4",,,,,,,,,,,,,,,,,,,,,,,,,,,,,,,,,,,,,,,,,,,,,,,,,,,,,,,,,,,,,,,,,,,,,,,,,,,,,,,,,,,,
"Silver_Arena5","Silver","Arena5",,,,,,,,,,,,,,,,,,,,,,,,,,,,,,,,,,,,,,,,,,,,,,,,,,,,,,,,,,,,,,,,,,,,,,,,,,,,,,,,,,,,
"Gold_Arena5","Gold","Arena5",,,,,,,,,,,,,,,,,,,,,,,,,,,,,,,,,,,,,,,,,,,,,,,,,,,,,,,,,,,,,,,,,,,,,,,,,,,,,,,,,,,,
"Magic_Arena5","Magic","Arena5",,,,,,,,,,,,,,,,,,,,,,,,,,,,,,,,,,,,,,,,,,,,,,,,,,,,,,,,,,,,,,,,,,,,,,,,,,,,,,,,,,,,
"Free_Arena5","Free","Arena5",,,,,,,,,,,,,,,,,,,,,,,,,,,,,,,,,,,,,,,,,,,,,,,,,,,,,,,,,,,,,,,,,,,,,,,,,,,,,,,,,,,,
"Star_Arena5","Star","Arena5",,,,,,,,,,,,,,,,,,,,,,,,,,,,,,,,,,,,,,,,,,,,,,,,,,,,,,,,,,,,,,,,,,,,,,,,,,,,,,,,,,,,
"Silver_Arena6","Silver","Arena6",,,,,,,,,,,,,,,,,,,,,,,,,,,,,,,,,,,,,,,,,,,,,,,,,,,,,,,,,,,,,,,,,,,,,,,,,,,,,,,,,,,,
"Gold_Arena6","Gold","Arena6",,,,,,,,,,,,,,,,,,,,,,,,,,,,,,,,,,,,,,,,,,,,,,,,,,,,,,,,,,,,,,,,,,,,,,,,,,,,,,,,,,,,
"Magic_Arena6","Magic","Arena6",,,,,,,,,,,,,,,,,,,,,,,,,,,,,,,,,,,,,,,,,,,,,,,,,,,,,,,,,,,,,,,,,,,,,,,,,,,,,,,,,,,,
"Free_Arena6","Free","Arena6",,,,,,,,,,,,,,,,,,,,,,,,,,,,,,,,,,,,,,,,,,,,,,,,,,,,,,,,,,,,,,,,,,,,,,,,,,,,,,,,,,,,
"Star_Arena6","Star","Arena6",,,,,,,,,,,,,,,,,,,,,,,,,,,,,,,,,,,,,,,,,,,,,,,,,,,,,,,,,,,,,,,,,,,,,,,,,,,,,,,,,,,,
"Silver_Arena_L","Silver","Arena_L",,,,,,,,,,,,,,,,,,,,,,,,,,,,,,,,,,,,,,,,,,,,,,,,,,,,,,,,,,,,,,,,,,,,,,,,,,,,,,,,,,,,
"Gold_Arena_L","Gold","Arena_L",,,,,,,,,,,,,,,,,,,,,,,,,,,,,,,,,,,,,,,,,,,,,,,,,,,,,,,,,,,,,,,,,,,,,,,,,,,,,,,,,,,,
"Magic_Arena_L","Magic","Arena_L",,,,,,,,,,,,,,,,,,,,,,,,,,,,,,,,,,,,,,,,,,,,,,,,,,,,,,,,,,,,,,,,,,,,,,,,,,,,,,,,,,,,
"Free_Arena_L","Free","Arena_L",,,,,,,,,,,,,,,,,,,,,,,,,,,,,,,,,,,,,,,,,,,,,,,,,,,,,,,,,,,,,,,,,,,,,,,,,,,,,,,,,,,,
"Star_Arena_L","Star","Arena_L",,,,,,,,,,,,,,,,,,,,,,,,,,,,,,,,,,,,,,,,,,,,,,,,,,,,,,,,,,,,,,,,,,,,,,,,,,,,,,,,,,,,
"Giant",,"TrainingCamp",,,,43200,65,5,1,6,90,2400,4000,,,,20,20,"sc/ui_chest.sc","chest_giant_closed","chest_giant_open","get_giant_chest","chest_open_giant","chest_landing_giant","openChest_giant","soundbanks/ui_menu_general/ui_menu_general_tap_giant_chest","soundbanks/ui_menu_general/ui_menu_general_jingle_openchest_giant",,"TID_CHEST_GIANT","TID_CHEST_GIANT_NOTIFICATION",6,,"sc/ui.sc","icon_chests_giant_small",,,,,,,,,,,,,,,,,,,,"TRUE",,,,,,,,,,,,,,,,,,,,,,,,,,,,,,,,
"Super",,"TrainingCamp",,,,86400,90,8,1,6,35,700,1400,,,,15,15,"sc/ui_chest.sc","chest_mega_closed","chest_mega_open","get_mega_chest","chest_open_mega","chest_landing_mega","openChest_mega","soundbanks/ui_menu_general/ui_menu_general_tap_mega_chest","soundbanks/ui_menu_general/ui_menu_general_jingle_openchest_bigmagical",,"TID_CHEST_SUPER","TID_CHEST_SUPER_NOTIFICATION",7,,"sc/ui.sc","icon_chests_supermagical_small",,,,,,,,,,,,,,,,,,,,,,,,,,,,,,,,,,,,,,,,,,,,,,,,,,,,
"Giant_Arena1","Giant","Arena1",,,,,,,,,,,,,,,,,,,,,,,,,,,,,,,,,,,,,,,,,,,,,,,,,,,,,,,,,,,,,,,,,,,,,,,,,,,,,,,,,,,,
"Super_Arena1","Super","Arena1",,,,,,,,,,,,,,,,,,,,,,,,,,,,,,,,,,,,,,,,,,,,,,,,,,,,,,,,,,,,,,,,,,,,,,,,,,,,,,,,,,,,
"Giant_Arena2","Giant","Arena2",,,,,,,,,,,,,,,,,,,,,,,,,,,,,,,,,,,,,,,,,,,,,,,,,,,,,,,,,,,,,,,,,,,,,,,,,,,,,,,,,,,,
"Super_Arena2","Super","Arena2",,,,,,,,,,,,,,,,,,,,,,,,,,,,,,,,,,,,,,,,,,,,,,,,,,,,,,,,,,,,,,,,,,,,,,,,,,,,,,,,,,,,
"Giant_Arena3","Giant","Arena3",,,,,,,,,,,,,,,,,,,,,,,,,,,,,,,,,,,,,,,,,,,,,,,,,,,,,,,,,,,,,,,,,,,,,,,,,,,,,,,,,,,,
"Super_Arena3","Super","Arena3",,,,,,,,,,,,,,,,,,,,,,,,,,,,,,,,,,,,,,,,,,,,,,,,,,,,,,,,,,,,,,,,,,,,,,,,,,,,,,,,,,,,
"Giant_Arena4","Giant","Arena4",,,,,,,,,,,,,,,,,,,,,,,,,,,,,,,,,,,,,,,,,,,,,,,,,,,,,,,,,,,,,,,,,,,,,,,,,,,,,,,,,,,,
"Super_Arena4","Super","Arena4",,,,,,,,,,,,,,,,,,,,,,,,,,,,,,,,,,,,,,,,,,,,,,,,,,,,,,,,,,,,,,,,,,,,,,,,,,,,,,,,,,,,
"Giant_Arena5","Giant","Arena5",,,,,,,,,,,,,,,,,,,,,,,,,,,,,,,,,,,,,,,,,,,,,,,,,,,,,,,,,,,,,,,,,,,,,,,,,,,,,,,,,,,,
"Super_Arena5","Super","Arena5",,,,,,,,,,,,,,,,,,,,,,,,,,,,,,,,,,,,,,,,,,,,,,,,,,,,,,,,,,,,,,,,,,,,,,,,,,,,,,,,,,,,
"Giant_Arena6","Giant","Arena6",,,,,,,,,,,,,,,,,,,,,,,,,,,,,,,,,,,,,,,,,,,,,,,,,,,,,,,,,,,,,,,,,,,,,,,,,,,,,,,,,,,,
"Super_Arena6","Super","Arena6",,,,,,,,,,,,,,,,,,,,,,,,,,,,,,,,,,,,,,,,,,,,,,,,,,,,,,,,,,,,,,,,,,,,,,,,,,,,,,,,,,,,
"Giant_Arena7","Giant","Arena7",,,,,,,,,,,,,,,,,,,,,,,,,,,,,,,,,,,,,,,,,,,,,,,,,,,,,,,,,,,,,,,,,,,,,,,,,,,,,,,,,,,,
"Super_Arena7","Super","Arena7",,,,,,,,,,,,,,,,,,,,,,,,,,,,,,,,,,,,,,,,,,,,,,,,,,,,,,,,,,,,,,,,,,,,,,,,,,,,,,,,,,,,
"Giant_Arena_L","Giant","Arena_L",,,,,,,,,,,,,,,,,,,,,,,,,,,,,,,,,,,,,,,,,,,,,,,,,,,,,,,,,,,,,,,,,,,,,,,,,,,,,,,,,,,,
"Super_Arena_L","Super","Arena_L",,,,,,,,,,,,,,,,,,,,,,,,,,,,,,,,,,,,,,,,,,,,,,,,,,,,,,,,,,,,,,,,,,,,,,,,,,,,,,,,,,,,
"Silver_Arena7","Silver","Arena7",,,,,,,,,,,,,,,,,,,,,,,,,,,,,,,,,,,,,,,,,,,,,,,,,,,,,,,,,,,,,,,,,,,,,,,,,,,,,,,,,,,,
"Gold_Arena7","Gold","Arena7",,,,,,,,,,,,,,,,,,,,,,,,,,,,,,,,,,,,,,,,,,,,,,,,,,,,,,,,,,,,,,,,,,,,,,,,,,,,,,,,,,,,
"Magic_Arena7","Magic","Arena7",,,,,,,,,,,,,,,,,,,,,,,,,,,,,,,,,,,,,,,,,,,,,,,,,,,,,,,,,,,,,,,,,,,,,,,,,,,,,,,,,,,,
"Free_Arena7","Free","Arena7",,,,,,,,,,,,,,,,,,,,,,,,,,,,,,,,,,,,,,,,,,,,,,,,,,,,,,,,,,,,,,,,,,,,,,,,,,,,,,,,,,,,
"Star_Arena7","Star","Arena7",,,,,,,,,,,,,,,,,,,,,,,,,,,,,,,,,,,,,,,,,,,,,,,,,,,,,,,,,,,,,,,,,,,,,,,,,,,,,,,,,,,,
"Giant_Arena8","Giant","Arena8",,,,,,,,,,,,,,,,,,,,,,,,,,,,,,,,,,,,,,,,,,,,,,,,,,,,,,,,,,,,,,,,,,,,,,,,,,,,,,,,,,,,
"Super_Arena8","Super","Arena8",,,,,,,,,,,,,,,,,,,,,,,,,,,,,,,,,,,,,,,,,,,,,,,,,,,,,,,,,,,,,,,,,,,,,,,,,,,,,,,,,,,,
"Silver_Arena8","Silver","Arena8",,,,,,,,,,,,,,,,,,,,,,,,,,,,,,,,,,,,,,,,,,,,,,,,,,,,,,,,,,,,,,,,,,,,,,,,,,,,,,,,,,,,
"Gold_Arena8","Gold","Arena8",,,,,,,,,,,,,,,,,,,,,,,,,,,,,,,,,,,,,,,,,,,,,,,,,,,,,,,,,,,,,,,,,,,,,,,,,,,,,,,,,,,,
"Magic_Arena8","Magic","Arena8",,,,,,,,,,,,,,,,,,,,,,,,,,,,,,,,,,,,,,,,,,,,,,,,,,,,,,,,,,,,,,,,,,,,,,,,,,,,,,,,,,,,
"Free_Arena8","Free","Arena8",,,,,,,,,,,,,,,,,,,,,,,,,,,,,,,,,,,,,,,,,,,,,,,,,,,,,,,,,,,,,,,,,,,,,,,,,,,,,,,,,,,,
"Star_Arena8","Star","Arena8",,,,,,,,,,,,,,,,,,,,,,,,,,,,,,,,,,,,,,,,,,,,,,,,,,,,,,,,,,,,,,,,,,,,,,,,,,,,,,,,,,,,
"Tournament1st",,"TrainingCamp",,"TRUE",,,,0,,5,30,600,600,,,,21,21,"sc/ui_chest.sc","chest_tournament_1_c_closed",,"get_magic_chest","chest_open_tournament_1_c","chest_landing_magic","openChest_magical","soundbanks/ui_battle_general/ui_menu_general_tap_magic_chest","soundbanks/ui_menu_general/ui_menu_general_jingle_openchest_magical",,,,,,"sc/ui_chest.sc","chest_item_generic",,,,,,,,,,,,,,,,,,,,,,,,,,,,,,,,,,,,,,,,,,,,,,,,,,,,
"Tournament2nd",,"TrainingCamp",,"TRUE",,,,0,,5,30,600,600,,,,21,21,"sc/ui_chest.sc","chest_tournament_2_c_closed",,"get_gold_chest","chest_open_tournament_2_c","chest_landing_gold","openChest_gold","soundbanks/ui_menu_general/ui_menu_general_tap_gold_chest","soundbanks/ui_menu_general/ui_menu_general_jingle_openchest_gold",,,,,,"sc/ui_chest.sc","chest_item_generic",,,,,,,,,,,,,,,,,,,,,,,,,,,,,,,,,,,,,,,,,,,,,,,,,,,,
"Tournament3rd",,"TrainingCamp",,"TRUE",,,,0,,5,30,600,600,,,,21,21,"sc/ui_chest.sc","chest_tournament_3_c_closed",,"get_metal_chest","chest_open_tournament_3_c","chest_landing_iron","openChest_iron","soundbanks/ui_menu_general/ui_menu_general_tap_iron_chest","soundbanks/ui_menu_general/ui_menu_general_jingle_openchest_iron",,,,,,"sc/ui_chest.sc","chest_item_generic",,,,,,,,,,,,,,,,,,,,,,,,,,,,,,,,,,,,,,,,,,,,,,,,,,,,
"TournamentOther",,"TrainingCamp",,"TRUE",,,,0,,5,30,600,600,,,,21,21,"sc/ui_chest.sc","chest_tournament_other_closed",,"get_wood_chest","chest_open_tournament_other","chest_landing_wood","openChest_wood","soundbanks/ui_menu_general/ui_menu_general_tap_wooden_chest","soundbanks/ui_menu_general/ui_menu_general_jingle_openchest_wood",,,,,,"sc/ui_chest.sc","chest_item_generic",,,,,,,,,,,,,,,,,,,,,,,,,,,,,,,,,,,,,,,,,,,,,,,,,,,,
"Tournament1st_Arena1","Tournament1st","Arena1",,"TRUE",,,,,,,,,,,,,,,,,,,,,,,,,,,,,,,,,,,,,,,,,,,,,,,,,,,,,,,,,,,,,,,,,,,,,,,,,,,,,,,,,,
"Tournament2nd_Arena1","Tournament2nd","Arena1",,"TRUE",,,,,,,,,,,,,,,,,,,,,,,,,,,,,,,,,,,,,,,,,,,,,,,,,,,,,,,,,,,,,,,,,,,,,,,,,,,,,,,,,,
"Tournament3rd_Arena1","Tournament3rd","Arena1",,"TRUE",,,,,,,,,,,,,,,,,,,,,,,,,,,,,,,,,,,,,,,,,,,,,,,,,,,,,,,,,,,,,,,,,,,,,,,,,,,,,,,,,,
"TournamentOther_Arena1","TournamentOther","Arena1",,"TRUE",,,,,,,,,,,,,,,,,,,,,,,,,,,,,,,,,,,,,,,,,,,,,,,,,,,,,,,,,,,,,,,,,,,,,,,,,,,,,,,,,,
"Tournament1st_Arena2","Tournament1st","Arena2",,"TRUE",,,,,,,,,,,,,,,,,,,,,,,,,,,,,,,,,,,,,,,,,,,,,,,,,,,,,,,,,,,,,,,,,,,,,,,,,,,,,,,,,,
"Tournament2nd_Arena2","Tournament2nd","Arena2",,"TRUE",,,,,,,,,,,,,,,,,,,,,,,,,,,,,,,,,,,,,,,,,,,,,,,,,,,,,,,,,,,,,,,,,,,,,,,,,,,,,,,,,,
"Tournament3rd_Arena2","Tournament3rd","Arena2",,"TRUE",,,,,,,,,,,,,,,,,,,,,,,,,,,,,,,,,,,,,,,,,,,,,,,,,,,,,,,,,,,,,,,,,,,,,,,,,,,,,,,,,,
"TournamentOther_Arena2","TournamentOther","Arena2",,"TRUE",,,,,,,,,,,,,,,,,,,,,,,,,,,,,,,,,,,,,,,,,,,,,,,,,,,,,,,,,,,,,,,,,,,,,,,,,,,,,,,,,,
"Tournament1st_Arena3","Tournament1st","Arena3",,"TRUE",,,,,,,,,,,,,,,,,,,,,,,,,,,,,,,,,,,,,,,,,,,,,,,,,,,,,,,,,,,,,,,,,,,,,,,,,,,,,,,,,,
"Tournament2nd_Arena3","Tournament2nd","Arena3",,"TRUE",,,,,,,,,,,,,,,,,,,,,,,,,,,,,,,,,,,,,,,,,,,,,,,,,,,,,,,,,,,,,,,,,,,,,,,,,,,,,,,,,,
"Tournament3rd_Arena3","Tournament3rd","Arena3",,"TRUE",,,,,,,,,,,,,,,,,,,,,,,,,,,,,,,,,,,,,,,,,,,,,,,,,,,,,,,,,,,,,,,,,,,,,,,,,,,,,,,,,,
"TournamentOther_Arena3","TournamentOther","Arena3",,"TRUE",,,,,,,,,,,,,,,,,,,,,,,,,,,,,,,,,,,,,,,,,,,,,,,,,,,,,,,,,,,,,,,,,,,,,,,,,,,,,,,,,,
"Tournament1st_Arena4","Tournament1st","Arena4",,"TRUE",,,,,,,,,,,,,,,,,,,,,,,,,,,,,,,,,,,,,,,,,,,,,,,,,,,,,,,,,,,,,,,,,,,,,,,,,,,,,,,,,,
"Tournament2nd_Arena4","Tournament2nd","Arena4",,"TRUE",,,,,,,,,,,,,,,,,,,,,,,,,,,,,,,,,,,,,,,,,,,,,,,,,,,,,,,,,,,,,,,,,,,,,,,,,,,,,,,,,,
"Tournament3rd_Arena4","Tournament3rd","Arena4",,"TRUE",,,,,,,,,,,,,,,,,,,,,,,,,,,,,,,,,,,,,,,,,,,,,,,,,,,,,,,,,,,,,,,,,,,,,,,,,,,,,,,,,,
"TournamentOther_Arena4","TournamentOther","Arena4",,"TRUE",,,,,,,,,,,,,,,,,,,,,,,,,,,,,,,,,,,,,,,,,,,,,,,,,,,,,,,,,,,,,,,,,,,,,,,,,,,,,,,,,,
"Tournament1st_Arena5","Tournament1st","Arena5",,"TRUE",,,,,,,,,,,,,,,,,,,,,,,,,,,,,,,,,,,,,,,,,,,,,,,,,,,,,,,,,,,,,,,,,,,,,,,,,,,,,,,,,,
"Tournament2nd_Arena5","Tournament2nd","Arena5",,"TRUE",,,,,,,,,,,,,,,,,,,,,,,,,,,,,,,,,,,,,,,,,,,,,,,,,,,,,,,,,,,,,,,,,,,,,,,,,,,,,,,,,,
"Tournament3rd_Arena5","Tournament3rd","Arena5",,"TRUE",,,,,,,,,,,,,,,,,,,,,,,,,,,,,,,,,,,,,,,,,,,,,,,,,,,,,,,,,,,,,,,,,,,,,,,,,,,,,,,,,,
"TournamentOther_Arena5","TournamentOther","Arena5",,"TRUE",,,,,,,,,,,,,,,,,,,,,,,,,,,,,,,,,,,,,,,,,,,,,,,,,,,,,,,,,,,,,,,,,,,,,,,,,,,,,,,,,,
"Tournament1st_Arena6","Tournament1st","Arena6",,"TRUE",,,,,,,,,,,,,,,,,,,,,,,,,,,,,,,,,,,,,,,,,,,,,,,,,,,,,,,,,,,,,,,,,,,,,,,,,,,,,,,,,,
"Tournament2nd_Arena6","Tournament2nd","Arena6",,"TRUE",,,,,,,,,,,,,,,,,,,,,,,,,,,,,,,,,,,,,,,,,,,,,,,,,,,,,,,,,,,,,,,,,,,,,,,,,,,,,,,,,,
"Tournament3rd_Arena6","Tournament3rd","Arena6",,"TRUE",,,,,,,,,,,,,,,,,,,,,,,,,,,,,,,,,,,,,,,,,,,,,,,,,,,,,,,,,,,,,,,,,,,,,,,,,,,,,,,,,,
"TournamentOther_Arena6","TournamentOther","Arena6",,"TRUE",,,,,,,,,,,,,,,,,,,,,,,,,,,,,,,,,,,,,,,,,,,,,,,,,,,,,,,,,,,,,,,,,,,,,,,,,,,,,,,,,,
"Tournament1st_Arena7","Tournament1st","Arena7",,"TRUE",,,,,,,,,,,,,,,,,,,,,,,,,,,,,,,,,,,,,,,,,,,,,,,,,,,,,,,,,,,,,,,,,,,,,,,,,,,,,,,,,,
"Tournament2nd_Arena7","Tournament2nd","Arena7",,"TRUE",,,,,,,,,,,,,,,,,,,,,,,,,,,,,,,,,,,,,,,,,,,,,,,,,,,,,,,,,,,,,,,,,,,,,,,,,,,,,,,,,,
"Tournament3rd_Arena7","Tournament3rd","Arena7",,"TRUE",,,,,,,,,,,,,,,,,,,,,,,,,,,,,,,,,,,,,,,,,,,,,,,,,,,,,,,,,,,,,,,,,,,,,,,,,,,,,,,,,,
"TournamentOther_Arena7","TournamentOther","Arena7",,"TRUE",,,,,,,,,,,,,,,,,,,,,,,,,,,,,,,,,,,,,,,,,,,,,,,,,,,,,,,,,,,,,,,,,,,,,,,,,,,,,,,,,,
"Tournament1st_Arena8","Tournament1st","Arena8",,"TRUE",,,,,,,,,,,,,,,,,,,,,,,,,,,,,,,,,,,,,,,,,,,,,,,,,,,,,,,,,,,,,,,,,,,,,,,,,,,,,,,,,,
"Tournament2nd_Arena8","Tournament2nd","Arena8",,"TRUE",,,,,,,,,,,,,,,,,,,,,,,,,,,,,,,,,,,,,,,,,,,,,,,,,,,,,,,,,,,,,,,,,,,,,,,,,,,,,,,,,,
"Tournament3rd_Arena8","Tournament3rd","Arena8",,"TRUE",,,,,,,,,,,,,,,,,,,,,,,,,,,,,,,,,,,,,,,,,,,,,,,,,,,,,,,,,,,,,,,,,,,,,,,,,,,,,,,,,,
"TournamentOther_Arena8","TournamentOther","Arena8",,"TRUE",,,,,,,,,,,,,,,,,,,,,,,,,,,,,,,,,,,,,,,,,,,,,,,,,,,,,,,,,,,,,,,,,,,,,,,,,,,,,,,,,,
"Tournament1st_Arena_L","Tournament1st","Arena_L",,"TRUE",,,,,,,,,,,,,,,,,,,,,,,,,,,,,,,,,,,,,,,,,,,,,,,,,,,,,,,,,,,,,,,,,,,,,,,,,,,,,,,,,,
"Tournament2nd_Arena_L","Tournament2nd","Arena_L",,"TRUE",,,,,,,,,,,,,,,,,,,,,,,,,,,,,,,,,,,,,,,,,,,,,,,,,,,,,,,,,,,,,,,,,,,,,,,,,,,,,,,,,,
"Tournament3rd_Arena_L","Tournament3rd","Arena_L",,"TRUE",,,,,,,,,,,,,,,,,,,,,,,,,,,,,,,,,,,,,,,,,,,,,,,,,,,,,,,,,,,,,,,,,,,,,,,,,,,,,,,,,,
"TournamentOther_Arena_L","TournamentOther","Arena_L",,"TRUE",,,,,,,,,,,,,,,,,,,,,,,,,,,,,,,,,,,,,,,,,,,,,,,,,,,,,,,,,,,,,,,,,,,,,,,,,,,,,,,,,,
"Legendary",,"Arena_Electric",,,,86400,1,1,1,0,0,1,0,,,,0,0,"sc/ui_chest.sc","chest_legendary_closed","chest_legendary_open","get_legendary_chest","chest_open_legendary","chest_landing_legendary","openChest_mega","soundbanks/ui_menu_general/ui_menu_general_tap_mega_chest","soundbanks/ui_menu_general/ui_menu_general_jingle_openchest_bigmagical",,"TID_CHEST_LEGENDARY","TID_CHEST_LEGENDARY_NOTIFICATION",,,"sc/ui.sc","icon_chests_legendary_small",,,,,,,,,,,,,,,"TRUE",,,,,,,,,,,,,,,,,,,,,,,,,,,,,,,,,,,,,
"Epic",,"Arena_L",,,,43200,20,5,,0,1,0,0,,,,0,0,"sc/ui_chest.sc","chest_epic_closed","chest_epic_open","get_epic_chest","chest_open_epic","chest_landing_mega","openChest_mega","soundbanks/ui_menu_general/ui_menu_general_tap_mega_chest","soundbanks/ui_menu_general/ui_menu_general_jingle_openchest_bigmagical",,"TID_CHEST_EPIC","TID_CHEST_EPIC_NOTIFICATION",,,"sc/ui.sc","icon_chests_epic_small",,,,,,,,,,,,,,,"TRUE",,,,,,,,,,,,,,,,,,,,,,,,,,,,,,,,,,,,,
"Epic_Arena1","Epic","Arena1",,,,,6,3,,,,,,,,,,,,,,,,,,,,,,,,,,,,,,,,,,,,,,,,,,,,,,,,,,,,,,,,,,,,,,,,,,,,,,,,,,,,,,
"Epic_Arena2","Epic","Arena2",,,,,8,3,,,,,,,,,,,,,,,,,,,,,,,,,,,,,,,,,,,,,,,,,,,,,,,,,,,,,,,,,,,,,,,,,,,,,,,,,,,,,,
"Epic_Arena3","Epic","Arena3",,,,,10,4,,,,,,,,,,,,,,,,,,,,,,,,,,,,,,,,,,,,,,,,,,,,,,,,,,,,,,,,,,,,,,,,,,,,,,,,,,,,,,
"Epic_Arena4","Epic","Arena4",,,,,12,4,,,,,,,,,,,,,,,,,,,,,,,,,,,,,,,,,,,,,,,,,,,,,,,,,,,,,,,,,,,,,,,,,,,,,,,,,,,,,,
"Epic_Arena5","Epic","Arena5",,,,,13,4,,,,,,,,,,,,,,,,,,,,,,,,,,,,,,,,,,,,,,,,,,,,,,,,,,,,,,,,,,,,,,,,,,,,,,,,,,,,,,
"Epic_Arena6","Epic","Arena6",,,,,15,5,,,,,,,,,,,,,,,,,,,,,,,,,,,,,,,,,,,,,,,,,,,,,,,,,,,,,,,,,,,,,,,,,,,,,,,,,,,,,,
"Epic_Arena7","Epic","Arena7",,,,,17,5,,,,,,,,,,,,,,,,,,,,,,,,,,,,,,,,,,,,,,,,,,,,,,,,,,,,,,,,,,,,,,,,,,,,,,,,,,,,,,
"Epic_Arena8","Epic","Arena8",,,,,19,5,,,,,,,,,,,,,,,,,,,,,,,,,,,,,,,,,,,,,,,,,,,,,,,,,,,,,,,,,,,,,,,,,,,,,,,,,,,,,,
"Epic_Arena_L","Epic","Arena_L",,,,,20,5,,,,,,,,,,,,,,,,,,,,,,,,,,,,,,,,,,,,,,,,,,,,,,,,,,,,,,,,,,,,,,,,,,,,,,,,,,,,,,
"Survival_Bronze",,"TrainingCamp",,,"TRUE",,,,,10,100,2000,2000,,,,15,15,"sc/ui_chest.sc","chest_tournament_2_a_closed",,"get_wood_chest","chest_open_tournament_2_a","chest_landing_wood","openChest_wood","soundbanks/ui_menu_general/ui_menu_general_tap_wooden_chest","soundbanks/ui_menu_general/ui_menu_general_jingle_openchest_wood",,,,,,"sc/ui_chest.sc","chest_item_generic",,,,,,,,,,,,,,,,,,,,,,,,,,,,,,,,,,,,,,,,,,,,,,,,,,,,
"Survival_Gold",,"TrainingCamp",,,"TRUE",,,,,10,100,2000,2000,,,,15,15,"sc/ui_chest.sc","chest_tournament_1_a_closed",,"get_wood_chest","chest_open_tournament_1_a","chest_landing_wood","openChest_wood","soundbanks/ui_menu_general/ui_menu_general_tap_wooden_chest","soundbanks/ui_menu_general/ui_menu_general_jingle_openchest_wood",,,,,,"sc/ui_chest.sc","chest_item_generic",,,,,,,,,,,,,,,,,,,,,,,,,,,,,,,,,,,,,,,,,,,,,,,,,,,,
"Survival_Bronze_Arena1","Survival_Bronze","Arena1",,,"TRUE",,,,,,,,,,,,,,,,,,,,,,,,,,,,,,,,,,,,,,,,,,,,,,,,,,,,,,,,,,,,,,,,,,,,,,,,,,,,,,,,,
"Survival_Gold_Arena1","Survival_Gold","Arena1",,,"TRUE",,,,,,,,,,,,,,,,,,,,,,,,,,,,,,,,,,,,,,,,,,,,,,,,,,,,,,,,,,,,,,,,,,,,,,,,,,,,,,,,,
"Survival_Bronze_Arena2","Survival_Bronze","Arena2",,,"TRUE",,,,,,,,,,,,,,,,,,,,,,,,,,,,,,,,,,,,,,,,,,,,,,,,,,,,,,,,,,,,,,,,,,,,,,,,,,,,,,,,,
"Survival_Gold_Arena2","Survival_Gold","Arena2",,,"TRUE",,,,,,,,,,,,,,,,,,,,,,,,,,,,,,,,,,,,,,,,,,,,,,,,,,,,,,,,,,,,,,,,,,,,,,,,,,,,,,,,,
"Survival_Bronze_Arena3","Survival_Bronze","Arena3",,,"TRUE",,,,,,,,,,,,,,,,,,,,,,,,,,,,,,,,,,,,,,,,,,,,,,,,,,,,,,,,,,,,,,,,,,,,,,,,,,,,,,,,,
"Survival_Gold_Arena3","Survival_Gold","Arena3",,,"TRUE",,,,,,,,,,,,,,,,,,,,,,,,,,,,,,,,,,,,,,,,,,,,,,,,,,,,,,,,,,,,,,,,,,,,,,,,,,,,,,,,,
"Survival_Bronze_Arena4","Survival_Bronze","Arena4",,,"TRUE",,,,,,,,,,,,,,,,,,,,,,,,,,,,,,,,,,,,,,,,,,,,,,,,,,,,,,,,,,,,,,,,,,,,,,,,,,,,,,,,,
"Survival_Gold_Arena4","Survival_Gold","Arena4",,,"TRUE",,,,,,,,,,,,,,,,,,,,,,,,,,,,,,,,,,,,,,,,,,,,,,,,,,,,,,,,,,,,,,,,,,,,,,,,,,,,,,,,,
"Survival_Bronze_Arena5","Survival_Bronze","Arena5",,,"TRUE",,,,,,,,,,,,,,,,,,,,,,,,,,,,,,,,,,,,,,,,,,,,,,,,,,,,,,,,,,,,,,,,,,,,,,,,,,,,,,,,,
"Survival_Gold_Arena5","Survival_Gold","Arena5",,,"TRUE",,,,,,,,,,,,,,,,,,,,,,,,,,,,,,,,,,,,,,,,,,,,,,,,,,,,,,,,,,,,,,,,,,,,,,,,,,,,,,,,,
"Survival_Bronze_Arena6","Survival_Bronze","Arena6",,,"TRUE",,,,,,,,,,,,,,,,,,,,,,,,,,,,,,,,,,,,,,,,,,,,,,,,,,,,,,,,,,,,,,,,,,,,,,,,,,,,,,,,,
"Survival_Gold_Arena6","Survival_Gold","Arena6",,,"TRUE",,,,,,,,,,,,,,,,,,,,,,,,,,,,,,,,,,,,,,,,,,,,,,,,,,,,,,,,,,,,,,,,,,,,,,,,,,,,,,,,,
"Survival_Bronze_Arena7","Survival_Bronze","Arena7",,,"TRUE",,,,,,,,,,,,,,,,,,,,,,,,,,,,,,,,,,,,,,,,,,,,,,,,,,,,,,,,,,,,,,,,,,,,,,,,,,,,,,,,,
"Survival_Gold_Arena7","Survival_Gold","Arena7",,,"TRUE",,,,,,,,,,,,,,,,,,,,,,,,,,,,,,,,,,,,,,,,,,,,,,,,,,,,,,,,,,,,,,,,,,,,,,,,,,,,,,,,,
"Survival_Bronze_Arena8","Survival_Bronze","Arena8",,,"TRUE",,,,,,,,,,,,,,,,,,,,,,,,,,,,,,,,,,,,,,,,,,,,,,,,,,,,,,,,,,,,,,,,,,,,,,,,,,,,,,,,,
"Survival_Gold_Arena8","Survival_Gold","Arena8",,,"TRUE",,,,,,,,,,,,,,,,,,,,,,,,,,,,,,,,,,,,,,,,,,,,,,,,,,,,,,,,,,,,,,,,,,,,,,,,,,,,,,,,,
"Survival_Bronze_Arena_L","Survival_Bronze","Arena_L",,,"TRUE",,,,,,,,,,,,,,,,,,,,,,,,,,,,,,,,,,,,,,,,,,,,,,,,,,,,,,,,,,,,,,,,,,,,,,,,,,,,,,,,,
"Survival_Gold_Arena_L","Survival_Gold","Arena_L",,,"TRUE",,,,,,,,,,,,,,,,,,,,,,,,,,,,,,,,,,,,,,,,,,,,,,,,,,,,,,,,,,,,,,,,,,,,,,,,,,,,,,,,,
"Tournament1st_2",,"TrainingCamp",,"TRUE",,,,,,10,200,4000,4000,,,,21,21,"sc/ui_chest.sc","chest_tournament_1_c_closed",,"get_magic_chest","chest_open_tournament_1_c","chest_landing_magic","openChest_magical","soundbanks/ui_battle_general/ui_menu_general_tap_magic_chest","soundbanks/ui_menu_general/ui_menu_general_jingle_openchest_magical",,,,,,"sc/ui_chest.sc","chest_item_generic",,,,,,,,,,,,,,,,,,,,,,,,,,,,,,,,,,,,,,,,,,,,,,,,,,,,
"Tournament2nd_2",,"TrainingCamp",,"TRUE",,,,,,10,200,4000,4000,,,,21,21,"sc/ui_chest.sc","chest_tournament_2_c_closed",,"get_gold_chest","chest_open_tournament_2_c","chest_landing_gold","openChest_gold","soundbanks/ui_menu_general/ui_menu_general_tap_gold_chest","soundbanks/ui_menu_general/ui_menu_general_jingle_openchest_gold",,,,,,"sc/ui_chest.sc","chest_item_generic",,,,,,,,,,,,,,,,,,,,,,,,,,,,,,,,,,,,,,,,,,,,,,,,,,,,
"Tournament3rd_2",,"TrainingCamp",,"TRUE",,,,,,10,200,4000,4000,,,,21,21,"sc/ui_chest.sc","chest_tournament_3_c_closed",,"get_metal_chest","chest_open_tournament_3_c","chest_landing_iron","openChest_iron","soundbanks/ui_menu_general/ui_menu_general_tap_iron_chest","soundbanks/ui_menu_general/ui_menu_general_jingle_openchest_iron",,,,,,"sc/ui_chest.sc","chest_item_generic",,,,,,,,,,,,,,,,,,,,,,,,,,,,,,,,,,,,,,,,,,,,,,,,,,,,
"TournamentOther_2",,"TrainingCamp",,"TRUE",,,,,,10,200,4000,4000,,,,21,21,"sc/ui_chest.sc","chest_tournament_other_closed",,"get_wood_chest","chest_open_tournament_other","chest_landing_wood","openChest_wood","soundbanks/ui_menu_general/ui_menu_general_tap_wooden_chest","soundbanks/ui_menu_general/ui_menu_general_jingle_openchest_wood",,,,,,"sc/ui_chest.sc","chest_item_generic",,,,,,,,,,,,,,,,,,,,,,,,,,,,,,,,,,,,,,,,,,,,,,,,,,,,
"Tournament1st_Arena1_2","Tournament1st_2","Arena1",,"TRUE",,,,,,,,,,,,,,,,,,,,,,,,,,,,,,,,,,,,,,,,,,,,,,,,,,,,,,,,,,,,,,,,,,,,,,,,,,,,,,,,,,
"Tournament2nd_Arena1_2","Tournament2nd_2","Arena1",,"TRUE",,,,,,,,,,,,,,,,,,,,,,,,,,,,,,,,,,,,,,,,,,,,,,,,,,,,,,,,,,,,,,,,,,,,,,,,,,,,,,,,,,
"Tournament3rd_Arena1_2","Tournament3rd_2","Arena1",,"TRUE",,,,,,,,,,,,,,,,,,,,,,,,,,,,,,,,,,,,,,,,,,,,,,,,,,,,,,,,,,,,,,,,,,,,,,,,,,,,,,,,,,
"TournamentOther_Arena1_2","TournamentOther_2","Arena1",,"TRUE",,,,,,,,,,,,,,,,,,,,,,,,,,,,,,,,,,,,,,,,,,,,,,,,,,,,,,,,,,,,,,,,,,,,,,,,,,,,,,,,,,
"Tournament1st_Arena2_2","Tournament1st_2","Arena2",,"TRUE",,,,,,,,,,,,,,,,,,,,,,,,,,,,,,,,,,,,,,,,,,,,,,,,,,,,,,,,,,,,,,,,,,,,,,,,,,,,,,,,,,
"Tournament2nd_Arena2_2","Tournament2nd_2","Arena2",,"TRUE",,,,,,,,,,,,,,,,,,,,,,,,,,,,,,,,,,,,,,,,,,,,,,,,,,,,,,,,,,,,,,,,,,,,,,,,,,,,,,,,,,
"Tournament3rd_Arena2_2","Tournament3rd_2","Arena2",,"TRUE",,,,,,,,,,,,,,,,,,,,,,,,,,,,,,,,,,,,,,,,,,,,,,,,,,,,,,,,,,,,,,,,,,,,,,,,,,,,,,,,,,
"TournamentOther_Arena2_2","TournamentOther_2","Arena2",,"TRUE",,,,,,,,,,,,,,,,,,,,,,,,,,,,,,,,,,,,,,,,,,,,,,,,,,,,,,,,,,,,,,,,,,,,,,,,,,,,,,,,,,
"Tournament1st_Arena3_2","Tournament1st_2","Arena3",,"TRUE",,,,,,,,,,,,,,,,,,,,,,,,,,,,,,,,,,,,,,,,,,,,,,,,,,,,,,,,,,,,,,,,,,,,,,,,,,,,,,,,,,
"Tournament2nd_Arena3_2","Tournament2nd_2","Arena3",,"TRUE",,,,,,,,,,,,,,,,,,,,,,,,,,,,,,,,,,,,,,,,,,,,,,,,,,,,,,,,,,,,,,,,,,,,,,,,,,,,,,,,,,
"Tournament3rd_Arena3_2","Tournament3rd_2","Arena3",,"TRUE",,,,,,,,,,,,,,,,,,,,,,,,,,,,,,,,,,,,,,,,,,,,,,,,,,,,,,,,,,,,,,,,,,,,,,,,,,,,,,,,,,
"TournamentOther_Arena3_2","TournamentOther_2","Arena3",,"TRUE",,,,,,,,,,,,,,,,,,,,,,,,,,,,,,,,,,,,,,,,,,,,,,,,,,,,,,,,,,,,,,,,,,,,,,,,,,,,,,,,,,
"Tournament1st_Arena4_2","Tournament1st_2","Arena4",,"TRUE",,,,,,,,,,,,,,,,,,,,,,,,,,,,,,,,,,,,,,,,,,,,,,,,,,,,,,,,,,,,,,,,,,,,,,,,,,,,,,,,,,
"Tournament2nd_Arena4_2","Tournament2nd_2","Arena4",,"TRUE",,,,,,,,,,,,,,,,,,,,,,,,,,,,,,,,,,,,,,,,,,,,,,,,,,,,,,,,,,,,,,,,,,,,,,,,,,,,,,,,,,
"Tournament3rd_Arena4_2","Tournament3rd_2","Arena4",,"TRUE",,,,,,,,,,,,,,,,,,,,,,,,,,,,,,,,,,,,,,,,,,,,,,,,,,,,,,,,,,,,,,,,,,,,,,,,,,,,,,,,,,
"TournamentOther_Arena4_2","TournamentOther_2","Arena4",,"TRUE",,,,,,,,,,,,,,,,,,,,,,,,,,,,,,,,,,,,,,,,,,,,,,,,,,,,,,,,,,,,,,,,,,,,,,,,,,,,,,,,,,
"Tournament1st_Arena5_2","Tournament1st_2","Arena5",,"TRUE",,,,,,,,,,,,,,,,,,,,,,,,,,,,,,,,,,,,,,,,,,,,,,,,,,,,,,,,,,,,,,,,,,,,,,,,,,,,,,,,,,
"Tournament2nd_Arena5_2","Tournament2nd_2","Arena5",,"TRUE",,,,,,,,,,,,,,,,,,,,,,,,,,,,,,,,,,,,,,,,,,,,,,,,,,,,,,,,,,,,,,,,,,,,,,,,,,,,,,,,,,
"Tournament3rd_Arena5_2","Tournament3rd_2","Arena5",,"TRUE",,,,,,,,,,,,,,,,,,,,,,,,,,,,,,,,,,,,,,,,,,,,,,,,,,,,,,,,,,,,,,,,,,,,,,,,,,,,,,,,,,
"TournamentOther_Arena5_2","TournamentOther_2","Arena5",,"TRUE",,,,,,,,,,,,,,,,,,,,,,,,,,,,,,,,,,,,,,,,,,,,,,,,,,,,,,,,,,,,,,,,,,,,,,,,,,,,,,,,,,
"Tournament1st_Arena6_2","Tournament1st_2","Arena6",,"TRUE",,,,,,,,,,,,,,,,,,,,,,,,,,,,,,,,,,,,,,,,,,,,,,,,,,,,,,,,,,,,,,,,,,,,,,,,,,,,,,,,,,
"Tournament2nd_Arena6_2","Tournament2nd_2","Arena6",,"TRUE",,,,,,,,,,,,,,,,,,,,,,,,,,,,,,,,,,,,,,,,,,,,,,,,,,,,,,,,,,,,,,,,,,,,,,,,,,,,,,,,,,
"Tournament3rd_Arena6_2","Tournament3rd_2","Arena6",,"TRUE",,,,,,,,,,,,,,,,,,,,,,,,,,,,,,,,,,,,,,,,,,,,,,,,,,,,,,,,,,,,,,,,,,,,,,,,,,,,,,,,,,
"TournamentOther_Arena6_2","TournamentOther_2","Arena6",,"TRUE",,,,,,,,,,,,,,,,,,,,,,,,,,,,,,,,,,,,,,,,,,,,,,,,,,,,,,,,,,,,,,,,,,,,,,,,,,,,,,,,,,
"Tournament1st_Arena7_2","Tournament1st_2","Arena7",,"TRUE",,,,,,,,,,,,,,,,,,,,,,,,,,,,,,,,,,,,,,,,,,,,,,,,,,,,,,,,,,,,,,,,,,,,,,,,,,,,,,,,,,
"Tournament2nd_Arena7_2","Tournament2nd_2","Arena7",,"TRUE",,,,,,,,,,,,,,,,,,,,,,,,,,,,,,,,,,,,,,,,,,,,,,,,,,,,,,,,,,,,,,,,,,,,,,,,,,,,,,,,,,
"Tournament3rd_Arena7_2","Tournament3rd_2","Arena7",,"TRUE",,,,,,,,,,,,,,,,,,,,,,,,,,,,,,,,,,,,,,,,,,,,,,,,,,,,,,,,,,,,,,,,,,,,,,,,,,,,,,,,,,
"TournamentOther_Arena7_2","TournamentOther_2","Arena7",,"TRUE",,,,,,,,,,,,,,,,,,,,,,,,,,,,,,,,,,,,,,,,,,,,,,,,,,,,,,,,,,,,,,,,,,,,,,,,,,,,,,,,,,
"Tournament1st_Arena8_2","Tournament1st_2","Arena8",,"TRUE",,,,,,,,,,,,,,,,,,,,,,,,,,,,,,,,,,,,,,,,,,,,,,,,,,,,,,,,,,,,,,,,,,,,,,,,,,,,,,,,,,
"Tournament2nd_Arena8_2","Tournament2nd_2","Arena8",,"TRUE",,,,,,,,,,,,,,,,,,,,,,,,,,,,,,,,,,,,,,,,,,,,,,,,,,,,,,,,,,,,,,,,,,,,,,,,,,,,,,,,,,
"Tournament3rd_Arena8_2","Tournament3rd_2","Arena8",,"TRUE",,,,,,,,,,,,,,,,,,,,,,,,,,,,,,,,,,,,,,,,,,,,,,,,,,,,,,,,,,,,,,,,,,,,,,,,,,,,,,,,,,
"TournamentOther_Arena8_2","TournamentOther_2","Arena8",,"TRUE",,,,,,,,,,,,,,,,,,,,,,,,,,,,,,,,,,,,,,,,,,,,,,,,,,,,,,,,,,,,,,,,,,,,,,,,,,,,,,,,,,
"Tournament1st_Arena_L_2","Tournament1st_2","Arena_L",,"TRUE",,,,,,,,,,,,,,,,,,,,,,,,,,,,,,,,,,,,,,,,,,,,,,,,,,,,,,,,,,,,,,,,,,,,,,,,,,,,,,,,,,
"Tournament2nd_Arena_L_2","Tournament2nd_2","Arena_L",,"TRUE",,,,,,,,,,,,,,,,,,,,,,,,,,,,,,,,,,,,,,,,,,,,,,,,,,,,,,,,,,,,,,,,,,,,,,,,,,,,,,,,,,
"Tournament3rd_Arena_L_2","Tournament3rd_2","Arena_L",,"TRUE",,,,,,,,,,,,,,,,,,,,,,,,,,,,,,,,,,,,,,,,,,,,,,,,,,,,,,,,,,,,,,,,,,,,,,,,,,,,,,,,,,
"TournamentOther_Arena_L_2","TournamentOther_2","Arena_L",,"TRUE",,,,,,,,,,,,,,,,,,,,,,,,,,,,,,,,,,,,,,,,,,,,,,,,,,,,,,,,,,,,,,,,,,,,,,,,,,,,,,,,,,
"Giant_Arena9","Giant","Arena9",,,,,,,,,,,,,,,,,,,,,,,,,,,,,,,,,,,,,,,,,,,,,,,,,,,,,,,,,,,,,,,,,,,,,,,,,,,,,,,,,,,,
"Super_Arena9","Super","Arena9",,,,,,,,,,,,,,,,,,,,,,,,,,,,,,,,,,,,,,,,,,,,,,,,,,,,,,,,,,,,,,,,,,,,,,,,,,,,,,,,,,,,
"Silver_Arena9","Silver","Arena9",,,,,,,,,,,,,,,,,,,,,,,,,,,,,,,,,,,,,,,,,,,,,,,,,,,,,,,,,,,,,,,,,,,,,,,,,,,,,,,,,,,,
"Gold_Arena9","Gold","Arena9",,,,,,,,,,,,,,,,,,,,,,,,,,,,,,,,,,,,,,,,,,,,,,,,,,,,,,,,,,,,,,,,,,,,,,,,,,,,,,,,,,,,
"Magic_Arena9","Magic","Arena9",,,,,,,,,,,,,,,,,,,,,,,,,,,,,,,,,,,,,,,,,,,,,,,,,,,,,,,,,,,,,,,,,,,,,,,,,,,,,,,,,,,,
"Epic_Arena9","Epic","Arena9",,,,,20,5,,,,,,,,,,,,,,,,,,,,,,,,,,,,,,,,,,,,,,,,,,,,,,,,,,,,,,,,,,,,,,,,,,,,,,,,,,,,,,
"Free_Arena9","Free","Arena9",,,,,,,,,,,,,,,,,,,,,,,,,,,,,,,,,,,,,,,,,,,,,,,,,,,,,,,,,,,,,,,,,,,,,,,,,,,,,,,,,,,,
"Star_Arena9","Star","Arena9",,,,,,,,,,,,,,,,,,,,,,,,,,,,,,,,,,,,,,,,,,,,,,,,,,,,,,,,,,,,,,,,,,,,,,,,,,,,,,,,,,,,
"Tournament1st_Arena9","Tournament1st","Arena9",,"TRUE",,,,,,,,,,,,,,,,,,,,,,,,,,,,,,,,,,,,,,,,,,,,,,,,,,,,,,,,,,,,,,,,,,,,,,,,,,,,,,,,,,
"Tournament2nd_Arena9","Tournament2nd","Arena9",,"TRUE",,,,,,,,,,,,,,,,,,,,,,,,,,,,,,,,,,,,,,,,,,,,,,,,,,,,,,,,,,,,,,,,,,,,,,,,,,,,,,,,,,
"Tournament3rd_Arena9","Tournament3rd","Arena9",,"TRUE",,,,,,,,,,,,,,,,,,,,,,,,,,,,,,,,,,,,,,,,,,,,,,,,,,,,,,,,,,,,,,,,,,,,,,,,,,,,,,,,,,
"TournamentOther_Arena9","TournamentOther","Arena9",,"TRUE",,,,,,,,,,,,,,,,,,,,,,,,,,,,,,,,,,,,,,,,,,,,,,,,,,,,,,,,,,,,,,,,,,,,,,,,,,,,,,,,,,
"Tournament1st_Arena9_2","Tournament1st_2","Arena9",,"TRUE",,,,,,,,,,,,,,,,,,,,,,,,,,,,,,,,,,,,,,,,,,,,,,,,,,,,,,,,,,,,,,,,,,,,,,,,,,,,,,,,,,
"Tournament2nd_Arena9_2","Tournament2nd_2","Arena9",,"TRUE",,,,,,,,,,,,,,,,,,,,,,,,,,,,,,,,,,,,,,,,,,,,,,,,,,,,,,,,,,,,,,,,,,,,,,,,,,,,,,,,,,
"Tournament3rd_Arena9_2","Tournament3rd_2","Arena9",,"TRUE",,,,,,,,,,,,,,,,,,,,,,,,,,,,,,,,,,,,,,,,,,,,,,,,,,,,,,,,,,,,,,,,,,,,,,,,,,,,,,,,,,
"TournamentOther_Arena9_2","TournamentOther_2","Arena9",,"TRUE",,,,,,,,,,,,,,,,,,,,,,,,,,,,,,,,,,,,,,,,,,,,,,,,,,,,,,,,,,,,,,,,,,,,,,,,,,,,,,,,,,
"Survival_Bronze_Arena9","Survival_Bronze","Arena9",,,"TRUE",,,,,,,,,,,,,,,,,,,,,,,,,,,,,,,,,,,,,,,,,,,,,,,,,,,,,,,,,,,,,,,,,,,,,,,,,,,,,,,,,
"Survival_Gold_Arena9","Survival_Gold","Arena9",,,"TRUE",,,,,,,,,,,,,,,,,,,,,,,,,,,,,,,,,,,,,,,,,,,,,,,,,,,,,,,,,,,,,,,,,,,,,,,,,,,,,,,,,
"ClanCrownChest_1_old","ClanCrownChest","TrainingCamp",,,,,,,,,,,,,,,,,,,,,,,,,,,,,,,,,,,,,,,,,,,,,,,,,,,,,,,,,,,,,,,,,,,,,,,,,,,,,,,,,,,,
"ClanCrownChest_2_old","ClanCrownChest","TrainingCamp",,,,,,,,,,,,,,,,,,,,,,,,,,,,,,,,,,,,,,,,,,,,,,,,,,,,,,,,,,,,,,,,,,,,,,,,,,,,,,,,,,,,
"ClanCrownChest_3_old","ClanCrownChest","TrainingCamp",,,,,,,,,,,,,,,,,,,,,,,,,,,,,,,,,,,,,,,,,,,,,,,,,,,,,,,,,,,,,,,,,,,,,,,,,,,,,,,,,,,,
"ClanCrownChest_4_old","ClanCrownChest","TrainingCamp",,,,,,,,,,,,,,,,,,,,,,,,,,,,,,,,,,,,,,,,,,,,,,,,,,,,,,,,,,,,,,,,,,,,,,,,,,,,,,,,,,,,
"ClanCrownChest_5_old","ClanCrownChest","TrainingCamp",,,,,,,,,,,,,,,,,,,,,,,,,,,,,,,,,,,,,,,,,,,,,,,,,,,,,,,,,,,,,,,,,,,,,,,,,,,,,,,,,,,,
"ClanCrownChest_6_old","ClanCrownChest","TrainingCamp",,,,,,,,,,,,,,,,,,,,,,,,,,,,,,,,,,,,,,,,,,,,,,,,,,,,,,,,,,,,,,,,,,,,,,,,,,,,,,,,,,,,
"ClanCrownChest_7_old","ClanCrownChest","TrainingCamp",,,,,,,,,,,,,,,,,,,,,,,,,,,,,,,,,,,,,,,,,,,,,,,,,,,,,,,,,,,,,,,,,,,,,,,,,,,,,,,,,,,,
"ClanCrownChest_8_old","ClanCrownChest","TrainingCamp",,,,,,,,,,,,,,,,,,,,,,,,,,,,,,,,,,,,,,,,,,,,,,,,,,,,,,,,,,,,,,,,,,,,,,,,,,,,,,,,,,,,
"ClanCrownChest_9_old","ClanCrownChest","TrainingCamp",,,,,,,,,,,,,,,,,,,,,,,,,,,,,,,,,,,,,,,,,,,,,,,,,,,,,,,,,,,,,,,,,,,,,,,,,,,,,,,,,,,,
"ClanCrownChest_10_old","ClanCrownChest","TrainingCamp",,,,,,,,,,,,,,,,,,,,,,,,,,,,,,,,,,,,,,,,,,,,,,,,,,,,,,,,,,,,,,,,,,,,,,,,,,,,,,,,,,,,
"ClanCrownChest",,"TrainingCamp",,,,,,,,10,100,2000,2000,,,,6,6,"sc/ui_chest.sc","chest_star_closed",,"get_gold_chest","chest_open_gold","chest_landing_magic","openChest_star","soundbanks/ui_battle_general/ui_menu_general_tap_magic_chest","soundbanks/ui_menu_general/ui_menu_general_jingle_openchest_magical",,"TID_CLAN_CROWN_CHEST",,,,"sc/ui_chest.sc","chest_item_generic",,,,,,,,,,,,,,,,,,,,,,,,,,,,,,,,,,,,,,,,,,,,,,,,,,,,
"ClanCrownChest_Arena1","ClanCrownChest","Arena1",,,,,,,,,,,,,,,,,,,,,,,,,,,,,,,,,,,,,,,,,,,,,,,,,,,,,,,,,,,,,,,,,,,,,,,,,,,,,,,,,,,,
"ClanCrownChest_Arena2","ClanCrownChest","Arena2",,,,,,,,,,,,,,,,,,,,,,,,,,,,,,,,,,,,,,,,,,,,,,,,,,,,,,,,,,,,,,,,,,,,,,,,,,,,,,,,,,,,
"ClanCrownChest_Arena3","ClanCrownChest","Arena3",,,,,,,,,,,,,,,,,,,,,,,,,,,,,,,,,,,,,,,,,,,,,,,,,,,,,,,,,,,,,,,,,,,,,,,,,,,,,,,,,,,,
"ClanCrownChest_Arena4","ClanCrownChest","Arena4",,,,,,,,,,,,,,,,,,,,,,,,,,,,,,,,,,,,,,,,,,,,,,,,,,,,,,,,,,,,,,,,,,,,,,,,,,,,,,,,,,,,
"ClanCrownChest_Arena5","ClanCrownChest","Arena5",,,,,,,,,,,,,,,,,,,,,,,,,,,,,,,,,,,,,,,,,,,,,,,,,,,,,,,,,,,,,,,,,,,,,,,,,,,,,,,,,,,,
"ClanCrownChest_Arena6","ClanCrownChest","Arena6",,,,,,,,,,,,,,,,,,,,,,,,,,,,,,,,,,,,,,,,,,,,,,,,,,,,,,,,,,,,,,,,,,,,,,,,,,,,,,,,,,,,
"ClanCrownChest_Arena7","ClanCrownChest","Arena7",,,,,,,,,,,,,,,,,,,,,,,,,,,,,,,,,,,,,,,,,,,,,,,,,,,,,,,,,,,,,,,,,,,,,,,,,,,,,,,,,,,,
"ClanCrownChest_Arena8","ClanCrownChest","Arena8",,,,,,,,,,,,,,,,,,,,,,,,,,,,,,,,,,,,,,,,,,,,,,,,,,,,,,,,,,,,,,,,,,,,,,,,,,,,,,,,,,,,
"ClanCrownChest_Arena9","ClanCrownChest","Arena9",,,,,,,,,,,,,,,,,,,,,,,,,,,,,,,,,,,,,,,,,,,,,,,,,,,,,,,,,,,,,,,,,,,,,,,,,,,,,,,,,,,,
"ClanCrownChest_Arena_L","ClanCrownChest","Arena_L",,,,,,,,,,,,,,,,,,,,,,,,,,,,,,,,,,,,,,,,,,,,,,,,,,,,,,,,,,,,,,,,,,,,,,,,,,,,,,,,,,,,
"Giant_Arena_T","Giant","Arena_T",,,,,,,,,,,,,,,,,,,,,,,,,,,,,,,,,,,,,,,,,,,,,,,,,,,,,,,,,,,,,,,,,,,,,,,,,,,,,,,,,,,,
"Super_Arena_T","Super","Arena_T",,,,,,,,,,,,,,,,,,,,,,,,,,,,,,,,,,,,,,,,,,,,,,,,,,,,,,,,,,,,,,,,,,,,,,,,,,,,,,,,,,,,
"Silver_Arena_T","Silver","Arena_T",,,,,,,,,,,,,,,,,,,,,,,,,,,,,,,,,,,,,,,,,,,,,,,,,,,,,,,,,,,,,,,,,,,,,,,,,,,,,,,,,,,,
"Gold_Arena_T","Gold","Arena_T",,,,,,,,,,,,,,,,,,,,,,,,,,,,,,,,,,,,,,,,,,,,,,,,,,,,,,,,,,,,,,,,,,,,,,,,,,,,,,,,,,,,
"Magic_Arena_T","Magic","Arena_T",,,,,,,,,,,,,,,,,,,,,,,,,,,,,,,,,,,,,,,,,,,,,,,,,,,,,,,,,,,,,,,,,,,,,,,,,,,,,,,,,,,,
"Epic_Arena_T","Epic","Arena_T",,,,,20,5,,,,,,,,,,,,,,,,,,,,,,,,,,,,,,,,,,,,,,,,,,,,,,,,,,,,,,,,,,,,,,,,,,,,,,,,,,,,,,
"Free_Arena_T","Free","Arena_T",,,,,,,,,,,,,,,,,,,,,,,,,,,,,,,,,,,,,,,,,,,,,,,,,,,,,,,,,,,,,,,,,,,,,,,,,,,,,,,,,,,,
"Star_Arena_T","Star","Arena_T",,,,,,,,,,,,,,,,,,,,,,,,,,,,,,,,,,,,,,,,,,,,,,,,,,,,,,,,,,,,,,,,,,,,,,,,,,,,,,,,,,,,
"Tournament1st_Arena_T","Tournament1st","Arena_T",,"TRUE",,,,,,,,,,,,,,,,,,,,,,,,,,,,,,,,,,,,,,,,,,,,,,,,,,,,,,,,,,,,,,,,,,,,,,,,,,,,,,,,,,
"Tournament2nd_Arena_T","Tournament2nd","Arena_T",,"TRUE",,,,,,,,,,,,,,,,,,,,,,,,,,,,,,,,,,,,,,,,,,,,,,,,,,,,,,,,,,,,,,,,,,,,,,,,,,,,,,,,,,
"Tournament3rd_Arena_T","Tournament3rd","Arena_T",,"TRUE",,,,,,,,,,,,,,,,,,,,,,,,,,,,,,,,,,,,,,,,,,,,,,,,,,,,,,,,,,,,,,,,,,,,,,,,,,,,,,,,,,
"TournamentOther_Arena_T","TournamentOther","Arena_T",,"TRUE",,,,,,,,,,,,,,,,,,,,,,,,,,,,,,,,,,,,,,,,,,,,,,,,,,,,,,,,,,,,,,,,,,,,,,,,,,,,,,,,,,
"Tournament1st_Arena_T_2","Tournament1st_2","Arena_T",,"TRUE",,,,,,,,,,,,,,,,,,,,,,,,,,,,,,,,,,,,,,,,,,,,,,,,,,,,,,,,,,,,,,,,,,,,,,,,,,,,,,,,,,
"Tournament2nd_Arena_T_2","Tournament2nd_2","Arena_T",,"TRUE",,,,,,,,,,,,,,,,,,,,,,,,,,,,,,,,,,,,,,,,,,,,,,,,,,,,,,,,,,,,,,,,,,,,,,,,,,,,,,,,,,
"Tournament3rd_Arena_T_2","Tournament3rd_2","Arena_T",,"TRUE",,,,,,,,,,,,,,,,,,,,,,,,,,,,,,,,,,,,,,,,,,,,,,,,,,,,,,,,,,,,,,,,,,,,,,,,,,,,,,,,,,
"TournamentOther_Arena_T_2","TournamentOther_2","Arena_T",,"TRUE",,,,,,,,,,,,,,,,,,,,,,,,,,,,,,,,,,,,,,,,,,,,,,,,,,,,,,,,,,,,,,,,,,,,,,,,,,,,,,,,,,
"Survival_Bronze_Arena_T","Survival_Bronze","Arena_T",,,"TRUE",,,,,,,,,,,,,,,,,,,,,,,,,,,,,,,,,,,,,,,,,,,,,,,,,,,,,,,,,,,,,,,,,,,,,,,,,,,,,,,,,
"Survival_Gold_Arena_T","Survival_Gold","Arena_T",,,"TRUE",,,,,,,,,,,,,,,,,,,,,,,,,,,,,,,,,,,,,,,,,,,,,,,,,,,,,,,,,,,,,,,,,,,,,,,,,,,,,,,,,
"ClanCrownChest_Arena_T","ClanCrownChest","Arena_T",,,,,,,,,,,,,,,,,,,,,,,,,,,,,,,,,,,,,,,,,,,,,,,,,,,,,,,,,,,,,,,,,,,,,,,,,,,,,,,,,,,,
"SeasonReward_L1",,"Arena_L1",,,,,101,5,,2,10,200,200,,,,19,21,"sc/ui_chest.sc","chest_draft_closed","chest_draft_open","get_magic_chest","chest_open_draft","chest_landing_magic","openChest_draft","soundbanks/ui_menu_general/ui_menu_general_jingle_tap_champions_chest","soundbanks/ui_menu_general/ui_menu_general_jingle_openchest_champion",,"TID_CHEST_SEASON_1",,100,"TRUE","sc/ui.sc","icon_chests_draft_small",,,,,,,,,,,,,,,,,,,,,,,,,,,,,,,,,,,,,,,,,,,,,,,,,,,,
"SeasonReward_L2",,"Arena_L2",,,,,151,5,,2,10,200,200,,,,19,21,"sc/ui_chest.sc","chest_draft_closed","chest_draft_open","get_magic_chest","chest_open_draft","chest_landing_magic","openChest_draft","soundbanks/ui_menu_general/ui_menu_general_jingle_tap_champions_chest","soundbanks/ui_menu_general/ui_menu_general_jingle_openchest_champion",,"TID_CHEST_SEASON_2",,101,"TRUE","sc/ui.sc","icon_chests_draft_small",,,,,,,,,,,,,,,,,,,,,,,,,,,,,,,,,,,,,,,,,,,,,,,,,,,,
"SeasonReward_L3",,"Arena_L3",,,,,201,6,,2,10,200,200,,,,19,21,"sc/ui_chest.sc","chest_draft_closed","chest_draft_open","get_magic_chest","chest_open_draft","chest_landing_magic","openChest_draft","soundbanks/ui_menu_general/ui_menu_general_jingle_tap_champions_chest","soundbanks/ui_menu_general/ui_menu_general_jingle_openchest_champion",,"TID_CHEST_SEASON_3",,102,"TRUE","sc/ui.sc","icon_chests_draft_small",,,,,,,,,,,,,,,,,,,,,,,,,,,,,,,,,,,,,,,,,,,,,,,,,,,,
"SeasonReward_L4",,"Arena_L4",,,,,251,6,,2,10,200,200,,,,19,21,"sc/ui_chest.sc","chest_draft_closed","chest_draft_open","get_magic_chest","chest_open_draft","chest_landing_magic","openChest_draft","soundbanks/ui_menu_general/ui_menu_general_jingle_tap_champions_chest","soundbanks/ui_menu_general/ui_menu_general_jingle_openchest_champion",,"TID_CHEST_SEASON_4",,103,"TRUE","sc/ui.sc","icon_chests_draft_small",,,,,,,,,,,,,,,,,,,,,,,,,,,,,,,,,,,,,,,,,,,,,,,,,,,,
"SeasonReward_L5",,"Arena_L5",,,,,301,7,,2,10,200,200,,,,19,21,"sc/ui_chest.sc","chest_draft_closed","chest_draft_open","get_magic_chest","chest_open_draft","chest_landing_magic","openChest_draft","soundbanks/ui_menu_general/ui_menu_general_jingle_tap_champions_chest","soundbanks/ui_menu_general/ui_menu_general_jingle_openchest_champion",,"TID_CHEST_SEASON_5",,104,"TRUE","sc/ui.sc","icon_chests_draft_small",,,,,,,,,,,,,,,,,,,,,,,,,,,,,,,,,,,,,,,,,,,,,,,,,,,,
"SeasonReward_L6",,"Arena_L6",,,,,351,7,,2,10,200,200,,,,19,21,"sc/ui_chest.sc","chest_draft_closed","chest_draft_open","get_magic_chest","chest_open_draft","chest_landing_magic","openChest_draft","soundbanks/ui_menu_general/ui_menu_general_jingle_tap_champions_chest","soundbanks/ui_menu_general/ui_menu_general_jingle_openchest_champion",,"TID_CHEST_SEASON_6",,105,"TRUE","sc/ui.sc","icon_chests_draft_small",,,,,,,,,,,,,,,,,,,,,,,,,,,,,,,,,,,,,,,,,,,,,,,,,,,,
"SeasonReward_L7",,"Arena_L7",,,,,401,8,,2,10,200,200,,,,19,21,"sc/ui_chest.sc","chest_draft_closed","chest_draft_open","get_magic_chest","chest_open_draft","chest_landing_magic","openChest_draft","soundbanks/ui_menu_general/ui_menu_general_jingle_tap_champions_chest","soundbanks/ui_menu_general/ui_menu_general_jingle_openchest_champion",,"TID_CHEST_SEASON_7",,106,"TRUE","sc/ui.sc","icon_chests_draft_small",,,,,,,,,,,,,,,,,,,,,,,,,,,,,,,,,,,,,,,,,,,,,,,,,,,,
"SeasonReward_L8",,"Arena_L8",,,,,451,8,,2,10,200,200,,,,19,21,"sc/ui_chest.sc","chest_draft_closed","chest_draft_open","get_magic_chest","chest_open_draft","chest_landing_magic","openChest_draft","soundbanks/ui_menu_general/ui_menu_general_jingle_tap_champions_chest","soundbanks/ui_menu_general/ui_menu_general_jingle_openchest_champion",,"TID_CHEST_SEASON_8",,107,"TRUE","sc/ui.sc","icon_chests_draft_small",,,,,,,,,,,,,,,,,,,,,,,,,,,,,,,,,,,,,,,,,,,,,,,,,,,,
"SeasonReward_L9",,"Arena_L9",,,,,501,9,,2,10,200,200,,,,19,21,"sc/ui_chest.sc","chest_draft_closed","chest_draft_open","get_magic_chest","chest_open_draft","chest_landing_magic","openChest_draft","soundbanks/ui_menu_general/ui_menu_general_jingle_tap_champions_chest","soundbanks/ui_menu_general/ui_menu_general_jingle_openchest_champion",,"TID_CHEST_SEASON_9",,108,"TRUE","sc/ui.sc","icon_chests_draft_small",,,,,,,,,,,,,,,,,,,,,,,,,,,,,,,,,,,,,,,,,,,,,,,,,,,,
"Draft",,"TrainingCamp",,,,,170,5,,5,30,600,600,,,,7,8,"sc/ui_chest.sc","chest_draft_closed","chest_draft_open","get_magic_chest","chest_open_draft","chest_landing_magic","openChest_draft","soundbanks/ui_menu_general/ui_menu_general_jingle_tap_champions_chest","soundbanks/ui_menu_general/ui_menu_general_jingle_openchest_champion",,"TID_CHEST_DRAFT",,200,"TRUE","sc/ui.sc","icon_chests_draft_small",,,,,,,,,,,,,,,,,,,,,,,,,,,,,,,,,,,,,,,,,,,,,,,,,,,,
"Draft_Arena1",,"Arena1",,,,,170,5,,5,,,,,,,7,8,"sc/ui_chest.sc","chest_draft_closed","chest_draft_open","get_magic_chest","chest_open_draft","chest_landing_magic","openChest_draft","soundbanks/ui_menu_general/ui_menu_general_jingle_tap_champions_chest","soundbanks/ui_menu_general/ui_menu_general_jingle_openchest_champion",,"TID_CHEST_DRAFT",,201,"TRUE","sc/ui.sc","icon_chests_draft_small",,,,,,,,,,,,,,,,,,,,,,,,,,,,,,,,,,,,,,,,,,,,,,,,,,,,
"Draft_Arena2",,"Arena2",,,,,170,5,,5,,,,,,,7,8,"sc/ui_chest.sc","chest_draft_closed","chest_draft_open","get_magic_chest","chest_open_draft","chest_landing_magic","openChest_draft","soundbanks/ui_menu_general/ui_menu_general_jingle_tap_champions_chest","soundbanks/ui_menu_general/ui_menu_general_jingle_openchest_champion",,"TID_CHEST_DRAFT",,202,"TRUE","sc/ui.sc","icon_chests_draft_small",,,,,,,,,,,,,,,,,,,,,,,,,,,,,,,,,,,,,,,,,,,,,,,,,,,,
"Draft_Arena3",,"Arena3",,,,,170,5,,5,,,,,,,7,8,"sc/ui_chest.sc","chest_draft_closed","chest_draft_open","get_magic_chest","chest_open_draft","chest_landing_magic","openChest_draft","soundbanks/ui_menu_general/ui_menu_general_jingle_tap_champions_chest","soundbanks/ui_menu_general/ui_menu_general_jingle_openchest_champion",,"TID_CHEST_DRAFT",,203,"TRUE","sc/ui.sc","icon_chests_draft_small",,,,,,,,,,,,,,,,,,,,,,,,,,,,,,,,,,,,,,,,,,,,,,,,,,,,
"Draft_Arena4",,"Arena4",,,,,170,5,,5,,,,,,,7,8,"sc/ui_chest.sc","chest_draft_closed","chest_draft_open","get_magic_chest","chest_open_draft","chest_landing_magic","openChest_draft","soundbanks/ui_menu_general/ui_menu_general_jingle_tap_champions_chest","soundbanks/ui_menu_general/ui_menu_general_jingle_openchest_champion",,"TID_CHEST_DRAFT",,204,"TRUE","sc/ui.sc","icon_chests_draft_small",,,,,,,,,,,,,,,,,,,,,,,,,,,,,,,,,,,,,,,,,,,,,,,,,,,,
"Draft_Arena5",,"Arena5",,,,,170,5,,5,,,,,,,7,8,"sc/ui_chest.sc","chest_draft_closed","chest_draft_open","get_magic_chest","chest_open_draft","chest_landing_magic","openChest_draft","soundbanks/ui_menu_general/ui_menu_general_jingle_tap_champions_chest","soundbanks/ui_menu_general/ui_menu_general_jingle_openchest_champion",,"TID_CHEST_DRAFT",,205,"TRUE","sc/ui.sc","icon_chests_draft_small",,,,,,,,,,,,,,,,,,,,,,,,,,,,,,,,,,,,,,,,,,,,,,,,,,,,
"Draft_Arena6",,"Arena6",,,,,170,5,,5,30,,,,,,7,8,"sc/ui_chest.sc","chest_draft_closed","chest_draft_open","get_magic_chest","chest_open_draft","chest_landing_magic","openChest_draft","soundbanks/ui_menu_general/ui_menu_general_jingle_tap_champions_chest","soundbanks/ui_menu_general/ui_menu_general_jingle_openchest_champion",,"TID_CHEST_DRAFT",,206,"TRUE","sc/ui.sc","icon_chests_draft_small",,,,,,,,,,,,,,,,,,,,,,,,,,,,,,,,,,,,,,,,,,,,,,,,,,,,
"Draft_Arena7",,"Arena7",,,,,170,5,,5,30,,,,,,7,8,"sc/ui_chest.sc","chest_draft_closed","chest_draft_open","get_magic_chest","chest_open_draft","chest_landing_magic","openChest_draft","soundbanks/ui_menu_general/ui_menu_general_jingle_tap_champions_chest","soundbanks/ui_menu_general/ui_menu_general_jingle_openchest_champion",,"TID_CHEST_DRAFT",,207,"TRUE","sc/ui.sc","icon_chests_draft_small",,,,,,,,,,,,,,,,,,,,,,,,,,,,,,,,,,,,,,,,,,,,,,,,,,,,
"Draft_Arena8",,"Arena8",,,,,170,5,,5,30,,,,,,7,8,"sc/ui_chest.sc","chest_draft_closed","chest_draft_open","get_magic_chest","chest_open_draft","chest_landing_magic","openChest_draft","soundbanks/ui_menu_general/ui_menu_general_jingle_tap_champions_chest","soundbanks/ui_menu_general/ui_menu_general_jingle_openchest_champion",,"TID_CHEST_DRAFT",,208,"TRUE","sc/ui.sc","icon_chests_draft_small",,,,,,,,,,,,,,,,,,,,,,,,,,,,,,,,,,,,,,,,,,,,,,,,,,,,
"Draft_Arena9",,"Arena9",,,,,170,5,,5,30,,,,,,7,8,"sc/ui_chest.sc","chest_draft_closed","chest_draft_open","get_magic_chest","chest_open_draft","chest_landing_magic","openChest_draft","soundbanks/ui_menu_general/ui_menu_general_jingle_tap_champions_chest","soundbanks/ui_menu_general/ui_menu_general_jingle_openchest_champion",,"TID_CHEST_DRAFT",,209,"TRUE","sc/ui.sc","icon_chests_draft_small",,,,,,,,,,,,,,,,,,,,,,,,,,,,,,,,,,,,,,,,,,,,,,,,,,,,
"Draft_Arena_L",,"Arena_L",,,,,170,5,,5,30,,,,,,7,8,"sc/ui_chest.sc","chest_draft_closed","chest_draft_open","get_magic_chest","chest_open_draft","chest_landing_magic","openChest_draft","soundbanks/ui_menu_general/ui_menu_general_jingle_tap_champions_chest","soundbanks/ui_menu_general/ui_menu_general_jingle_openchest_champion",,"TID_CHEST_DRAFT",,210,"TRUE","sc/ui.sc","icon_chests_draft_small",,,,,,,,,,,,,,,,,,,,,,,,,,,,,,,,,,,,,,,,,,,,,,,,,,,,
"Draft_Arena_T",,"Arena_T",,,,,170,5,,5,30,600,,,,,7,8,"sc/ui_chest.sc","chest_draft_closed","chest_draft_open","get_magic_chest","chest_open_draft","chest_landing_magic","openChest_draft","soundbanks/ui_menu_general/ui_menu_general_jingle_tap_champions_chest","soundbanks/ui_menu_general/ui_menu_general_jingle_openchest_champion",,"TID_CHEST_DRAFT",,211,"TRUE","sc/ui.sc","icon_chests_draft_small",,,,,,,,,,,,,,,,,,,,,,,,,,,,,,,,,,,,,,,,,,,,,,,,,,,,
"Draft_StarterPack_T",,"Arena_T",,,,,501,9,,2,10,200,,,,,19,21,"sc/ui_chest.sc","chest_draft_closed","chest_draft_open","get_magic_chest","chest_open_draft","chest_landing_magic","openChest_draft","soundbanks/ui_menu_general/ui_menu_general_jingle_tap_champions_chest","soundbanks/ui_menu_general/ui_menu_general_jingle_openchest_champion",,"TID_CHEST_SEASON_9",,300,"TRUE","sc/ui.sc","icon_chests_draft_small",,,,,,,,,,,,,,,,,,,,,,,,,,,,,,,,,,,,,,,,,,,,,,,,,,,,
"Newbie3_1",,"TrainingCamp",,,,5,5,5,,,,,,"Knight",,,6,6,"sc/ui_chest.sc","Chest_wood",,"get_wood_chest","chest_open_wooden","chest_landing_wood","openChest_wood","soundbanks/ui_menu_general/ui_menu_general_tap_wooden_chest","soundbanks/ui_menu_general/ui_menu_general_jingle_openchest_wood",,"TID_CHEST_WOOD","TID_CHEST_WOOD_NOTIFICATION",,,"sc/ui.sc","icon_chests_wooden_small",,,,,,,,,,,,,,,,,,,,,,,,,,,,,,,,,,,,,,,,,,,,,,,,,,,,
,,,,,,,,,,,,,,"Arrows",,,,,,,,,,,,,,,,,,,,,,,,,,,,,,,,,,,,,,,,,,,,,,,,,,,,,,,,,,,,,,,,,,,,,,,,
"Newbie3_2",,"TrainingCamp",,,,5,9,6,,,8,,,"Musketeer",,,6,6,"sc/ui_chest.sc","Chest_wood",,"get_wood_chest","chest_open_wooden","chest_landing_wood","openChest_wood","soundbanks/ui_menu_general/ui_menu_general_tap_wooden_chest","soundbanks/ui_menu_general/ui_menu_general_jingle_openchest_wood",,"TID_CHEST_WOOD","TID_CHEST_WOOD_NOTIFICATION",,,"sc/ui.sc","icon_chests_wooden_small",,,,,,,,,,,,,,,,,,,,,,,,,,,,,,,,,,,,,,,,,,,,,,,,,,,,
"Newbie5_1",,"TrainingCamp",,,,5,3,3,,,,,,"Knight",,,6,6,"sc/ui_chest.sc","Chest_wood",,"get_wood_chest","chest_open_wooden","chest_landing_wood","openChest_wood","soundbanks/ui_menu_general/ui_menu_general_tap_wooden_chest","soundbanks/ui_menu_general/ui_menu_general_jingle_openchest_wood",,"TID_CHEST_WOOD","TID_CHEST_WOOD_NOTIFICATION",,,"sc/ui.sc","icon_chests_wooden_small",,,,,,,,,,,,,,,,,,,,,,,,,,,,,,,,,,,,,,,,,,,,,,,,,,,,
,,,,,,,,,,,,,,"Arrows",,,,,,,,,,,,,,,,,,,,,,,,,,,,,,,,,,,,,,,,,,,,,,,,,,,,,,,,,,,,,,,,,,,,,,,,
"Newbie5_2",,"TrainingCamp",,,,5,3,3,,,,,,"Musketeer",,,6,6,"sc/ui_chest.sc","Chest_wood",,"get_wood_chest","chest_open_wooden","chest_landing_wood","openChest_wood","soundbanks/ui_menu_general/ui_menu_general_tap_wooden_chest","soundbanks/ui_menu_general/ui_menu_general_jingle_openchest_wood",,"TID_CHEST_WOOD","TID_CHEST_WOOD_NOTIFICATION",,,"sc/ui.sc","icon_chests_wooden_small",,,,,,,,,,,,,,,,,,,,,,,,,,,,,,,,,,,,,,,,,,,,,,,,,,,,
"Newbie5_3",,"TrainingCamp",,,,5,3,3,,,,,,"MiniPekka",,,6,6,"sc/ui_chest.sc","Chest_wood",,"get_wood_chest","chest_open_wooden","chest_landing_wood","openChest_wood","soundbanks/ui_menu_general/ui_menu_general_tap_wooden_chest","soundbanks/ui_menu_general/ui_menu_general_jingle_openchest_wood",,"TID_CHEST_WOOD","TID_CHEST_WOOD_NOTIFICATION",,,"sc/ui.sc","icon_chests_wooden_small",,,,,,,,,,,,,,,,,,,,,,,,,,,,,,,,,,,,,,,,,,,,,,,,,,,,
"Newbie5_Random",,"TrainingCamp",,,,5,3,3,,8,,,,,,,6,6,"sc/ui_chest.sc","Chest_wood",,"get_wood_chest","chest_open_wooden","chest_landing_wood","openChest_wood","soundbanks/ui_menu_general/ui_menu_general_tap_wooden_chest","soundbanks/ui_menu_general/ui_menu_general_jingle_openchest_wood",,"TID_CHEST_WOOD","TID_CHEST_WOOD_NOTIFICATION",,,"sc/ui.sc","icon_chests_wooden_small",,,,,,,,,,,,,,,,,,,,,,,,,,,,,,,,,,,,,,,,,,,,,,,,,,,,
"Skin",,"Arena1",,,,,0,0,,,,,,,,,0,0,"sc/ui_chest.sc","chest_legendary_closed","chest_legendary_open","get_legendary_chest","chest_open_legendary","chest_landing_legendary","openChest_mega","soundbanks/ui_menu_general/ui_menu_general_tap_mega_chest","soundbanks/ui_menu_general/ui_menu_general_jingle_openchest_bigmagical",,"TID_CHEST_SKIN","TID_CHEST_SKIN_NOTIFICATION",,,"sc/ui_chest.sc","chest_item_generic",,,,,,,,,,,,,,,,,,,,,,,,,,,,,,,,,,,,,,,,,,,,,,,,,,,,
"StarBoosted",,"TrainingCamp",,,,,32,6,,6,120,2400,2400,,,,14,16,"sc/ui_chest.sc","chest_star_closed",,"get_gold_chest","chest_open_star","chest_landing_magic","openChest_star","soundbanks/ui_battle_general/ui_menu_general_tap_magic_chest","soundbanks/ui_menu_general/ui_menu_general_jingle_openchest_magical",,"TID_STAR_CHEST","TID_CHEST_GOLD_NOTIFICATION",4,,"sc/ui_chest.sc","chest_item_generic",,,,,,,,,,,,"TRUE",,,,,,,,,,,,,,,,,,,,,,,,,,,,,,,,,,,,,,,,
"StarBoosted_Arena1","StarBoosted","Arena1",,,,,,,,,,,,,,,,,,,,,,,,,,,,,,,,,,,,,,,,,,,,,,,,,,,,,,,,,,,,,,,,,,,,,,,,,,,,,,,,,,,,
"StarBoosted_Arena2","StarBoosted","Arena2",,,,,,,,,,,,,,,,,,,,,,,,,,,,,,,,,,,,,,,,,,,,,,,,,,,,,,,,,,,,,,,,,,,,,,,,,,,,,,,,,,,,
"StarBoosted_Arena3","StarBoosted","Arena3",,,,,,,,,,,,,,,,,,,,,,,,,,,,,,,,,,,,,,,,,,,,,,,,,,,,,,,,,,,,,,,,,,,,,,,,,,,,,,,,,,,,
"StarBoosted_Arena4","StarBoosted","Arena4",,,,,,,,,,,,,,,,,,,,,,,,,,,,,,,,,,,,,,,,,,,,,,,,,,,,,,,,,,,,,,,,,,,,,,,,,,,,,,,,,,,,
"StarBoosted_Arena5","StarBoosted","Arena5",,,,,,,,,,,,,,,,,,,,,,,,,,,,,,,,,,,,,,,,,,,,,,,,,,,,,,,,,,,,,,,,,,,,,,,,,,,,,,,,,,,,
"StarBoosted_Arena6","StarBoosted","Arena6",,,,,,,,,,,,,,,,,,,,,,,,,,,,,,,,,,,,,,,,,,,,,,,,,,,,,,,,,,,,,,,,,,,,,,,,,,,,,,,,,,,,
"StarBoosted_Arena7","StarBoosted","Arena7",,,,,,,,,,,,,,,,,,,,,,,,,,,,,,,,,,,,,,,,,,,,,,,,,,,,,,,,,,,,,,,,,,,,,,,,,,,,,,,,,,,,
"StarBoosted_Arena8","StarBoosted","Arena8",,,,,,,,,,,,,,,,,,,,,,,,,,,,,,,,,,,,,,,,,,,,,,,,,,,,,,,,,,,,,,,,,,,,,,,,,,,,,,,,,,,,
"StarBoosted_Arena9","StarBoosted","Arena9",,,,,,,,,,,,,,,,,,,,,,,,,,,,,,,,,,,,,,,,,,,,,,,,,,,,,,,,,,,,,,,,,,,,,,,,,,,,,,,,,,,,
"StarBoosted_Arena_L","StarBoosted","Arena_L",,,,,,,,,,,,,,,,,,,,,,,,,,,,,,,,,,,,,,,,,,,,,,,,,,,,,,,,,,,,,,,,,,,,,,,,,,,,,,,,,,,,
"StarBoosted_Arena_T","StarBoosted","Arena_T",,,,,,,,,,,,,,,,,,,,,,,,,,,,,,,,,,,,,,,,,,,,,,,,,,,,,,,,,,,,,,,,,,,,,,,,,,,,,,,,,,,,
"Giant_Arena_Electric","Giant","Arena_Electric",,,,,,,,,,,,,,,,,,,,,,,,,,,,,,,,,,,,,,,,,,,,,,,,,,,,,,,,,,,,,,,,,,,,,,,,,,,,,,,,,,,,
"Super_Arena_Electric","Super","Arena_Electric",,,,,,,,,,,,,,,,,,,,,,,,,,,,,,,,,,,,,,,,,,,,,,,,,,,,,,,,,,,,,,,,,,,,,,,,,,,,,,,,,,,,
"Silver_Arena_Electric","Silver","Arena_Electric",,,,,,,,,,,,,,,,,,,,,,,,,,,,,,,,,,,,,,,,,,,,,,,,,,,,,,,,,,,,,,,,,,,,,,,,,,,,,,,,,,,,
"Gold_Arena_Electric","Gold","Arena_Electric",,,,,,,,,,,,,,,,,,,,,,,,,,,,,,,,,,,,,,,,,,,,,,,,,,,,,,,,,,,,,,,,,,,,,,,,,,,,,,,,,,,,
"Magic_Arena_Electric","Magic","Arena_Electric",,,,,,,,,,,,,,,,,,,,,,,,,,,,,,,,,,,,,,,,,,,,,,,,,,,,,,,,,,,,,,,,,,,,,,,,,,,,,,,,,,,,
"Free_Arena_Electric","Free","Arena_Electric",,,,,,,,,,,,,,,,,,,,,,,,,,,,,,,,,,,,,,,,,,,,,,,,,,,,,,,,,,,,,,,,,,,,,,,,,,,,,,,,,,,,
"Star_Arena_Electric","Star","Arena_Electric",,,,,,,,,,,,,,,,,,,,,,,,,,,,,,,,,,,,,,,,,,,,,,,,,,,,,,,,,,,,,,,,,,,,,,,,,,,,,,,,,,,,
"Epic_Arena_Electric","Epic","Arena_Electric",,,,,20,5,,,,,,,,,,,,,,,,,,,,,,,,,,,,,,,,,,,,,,,,,,,,,,,,,,,,,,,,,,,,,,,,,,,,,,,,,,,,,,
"Survival_Bronze_Arena_Electric","Survival_Bronze","Arena_Electric",,,"TRUE",,,,,,,,,,,,,,,,,,,,,,,,,,,,,,,,,,,,,,,,,,,,,,,,,,,,,,,,,,,,,,,,,,,,,,,,,,,,,,,,,
"Survival_Gold_Arena_Electric","Survival_Gold","Arena_Electric",,,"TRUE",,,,,,,,,,,,,,,,,,,,,,,,,,,,,,,,,,,,,,,,,,,,,,,,,,,,,,,,,,,,,,,,,,,,,,,,,,,,,,,,,
"SeasonReward_Electric",,"Arena_Electric",,,,,101,5,,2,10,200,200,,,,19,21,"sc/ui_chest.sc","chest_draft_closed","chest_draft_open","get_magic_chest","chest_open_draft","chest_landing_magic","openChest_draft","soundbanks/ui_menu_general/ui_menu_general_jingle_tap_champions_chest","soundbanks/ui_menu_general/ui_menu_general_jingle_openchest_champion",,"TID_CHEST_SEASON_8",,107,"TRUE","sc/ui.sc","icon_chests_draft_small",,,,,,,,,,,,,,,,,,,,,,,,,,,,,,,,,,,,,,,,,,,,,,,,,,,,
"Draft_Arena_Electric",,"Arena_Electric",,,,,170,5,,5,30,600,600,,,,7,8,"sc/ui_chest.sc","chest_draft_closed","chest_draft_open","get_magic_chest","chest_open_draft","chest_landing_magic","openChest_draft","soundbanks/ui_menu_general/ui_menu_general_jingle_tap_champions_chest","soundbanks/ui_menu_general/ui_menu_general_jingle_openchest_champion",,"TID_CHEST_DRAFT",,208,"TRUE","sc/ui.sc","icon_chests_draft_small",,,,,,,,,,,,,,,,,,,,,,,,,,,,,,,,,,,,,,,,,,,,,,,,,,,,
"StarBoosted_Arena_Electric","StarBoosted","Arena_Electric",,,,,,,,,,,,,,,,,,,,,,,,,,,,,,,,,,,,,,,,,,,,,,,,,,,,,,,,,,,,,,,,,,,,,,,,,,,,,,,,,,,,
"ClanCrownChest_Arena_Electric","ClanCrownChest","Arena_Electric",,,,,,,,,,,,,,,,,,,,,,,,,,,,,,,,,,,,,,,,,,,,,,,,,,,,,,,,,,,,,,,,,,,,,,,,,,,,,,,,,,,,
"Tournament1st_Arena_Electric","Tournament1st","Arena_Electric",,"TRUE",,,,,,,,,,,,,,,,,,,,,,,,,,,,,,,,,,,,,,,,,,,,,,,,,,,,,,,,,,,,,,,,,,,,,,,,,,,,,,,,,,
"Tournament2nd_Arena_Electric","Tournament2nd","Arena_Electric",,"TRUE",,,,,,,,,,,,,,,,,,,,,,,,,,,,,,,,,,,,,,,,,,,,,,,,,,,,,,,,,,,,,,,,,,,,,,,,,,,,,,,,,,
"Tournament3rd_Arena_Electric","Tournament3rd","Arena_Electric",,"TRUE",,,,,,,,,,,,,,,,,,,,,,,,,,,,,,,,,,,,,,,,,,,,,,,,,,,,,,,,,,,,,,,,,,,,,,,,,,,,,,,,,,
"TournamentOther_Arena_Electric","TournamentOther","Arena_Electric",,"TRUE",,,,,,,,,,,,,,,,,,,,,,,,,,,,,,,,,,,,,,,,,,,,,,,,,,,,,,,,,,,,,,,,,,,,,,,,,,,,,,,,,,
"Tournament1st_Arena_Electric_2","Tournament1st_2","Arena_Electric",,"TRUE",,,,,,,,,,,,,,,,,,,,,,,,,,,,,,,,,,,,,,,,,,,,,,,,,,,,,,,,,,,,,,,,,,,,,,,,,,,,,,,,,,
"Tournament2nd_Arena_Electric_2","Tournament2nd_2","Arena_Electric",,"TRUE",,,,,,,,,,,,,,,,,,,,,,,,,,,,,,,,,,,,,,,,,,,,,,,,,,,,,,,,,,,,,,,,,,,,,,,,,,,,,,,,,,
"Tournament3rd_Arena_Electric_2","Tournament3rd_2","Arena_Electric",,"TRUE",,,,,,,,,,,,,,,,,,,,,,,,,,,,,,,,,,,,,,,,,,,,,,,,,,,,,,,,,,,,,,,,,,,,,,,,,,,,,,,,,,
"TournamentOther_Arena_Electric_2","TournamentOther_2","Arena_Electric",,"TRUE",,,,,,,,,,,,,,,,,,,,,,,,,,,,,,,,,,,,,,,,,,,,,,,,,,,,,,,,,,,,,,,,,,,,,,,,,,,,,,,,,,
"Shop_Small_1_Arena1",,"Arena1","Lightning",,,,80,4,,6,50,1000,2000,,,,15,15,"sc/ui_chest.sc","chest_lightning_open","chest_lightning_open","get_magic_chest","chest_lightning_open","chest_landing_magic","openChest_lightning","soundbanks/ui_battle_general/ui_menu_general_tap_magic_chest","soundbanks/ui_menu_general/ui_menu_general_jingle_openchest_lightning",,"TID_CHEST_SHOP_SMALL",,5,,"sc/ui.sc","icon_chests_lightning_small",,,,,,,,,,,2,,"Lightning",,"TRUE","TRUE","TRUE","TRUE","TRUE","TRUE",,,,,,,,,,,,,,,,,,,,,,,,,,,,,,,,
"Shop_Small_1_Arena2",,"Arena2","Lightning",,,,85,4,,6,50,1000,2000,,,,15,15,"sc/ui_chest.sc","chest_lightning_open","chest_lightning_open","get_magic_chest","chest_lightning_open","chest_landing_magic","openChest_lightning","soundbanks/ui_battle_general/ui_menu_general_tap_magic_chest","soundbanks/ui_menu_general/ui_menu_general_jingle_openchest_lightning",,"TID_CHEST_SHOP_SMALL",,5,,"sc/ui.sc","icon_chests_lightning_small",,,,,,,,,,,2,,"Lightning",,"TRUE","TRUE","TRUE","TRUE","TRUE","TRUE",,,,,,,,,,,,,,,,,,,,,,,,,,,,,,,,
"Shop_Small_1_Arena3",,"Arena3","Lightning",,,,95,4,,6,50,1000,2000,,,,15,15,"sc/ui_chest.sc","chest_lightning_open","chest_lightning_open","get_magic_chest","chest_lightning_open","chest_landing_magic","openChest_lightning","soundbanks/ui_battle_general/ui_menu_general_tap_magic_chest","soundbanks/ui_menu_general/ui_menu_general_jingle_openchest_lightning",,"TID_CHEST_SHOP_SMALL",,5,,"sc/ui.sc","icon_chests_lightning_small",,,,,,,,,,,2,,"Lightning",,"TRUE","TRUE","TRUE","TRUE","TRUE","TRUE",,,,,,,,,,,,,,,,,,,,,,,,,,,,,,,,
"Shop_Small_1_Arena4",,"Arena4","Lightning",,,,110,4,,6,50,1000,2000,,,,15,15,"sc/ui_chest.sc","chest_lightning_open","chest_lightning_open","get_magic_chest","chest_lightning_open","chest_landing_magic","openChest_lightning","soundbanks/ui_battle_general/ui_menu_general_tap_magic_chest","soundbanks/ui_menu_general/ui_menu_general_jingle_openchest_lightning",,"TID_CHEST_SHOP_SMALL",,5,,"sc/ui.sc","icon_chests_lightning_small",,,,,,,,,,,3,,"Lightning",,"TRUE","TRUE","TRUE","TRUE","TRUE","TRUE",,,,,,,,,,,,,,,,,,,,,,,,,,,,,,,,
"Shop_Small_1_Arena5",,"Arena5","Lightning",,,,115,4,,6,50,1000,2000,,,,15,15,"sc/ui_chest.sc","chest_lightning_open","chest_lightning_open","get_magic_chest","chest_lightning_open","chest_landing_magic","openChest_lightning","soundbanks/ui_battle_general/ui_menu_general_tap_magic_chest","soundbanks/ui_menu_general/ui_menu_general_jingle_openchest_lightning",,"TID_CHEST_SHOP_SMALL",,5,,"sc/ui.sc","icon_chests_lightning_small",,,,,,,,,,,3,,"Lightning",,"TRUE","TRUE","TRUE","TRUE","TRUE","TRUE",,,,,,,,,,,,,,,,,,,,,,,,,,,,,,,,
"Shop_Small_1_Arena6",,"Arena6","Lightning",,,,130,4,,6,50,1000,2000,,,,15,15,"sc/ui_chest.sc","chest_lightning_open","chest_lightning_open","get_magic_chest","chest_lightning_open","chest_landing_magic","openChest_lightning","soundbanks/ui_battle_general/ui_menu_general_tap_magic_chest","soundbanks/ui_menu_general/ui_menu_general_jingle_openchest_lightning",,"TID_CHEST_SHOP_SMALL",,5,,"sc/ui.sc","icon_chests_lightning_small",,,,,,,,,,,4,,"Lightning",,"TRUE","TRUE","TRUE","TRUE","TRUE","TRUE",,,,,,,,,,,,,,,,,,,,,,,,,,,,,,,,
"Shop_Small_1_Arena7",,"Arena7","Lightning",,,,145,4,,6,50,1000,2000,,,,15,15,"sc/ui_chest.sc","chest_lightning_open","chest_lightning_open","get_magic_chest","chest_lightning_open","chest_landing_magic","openChest_lightning","soundbanks/ui_battle_general/ui_menu_general_tap_magic_chest","soundbanks/ui_menu_general/ui_menu_general_jingle_openchest_lightning",,"TID_CHEST_SHOP_SMALL",,5,,"sc/ui.sc","icon_chests_lightning_small",,,,,,,,,,,4,,"Lightning",,"TRUE","TRUE","TRUE","TRUE","TRUE","TRUE",,,,,,,,,,,,,,,,,,,,,,,,,,,,,,,,
"Shop_Small_1_Arena8",,"Arena8","Lightning",,,,160,4,,6,50,1000,2000,,,,15,15,"sc/ui_chest.sc","chest_lightning_open","chest_lightning_open","get_magic_chest","chest_lightning_open","chest_landing_magic","openChest_lightning","soundbanks/ui_battle_general/ui_menu_general_tap_magic_chest","soundbanks/ui_menu_general/ui_menu_general_jingle_openchest_lightning",,"TID_CHEST_SHOP_SMALL",,5,,"sc/ui.sc","icon_chests_lightning_small",,,,,,,,,,,4,,"Lightning",,"TRUE","TRUE","TRUE","TRUE","TRUE","TRUE",,,,,,,,,,,,,,,,,,,,,,,,,,,,,,,,
"Shop_Small_1_Arena9",,"Arena9","Lightning",,,,175,4,,6,50,1000,2000,,,,15,15,"sc/ui_chest.sc","chest_lightning_open","chest_lightning_open","get_magic_chest","chest_lightning_open","chest_landing_magic","openChest_lightning","soundbanks/ui_battle_general/ui_menu_general_tap_magic_chest","soundbanks/ui_menu_general/ui_menu_general_jingle_openchest_lightning",,"TID_CHEST_SHOP_SMALL",,5,,"sc/ui.sc","icon_chests_lightning_small",,,,,,,,,,,4,,"Lightning",,"TRUE","TRUE","TRUE","TRUE","TRUE","TRUE",,,,,,,,,,,,,,,,,,,,,,,,,,,,,,,,
"Shop_Small_1_Arena_L",,"Arena_L","Lightning",,,,190,4,,6,50,1000,2000,,,,15,15,"sc/ui_chest.sc","chest_lightning_open","chest_lightning_open","get_magic_chest","chest_lightning_open","chest_landing_magic","openChest_lightning","soundbanks/ui_battle_general/ui_menu_general_tap_magic_chest","soundbanks/ui_menu_general/ui_menu_general_jingle_openchest_lightning",,"TID_CHEST_SHOP_SMALL",,5,,"sc/ui.sc","icon_chests_lightning_small",,,,,,,,,,,5,,"Lightning",,"TRUE","TRUE","TRUE","TRUE","TRUE","TRUE",,,,,,,,,,,,,,,,,,,,,,,,,,,,,,,,
"Shop_Small_1_Arena_Electric",,"Arena_Electric","Lightning",,,,205,4,,6,50,1000,2000,,,,15,15,"sc/ui_chest.sc","chest_lightning_open","chest_lightning_open","get_magic_chest","chest_lightning_open","chest_landing_magic","openChest_lightning","soundbanks/ui_battle_general/ui_menu_general_tap_magic_chest","soundbanks/ui_menu_general/ui_menu_general_jingle_openchest_lightning",,"TID_CHEST_SHOP_SMALL",,5,,"sc/ui.sc","icon_chests_lightning_small",,,,,,,,,,,5,,"Lightning",,"TRUE","TRUE","TRUE","TRUE","TRUE","TRUE",,,,,,,,,,,,,,,,,,,,,,,,,,,,,,,,
"Shop_Small_1_Arena_T",,"Arena_T","Lightning",,,,220,4,,6,50,1000,2000,,,,15,15,"sc/ui_chest.sc","chest_lightning_open","chest_lightning_open","get_magic_chest","chest_lightning_open","chest_landing_magic","openChest_lightning","soundbanks/ui_battle_general/ui_menu_general_tap_magic_chest","soundbanks/ui_menu_general/ui_menu_general_jingle_openchest_lightning",,"TID_CHEST_SHOP_SMALL",,5,,"sc/ui.sc","icon_chests_lightning_small",,,,,,,,,,,5,,"Lightning",,"TRUE","TRUE","TRUE","TRUE","TRUE","TRUE",,,,,,,,,,,,,,,,,,,,,,,,,,,,,,,,
"Shop_Medium_0_Arena1",,"Arena1","FortuneLock",,,,162,5,,5,30,1500,1600,,,,21,21,"sc/ui_chest.sc","chest_fortune_open","chest_fortune_open","get_magic_chest","chest_fortune_open","chest_landing_magic","openChest_fortune","soundbanks/ui_battle_general/ui_menu_general_tap_magic_chest","soundbanks/ui_menu_general/ui_menu_general_jingle_openchest_fortune",,"TID_CHEST_SHOP_MEDIUM",,5,,"sc/ui.sc","icon_chests_fortune_small",,,,,,,,,,,,,"Fortune",,"TRUE","TRUE","TRUE",,"TRUE",,,,,,,,,,,,,,,,,,,,,,,,,,,,,,,,,
"Shop_Medium_0_Arena2",,"Arena2","FortuneLock",,,,170,5,,5,30,1500,1600,,,,21,21,"sc/ui_chest.sc","chest_fortune_open","chest_fortune_open","get_magic_chest","chest_fortune_open","chest_landing_magic","openChest_fortune","soundbanks/ui_battle_general/ui_menu_general_tap_magic_chest","soundbanks/ui_menu_general/ui_menu_general_jingle_openchest_fortune",,"TID_CHEST_SHOP_MEDIUM",,5,,"sc/ui.sc","icon_chests_fortune_small",,,,,,,,,,,,,"Fortune",,"TRUE","TRUE","TRUE",,"TRUE",,,,,,,,,,,,,,,,,,,,,,,,,,,,,,,,,
"Shop_Medium_0_Arena3",,"Arena3","FortuneLock",,,,178,5,,5,30,1500,1600,,,,21,21,"sc/ui_chest.sc","chest_fortune_open","chest_fortune_open","get_magic_chest","chest_fortune_open","chest_landing_magic","openChest_fortune","soundbanks/ui_battle_general/ui_menu_general_tap_magic_chest","soundbanks/ui_menu_general/ui_menu_general_jingle_openchest_fortune",,"TID_CHEST_SHOP_MEDIUM",,5,,"sc/ui.sc","icon_chests_fortune_small",,,,,,,,,,,,,"Fortune",,"TRUE","TRUE","TRUE",,"TRUE",,,,,,,,,,,,,,,,,,,,,,,,,,,,,,,,,
"Shop_Medium_0_Arena4",,"Arena4","FortuneLock",,,,186,5,,5,30,1500,1600,,,,21,21,"sc/ui_chest.sc","chest_fortune_open","chest_fortune_open","get_magic_chest","chest_fortune_open","chest_landing_magic","openChest_fortune_boost","soundbanks/ui_battle_general/ui_menu_general_tap_magic_chest","soundbanks/ui_menu_general/ui_menu_general_jingle_openchest_fortune_boost",,"TID_CHEST_SHOP_MEDIUM",,5,,"sc/ui.sc","icon_chests_fortune_small",50,50,,,,,,,,,,,"Fortune",,"TRUE","TRUE","TRUE",,"TRUE",,,,,,,,,,,,,,,,,,,,,,,,,,,,,,,,,
"Shop_Medium_1_Arena5",,"Arena5","Fortune",,,,194,5,,5,30,1500,1600,,,,21,21,"sc/ui_chest.sc","chest_fortune_open","chest_fortune_open","get_magic_chest","chest_fortune_open","chest_landing_magic","openChest_fortune_boost","soundbanks/ui_battle_general/ui_menu_general_tap_magic_chest","soundbanks/ui_menu_general/ui_menu_general_jingle_openchest_fortune_boost",,"TID_CHEST_SHOP_MEDIUM",,5,,"sc/ui.sc","icon_chests_fortune_small",20,20,,,,,,,,,,,"Fortune",,"TRUE","TRUE","TRUE",,"TRUE",,,,,,,,,,,,,,,,,,,,,,,,,,,,,,,,,
"Shop_Medium_1_Arena6",,"Arena6","Fortune",,,,202,5,,5,30,1500,1600,,,,21,21,"sc/ui_chest.sc","chest_fortune_open","chest_fortune_open","get_magic_chest","chest_fortune_open","chest_landing_magic","openChest_fortune_boost","soundbanks/ui_battle_general/ui_menu_general_tap_magic_chest","soundbanks/ui_menu_general/ui_menu_general_jingle_openchest_fortune_boost",,"TID_CHEST_SHOP_MEDIUM",,5,,"sc/ui.sc","icon_chests_fortune_small",20,20,,,,,,,,,,,"Fortune",,"TRUE","TRUE","TRUE",,"TRUE",,,,,,,,,,,,,,,,,,,,,,,,,,,,,,,,,
"Shop_Medium_1_Arena7",,"Arena7","Fortune",,,,210,5,,5,30,1500,1600,,,,21,21,"sc/ui_chest.sc","chest_fortune_open","chest_fortune_open","get_magic_chest","chest_fortune_open","chest_landing_magic","openChest_fortune_boost","soundbanks/ui_battle_general/ui_menu_general_tap_magic_chest","soundbanks/ui_menu_general/ui_menu_general_jingle_openchest_fortune_boost",,"TID_CHEST_SHOP_MEDIUM",,5,,"sc/ui.sc","icon_chests_fortune_small",15,15,,,,,,,,,,,"Fortune",,"TRUE","TRUE","TRUE",,"TRUE",,,,,,,,,,,,,,,,,,,,,,,,,,,,,,,,,
"Shop_Medium_1_Arena8",,"Arena8","Fortune",,,,218,5,,5,30,1500,1600,,,,21,21,"sc/ui_chest.sc","chest_fortune_open","chest_fortune_open","get_magic_chest","chest_fortune_open","chest_landing_magic","openChest_fortune_boost","soundbanks/ui_battle_general/ui_menu_general_tap_magic_chest","soundbanks/ui_menu_general/ui_menu_general_jingle_openchest_fortune_boost",,"TID_CHEST_SHOP_MEDIUM",,5,,"sc/ui.sc","icon_chests_fortune_small",15,15,,,,,,,,,,,"Fortune",,"TRUE","TRUE","TRUE",,"TRUE",,,,,,,,,,,,,,,,,,,,,,,,,,,,,,,,,
"Shop_Medium_1_Arena9",,"Arena9","Fortune",,,,226,5,,5,30,1500,1600,,,,21,21,"sc/ui_chest.sc","chest_fortune_open","chest_fortune_open","get_magic_chest","chest_fortune_open","chest_landing_magic","openChest_fortune_boost","soundbanks/ui_battle_general/ui_menu_general_tap_magic_chest","soundbanks/ui_menu_general/ui_menu_general_jingle_openchest_fortune_boost",,"TID_CHEST_SHOP_MEDIUM",,5,,"sc/ui.sc","icon_chests_fortune_small",15,15,,,,,,,,,,,"Fortune",,"TRUE","TRUE","TRUE",,"TRUE",,,,,,,,,,,,,,,,,,,,,,,,,,,,,,,,,
"Shop_Medium_1_Arena_L",,"Arena_L","Fortune",,,,234,5,,5,30,1500,1600,,,,21,21,"sc/ui_chest.sc","chest_fortune_open","chest_fortune_open","get_magic_chest","chest_fortune_open","chest_landing_magic","openChest_fortune_boost","soundbanks/ui_battle_general/ui_menu_general_tap_magic_chest","soundbanks/ui_menu_general/ui_menu_general_jingle_openchest_fortune_boost",,"TID_CHEST_SHOP_MEDIUM",,5,,"sc/ui.sc","icon_chests_fortune_small",10,10,,,,,,,,,,,"Fortune",,"TRUE","TRUE","TRUE",,"TRUE",,,,,,,,,,,,,,,,,,,,,,,,,,,,,,,,,
"Shop_Medium_1_Arena_Electric",,"Arena_Electric","Fortune",,,,242,5,,5,30,1500,1600,,,,21,21,"sc/ui_chest.sc","chest_fortune_open","chest_fortune_open","get_magic_chest","chest_fortune_open","chest_landing_magic","openChest_fortune_boost","soundbanks/ui_battle_general/ui_menu_general_tap_magic_chest","soundbanks/ui_menu_general/ui_menu_general_jingle_openchest_fortune_boost",,"TID_CHEST_SHOP_MEDIUM",,5,,"sc/ui.sc","icon_chests_fortune_small",10,10,,,,,,,,,,,"Fortune",,"TRUE","TRUE","TRUE",,"TRUE",,,,,,,,,,,,,,,,,,,,,,,,,,,,,,,,,
"Shop_Medium_1_Arena_T",,"Arena_T","Fortune",,,,250,5,,5,30,1500,1600,,,,21,21,"sc/ui_chest.sc","chest_fortune_open","chest_fortune_open","get_magic_chest","chest_fortune_open","chest_landing_magic","openChest_fortune_boost","soundbanks/ui_battle_general/ui_menu_general_tap_magic_chest","soundbanks/ui_menu_general/ui_menu_general_jingle_openchest_fortune_boost",,"TID_CHEST_SHOP_MEDIUM",,5,,"sc/ui.sc","icon_chests_fortune_small",10,10,,,,,,,,,,,"Fortune",,"TRUE","TRUE","TRUE",,"TRUE",,,,,,,,,,,,,,,,,,,,,,,,,,,,,,,,,
"Shop_Large_Arena1",,"Arena1","Kings",,,,240,8,,5,15,400,0,,,,36,36,"sc/ui_chest.sc","chest_king_open","chest_king_open","get_magic_chest","chest_king_open","chest_landing_magic","openChest_kings","soundbanks/ui_battle_general/ui_menu_general_tap_magic_chest","soundbanks/ui_menu_general/ui_menu_general_jingle_openchest_kings",,"TID_CHEST_SHOP_LARGE",,5,,"sc/ui.sc","icon_chests_kings_small",,,,,,,,,,,,,"Kings",,"TRUE","TRUE","TRUE",,"TRUE",,,,,,,,,,,,,,,,,,,,,,,,,,,,,,,,,
"Shop_Large_Arena2",,"Arena2","Kings",,,,250,8,,5,15,400,0,,,,36,36,"sc/ui_chest.sc","chest_king_open","chest_king_open","get_magic_chest","chest_king_open","chest_landing_magic","openChest_kings","soundbanks/ui_battle_general/ui_menu_general_tap_magic_chest","soundbanks/ui_menu_general/ui_menu_general_jingle_openchest_kings",,"TID_CHEST_SHOP_LARGE",,5,,"sc/ui.sc","icon_chests_kings_small",,,,,,,,,,,,,"Kings",,"TRUE","TRUE","TRUE",,"TRUE",,,,,,,,,,,,,,,,,,,,,,,,,,,,,,,,,
"Shop_Large_Arena3",,"Arena3","Kings",,,,260,8,,5,15,400,0,,,,36,36,"sc/ui_chest.sc","chest_king_open","chest_king_open","get_magic_chest","chest_king_open","chest_landing_magic","openChest_kings","soundbanks/ui_battle_general/ui_menu_general_tap_magic_chest","soundbanks/ui_menu_general/ui_menu_general_jingle_openchest_kings",,"TID_CHEST_SHOP_LARGE",,5,,"sc/ui.sc","icon_chests_kings_small",,,,,,,,,,,,,"Kings",,"TRUE","TRUE","TRUE",,"TRUE",,,,,,,,,,,,,,,,,,,,,,,,,,,,,,,,,
"Shop_Large_Arena4",,"Arena4","Kings",,,,270,8,,5,15,400,0,,,,36,36,"sc/ui_chest.sc","chest_king_open","chest_king_open","get_magic_chest","chest_king_open","chest_landing_magic","openChest_kings","soundbanks/ui_battle_general/ui_menu_general_tap_magic_chest","soundbanks/ui_menu_general/ui_menu_general_jingle_openchest_kings",,"TID_CHEST_SHOP_LARGE",,5,,"sc/ui.sc","icon_chests_kings_small",,,,,,,,,,,,,"Kings",,"TRUE","TRUE","TRUE",,"TRUE","TRUE",49,14,5,,,,,,,,,,,,,,,,,,,,,,,,,,,,,
"Shop_Large_Arena5",,"Arena5","Kings",,,,280,8,,5,15,400,0,,,,36,36,"sc/ui_chest.sc","chest_king_open","chest_king_open","get_magic_chest","chest_king_open","chest_landing_magic","openChest_kings","soundbanks/ui_battle_general/ui_menu_general_tap_magic_chest","soundbanks/ui_menu_general/ui_menu_general_jingle_openchest_kings",,"TID_CHEST_SHOP_LARGE",,5,,"sc/ui.sc","icon_chests_kings_small",,,,,,,,,,,,,"Kings",,"TRUE","TRUE","TRUE",,"TRUE","TRUE",51,14,5,,,,,,,,,,,,,,,,,,,,,,,,,,,,,
"Shop_Large_Arena6",,"Arena6","Kings",,,,290,8,,5,15,400,0,,,,36,36,"sc/ui_chest.sc","chest_king_open","chest_king_open","get_magic_chest","chest_king_open","chest_landing_magic","openChest_kings","soundbanks/ui_battle_general/ui_menu_general_tap_magic_chest","soundbanks/ui_menu_general/ui_menu_general_jingle_openchest_kings",,"TID_CHEST_SHOP_LARGE",,5,,"sc/ui.sc","icon_chests_kings_small",,,,,,,,,,,,,"Kings",,"TRUE","TRUE","TRUE",,"TRUE","TRUE",53,15,5,,,,,,,,,,,,,,,,,,,,,,,,,,,,,
"Shop_Large_Legendary_Arena7",,"Arena7","Kings",,,,300,8,,5,15,400,0,,,,36,36,"sc/ui_chest.sc","chest_king_open","chest_king_open","get_magic_chest","chest_king_open","chest_landing_magic","openChest_kings","soundbanks/ui_battle_general/ui_menu_general_tap_magic_chest","soundbanks/ui_menu_general/ui_menu_general_jingle_openchest_kings",,"TID_CHEST_SHOP_LARGE",,5,,"sc/ui.sc","icon_chests_kings_small",,,,,,,,,,,,,"Kings",,"TRUE","TRUE","TRUE",,"TRUE","TRUE",55,15,5,,,,,,,,,,,,,,,,,,,,,,,,,,,,,
"Shop_Large_Legendary_Arena8",,"Arena8","Kings",,,,310,8,,5,15,400,0,,,,36,36,"sc/ui_chest.sc","chest_king_open","chest_king_open","get_magic_chest","chest_king_open","chest_landing_magic","openChest_kings","soundbanks/ui_battle_general/ui_menu_general_tap_magic_chest","soundbanks/ui_menu_general/ui_menu_general_jingle_openchest_kings",,"TID_CHEST_SHOP_LARGE",,5,,"sc/ui.sc","icon_chests_kings_small",,,,,,,,,,,,,"Kings",,"TRUE","TRUE","TRUE",,"TRUE","TRUE",57,16,5,,,,,,,,,,,,,,,,,,,,,,,,,,,,,
"Shop_Large_Legendary_Arena9",,"Arena9","Kings",,,,320,8,,5,15,400,0,,,,36,36,"sc/ui_chest.sc","chest_king_open","chest_king_open","get_magic_chest","chest_king_open","chest_landing_magic","openChest_kings","soundbanks/ui_battle_general/ui_menu_general_tap_magic_chest","soundbanks/ui_menu_general/ui_menu_general_jingle_openchest_kings",,"TID_CHEST_SHOP_LARGE",,5,,"sc/ui.sc","icon_chests_kings_small",,,,,,,,,,,,,"Kings",,"TRUE","TRUE","TRUE",,"TRUE","TRUE",59,16,5,,,,,,,,,,,,,,,,,,,,,,,,,,,,,
"Shop_Large_Legendary_Arena_L",,"Arena_L","Kings",,,,330,8,,5,15,400,0,,,,36,36,"sc/ui_chest.sc","chest_king_open","chest_king_open","get_magic_chest","chest_king_open","chest_landing_magic","openChest_kings","soundbanks/ui_battle_general/ui_menu_general_tap_magic_chest","soundbanks/ui_menu_general/ui_menu_general_jingle_openchest_kings",,"TID_CHEST_SHOP_LARGE",,5,,"sc/ui.sc","icon_chests_kings_small",,,,,,,,,,,,,"Kings",,"TRUE","TRUE","TRUE",,"TRUE","TRUE",60,17,6,,,,,,,,,,,,,,,,,,,,,,,,,,,,,
"Shop_Large_Legendary_Arena_Electric",,"Arena_Electric","LegendaryKings",,,,340,8,,5,15,400,0,,,,36,36,"sc/ui_chest.sc","chest_legendary_king_open","chest_legendary_king_open","get_magic_chest","chest_legendary_king_open","chest_landing_magic","openChest_legend_kings","soundbanks/ui_battle_general/ui_menu_general_tap_magic_chest","soundbanks/ui_menu_general/ui_menu_general_jingle_openchest_legend_kings",,"TID_CHEST_SHOP_LARGE_LEGENDARY",,5,"TRUE","sc/ui.sc","icon_chests_legendarykings_small",1,,,,,,,,,,,,"Kings",,"TRUE","TRUE","TRUE",,"TRUE","TRUE",62,17,6,1,,"AddChampionIfUnlocked",,,,,,,,,,,,,,,,,,,,,,,,,,
"Shop_Large_Legendary_Arena_T",,"Arena_T","LegendaryKings",,,,350,8,,5,15,400,0,,,,36,36,"sc/ui_chest.sc","chest_legendary_king_open","chest_legendary_king_open","get_magic_chest","chest_legendary_king_open","chest_landing_magic","openChest_legend_kings","soundbanks/ui_battle_general/ui_menu_general_tap_magic_chest","soundbanks/ui_menu_general/ui_menu_general_jingle_openchest_legend_kings",,"TID_CHEST_SHOP_LARGE_LEGENDARY",,5,"TRUE","sc/ui.sc","icon_chests_legendarykings_small",1,,,,,,,,,,,,"Kings",,"TRUE","TRUE","TRUE",,"TRUE","TRUE",64,18,6,1,,"AddChampionIfUnlocked",,,,,,,,,,,,,,,,,,,,,,,,,,
"Shop_Medium_1_Arena1",,"Arena1","Fortune",,,,162,5,,5,30,1500,1600,,,,21,21,"sc/ui_chest.sc","chest_fortune_open","chest_fortune_open","get_magic_chest","chest_fortune_open","chest_landing_magic","openChest_fortune_boost","soundbanks/ui_battle_general/ui_menu_general_tap_magic_chest","soundbanks/ui_menu_general/ui_menu_general_jingle_openchest_fortune_boost",,"TID_CHEST_SHOP_MEDIUM",,5,,"sc/ui.sc","icon_chests_fortune_small",,,,,,,,,,,,,"Fortune",,"TRUE","TRUE","TRUE",,"TRUE",,,,,,,,,,,,,,,,,,,,,,,,,,,,,,,,,
"Shop_Medium_1_Arena2",,"Arena2","Fortune",,,,170,5,,5,30,1500,1600,,,,21,21,"sc/ui_chest.sc","chest_fortune_open","chest_fortune_open","get_magic_chest","chest_fortune_open","chest_landing_magic","openChest_fortune_boost","soundbanks/ui_battle_general/ui_menu_general_tap_magic_chest","soundbanks/ui_menu_general/ui_menu_general_jingle_openchest_fortune_boost",,"TID_CHEST_SHOP_MEDIUM",,5,,"sc/ui.sc","icon_chests_fortune_small",,,,,,,,,,,,,"Fortune",,"TRUE","TRUE","TRUE",,"TRUE",,,,,,,,,,,,,,,,,,,,,,,,,,,,,,,,,
"Shop_Medium_1_Arena3",,"Arena3","Fortune",,,,178,5,,5,30,1500,1600,,,,21,21,"sc/ui_chest.sc","chest_fortune_open","chest_fortune_open","get_magic_chest","chest_fortune_open","chest_landing_magic","openChest_fortune_boost","soundbanks/ui_battle_general/ui_menu_general_tap_magic_chest","soundbanks/ui_menu_general/ui_menu_general_jingle_openchest_fortune_boost",,"TID_CHEST_SHOP_MEDIUM",,5,,"sc/ui.sc","icon_chests_fortune_small",,,,,,,,,,,,,"Fortune",,"TRUE","TRUE","TRUE",,"TRUE",,,,,,,,,,,,,,,,,,,,,,,,,,,,,,,,,
"Shop_Medium_1_Arena4",,"Arena4","Fortune",,,,186,5,,5,30,1500,1600,,,,21,21,"sc/ui_chest.sc","chest_fortune_open","chest_fortune_open","get_magic_chest","chest_fortune_open","chest_landing_magic","openChest_fortune_boost","soundbanks/ui_battle_general/ui_menu_general_tap_magic_chest","soundbanks/ui_menu_general/ui_menu_general_jingle_openchest_fortune_boost",,"TID_CHEST_SHOP_MEDIUM",,5,,"sc/ui.sc","icon_chests_fortune_small",50,50,,,,,,,,,,,"Fortune",,"TRUE","TRUE","TRUE",,"TRUE",,,,,,,,,,,,,,,,,,,,,,,,,,,,,,,,,
"CollectionDayWin",,"TrainingCamp",,,,,3,3,60,12,500,10000,10000,,,,15,21,"sc/ui_chest.sc","chest_collection_win_closed","chest_collection_win_closed","get_metal_chest","chest_open_collection_win","chest_landing_iron","openChest_win","soundbanks/ui_menu_general/ui_menu_general_tap_iron_chest","soundbanks/ui_menu_general/ui_menu_general_jingle_openchest_iron",,"TID_COLLECTION_CHEST_WIN",,,,"sc/ui_chest.sc","chest_item_generic",,,,,,,,,,,,,,,,,,,,,,,,,,,,,,,,,,,,,,,,,,,,,,,,,,,,
"CollectionDayLose",,"TrainingCamp",,,,,3,3,60,12,500,10000,10000,,,,15,21,"sc/ui_chest.sc","chest_wooden_loser_closed","chest_wooden_loser_closed","get_metal_chest","chest_open_loser_wooden","chest_landing_iron","openChest_lose","soundbanks/ui_menu_general/ui_menu_general_tap_iron_chest","soundbanks/ui_menu_general/ui_menu_general_jingle_openchest_iron",,"TID_COLLECTION_CHEST_LOSE",,,,"sc/ui_chest.sc","chest_item_generic",,,,,,,,,,,,,,,,,,,,,,,,,,,,,,,,,,,,,,,,,,,,,,,,,,,,
"WarSeasonBronze",,"TrainingCamp","WarSeason",,,,90,4,,5,40,0,0,,,,42,42,"sc/ui_chest.sc","chest_star_closed",,"get_gold_chest","chest_open_gold","chest_landing_magic","openChest_unranked","soundbanks/ui_battle_general/ui_menu_general_tap_magic_chest","soundbanks/ui_menu_general/ui_menu_general_jingle_openchest_magical",,"TID_CLAN_CROWN_CHEST",,,,"sc/ui_chest.sc","chest_item_generic",,,,,,,,,,,,,,"TRUE","TRUE",,,,,,,,,,,,,,,,,,,,,,,,,,,,,,,,,,,,,
"WarSeason3rdBronze",,"TrainingCamp","WarSeason3rd",,,,150,5,,5,40,0,0,,,,42,42,"sc/ui_chest.sc","chest_star_closed",,"get_gold_chest","chest_open_gold","chest_landing_magic","openChest_ranked","soundbanks/ui_battle_general/ui_menu_general_tap_magic_chest","soundbanks/ui_menu_general/ui_menu_general_jingle_openchest_magical",,"TID_CLAN_CROWN_CHEST",,,,"sc/ui_chest.sc","chest_item_generic",,,,,,,,,,,,,,"TRUE","TRUE",,,,,,,,,,,,,,,,,,,,,,,,,,,,,,,,,,,,,
"WarSeason2ndBronze",,"TrainingCamp","WarSeason2nd",,,,210,6,,5,40,0,0,,,,42,42,"sc/ui_chest.sc","chest_star_closed",,"get_gold_chest","chest_open_gold","chest_landing_magic","openChest_ranked","soundbanks/ui_battle_general/ui_menu_general_tap_magic_chest","soundbanks/ui_menu_general/ui_menu_general_jingle_openchest_magical",,"TID_CLAN_CROWN_CHEST",,,,"sc/ui_chest.sc","chest_item_generic",,,,,,,,,,,,,,"TRUE","TRUE",,,,,,,,,,,,,,,,,,,,,,,,,,,,,,,,,,,,,
"WarSeason1stBronze",,"TrainingCamp","WarSeason1st",,,,270,6,,5,40,4000,4000,,,,42,42,"sc/ui_chest.sc","chest_star_closed",,"get_gold_chest","chest_open_gold","chest_landing_magic","openChest_ranked","soundbanks/ui_battle_general/ui_menu_general_tap_magic_chest","soundbanks/ui_menu_general/ui_menu_general_jingle_openchest_magical",,"TID_CLAN_CROWN_CHEST",,,,"sc/ui_chest.sc","chest_item_generic",10,,,,,,,,,,,,,"TRUE","TRUE",,,,,,,,,,,,,,,,,,,,,,,,,,,,,,,,,,,,,
"WarSeasonSilver",,"TrainingCamp","WarSeason",,,,210,6,,5,40,0,0,,,,42,42,"sc/ui_chest.sc","chest_star_closed",,"get_gold_chest","chest_open_gold","chest_landing_magic","openChest_unranked","soundbanks/ui_battle_general/ui_menu_general_tap_magic_chest","soundbanks/ui_menu_general/ui_menu_general_jingle_openchest_magical",,"TID_CLAN_CROWN_CHEST",,,,"sc/ui_chest.sc","chest_item_generic",,,,,,,,,,,,,,"TRUE","TRUE",,,,,,,,,,,,,,,,,,,,,,,,,,,,,,,,,,,,,
"WarSeason3rdSilver",,"TrainingCamp","WarSeason3rd",,,,270,6,,5,40,4000,4000,,,,42,42,"sc/ui_chest.sc","chest_star_closed",,"get_gold_chest","chest_open_gold","chest_landing_magic","openChest_ranked","soundbanks/ui_battle_general/ui_menu_general_tap_magic_chest","soundbanks/ui_menu_general/ui_menu_general_jingle_openchest_magical",,"TID_CLAN_CROWN_CHEST",,,,"sc/ui_chest.sc","chest_item_generic",10,,,,,,,,,,,,,"TRUE","TRUE",,,,,,,,,,,,,,,,,,,,,,,,,,,,,,,,,,,,,
"WarSeason2ndSilver",,"TrainingCamp","WarSeason2nd",,,,330,7,,5,40,4000,4000,,,,42,42,"sc/ui_chest.sc","chest_star_closed",,"get_gold_chest","chest_open_gold","chest_landing_magic","openChest_ranked","soundbanks/ui_battle_general/ui_menu_general_tap_magic_chest","soundbanks/ui_menu_general/ui_menu_general_jingle_openchest_magical",,"TID_CLAN_CROWN_CHEST",,,,"sc/ui_chest.sc","chest_item_generic",8,,,,,,,,,,,,,"TRUE","TRUE",,,,,,,,,,,,,,,,,,,,,,,,,,,,,,,,,,,,,
"WarSeason1stSilver",,"TrainingCamp","WarSeason1st",,,,390,7,,5,40,4000,4000,,,,42,42,"sc/ui_chest.sc","chest_star_closed",,"get_gold_chest","chest_open_gold","chest_landing_magic","openChest_ranked","soundbanks/ui_battle_general/ui_menu_general_tap_magic_chest","soundbanks/ui_menu_general/ui_menu_general_jingle_openchest_magical",,"TID_CLAN_CROWN_CHEST",,,,"sc/ui_chest.sc","chest_item_generic",5,,,,,,,,,,,,,"TRUE","TRUE",,,,,,,,,,,,,,,,,,,,,,,,,,,,,,,,,,,,,
"WarSeasonGold",,"TrainingCamp","WarSeason",,,,330,7,,5,40,4000,4000,,,,42,42,"sc/ui_chest.sc","chest_star_closed",,"get_gold_chest","chest_open_gold","chest_landing_magic","openChest_unranked","soundbanks/ui_battle_general/ui_menu_general_tap_magic_chest","soundbanks/ui_menu_general/ui_menu_general_jingle_openchest_magical",,"TID_CLAN_CROWN_CHEST",,,,"sc/ui_chest.sc","chest_item_generic",8,,,,,,,,,,,,,"TRUE","TRUE",,,,,,,,,,,,,,,,,,,,,,,,,,,,,,,,,,,,,
"WarSeason3rdGold",,"TrainingCamp","WarSeason3rd",,,,390,7,,5,40,4000,4000,,,,42,42,"sc/ui_chest.sc","chest_star_closed",,"get_gold_chest","chest_open_gold","chest_landing_magic","openChest_ranked","soundbanks/ui_battle_general/ui_menu_general_tap_magic_chest","soundbanks/ui_menu_general/ui_menu_general_jingle_openchest_magical",,"TID_CLAN_CROWN_CHEST",,,,"sc/ui_chest.sc","chest_item_generic",5,,,,,,,,,,,,,"TRUE","TRUE",,,,,,,,,,,,,,,,,,,,,,,,,,,,,,,,,,,,,
"WarSeason2ndGold",,"TrainingCamp","WarSeason2nd",,,,450,8,,5,40,4000,4000,,,,42,42,"sc/ui_chest.sc","chest_star_closed",,"get_gold_chest","chest_open_gold","chest_landing_magic","openChest_ranked","soundbanks/ui_battle_general/ui_menu_general_tap_magic_chest","soundbanks/ui_menu_general/ui_menu_general_jingle_openchest_magical",,"TID_CLAN_CROWN_CHEST",,,,"sc/ui_chest.sc","chest_item_generic",4,,,,,,,,,,,,,"TRUE","TRUE",,,,,,,,,,,,,,,,,,,,,,,,,,,,,,,,,,,,,
"WarSeason1stGold",,"TrainingCamp","WarSeason1st",,,,510,8,,5,40,4000,4000,,,,42,42,"sc/ui_chest.sc","chest_star_closed",,"get_gold_chest","chest_open_gold","chest_landing_magic","openChest_ranked","soundbanks/ui_battle_general/ui_menu_general_tap_magic_chest","soundbanks/ui_menu_general/ui_menu_general_jingle_openchest_magical",,"TID_CLAN_CROWN_CHEST",,,,"sc/ui_chest.sc","chest_item_generic",3,,,,,,,,,,,,,"TRUE","TRUE",,,,,,,,,,,,,,,,,,,,,,,,,,,,,,,,,,,,,
"WarSeasonLegendary",,"TrainingCamp","WarSeason",,,,450,8,,5,40,4000,4000,,,,42,42,"sc/ui_chest.sc","chest_star_closed",,"get_gold_chest","chest_open_gold","chest_landing_magic","openChest_unranked","soundbanks/ui_battle_general/ui_menu_general_tap_magic_chest","soundbanks/ui_menu_general/ui_menu_general_jingle_openchest_magical",,"TID_CLAN_CROWN_CHEST",,,,"sc/ui_chest.sc","chest_item_generic",4,,,,,,,,,,,,,"TRUE","TRUE",,,,,,,,,,,,,,,,,,,,,,,,,,,,,,,,,,,,,
"WarSeason3rdLegendary",,"TrainingCamp","WarSeason3rd",,,,510,8,,5,40,4000,4000,,,,42,42,"sc/ui_chest.sc","chest_star_closed",,"get_gold_chest","chest_open_gold","chest_landing_magic","openChest_ranked","soundbanks/ui_battle_general/ui_menu_general_tap_magic_chest","soundbanks/ui_menu_general/ui_menu_general_jingle_openchest_magical",,"TID_CLAN_CROWN_CHEST",,,,"sc/ui_chest.sc","chest_item_generic",3,,,,,,,,,,,,,"TRUE","TRUE",,,,,,,,,,,,,,,,,,,,,,,,,,,,,,,,,,,,,
"WarSeason2ndLegendary",,"TrainingCamp","WarSeason2nd",,,,570,9,,5,40,4000,4000,,,,42,42,"sc/ui_chest.sc","chest_star_closed",,"get_gold_chest","chest_open_gold","chest_landing_magic","openChest_ranked","soundbanks/ui_battle_general/ui_menu_general_tap_magic_chest","soundbanks/ui_menu_general/ui_menu_general_jingle_openchest_magical",,"TID_CLAN_CROWN_CHEST",,,,"sc/ui_chest.sc","chest_item_generic",2,,,,,,,,,,,,,"TRUE","TRUE",,,,,,,,,,,,,,,,,,,,,,,,,,,,,,,,,,,,,
"WarSeason1stLegendary",,"TrainingCamp","WarSeason1st",,,,630,9,,5,40,4000,4000,,,,42,42,"sc/ui_chest.sc","chest_star_closed",,"get_gold_chest","chest_open_gold","chest_landing_magic","openChest_ranked","soundbanks/ui_battle_general/ui_menu_general_tap_magic_chest","soundbanks/ui_menu_general/ui_menu_general_jingle_openchest_magical",,"TID_CLAN_CROWN_CHEST",,,,"sc/ui_chest.sc","chest_item_generic",1,,,,,,,,,,,,,"TRUE","TRUE",,,,,,,,,,,,,,,,,,,,,,,,,,,,,,,,,,,,,
"WarEndChest_Bronze",,"TrainingCamp",,,,,,,,,,,,,,,,,"sc/ui_chest.sc","war_win_pouch_closed","war_win_pouch_closed","war_win_pouch_closed","chest_open_war_pouch","chest_landing_iron","openSack_warEnd","soundbanks/ui_menu_general/ui_menu_general_tap_iron_chest","soundbanks/ui_menu_general/ui_menu_general_jingle_openwar_bounty",,"TID_CLAN_WAR_CHEST",,,,"sc/ui_chest.sc","chest_item_generic",,,10,40,30,20,10,"TRUE",80,120,,,,"TRUE","TRUE",,,,,,,,,,,,,,,,,,,,,,,,,,,,,,,,,,,,,
"WarEndChest_Silver",,"TrainingCamp",,,,,,,,,,,,,,,,,"sc/ui_chest.sc","war_win_pouch_closed","war_win_pouch_closed","war_win_pouch_closed","chest_open_war_pouch","chest_landing_iron","openSack_warEnd","soundbanks/ui_menu_general/ui_menu_general_tap_iron_chest","soundbanks/ui_menu_general/ui_menu_general_jingle_openwar_bounty",,"TID_CLAN_WAR_CHEST",,,,"sc/ui_chest.sc","chest_item_generic",,,10,40,30,20,10,"TRUE",80,120,,,,"TRUE","TRUE",,,,,,,,,,,,,,,,,,,,,,,,,,,,,,,,,,,,,
"WarEndChest_Gold",,"TrainingCamp",,,,,,,,,,,,,,,,,"sc/ui_chest.sc","war_win_pouch_closed","war_win_pouch_closed","war_win_pouch_closed","chest_open_war_pouch","chest_landing_iron","openSack_warEnd","soundbanks/ui_menu_general/ui_menu_general_tap_iron_chest","soundbanks/ui_menu_general/ui_menu_general_jingle_openwar_bounty",,"TID_CLAN_WAR_CHEST",,,,"sc/ui_chest.sc","chest_item_generic",,,10,40,30,20,10,"TRUE",80,120,,,,"TRUE","TRUE",,,,,,,,,,,,,,,,,,,,,,,,,,,,,,,,,,,,,
"WarEndChest_Legendary",,"TrainingCamp",,,,,,,,,,,,,,,,,"sc/ui_chest.sc","war_win_pouch_closed","war_win_pouch_closed","war_win_pouch_closed","chest_open_war_pouch","chest_landing_iron","openSack_warEnd","soundbanks/ui_menu_general/ui_menu_general_tap_iron_chest","soundbanks/ui_menu_general/ui_menu_general_jingle_openwar_bounty",,"TID_CLAN_WAR_CHEST",,,,"sc/ui_chest.sc","chest_item_generic",,,10,40,30,20,10,"TRUE",80,120,,,,"TRUE","TRUE",,,,,,,,,,,,,,,,,,,,,,,,,,,,,,,,,,,,,
"SuperLightning",,"TrainingCamp",,,,86400,90,8,1,6,50,1000,2000,,,,15,15,"sc/ui_chest.sc","chest_lightmega_closed","chest_lightmega_open","get_lightmega_chest","chest_open_lightmega","chest_landing_mega","openChest_mega","soundbanks/ui_menu_general/ui_menu_general_tap_mega_chest","soundbanks/ui_menu_general/ui_menu_general_jingle_openchest_bigmagical",,"TID_CHEST_SUPER_LIGHTNING","TID_CHEST_SUPER_LIGHTNING_NOTIFICATION",7,,"sc/ui.sc","icon_chests_superlightning_small",,,,,,,,,,,,,,,,,,,,"TRUE",,,,,,,,,,,,,,,,,,,,,,,,,,,,,,,,
"SuperLightning_Arena1","SuperLightning","Arena1",,,,,,,,,,,,,,,,,,,,,,,,,,,,,,,,,,,,,,,,,,,3,,,,,,,,,,,,,,,,,,,,,,,,,,,,,,,,,,,,,,,,,
"SuperLightning_Arena2","SuperLightning","Arena2",,,,,,,,,,,,,,,,,,,,,,,,,,,,,,,,,,,,,,,,,,,3,,,,,,,,,,,,,,,,,,,,,,,,,,,,,,,,,,,,,,,,,
"SuperLightning_Arena3","SuperLightning","Arena3",,,,,,,,,,,,,,,,,,,,,,,,,,,,,,,,,,,,,,,,,,,4,,,,,,,,,,,,,,,,,,,,,,,,,,,,,,,,,,,,,,,,,
"SuperLightning_Arena4","SuperLightning","Arena4",,,,,,,,,,,,,,,,,,,,,,,,,,,,,,,,,,,,,,,,,,,4,,,,,,,,,,,,,,,,,,,,,,,,,,,,,,,,,,,,,,,,,
"SuperLightning_Arena5","SuperLightning","Arena5",,,,,,,,,,,,,,,,,,,,,,,,,,,,,,,,,,,,,,,,,,,5,,,,,,,,,,,,,,,,,,,,,,,,,,,,,,,,,,,,,,,,,
"SuperLightning_Arena6","SuperLightning","Arena6",,,,,,,,,,,,,,,,,,,,,,,,,,,,,,,,,,,,,,,,,,,5,,,,,,,,,,,,,,,,,,,,,,,,,,,,,,,,,,,,,,,,,
"SuperLightning_Arena7","SuperLightning","Arena7",,,,,,,,,,,,,,,,,,,,,,,,,,,,,,,,,,,,,,,,,,,6,,,,,,,,,,,,,,,,,,,,,,,,,,,,,,,,,,,,,,,,,
"SuperLightning_Arena8","SuperLightning","Arena8",,,,,,,,,,,,,,,,,,,,,,,,,,,,,,,,,,,,,,,,,,,6,,,,,,,,,,,,,,,,,,,,,,,,,,,,,,,,,,,,,,,,,
"SuperLightning_Arena9","SuperLightning","Arena9",,,,,,,,,,,,,,,,,,,,,,,,,,,,,,,,,,,,,,,,,,,6,,,,,,,,,,,,,,,,,,,,,,,,,,,,,,,,,,,,,,,,,
"SuperLightning_Arena_L","SuperLightning","Arena_L",,,,,,,,,,,,,,,,,,,,,,,,,,,,,,,,,,,,,,,,,,,6,,,,,,,,,,,,,,,,,,,,,,,,,,,,,,,,,,,,,,,,,
"SuperLightning_Arena_Electric","SuperLightning","Arena_Electric",,,,,,,,,,,,,,,,,,,,,,,,,,,,,,,,,,,,,,,,,,,6,,,,,,,,,,,,,,,,,,,,,,,,,,,,,,,,,,,,,,,,,
"SuperLightning_Arena_T","SuperLightning","Arena_T",,,,,,,,,,,,,,,,,,,,,,,,,,,,,,,,,,,,,,,,,,,6,,,,,,,,,,,,,,,,,,,,,,,,,,,,,,,,,,,,,,,,,
"Giant_Arena_L1","Giant","Arena_L1",,,,,,,,,,,,,,,,,,,,,,,,,,,,,,,,,,,,,,,,,,,,,,,,,,,,,,,,,,,,,,,,,,,,,,,,,,,,,,,,,,,,
"Super_Arena_L1","Super","Arena_L1",,,,,,,,,,,,,,,,,,,,,,,,,,,,,,,,,,,,,,,,,,,,,,,,,,,,,,,,,,,,,,,,,,,,,,,,,,,,,,,,,,,,
"Silver_Arena_L1","Silver","Arena_L1",,,,,,,,,,,,,,,,,,,,,,,,,,,,,,,,,,,,,,,,,,,,,,,,,,,,,,,,,,,,,,,,,,,,,,,,,,,,,,,,,,,,
"Gold_Arena_L1","Gold","Arena_L1",,,,,,,,,,,,,,,,,,,,,,,,,,,,,,,,,,,,,,,,,,,,,,,,,,,,,,,,,,,,,,,,,,,,,,,,,,,,,,,,,,,,
"Magic_Arena_L1","Magic","Arena_L1",,,,,,,,,,,,,,,,,,,,,,,,,,,,,,,,,,,,,,,,,,,,,,,,,,,,,,,,,,,,,,,,,,,,,,,,,,,,,,,,,,,,
"Free_Arena_L1","Free","Arena_L1",,,,,,,,,,,,,,,,,,,,,,,,,,,,,,,,,,,,,,,,,,,,,,,,,,,,,,,,,,,,,,,,,,,,,,,,,,,,,,,,,,,,
"Star_Arena_L1","Star","Arena_L1",,,,,,,,,,,,,,,,,,,,,,,,,,,,,,,,,,,,,,,,,,,,,,,,,,,,,,,,,,,,,,,,,,,,,,,,,,,,,,,,,,,,
"Epic_Arena_L1","Epic","Arena_L1",,,,,20,5,,,,,,,,,,,,,,,,,,,,,,,,,,,,,,,,,,,,,,,,,,,,,,,,,,,,,,,,,,,,,,,,,,,,,,,,,,,,,,
"Survival_Bronze_Arena_L1","Survival_Bronze","Arena_L1",,,"TRUE",,,,,,,,,,,,,,,,,,,,,,,,,,,,,,,,,,,,,,,,,,,,,,,,,,,,,,,,,,,,,,,,,,,,,,,,,,,,,,,,,
"Survival_Gold_Arena_L1","Survival_Gold","Arena_L1",,,"TRUE",,,,,,,,,,,,,,,,,,,,,,,,,,,,,,,,,,,,,,,,,,,,,,,,,,,,,,,,,,,,,,,,,,,,,,,,,,,,,,,,,
"Draft_Arena_L1",,"Arena_L1",,,,,170,5,,5,30,600,600,,,,21,24,"sc/ui_chest.sc","chest_draft_closed","chest_draft_open","get_magic_chest","chest_open_draft","chest_landing_magic","openChest_draft","soundbanks/ui_menu_general/ui_menu_general_jingle_tap_champions_chest","soundbanks/ui_menu_general/ui_menu_general_jingle_openchest_champion",,"TID_CHEST_DRAFT",,208,"TRUE","sc/ui.sc","icon_chests_draft_small",,,,,,,,,,,,,,,,,,,,,,,,,,,,,,,,,,,,,,,,,,,,,,,,,,,,
"StarBoosted_Arena_L1","StarBoosted","Arena_L1",,,,,,,,,,,,,,,,,,,,,,,,,,,,,,,,,,,,,,,,,,,,,,,,,,,,,,,,,,,,,,,,,,,,,,,,,,,,,,,,,,,,
"ClanCrownChest_Arena_L1","ClanCrownChest","Arena_L1",,,,,,,,,,,,,,,,,,,,,,,,,,,,,,,,,,,,,,,,,,,,,,,,,,,,,,,,,,,,,,,,,,,,,,,,,,,,,,,,,,,,
"Tournament1st_Arena_L1","Tournament1st","Arena_L1",,"TRUE",,,,,,,,,,,,,,,,,,,,,,,,,,,,,,,,,,,,,,,,,,,,,,,,,,,,,,,,,,,,,,,,,,,,,,,,,,,,,,,,,,
"Tournament2nd_Arena_L1","Tournament2nd","Arena_L1",,"TRUE",,,,,,,,,,,,,,,,,,,,,,,,,,,,,,,,,,,,,,,,,,,,,,,,,,,,,,,,,,,,,,,,,,,,,,,,,,,,,,,,,,
"Tournament3rd_Arena_L1","Tournament3rd","Arena_L1",,"TRUE",,,,,,,,,,,,,,,,,,,,,,,,,,,,,,,,,,,,,,,,,,,,,,,,,,,,,,,,,,,,,,,,,,,,,,,,,,,,,,,,,,
"TournamentOther_Arena_L1","TournamentOther","Arena_L1",,"TRUE",,,,,,,,,,,,,,,,,,,,,,,,,,,,,,,,,,,,,,,,,,,,,,,,,,,,,,,,,,,,,,,,,,,,,,,,,,,,,,,,,,
"Tournament1st_Arena_L1_2","Tournament1st_2","Arena_L1",,"TRUE",,,,,,,,,,,,,,,,,,,,,,,,,,,,,,,,,,,,,,,,,,,,,,,,,,,,,,,,,,,,,,,,,,,,,,,,,,,,,,,,,,
"Tournament2nd_Arena_L1_2","Tournament2nd_2","Arena_L1",,"TRUE",,,,,,,,,,,,,,,,,,,,,,,,,,,,,,,,,,,,,,,,,,,,,,,,,,,,,,,,,,,,,,,,,,,,,,,,,,,,,,,,,,
"Tournament3rd_Arena_L1_2","Tournament3rd_2","Arena_L1",,"TRUE",,,,,,,,,,,,,,,,,,,,,,,,,,,,,,,,,,,,,,,,,,,,,,,,,,,,,,,,,,,,,,,,,,,,,,,,,,,,,,,,,,
"TournamentOther_Arena_L1_2","TournamentOther_2","Arena_L1",,"TRUE",,,,,,,,,,,,,,,,,,,,,,,,,,,,,,,,,,,,,,,,,,,,,,,,,,,,,,,,,,,,,,,,,,,,,,,,,,,,,,,,,,
"Shop_Small_1_Arena_L1",,"Arena_L1","Lightning",,,,265,4,,6,50,1000,2000,,,,15,15,"sc/ui_chest.sc","chest_lightning_open","chest_lightning_open","get_magic_chest","chest_lightning_open","chest_landing_magic","openChest_lightning","soundbanks/ui_battle_general/ui_menu_general_tap_magic_chest","soundbanks/ui_menu_general/ui_menu_general_jingle_openchest_lightning",,"TID_CHEST_SHOP_SMALL",,5,,"sc/ui.sc","icon_chests_lightning_small",,,,,,,,,,,6,,"Lightning",,"TRUE","TRUE","TRUE","TRUE","TRUE","TRUE",,,,,,,,,,,,,,,,,,,,,,,,,,,,,,,,
"Shop_Medium_1_Arena_L1",,"Arena_L1","Fortune",,,,274,5,,5,30,1500,1600,,,,21,21,"sc/ui_chest.sc","chest_fortune_open","chest_fortune_open","get_magic_chest","chest_fortune_open","chest_landing_magic","openChest_fortune_boost","soundbanks/ui_battle_general/ui_menu_general_tap_magic_chest","soundbanks/ui_menu_general/ui_menu_general_jingle_openchest_fortune_boost",,"TID_CHEST_SHOP_MEDIUM",,5,,"sc/ui.sc","icon_chests_fortune_small",10,10,,,,,,,,,,,"Fortune",,"TRUE","TRUE","TRUE",,"TRUE",,,,,,,,,,,,,,,,,,,,,,,,,,,,,,,,,
"Shop_Large_Legendary_Arena_L1",,"Arena_L1","LegendaryKings",,,,380,8,,5,15,400,0,,,,36,36,"sc/ui_chest.sc","chest_legendary_king_open","chest_legendary_king_open","get_magic_chest","chest_legendary_king_open","chest_landing_magic","openChest_legend_kings","soundbanks/ui_battle_general/ui_menu_general_tap_magic_chest","soundbanks/ui_menu_general/ui_menu_general_jingle_openchest_legend_kings",,"TID_CHEST_SHOP_LARGE_LEGENDARY",,5,"TRUE","sc/ui.sc","icon_chests_legendarykings_small",1,,,,,,,,,,,,"Kings",,"TRUE","TRUE","TRUE",,"TRUE","TRUE",70,19,6,1,,"AddChampionIfUnlocked",,,,,,,,,,,,,,,,,,,,,,,,,,
"SuperLightning_Arena_L1","SuperLightning","Arena_L1",,,,,,,,,,,,,,,,,,,,,,,,,,,,,,,,,,,,,,,,,,,6,,,,,,,,,,,,,,,,,,,,,,,,,,,,,,,,,,,,,,,,,
"SeasonPass_Pro_T1",,"TrainingCamp",,,,,120,4,,15,,12500,,,,,,,"sc/ui_chest.sc","chest_pass_common_closed","chest_pass_common_open","get_gold_chest","chest_open_pass_common","chest_landing_gold","openChest_magical","soundbanks/ui_battle_general/ui_menu_general_tap_magic_chest","soundbanks/ui_menu_general/ui_menu_general_jingle_openchest_magical",,"TID_CHEST_SEASON_T1",,,,"sc/ui_chest.sc","chest_item_generic",,,,,,,,,,,,"TRUE",,"TRUE","TRUE",,,,"TRUE",,,,,,,,,,,,,,,,,,,,,,,,,,,,,,,,,
"SeasonPass_Pro_T2",,"TrainingCamp",,,,,35,4,,1,,1500,,,,,,,"sc/ui_chest.sc","chest_pass_rare_closed","chest_pass_rare_open","get_gold_chest","chest_open_pass_rare","chest_landing_gold","openChest_magical","soundbanks/ui_battle_general/ui_menu_general_tap_magic_chest","soundbanks/ui_menu_general/ui_menu_general_jingle_openchest_magical",,"TID_CHEST_SEASON_T2",,,,"sc/ui_chest.sc","chest_item_generic",,,,,,,,,,,,"TRUE",,"TRUE","TRUE",,,,"TRUE",,,,,,,,,,,,,,,,,,,,,,,,,,,,,,,,,
"SeasonPass_Pro_T3",,"TrainingCamp",,,,,18,4,,,1,160,,,,,,,"sc/ui_chest.sc","chest_pass_epic_closed","chest_pass_epic_open","get_gold_chest","chest_open_pass_epic","chest_landing_gold","openChest_magical","soundbanks/ui_battle_general/ui_menu_general_tap_magic_chest","soundbanks/ui_menu_general/ui_menu_general_jingle_openchest_magical",,"TID_CHEST_SEASON_T3",,,,"sc/ui_chest.sc","chest_item_generic",,,,,,,,,,,,"TRUE",,"TRUE","TRUE",,,,"TRUE",,,,,,,,,,,,,,,,,,,,,,,,,,,,,,,,,
"SeasonPass_Pro_T4",,"Arena_L",,,,,1,1,,,,1,,,,,,,"sc/ui_chest.sc","chest_light_legendary_closed","chest_light_legendary_open","get_legendary_chest","chest_open_lightning_legendary","chest_landing_legendary","openChest_magical","soundbanks/ui_battle_general/ui_menu_general_tap_magic_chest","soundbanks/ui_menu_general/ui_menu_general_jingle_openchest_magical",,"TID_CHEST_SEASON_T4",,,,"sc/ui_chest.sc","chest_item_generic",1,,,,,,,,,,,"TRUE",,,"TRUE",,,,"TRUE",,,,,,,,,,,,,,,,,,,,,,,,,,,,,,,,,
"SeasonPass_Rookie_T1",,"TrainingCamp",,,,,80,4,,16,,,,,,,,,"sc/ui_chest.sc","chest_pass_common_closed","chest_pass_common_open","get_gold_chest","chest_open_pass_common","chest_landing_gold","openChest_magical","soundbanks/ui_battle_general/ui_menu_general_tap_magic_chest","soundbanks/ui_menu_general/ui_menu_general_jingle_openchest_magical",,"TID_CHEST_SEASON_T1",,,,"sc/ui_chest.sc","chest_item_generic",,,,,,,,,,,,"TRUE",,"TRUE","TRUE",,,,"TRUE",,,,,,,,,,,,,,,,,,,,,,,,,,,,,,,,,
"SeasonPass_Rookie_T2",,"TrainingCamp",,,,,25,4,,1,,,,,,,,,"sc/ui_chest.sc","chest_pass_rare_closed","chest_pass_rare_open","get_gold_chest","chest_open_pass_rare","chest_landing_gold","openChest_magical","soundbanks/ui_battle_general/ui_menu_general_tap_magic_chest","soundbanks/ui_menu_general/ui_menu_general_jingle_openchest_magical",,"TID_CHEST_SEASON_T2",,,,"sc/ui_chest.sc","chest_item_generic",,,,,,,,,,,,"TRUE",,"TRUE","TRUE",,,,"TRUE",,,,,,,,,,,,,,,,,,,,,,,,,,,,,,,,,
"SeasonPass_Rookie_T3",,"TrainingCamp",,,,,9,4,,,1,,,,,,,,"sc/ui_chest.sc","chest_pass_epic_closed","chest_pass_epic_open","get_gold_chest","chest_open_pass_epic","chest_landing_gold","openChest_magical","soundbanks/ui_battle_general/ui_menu_general_tap_magic_chest","soundbanks/ui_menu_general/ui_menu_general_jingle_openchest_magical",,"TID_CHEST_SEASON_T3",,,,"sc/ui_chest.sc","chest_item_generic",,,,,,,,,,,,"TRUE",,"TRUE","TRUE",,,,"TRUE",,,,,,,,,,,,,,,,,,,,,,,,,,,,,,,,,
"SeasonPass_Rookie_T4",,"Arena_L",,,,,1,1,,,,1,,,,,,,"sc/ui_chest.sc","chest_light_legendary_closed","chest_light_legendary_open","get_legendary_chest","chest_open_lightning_legendary","chest_landing_legendary","openChest_magical","soundbanks/ui_battle_general/ui_menu_general_tap_magic_chest","soundbanks/ui_menu_general/ui_menu_general_jingle_openchest_magical",,"TID_CHEST_SEASON_T4",,,,"sc/ui_chest.sc","chest_item_generic",1,,,,,,,,,,,"TRUE",,,"TRUE",,,,"TRUE",,,,,,,,,,,,,,,,,,,,,,,,,,,,,,,,,
"WarSectionEndBronze",,"TrainingCamp","WarSectionEnd",,,,90,5,,5,40,0,0,,,,21,21,"sc/ui_clan_wars.sc","chest_league1_rank4",,"get_gold_chest","chest_open_gold","chest_landing_magic","openChest_unranked","soundbanks/ui_battle_general/ui_menu_general_tap_magic_chest","soundbanks/ui_menu_general/ui_menu_general_jingle_openchest_magical",,"TID_CLAN_CROWN_CHEST",,,,"sc/ui_chest.sc","chest_item_generic",4,,,,,,,,,,,,,"TRUE","TRUE",,,,"TRUE",,,,,,,,,,,,,,,,,,,,,,,,,,,,,,,,,
"WarSectionEnd3rdBronze",,"TrainingCamp","WarSectionEnd3rd",,,,150,5,,5,40,0,0,,,,21,21,"sc/ui_clan_wars.sc","chest_league1_rank3",,"get_gold_chest","chest_open_gold","chest_landing_magic","openChest_ranked","soundbanks/ui_battle_general/ui_menu_general_tap_magic_chest","soundbanks/ui_menu_general/ui_menu_general_jingle_openchest_magical",,"TID_CLAN_CROWN_CHEST",,,,"sc/ui_chest.sc","chest_item_generic",3,,,,,,,,,,,,,"TRUE","TRUE",,,,"TRUE",,,,,,,,,,,,,,,,,,,,,,,,,,,,,,,,,
"WarSectionEnd2ndBronze",,"TrainingCamp","WarSectionEnd2nd",,,,210,5,,5,40,0,0,,,,21,21,"sc/ui_clan_wars.sc","chest_league1_rank2",,"get_gold_chest","chest_open_gold","chest_landing_magic","openChest_ranked","soundbanks/ui_battle_general/ui_menu_general_tap_magic_chest","soundbanks/ui_menu_general/ui_menu_general_jingle_openchest_magical",,"TID_CLAN_CROWN_CHEST",,,,"sc/ui_chest.sc","chest_item_generic",2,,,,,,,,,,,,,"TRUE","TRUE",,,,"TRUE",,,,,,,,,,,,,,,,,,,,,,,,,,,,,,,,,
"WarSectionEnd1stBronze",,"TrainingCamp","WarSectionEnd1st",,,,270,5,,5,40,0,0,,,,21,21,"sc/ui_clan_wars.sc","chest_league1_rank1",,"get_gold_chest","chest_open_gold","chest_landing_magic","openChest_ranked","soundbanks/ui_battle_general/ui_menu_general_tap_magic_chest","soundbanks/ui_menu_general/ui_menu_general_jingle_openchest_magical",,"TID_CLAN_CROWN_CHEST",,,,"sc/ui_chest.sc","chest_item_generic",1,,,,,,,,,,,,,"TRUE","TRUE",,,,"TRUE",,,,,,,,,,,,,,,,,,,,,,,,,,,,,,,,,
"WarSectionEndSilver",,"TrainingCamp","WarSectionEnd",,,,210,5,,5,40,0,0,,,,21,21,"sc/ui_clan_wars.sc","chest_league2_rank4",,"get_gold_chest","chest_open_gold","chest_landing_magic","openChest_unranked","soundbanks/ui_battle_general/ui_menu_general_tap_magic_chest","soundbanks/ui_menu_general/ui_menu_general_jingle_openchest_magical",,"TID_CLAN_CROWN_CHEST",,,,"sc/ui_chest.sc","chest_item_generic",4,,,,,,,,,,,,,"TRUE","TRUE",,,,"TRUE",,,,,,,,,,,,,,,,,,,,,,,,,,,,,,,,,
"WarSectionEnd3rdSilver",,"TrainingCamp","WarSectionEnd3rd",,,,270,5,,5,40,0,0,,,,21,21,"sc/ui_clan_wars.sc","chest_league2_rank3",,"get_gold_chest","chest_open_gold","chest_landing_magic","openChest_ranked","soundbanks/ui_battle_general/ui_menu_general_tap_magic_chest","soundbanks/ui_menu_general/ui_menu_general_jingle_openchest_magical",,"TID_CLAN_CROWN_CHEST",,,,"sc/ui_chest.sc","chest_item_generic",3,,,,,,,,,,,,,"TRUE","TRUE",,,,"TRUE",,,,,,,,,,,,,,,,,,,,,,,,,,,,,,,,,
"WarSectionEnd2ndSilver",,"TrainingCamp","WarSectionEnd2nd",,,,330,5,,5,40,0,0,,,,21,21,"sc/ui_clan_wars.sc","chest_league2_rank2",,"get_gold_chest","chest_open_gold","chest_landing_magic","openChest_ranked","soundbanks/ui_battle_general/ui_menu_general_tap_magic_chest","soundbanks/ui_menu_general/ui_menu_general_jingle_openchest_magical",,"TID_CLAN_CROWN_CHEST",,,,"sc/ui_chest.sc","chest_item_generic",2,,,,,,,,,,,,,"TRUE","TRUE",,,,"TRUE",,,,,,,,,,,,,,,,,,,,,,,,,,,,,,,,,
"WarSectionEnd1stSilver",,"TrainingCamp","WarSectionEnd1st",,,,390,5,,5,40,0,0,,,,21,21,"sc/ui_clan_wars.sc","chest_league2_rank1",,"get_gold_chest","chest_open_gold","chest_landing_magic","openChest_ranked","soundbanks/ui_battle_general/ui_menu_general_tap_magic_chest","soundbanks/ui_menu_general/ui_menu_general_jingle_openchest_magical",,"TID_CLAN_CROWN_CHEST",,,,"sc/ui_chest.sc","chest_item_generic",1,,,,,,,,,,,,,"TRUE","TRUE",,,,"TRUE",,,,,,,,,,,,,,,,,,,,,,,,,,,,,,,,,
"WarSectionEndGold",,"TrainingCamp","WarSectionEnd",,,,330,5,,5,40,0,0,,,,21,21,"sc/ui_clan_wars.sc","chest_league3_rank4",,"get_gold_chest","chest_open_gold","chest_landing_magic","openChest_unranked","soundbanks/ui_battle_general/ui_menu_general_tap_magic_chest","soundbanks/ui_menu_general/ui_menu_general_jingle_openchest_magical",,"TID_CLAN_CROWN_CHEST",,,,"sc/ui_chest.sc","chest_item_generic",4,,,,,,,,,,,,,"TRUE","TRUE",,,,"TRUE",,,,,,,,,,,,,,,,,,,,,,,,,,,,,,,,,
"WarSectionEnd3rdGold",,"TrainingCamp","WarSectionEnd3rd",,,,390,5,,5,40,0,0,,,,21,21,"sc/ui_clan_wars.sc","chest_league3_rank3",,"get_gold_chest","chest_open_gold","chest_landing_magic","openChest_ranked","soundbanks/ui_battle_general/ui_menu_general_tap_magic_chest","soundbanks/ui_menu_general/ui_menu_general_jingle_openchest_magical",,"TID_CLAN_CROWN_CHEST",,,,"sc/ui_chest.sc","chest_item_generic",3,,,,,,,,,,,,,"TRUE","TRUE",,,,"TRUE",,,,,,,,,,,,,,,,,,,,,,,,,,,,,,,,,
"WarSectionEnd2ndGold",,"TrainingCamp","WarSectionEnd2nd",,,,450,5,,5,40,0,0,,,,21,21,"sc/ui_clan_wars.sc","chest_league3_rank2",,"get_gold_chest","chest_open_gold","chest_landing_magic","openChest_ranked","soundbanks/ui_battle_general/ui_menu_general_tap_magic_chest","soundbanks/ui_menu_general/ui_menu_general_jingle_openchest_magical",,"TID_CLAN_CROWN_CHEST",,,,"sc/ui_chest.sc","chest_item_generic",2,,,,,,,,,,,,,"TRUE","TRUE",,,,"TRUE",,,,,,,,,,,,,,,,,,,,,,,,,,,,,,,,,
"WarSectionEnd1stGold",,"TrainingCamp","WarSectionEnd1st",,,,510,5,,5,40,0,0,,,,21,21,"sc/ui_clan_wars.sc","chest_league3_rank1",,"get_gold_chest","chest_open_gold","chest_landing_magic","openChest_ranked","soundbanks/ui_battle_general/ui_menu_general_tap_magic_chest","soundbanks/ui_menu_general/ui_menu_general_jingle_openchest_magical",,"TID_CLAN_CROWN_CHEST",,,,"sc/ui_chest.sc","chest_item_generic",1,,,,,,,,,,,,,"TRUE","TRUE",,,,"TRUE",,,,,,,,,,,,,,,,,,,,,,,,,,,,,,,,,
"WarSectionEndLegendary",,"TrainingCamp","WarSectionEnd",,,,450,5,,5,40,0,0,,,,21,21,"sc/ui_clan_wars.sc","chest_league4_rank4",,"get_gold_chest","chest_open_gold","chest_landing_magic","openChest_unranked","soundbanks/ui_battle_general/ui_menu_general_tap_magic_chest","soundbanks/ui_menu_general/ui_menu_general_jingle_openchest_magical",,"TID_CLAN_CROWN_CHEST",,,,"sc/ui_chest.sc","chest_item_generic",3,,,,,,,,,,,,,"TRUE","TRUE",,,,"TRUE",,,,,,,,,,,,,,,,,,,,,,,,,,,,,,,,,
"WarSectionEnd3rdLegendary",,"TrainingCamp","WarSectionEnd3rd",,,,510,5,,5,40,0,0,,,,21,21,"sc/ui_clan_wars.sc","chest_league4_rank3",,"get_gold_chest","chest_open_gold","chest_landing_magic","openChest_ranked","soundbanks/ui_battle_general/ui_menu_general_tap_magic_chest","soundbanks/ui_menu_general/ui_menu_general_jingle_openchest_magical",,"TID_CLAN_CROWN_CHEST",,,,"sc/ui_chest.sc","chest_item_generic",2,,,,,,,,,,,,,"TRUE","TRUE",,,,"TRUE",,,,,,,,,,,,,,,,,,,,,,,,,,,,,,,,,
"WarSectionEnd2ndLegendary",,"TrainingCamp","WarSectionEnd2nd",,,,570,5,,5,40,0,0,,,,21,21,"sc/ui_clan_wars.sc","chest_league4_rank2",,"get_gold_chest","chest_open_gold","chest_landing_magic","openChest_ranked","soundbanks/ui_battle_general/ui_menu_general_tap_magic_chest","soundbanks/ui_menu_general/ui_menu_general_jingle_openchest_magical",,"TID_CLAN_CROWN_CHEST",,,,"sc/ui_chest.sc","chest_item_generic",1,,,,,,,,,,,,,"TRUE","TRUE",,,,"TRUE",,,,,,,,,,,,,,,,,,,,,,,,,,,,,,,,,
"WarSectionEnd1stLegendary",,"TrainingCamp","WarSectionEnd1st",,,,630,5,,5,40,0,0,,,,21,21,"sc/ui_clan_wars.sc","chest_league4_rank1",,"get_gold_chest","chest_open_gold","chest_landing_magic","openChest_ranked","soundbanks/ui_battle_general/ui_menu_general_tap_magic_chest","soundbanks/ui_menu_general/ui_menu_general_jingle_openchest_magical",,"TID_CLAN_CROWN_CHEST",,,,"sc/ui_chest.sc","chest_item_generic",1,,,,,,,,,,,,,"TRUE","TRUE",,,,"TRUE",,,,,,,,,,,,,,,,,,,,,,,,,,,,,,,,,
"WarSectionEndDNFBronze",,"TrainingCamp",,,,,30,5,,10,40,0,0,,,,15,15,"sc/ui_clan_wars.sc","chest_boot",,"cw2_boot_open","cw2_boot_open","chest_landing_iron","openSack_warEnd","soundbanks/ui_menu_general/ui_menu_general_tap_iron_chest","soundbanks/ui_menu_general/ui_menu_general_jingle_openwar_bounty",,"TID_CLAN_WAR_CHEST",,,,"sc/ui_chest.sc","chest_item_generic",,,,,,,,,,,,,,"TRUE","TRUE",,,,"TRUE",,,,,,,,,,,,,,,,,,,,,,,,,,,,,,,,,
"WarSectionEndDNFSilver",,"TrainingCamp",,,,,70,5,,10,40,0,0,,,,15,15,"sc/ui_clan_wars.sc","chest_boot",,"cw2_boot_open","cw2_boot_open","chest_landing_iron","openSack_warEnd","soundbanks/ui_menu_general/ui_menu_general_tap_iron_chest","soundbanks/ui_menu_general/ui_menu_general_jingle_openwar_bounty",,"TID_CLAN_WAR_CHEST",,,,"sc/ui_chest.sc","chest_item_generic",,,,,,,,,,,,,,"TRUE","TRUE",,,,"TRUE",,,,,,,,,,,,,,,,,,,,,,,,,,,,,,,,,
"WarSectionEndDNFGold",,"TrainingCamp",,,,,110,5,,10,40,0,0,,,,15,15,"sc/ui_clan_wars.sc","chest_boot",,"cw2_boot_open","cw2_boot_open","chest_landing_iron","openSack_warEnd","soundbanks/ui_menu_general/ui_menu_general_tap_iron_chest","soundbanks/ui_menu_general/ui_menu_general_jingle_openwar_bounty",,"TID_CLAN_WAR_CHEST",,,,"sc/ui_chest.sc","chest_item_generic",,,,,,,,,,,,,,"TRUE","TRUE",,,,"TRUE",,,,,,,,,,,,,,,,,,,,,,,,,,,,,,,,,
"WarSectionEndDNFLegendary",,"TrainingCamp",,,,,150,5,,10,40,0,0,,,,15,15,"sc/ui_clan_wars.sc","chest_boot",,"cw2_boot_open","cw2_boot_open","chest_landing_iron","openSack_warEnd","soundbanks/ui_menu_general/ui_menu_general_tap_iron_chest","soundbanks/ui_menu_general/ui_menu_general_jingle_openwar_bounty",,"TID_CLAN_WAR_CHEST",,,,"sc/ui_chest.sc","chest_item_generic",,,,,,,,,,,,,,"TRUE","TRUE",,,,"TRUE",,,,,,,,,,,,,,,,,,,,,,,,,,,,,,,,,
"Giant_Arena13","Giant","Arena13",,,,,,,,,,,,,,,,,,,,,,,,,,,,,,,,,,,,,,,,,,,,,,,,,,,,,,,,,,,,,,,,,,,,,,,,,,,,,,,,,,,,
"Super_Arena13","Super","Arena13",,,,,,,,,,,,,,,,,,,,,,,,,,,,,,,,,,,,,,,,,,,,,,,,,,,,,,,,,,,,,,,,,,,,,,,,,,,,,,,,,,,,
"Silver_Arena13","Silver","Arena13",,,,,,,,,,,,,,,,,,,,,,,,,,,,,,,,,,,,,,,,,,,,,,,,,,,,,,,,,,,,,,,,,,,,,,,,,,,,,,,,,,,,
"Gold_Arena13","Gold","Arena13",,,,,,,,,,,,,,,,,,,,,,,,,,,,,,,,,,,,,,,,,,,,,,,,,,,,,,,,,,,,,,,,,,,,,,,,,,,,,,,,,,,,
"Magic_Arena13","Magic","Arena13",,,,,,,,,,,,,,,,,,,,,,,,,,,,,,,,,,,,,,,,,,,,,,,,,,,,,,,,,,,,,,,,,,,,,,,,,,,,,,,,,,,,
"Free_Arena13","Free","Arena13",,,,,,,,,,,,,,,,,,,,,,,,,,,,,,,,,,,,,,,,,,,,,,,,,,,,,,,,,,,,,,,,,,,,,,,,,,,,,,,,,,,,
"Star_Arena13","Star","Arena13",,,,,,,,,,,,,,,,,,,,,,,,,,,,,,,,,,,,,,,,,,,,,,,,,,,,,,,,,,,,,,,,,,,,,,,,,,,,,,,,,,,,
"Epic_Arena13","Epic","Arena13",,,,,20,5,,,,,,,,,,,,,,,,,,,,,,,,,,,,,,,,,,,,,,,,,,,,,,,,,,,,,,,,,,,,,,,,,,,,,,,,,,,,,,
"Survival_Bronze_Arena13","Survival_Bronze","Arena13",,,"TRUE",,,,,,,,,,,,,,,,,,,,,,,,,,,,,,,,,,,,,,,,,,,,,,,,,,,,,,,,,,,,,,,,,,,,,,,,,,,,,,,,,
"Survival_Gold_Arena13","Survival_Gold","Arena13",,,"TRUE",,,,,,,,,,,,,,,,,,,,,,,,,,,,,,,,,,,,,,,,,,,,,,,,,,,,,,,,,,,,,,,,,,,,,,,,,,,,,,,,,
"Draft_Arena13",,"Arena13",,,,,170,5,,5,30,600,600,,,,21,24,"sc/ui_chest.sc","chest_draft_closed","chest_draft_open","get_magic_chest","chest_open_draft","chest_landing_magic","openChest_draft","soundbanks/ui_menu_general/ui_menu_general_jingle_tap_champions_chest","soundbanks/ui_menu_general/ui_menu_general_jingle_openchest_champion",,"TID_CHEST_DRAFT",,208,"TRUE","sc/ui.sc","icon_chests_draft_small",,,,,,,,,,,,,,,,,,,,,,,,,,,,,,,,,,,,,,,,,,,,,,,,,,,,
"StarBoosted_Arena13","StarBoosted","Arena13",,,,,,,,,,,,,,,,,,,,,,,,,,,,,,,,,,,,,,,,,,,,,,,,,,,,,,,,,,,,,,,,,,,,,,,,,,,,,,,,,,,,
"ClanCrownChest_Arena13","ClanCrownChest","Arena13",,,,,,,,,,,,,,,,,,,,,,,,,,,,,,,,,,,,,,,,,,,,,,,,,,,,,,,,,,,,,,,,,,,,,,,,,,,,,,,,,,,,
"Tournament1st_Arena13","Tournament1st","Arena13",,"TRUE",,,,,,,,,,,,,,,,,,,,,,,,,,,,,,,,,,,,,,,,,,,,,,,,,,,,,,,,,,,,,,,,,,,,,,,,,,,,,,,,,,
"Tournament2nd_Arena13","Tournament2nd","Arena13",,"TRUE",,,,,,,,,,,,,,,,,,,,,,,,,,,,,,,,,,,,,,,,,,,,,,,,,,,,,,,,,,,,,,,,,,,,,,,,,,,,,,,,,,
"Tournament3rd_Arena13","Tournament3rd","Arena13",,"TRUE",,,,,,,,,,,,,,,,,,,,,,,,,,,,,,,,,,,,,,,,,,,,,,,,,,,,,,,,,,,,,,,,,,,,,,,,,,,,,,,,,,
"TournamentOther_Arena13","TournamentOther","Arena13",,"TRUE",,,,,,,,,,,,,,,,,,,,,,,,,,,,,,,,,,,,,,,,,,,,,,,,,,,,,,,,,,,,,,,,,,,,,,,,,,,,,,,,,,
"Tournament1st_Arena13_2","Tournament1st_2","Arena13",,"TRUE",,,,,,,,,,,,,,,,,,,,,,,,,,,,,,,,,,,,,,,,,,,,,,,,,,,,,,,,,,,,,,,,,,,,,,,,,,,,,,,,,,
"Tournament2nd_Arena13_2","Tournament2nd_2","Arena13",,"TRUE",,,,,,,,,,,,,,,,,,,,,,,,,,,,,,,,,,,,,,,,,,,,,,,,,,,,,,,,,,,,,,,,,,,,,,,,,,,,,,,,,,
"Tournament3rd_Arena13_2","Tournament3rd_2","Arena13",,"TRUE",,,,,,,,,,,,,,,,,,,,,,,,,,,,,,,,,,,,,,,,,,,,,,,,,,,,,,,,,,,,,,,,,,,,,,,,,,,,,,,,,,
"TournamentOther_Arena13_2","TournamentOther_2","Arena13",,"TRUE",,,,,,,,,,,,,,,,,,,,,,,,,,,,,,,,,,,,,,,,,,,,,,,,,,,,,,,,,,,,,,,,,,,,,,,,,,,,,,,,,,
"Shop_Small_1_Arena13",,"Arena13","Lightning",,,,235,4,,6,50,1000,2000,,,,15,15,"sc/ui_chest.sc","chest_lightning_open","chest_lightning_open","get_magic_chest","chest_lightning_open","chest_landing_magic","openChest_lightning","soundbanks/ui_battle_general/ui_menu_general_tap_magic_chest","soundbanks/ui_menu_general/ui_menu_general_jingle_openchest_lightning",,"TID_CHEST_SHOP_SMALL",,5,,"sc/ui.sc","icon_chests_lightning_small",,,,,,,,,,,5,,"Lightning",,"TRUE","TRUE","TRUE","TRUE","TRUE","TRUE",,,,,,,,,,,,,,,,,,,,,,,,,,,,,,,,
"Shop_Medium_1_Arena13",,"Arena13","Fortune",,,,258,5,,5,30,1500,1600,,,,21,21,"sc/ui_chest.sc","chest_fortune_open","chest_fortune_open","get_magic_chest","chest_fortune_open","chest_landing_magic","openChest_fortune_boost","soundbanks/ui_battle_general/ui_menu_general_tap_magic_chest","soundbanks/ui_menu_general/ui_menu_general_jingle_openchest_fortune_boost",,"TID_CHEST_SHOP_MEDIUM",,5,,"sc/ui.sc","icon_chests_fortune_small",10,10,,,,,,,,,,,"Fortune",,"TRUE","TRUE","TRUE",,"TRUE",,,,,,,,,,,,,,,,,,,,,,,,,,,,,,,,,
"Shop_Large_Legendary_Arena13",,"Arena13","LegendaryKings",,,,360,8,,5,15,400,0,,,,36,36,"sc/ui_chest.sc","chest_legendary_king_open","chest_legendary_king_open","get_magic_chest","chest_legendary_king_open","chest_landing_magic","openChest_legend_kings","soundbanks/ui_battle_general/ui_menu_general_tap_magic_chest","soundbanks/ui_menu_general/ui_menu_general_jingle_openchest_legend_kings",,"TID_CHEST_SHOP_LARGE_LEGENDARY",,5,"TRUE","sc/ui.sc","icon_chests_legendarykings_small",1,,,,,,,,,,,,"Kings",,"TRUE","TRUE","TRUE",,"TRUE","TRUE",66,18,6,1,,"AddChampionIfUnlocked",,,,,,,,,,,,,,,,,,,,,,,,,,
"SuperLightning_Arena13","SuperLightning","Arena13",,,,,,,,,,,,,,,,,,,,,,,,,,,,,,,,,,,,,,,,,,,6,,,,,,,,,,,,,,,,,,,,,,,,,,,,,,,,,,,,,,,,,
"Giant_Arena14","Giant","Arena14",,,,,,,,,,,,,,,,,,,,,,,,,,,,,,,,,,,,,,,,,,,,,,,,,,,,,,,,,,,,,,,,,,,,,,,,,,,,,,,,,,,,
"Super_Arena14","Super","Arena14",,,,,,,,,,,,,,,,,,,,,,,,,,,,,,,,,,,,,,,,,,,,,,,,,,,,,,,,,,,,,,,,,,,,,,,,,,,,,,,,,,,,
"Silver_Arena14","Silver","Arena14",,,,,,,,,,,,,,,,,,,,,,,,,,,,,,,,,,,,,,,,,,,,,,,,,,,,,,,,,,,,,,,,,,,,,,,,,,,,,,,,,,,,
"Gold_Arena14","Gold","Arena14",,,,,,,,,,,,,,,,,,,,,,,,,,,,,,,,,,,,,,,,,,,,,,,,,,,,,,,,,,,,,,,,,,,,,,,,,,,,,,,,,,,,
"Magic_Arena14","Magic","Arena14",,,,,,,,,,,,,,,,,,,,,,,,,,,,,,,,,,,,,,,,,,,,,,,,,,,,,,,,,,,,,,,,,,,,,,,,,,,,,,,,,,,,
"Free_Arena14","Free","Arena14",,,,,,,,,,,,,,,,,,,,,,,,,,,,,,,,,,,,,,,,,,,,,,,,,,,,,,,,,,,,,,,,,,,,,,,,,,,,,,,,,,,,
"Star_Arena14","Star","Arena14",,,,,,,,,,,,,,,,,,,,,,,,,,,,,,,,,,,,,,,,,,,,,,,,,,,,,,,,,,,,,,,,,,,,,,,,,,,,,,,,,,,,
"Epic_Arena14","Epic","Arena14",,,,,20,5,,,,,,,,,,,,,,,,,,,,,,,,,,,,,,,,,,,,,,,,,,,,,,,,,,,,,,,,,,,,,,,,,,,,,,,,,,,,,,
"Survival_Bronze_Arena14","Survival_Bronze","Arena14",,,"TRUE",,,,,,,,,,,,,,,,,,,,,,,,,,,,,,,,,,,,,,,,,,,,,,,,,,,,,,,,,,,,,,,,,,,,,,,,,,,,,,,,,
"Survival_Gold_Arena14","Survival_Gold","Arena14",,,"TRUE",,,,,,,,,,,,,,,,,,,,,,,,,,,,,,,,,,,,,,,,,,,,,,,,,,,,,,,,,,,,,,,,,,,,,,,,,,,,,,,,,
"Draft_Arena14",,"Arena14",,,,,170,5,,5,30,600,600,,,,21,24,"sc/ui_chest.sc","chest_draft_closed","chest_draft_open","get_magic_chest","chest_open_draft","chest_landing_magic","openChest_draft","soundbanks/ui_menu_general/ui_menu_general_jingle_tap_champions_chest","soundbanks/ui_menu_general/ui_menu_general_jingle_openchest_champion",,"TID_CHEST_DRAFT",,208,"TRUE","sc/ui.sc","icon_chests_draft_small",,,,,,,,,,,,,,,,,,,,,,,,,,,,,,,,,,,,,,,,,,,,,,,,,,,,
"StarBoosted_Arena14","StarBoosted","Arena14",,,,,,,,,,,,,,,,,,,,,,,,,,,,,,,,,,,,,,,,,,,,,,,,,,,,,,,,,,,,,,,,,,,,,,,,,,,,,,,,,,,,
"ClanCrownChest_Arena14","ClanCrownChest","Arena14",,,,,,,,,,,,,,,,,,,,,,,,,,,,,,,,,,,,,,,,,,,,,,,,,,,,,,,,,,,,,,,,,,,,,,,,,,,,,,,,,,,,
"Tournament1st_Arena14","Tournament1st","Arena14",,"TRUE",,,,,,,,,,,,,,,,,,,,,,,,,,,,,,,,,,,,,,,,,,,,,,,,,,,,,,,,,,,,,,,,,,,,,,,,,,,,,,,,,,
"Tournament2nd_Arena14","Tournament2nd","Arena14",,"TRUE",,,,,,,,,,,,,,,,,,,,,,,,,,,,,,,,,,,,,,,,,,,,,,,,,,,,,,,,,,,,,,,,,,,,,,,,,,,,,,,,,,
"Tournament3rd_Arena14","Tournament3rd","Arena14",,"TRUE",,,,,,,,,,,,,,,,,,,,,,,,,,,,,,,,,,,,,,,,,,,,,,,,,,,,,,,,,,,,,,,,,,,,,,,,,,,,,,,,,,
"TournamentOther_Arena14","TournamentOther","Arena14",,"TRUE",,,,,,,,,,,,,,,,,,,,,,,,,,,,,,,,,,,,,,,,,,,,,,,,,,,,,,,,,,,,,,,,,,,,,,,,,,,,,,,,,,
"Tournament1st_Arena14_2","Tournament1st_2","Arena14",,"TRUE",,,,,,,,,,,,,,,,,,,,,,,,,,,,,,,,,,,,,,,,,,,,,,,,,,,,,,,,,,,,,,,,,,,,,,,,,,,,,,,,,,
"Tournament2nd_Arena14_2","Tournament2nd_2","Arena14",,"TRUE",,,,,,,,,,,,,,,,,,,,,,,,,,,,,,,,,,,,,,,,,,,,,,,,,,,,,,,,,,,,,,,,,,,,,,,,,,,,,,,,,,
"Tournament3rd_Arena14_2","Tournament3rd_2","Arena14",,"TRUE",,,,,,,,,,,,,,,,,,,,,,,,,,,,,,,,,,,,,,,,,,,,,,,,,,,,,,,,,,,,,,,,,,,,,,,,,,,,,,,,,,
"TournamentOther_Arena14_2","TournamentOther_2","Arena14",,"TRUE",,,,,,,,,,,,,,,,,,,,,,,,,,,,,,,,,,,,,,,,,,,,,,,,,,,,,,,,,,,,,,,,,,,,,,,,,,,,,,,,,,
"Shop_Small_1_Arena14",,"Arena14","Lightning",,,,250,4,,6,50,1000,2000,,,,15,15,"sc/ui_chest.sc","chest_lightning_open","chest_lightning_open","get_magic_chest","chest_lightning_open","chest_landing_magic","openChest_lightning","soundbanks/ui_battle_general/ui_menu_general_tap_magic_chest","soundbanks/ui_menu_general/ui_menu_general_jingle_openchest_lightning",,"TID_CHEST_SHOP_SMALL",,5,,"sc/ui.sc","icon_chests_lightning_small",,,,,,,,,,,6,,"Lightning",,"TRUE","TRUE","TRUE","TRUE","TRUE","TRUE",,,,,,,,,,,,,,,,,,,,,,,,,,,,,,,,
"Shop_Medium_1_Arena14",,"Arena14","Fortune",,,,266,5,,5,30,1500,1600,,,,21,21,"sc/ui_chest.sc","chest_fortune_open","chest_fortune_open","get_magic_chest","chest_fortune_open","chest_landing_magic","openChest_fortune_boost","soundbanks/ui_battle_general/ui_menu_general_tap_magic_chest","soundbanks/ui_menu_general/ui_menu_general_jingle_openchest_fortune_boost",,"TID_CHEST_SHOP_MEDIUM",,5,,"sc/ui.sc","icon_chests_fortune_small",10,10,,,,,,,,,,,"Fortune",,"TRUE","TRUE","TRUE",,"TRUE",,,,,,,,,,,,,,,,,,,,,,,,,,,,,,,,,
"Shop_Large_Legendary_Arena14",,"Arena14","LegendaryKings",,,,370,8,,5,15,400,0,,,,36,36,"sc/ui_chest.sc","chest_legendary_king_open","chest_legendary_king_open","get_magic_chest","chest_legendary_king_open","chest_landing_magic","openChest_legend_kings","soundbanks/ui_battle_general/ui_menu_general_tap_magic_chest","soundbanks/ui_menu_general/ui_menu_general_jingle_openchest_legend_kings",,"TID_CHEST_SHOP_LARGE_LEGENDARY",,5,"TRUE","sc/ui.sc","icon_chests_legendarykings_small",1,,,,,,,,,,,,"Kings",,"TRUE","TRUE","TRUE",,"TRUE","TRUE",68,19,6,1,,"AddChampionIfUnlocked",,,,,,,,,,,,,,,,,,,,,,,,,,
"SuperLightning_Arena14","SuperLightning","Arena14",,,,,,,,,,,,,,,,,,,,,,,,,,,,,,,,,,,,,,,,,,,6,,,,,,,,,,,,,,,,,,,,,,,,,,,,,,,,,,,,,,,,,
"GoldCage_Small",,"TrainingCamp",,,,10800,0,0,,0,0,0,0,,300,600,,,"sc/ui_chest.sc","gold_cage_static_lv1","gold_cage_open_shop_lv1","get_gold_crate_bronze","gold_cage_open_collection_win_lv1","chest_landing_iron","openChest_ranked","soundbanks/ui_menu_general/ui_menu_general_tap_iron_chest","soundbanks/ui_menu_general/ui_menu_general_jingle_openwar_bounty",,"TID_GOLD_CAGE_SMALL","TID_CHEST_GOLD_CAGE_SMALL_NOTIFICATION",,,"sc/ui.sc","icon_chests_gold_cage_small_small",,,,,,,,,,,,,,,"TRUE",,,,,"TRUE",,,,,,,,,,,,,,,,,,,,,,,,,,,,,,,,
"GoldCage_Medium",,"TrainingCamp",,,,28800,0,0,,0,0,0,0,,600,1500,,,"sc/ui_chest.sc","gold_cage_static_lv2","gold_cage_open_shop_lv2","get_gold_crate_silver","gold_cage_open_collection_win_lv2","chest_landing_iron","openChest_ranked","soundbanks/ui_menu_general/ui_menu_general_tap_iron_chest","soundbanks/ui_menu_general/ui_menu_general_jingle_openwar_bounty",,"TID_GOLD_CAGE_MEDIUM","TID_CHEST_GOLD_CAGE_MEDIUM_NOTIFICATION",,,"sc/ui.sc","icon_chests_gold_cage_medium_small",,,,,,,,,,,,,,,"TRUE",,,,,"TRUE",,,,,,,,,,,,,,,,,,,,,,,,,,,,,,,,
"GoldCage_Large",,"TrainingCamp",,,,43200,0,0,,0,0,0,0,,1500,4500,,,"sc/ui_chest.sc","gold_cage_static_lv3","gold_cage_open_shop_lv3","get_gold_crate_golden","gold_cage_open_collection_win_lv3","chest_landing_iron","openChest_ranked","soundbanks/ui_menu_general/ui_menu_general_tap_iron_chest","soundbanks/ui_menu_general/ui_menu_general_jingle_openwar_bounty",,"TID_GOLD_CAGE_LARGE","TID_CHEST_GOLD_CAGE_LARGE_NOTIFICATION",,,"sc/ui.sc","icon_chests_gold_cage_large_small",,,,,,,,,,,,,,,"TRUE",,,,,"TRUE",,,,,,,,,,,,,,,,,,,,,,,,,,,,,,,,
"GoldCage_Small_Arena1","GoldCage_Small","Arena1",,,,,,,,,,,,,300,600,,,,,,,,,,,,,,,,,,,,,,,,,,,,,,,,,,,,,,,,,,,,,,,,,,,,,,,,,,,,,,,,,,,,,,
"GoldCage_Medium_Arena1","GoldCage_Medium","Arena1",,,,,,,,,,,,,600,1500,,,,,,,,,,,,,,,,,,,,,,,,,,,,,,,,,,,,,,,,,,,,,,,,,,,,,,,,,,,,,,,,,,,,,,
"GoldCage_Large_Arena1","GoldCage_Large","Arena1",,,,,,,,,,,,,1500,4500,,,,,,,,,,,,,,,,,,,,,,,,,,,,,,,,,,,,,,,,,,,,,,,,,,,,,,,,,,,,,,,,,,,,,,
"GoldCage_Small_Arena2","GoldCage_Small","Arena2",,,,,,,,,,,,,400,800,,,,,,,,,,,,,,,,,,,,,,,,,,,,,,,,,,,,,,,,,,,,,,,,,,,,,,,,,,,,,,,,,,,,,,
"GoldCage_Medium_Arena2","GoldCage_Medium","Arena2",,,,,,,,,,,,,800,2000,,,,,,,,,,,,,,,,,,,,,,,,,,,,,,,,,,,,,,,,,,,,,,,,,,,,,,,,,,,,,,,,,,,,,,
"GoldCage_Large_Arena2","GoldCage_Large","Arena2",,,,,,,,,,,,,2000,6000,,,,,,,,,,,,,,,,,,,,,,,,,,,,,,,,,,,,,,,,,,,,,,,,,,,,,,,,,,,,,,,,,,,,,,
"GoldCage_Small_Arena3","GoldCage_Small","Arena3",,,,,,,,,,,,,500,1000,,,,,,,,,,,,,,,,,,,,,,,,,,,,,,,,,,,,,,,,,,,,,,,,,,,,,,,,,,,,,,,,,,,,,,
"GoldCage_Medium_Arena3","GoldCage_Medium","Arena3",,,,,,,,,,,,,1000,2500,,,,,,,,,,,,,,,,,,,,,,,,,,,,,,,,,,,,,,,,,,,,,,,,,,,,,,,,,,,,,,,,,,,,,,
"GoldCage_Large_Arena3","GoldCage_Large","Arena3",,,,,,,,,,,,,2500,7500,,,,,,,,,,,,,,,,,,,,,,,,,,,,,,,,,,,,,,,,,,,,,,,,,,,,,,,,,,,,,,,,,,,,,,
"GoldCage_Small_Arena4","GoldCage_Small","Arena4",,,,,,,,,,,,,600,1200,,,,,,,,,,,,,,,,,,,,,,,,,,,,,,,,,,,,,,,,,,,,,,,,,,,,,,,,,,,,,,,,,,,,,,
"GoldCage_Medium_Arena4","GoldCage_Medium","Arena4",,,,,,,,,,,,,1200,3000,,,,,,,,,,,,,,,,,,,,,,,,,,,,,,,,,,,,,,,,,,,,,,,,,,,,,,,,,,,,,,,,,,,,,,
"GoldCage_Large_Arena4","GoldCage_Large","Arena4",,,,,,,,,,,,,3500,9000,,,,,,,,,,,,,,,,,,,,,,,,,,,,,,,,,,,,,,,,,,,,,,,,,,,,,,,,,,,,,,,,,,,,,,
"GoldCage_Small_Arena5","GoldCage_Small","Arena5",,,,,,,,,,,,,750,1500,,,,,,,,,,,,,,,,,,,,,,,,,,,,,,,,,,,,,,,,,,,,,,,,,,,,,,,,,,,,,,,,,,,,,,
"GoldCage_Medium_Arena5","GoldCage_Medium","Arena5",,,,,,,,,,,,,1500,3750,,,,,,,,,,,,,,,,,,,,,,,,,,,,,,,,,,,,,,,,,,,,,,,,,,,,,,,,,,,,,,,,,,,,,,
"GoldCage_Large_Arena5","GoldCage_Large","Arena5",,,,,,,,,,,,,4500,10500,,,,,,,,,,,,,,,,,,,,,,,,,,,,,,,,,,,,,,,,,,,,,,,,,,,,,,,,,,,,,,,,,,,,,,
"GoldCage_Small_Arena6","GoldCage_Small","Arena6",,,,,,,,,,,,,900,1800,,,,,,,,,,,,,,,,,,,,,,,,,,,,,,,,,,,,,,,,,,,,,,,,,,,,,,,,,,,,,,,,,,,,,,
"GoldCage_Medium_Arena6","GoldCage_Medium","Arena6",,,,,,,,,,,,,1800,4500,,,,,,,,,,,,,,,,,,,,,,,,,,,,,,,,,,,,,,,,,,,,,,,,,,,,,,,,,,,,,,,,,,,,,,
"GoldCage_Large_Arena6","GoldCage_Large","Arena6",,,,,,,,,,,,,6000,12500,,,,,,,,,,,,,,,,,,,,,,,,,,,,,,,,,,,,,,,,,,,,,,,,,,,,,,,,,,,,,,,,,,,,,,
"GoldCage_Small_Arena7","GoldCage_Small","Arena7",,,,,,,,,,,,,1100,2200,,,,,,,,,,,,,,,,,,,,,,,,,,,,,,,,,,,,,,,,,,,,,,,,,,,,,,,,,,,,,,,,,,,,,,
"GoldCage_Medium_Arena7","GoldCage_Medium","Arena7",,,,,,,,,,,,,2200,5500,,,,,,,,,,,,,,,,,,,,,,,,,,,,,,,,,,,,,,,,,,,,,,,,,,,,,,,,,,,,,,,,,,,,,,
"GoldCage_Large_Arena7","GoldCage_Large","Arena7",,,,,,,,,,,,,7500,14500,,,,,,,,,,,,,,,,,,,,,,,,,,,,,,,,,,,,,,,,,,,,,,,,,,,,,,,,,,,,,,,,,,,,,,
"GoldCage_Small_Arena8","GoldCage_Small","Arena8",,,,,,,,,,,,,1300,2600,,,,,,,,,,,,,,,,,,,,,,,,,,,,,,,,,,,,,,,,,,,,,,,,,,,,,,,,,,,,,,,,,,,,,,
"GoldCage_Medium_Arena8","GoldCage_Medium","Arena8",,,,,,,,,,,,,2600,6500,,,,,,,,,,,,,,,,,,,,,,,,,,,,,,,,,,,,,,,,,,,,,,,,,,,,,,,,,,,,,,,,,,,,,,
"GoldCage_Large_Arena8","GoldCage_Large","Arena8",,,,,,,,,,,,,9000,17000,,,,,,,,,,,,,,,,,,,,,,,,,,,,,,,,,,,,,,,,,,,,,,,,,,,,,,,,,,,,,,,,,,,,,,
"GoldCage_Small_Arena9","GoldCage_Small","Arena9",,,,,,,,,,,,,1500,3000,,,,,,,,,,,,,,,,,,,,,,,,,,,,,,,,,,,,,,,,,,,,,,,,,,,,,,,,,,,,,,,,,,,,,,
"GoldCage_Medium_Arena9","GoldCage_Medium","Arena9",,,,,,,,,,,,,3000,7500,,,,,,,,,,,,,,,,,,,,,,,,,,,,,,,,,,,,,,,,,,,,,,,,,,,,,,,,,,,,,,,,,,,,,,
"GoldCage_Large_Arena9","GoldCage_Large","Arena9",,,,,,,,,,,,,10500,19500,,,,,,,,,,,,,,,,,,,,,,,,,,,,,,,,,,,,,,,,,,,,,,,,,,,,,,,,,,,,,,,,,,,,,,
"GoldCage_Small_Arena_L","GoldCage_Small","Arena_L",,,,,,,,,,,,,1750,3500,,,,,,,,,,,,,,,,,,,,,,,,,,,,,,,,,,,,,,,,,,,,,,,,,,,,,,,,,,,,,,,,,,,,,,
"GoldCage_Medium_Arena_L","GoldCage_Medium","Arena_L",,,,,,,,,,,,,3500,8750,,,,,,,,,,,,,,,,,,,,,,,,,,,,,,,,,,,,,,,,,,,,,,,,,,,,,,,,,,,,,,,,,,,,,,
"GoldCage_Large_Arena_L","GoldCage_Large","Arena_L",,,,,,,,,,,,,13000,24000,,,,,,,,,,,,,,,,,,,,,,,,,,,,,,,,,,,,,,,,,,,,,,,,,,,,,,,,,,,,,,,,,,,,,,
"GoldCage_Small_Arena_Electric","GoldCage_Small","Arena_Electric",,,,,,,,,,,,,2000,4000,,,,,,,,,,,,,,,,,,,,,,,,,,,,,,,,,,,,,,,,,,,,,,,,,,,,,,,,,,,,,,,,,,,,,,
"GoldCage_Medium_Arena_Electric","GoldCage_Medium","Arena_Electric",,,,,,,,,,,,,4000,10000,,,,,,,,,,,,,,,,,,,,,,,,,,,,,,,,,,,,,,,,,,,,,,,,,,,,,,,,,,,,,,,,,,,,,,
"GoldCage_Large_Arena_Electric","GoldCage_Large","Arena_Electric",,,,,,,,,,,,,16000,28500,,,,,,,,,,,,,,,,,,,,,,,,,,,,,,,,,,,,,,,,,,,,,,,,,,,,,,,,,,,,,,,,,,,,,,
"GoldCage_Small_Arena_T","GoldCage_Small","Arena_T",,,,,,,,,,,,,2500,5000,,,,,,,,,,,,,,,,,,,,,,,,,,,,,,,,,,,,,,,,,,,,,,,,,,,,,,,,,,,,,,,,,,,,,,
"GoldCage_Medium_Arena_T","GoldCage_Medium","Arena_T",,,,,,,,,,,,,5000,12500,,,,,,,,,,,,,,,,,,,,,,,,,,,,,,,,,,,,,,,,,,,,,,,,,,,,,,,,,,,,,,,,,,,,,,
"GoldCage_Large_Arena_T","GoldCage_Large","Arena_T",,,,,,,,,,,,,19000,33000,,,,,,,,,,,,,,,,,,,,,,,,,,,,,,,,,,,,,,,,,,,,,,,,,,,,,,,,,,,,,,,,,,,,,,
"GoldCage_Small_Arena13","GoldCage_Small","Arena13",,,,,,,,,,,,,3000,6000,,,,,,,,,,,,,,,,,,,,,,,,,,,,,,,,,,,,,,,,,,,,,,,,,,,,,,,,,,,,,,,,,,,,,,
"GoldCage_Medium_Arena13","GoldCage_Medium","Arena13",,,,,,,,,,,,,6000,15000,,,,,,,,,,,,,,,,,,,,,,,,,,,,,,,,,,,,,,,,,,,,,,,,,,,,,,,,,,,,,,,,,,,,,,
"GoldCage_Large_Arena13","GoldCage_Large","Arena13",,,,,,,,,,,,,22500,37500,,,,,,,,,,,,,,,,,,,,,,,,,,,,,,,,,,,,,,,,,,,,,,,,,,,,,,,,,,,,,,,,,,,,,,
"GoldCage_Small_Arena14","GoldCage_Small","Arena14",,,,,,,,,,,,,3050,6100,,,,,,,,,,,,,,,,,,,,,,,,,,,,,,,,,,,,,,,,,,,,,,,,,,,,,,,,,,,,,,,,,,,,,,
"GoldCage_Medium_Arena14","GoldCage_Medium","Arena14",,,,,,,,,,,,,6100,15250,,,,,,,,,,,,,,,,,,,,,,,,,,,,,,,,,,,,,,,,,,,,,,,,,,,,,,,,,,,,,,,,,,,,,,
"GoldCage_Large_Arena14","GoldCage_Large","Arena14",,,,,,,,,,,,,22750,38000,,,,,,,,,,,,,,,,,,,,,,,,,,,,,,,,,,,,,,,,,,,,,,,,,,,,,,,,,,,,,,,,,,,,,,
"GoldCage_Small_Arena_L1","GoldCage_Small","Arena_L1",,,,,,,,,,,,,3100,6200,,,,,,,,,,,,,,,,,,,,,,,,,,,,,,,,,,,,,,,,,,,,,,,,,,,,,,,,,,,,,,,,,,,,,,
"GoldCage_Medium_Arena_L1","GoldCage_Medium","Arena_L1",,,,,,,,,,,,,6200,15500,,,,,,,,,,,,,,,,,,,,,,,,,,,,,,,,,,,,,,,,,,,,,,,,,,,,,,,,,,,,,,,,,,,,,,
"GoldCage_Large_Arena_L1","GoldCage_Large","Arena_L1",,,,,,,,,,,,,23000,38500,,,,,,,,,,,,,,,,,,,,,,,,,,,,,,,,,,,,,,,,,,,,,,,,,,,,,,,,,,,,,,,,,,,,,,
"WildChampion",,"TrainingCamp",,,,86400,0,0,,0,0,0,0,,1050,1050,,,"sc/ui_chest.sc","champion_chest_static","champion_chest_open_shop","get_champion_chest","champion_chest_open_collection_win","chest_landing_magic","openChest_star","soundbanks/ui_battle_general/ui_menu_general_tap_magic_chest","soundbanks/ui_menu_general/ui_menu_general_jingle_openchest_magical",,"TID_CHEST_WILDCHAMPION","TID_CHEST_GOLD_WILDCHAMPION",,,"sc/ui.sc","icon_chests_royal_wild_small",,,,,,,,,,,,,,,"TRUE","TRUE",,,,"TRUE",5,5,0,0,,"AddChampionIfUnlocked, OverrideBaseChestWildcards",,,,,,,,,,,,,,,,,,,,,,,,,,
"WildChampion_Arena1","WildChampion","Arena1",,,,,,,,,,,,,1050,1050,,,,,,,,,,,,,,,,,,,,,,,,,,,,,,,,,,,,,,,5,5,0,0,,,,,,,,,,,,,,,,,,,,,,,,,,,,
"WildChampion_Arena2","WildChampion","Arena2",,,,,,,,,,,,,1050,1050,,,,,,,,,,,,,,,,,,,,,,,,,,,,,,,,,,,,,,,5,5,0,0,,,,,,,,,,,,,,,,,,,,,,,,,,,,
"WildChampion_Arena3","WildChampion","Arena3",,,,,,,,,,,,,1575,1575,,,,,,,,,,,,,,,,,,,,,,,,,,,,,,,,,,,,,,,10,5,0,0,,,,,,,,,,,,,,,,,,,,,,,,,,,,
"WildChampion_Arena4","WildChampion","Arena4",,,,,,,,,,,,,2310,2310,,,,,,,,,,,,,,,,,,,,,,,,,,,,,,,,,,,,,,,15,5,2,0,,,,,,,,,,,,,,,,,,,,,,,,,,,,
"WildChampion_Arena5","WildChampion","Arena5",,,,,,,,,,,,,3465,3465,,,,,,,,,,,,,,,,,,,,,,,,,,,,,,,,,,,,,,,20,10,3,0,,,,,,,,,,,,,,,,,,,,,,,,,,,,
"WildChampion_Arena6","WildChampion","Arena6",,,,,,,,,,,,,4095,4095,,,,,,,,,,,,,,,,,,,,,,,,,,,,,,,,,,,,,,,25,10,4,0,,,,,,,,,,,,,,,,,,,,,,,,,,,,
"WildChampion_Arena7","WildChampion","Arena7",,,,,,,,,,,,,5355,5355,,,,,,,,,,,,,,,,,,,,,,,,,,,,,,,,,,,,,,,30,15,5,1,,,,,,,,,,,,,,,,,,,,,,,,,,,,
"WildChampion_Arena8","WildChampion","Arena8",,,,,,,,,,,,,6510,6510,,,,,,,,,,,,,,,,,,,,,,,,,,,,,,,,,,,,,,,35,20,6,1,,,,,,,,,,,,,,,,,,,,,,,,,,,,
"WildChampion_Arena9","WildChampion","Arena9",,,,,,,,,,,,,8715,8715,,,,,,,,,,,,,,,,,,,,,,,,,,,,,,,,,,,,,,,50,25,7,1,,,,,,,,,,,,,,,,,,,,,,,,,,,,
"WildChampion_Arena_L","WildChampion","Arena_L",,,,,,,,,,,,,11970,11970,,,,,,,,,,,,,,,,,,,,,,,,,,,,,,,,,,,,,,,75,30,8,1,,,,,,,,,,,,,,,,,,,,,,,,,,,,
"WildChampion_Arena_Electric","WildChampion","Arena_Electric",,,,,,,,,,,,,15225,15225,,,,,,,,,,,,,,,,,,,,,,,,,,,,,,,,,,,,,,,100,35,9,1,,,,,,,,,,,,,,,,,,,,,,,,,,,,
"WildChampion_Arena_T","WildChampion","Arena_T",,,,,,,,,,,,,18480,18480,,,,,,,,,,,,,,,,,,,,,,,,,,,,,,,,,,,,,,,125,40,10,1,,,,,,,,,,,,,,,,,,,,,,,,,,,,
"WildChampion_Arena13","WildChampion","Arena13",,,,,,,,,,,,,21735,21735,,,,,,,,,,,,,,,,,,,,,,,,,,,,,,,,,,,,,,,150,45,11,1,,,,,,,,,,,,,,,,,,,,,,,,,,,,
"WildChampion_Arena14","WildChampion","Arena14",,,,,,,,,,,,,24990,24990,,,,,,,,,,,,,,,,,,,,,,,,,,,,,,,,,,,,,,,175,50,12,1,,,,,,,,,,,,,,,,,,,,,,,,,,,,
"WildChampion_Arena_L1","WildChampion","Arena_L1",,,,,,,,,,,,,28455,28455,,,,,,,,,,,,,,,,,,,,,,,,,,,,,,,,,,,,,,,200,55,15,1,,,,,,,,,,,,,,,,,,,,,,,,,,,,
"LevelUpChest_KL2",,"Arena2",,,,,9,5,,9,0,0,0,,,,5,5,"sc/ui_chest.sc","levelup_chest_static",,"get_levelup_chest","levelup_chest_open_collection_win","chest_landing_magic","openChest_star","soundbanks/ui_battle_general/ui_menu_general_tap_magic_chest","soundbanks/ui_menu_general/ui_menu_general_jingle_openchest_magical",,"TID_CHEST_KINGLEVEL","TID_CHEST_GOLD_KINGLEVEL",,,,,,,,,,,,,,,,,,,"TRUE","TRUE","TRUE",,,,,,,,,,5,5,,,,,,,,,1,1,1,,,,,,,,,,,,,"Support_Cards_No_Goblins"
"LevelUpChest_KL3",,"Arena3",,,,,43,5,,14,0,0,0,,,,3,3,"sc/ui_chest.sc","levelup_chest_static",,"get_levelup_chest","levelup_chest_open_collection_win","chest_landing_magic","openChest_star","soundbanks/ui_battle_general/ui_menu_general_tap_magic_chest","soundbanks/ui_menu_general/ui_menu_general_jingle_openchest_magical",,"TID_CHEST_KINGLEVEL","TID_CHEST_GOLD_KINGLEVEL",,,,,,,,,,,,,,,,,,,"TRUE","TRUE","TRUE",,,,,,,,,,5,5,,,,,,,,,1,4,4,,,,,,,,,,,,,"Support_Cards_No_Goblins"
"LevelUpChest_KL4",,"Arena4",,,,,45,5,,9,0,0,0,,,,2,2,"sc/ui_chest.sc","levelup_chest_static",,"get_levelup_chest","levelup_chest_open_collection_win","chest_landing_magic","openChest_star","soundbanks/ui_battle_general/ui_menu_general_tap_magic_chest","soundbanks/ui_menu_general/ui_menu_general_jingle_openchest_magical",,"TID_CHEST_KINGLEVEL","TID_CHEST_GOLD_KINGLEVEL",,,,,,,,,,,,,,,,,,,"TRUE","TRUE","TRUE",,,,,,,,,,5,5,,,,,,,,,,,,,,,,,,,,,,,,
"LevelUpChest_KL5",,"Arena5",,,,,45,5,,9,0,0,0,,,,3,3,"sc/ui_chest.sc","levelup_chest_static",,"get_levelup_chest","levelup_chest_open_collection_win","chest_landing_magic","openChest_star","soundbanks/ui_battle_general/ui_menu_general_tap_magic_chest","soundbanks/ui_menu_general/ui_menu_general_jingle_openchest_magical",,"TID_CHEST_KINGLEVEL","TID_CHEST_GOLD_KINGLEVEL",,,,,,,,,,,,,,,,,,,"TRUE","TRUE","TRUE",,,,,,,,,,5,5,,,,,,,,,1,10,10,,,,,,,,,,,,,"Support_Cards_No_Goblins"
"LevelUpChest_KL6",,"Arena5",,,,,69,5,,9,137,0,0,,,,3,3,"sc/ui_chest.sc","levelup_chest_static",,"get_levelup_chest","levelup_chest_open_collection_win","chest_landing_magic","openChest_star","soundbanks/ui_battle_general/ui_menu_general_tap_magic_chest","soundbanks/ui_menu_general/ui_menu_general_jingle_openchest_magical",,"TID_CHEST_KINGLEVEL","TID_CHEST_GOLD_KINGLEVEL",,,,,,,,,,,,,,,,,,,"TRUE","TRUE","TRUE",,,,,,,,,,5,5,,,,,,,,,,,,,,,,,,,,,,,,
"LevelUpChest_KL7",,"Arena6",,,,,68,5,,9,137,0,0,,,,6,6,"sc/ui_chest.sc","levelup_chest_static",,"get_levelup_chest","levelup_chest_open_collection_win","chest_landing_magic","openChest_star","soundbanks/ui_battle_general/ui_menu_general_tap_magic_chest","soundbanks/ui_menu_general/ui_menu_general_jingle_openchest_magical",,"TID_CHEST_KINGLEVEL","TID_CHEST_GOLD_KINGLEVEL",,,,,,,,,,,,,,,,,,,"TRUE","TRUE","TRUE",,,,,,,,,,5,5,,,,,,,,,1,20,20,,,,,,,,,,,,,"Support_Cards_No_Goblins"
"LevelUpChest_KL8",,"Arena6",,,,,79,5,,7,60,0,0,,,,3,3,"sc/ui_chest.sc","levelup_chest_static",,"get_levelup_chest","levelup_chest_open_collection_win","chest_landing_magic","openChest_star","soundbanks/ui_battle_general/ui_menu_general_tap_magic_chest","soundbanks/ui_menu_general/ui_menu_general_jingle_openchest_magical",,"TID_CHEST_KINGLEVEL","TID_CHEST_GOLD_KINGLEVEL",,,,,,,,,,,,,,,,,,,"TRUE","TRUE","TRUE",,,,,,,,,,5,5,,,,,,,,,,,,,,,,,,,,,,,,
"LevelUpChest_KL9",,"Arena7",,,,,80,5,,7,60,0,0,,,,3,3,"sc/ui_chest.sc","levelup_chest_static",,"get_levelup_chest","levelup_chest_open_collection_win","chest_landing_magic","openChest_star","soundbanks/ui_battle_general/ui_menu_general_tap_magic_chest","soundbanks/ui_menu_general/ui_menu_general_jingle_openchest_magical",,"TID_CHEST_KINGLEVEL","TID_CHEST_GOLD_KINGLEVEL",,,,,,,,,,,,,,,,,,,"TRUE","TRUE","TRUE",,,,,,,,,,5,5,,,,,,,,,,,,,,,,,,,,,,,,
"LevelUpChest_KL10",,"Arena7",,,,,80,5,,7,60,0,0,,,,8,8,"sc/ui_chest.sc","levelup_chest_static",,"get_levelup_chest","levelup_chest_open_collection_win","chest_landing_magic","openChest_star","soundbanks/ui_battle_general/ui_menu_general_tap_magic_chest","soundbanks/ui_menu_general/ui_menu_general_jingle_openchest_magical",,"TID_CHEST_KINGLEVEL","TID_CHEST_GOLD_KINGLEVEL",,,,,,,,,,,,,,,,,,,"TRUE","TRUE","TRUE",,,,,,,,,,5,5,,,,,,,,,1,50,50,,,,,,,,,,,,,"Support_Cards_No_Goblins"
"LevelUpChest_KL11",,"Arena8",,,,,87,5,,9,44,0,0,,,,3,3,"sc/ui_chest.sc","levelup_chest_static",,"get_levelup_chest","levelup_chest_open_collection_win","chest_landing_magic","openChest_star","soundbanks/ui_battle_general/ui_menu_general_tap_magic_chest","soundbanks/ui_menu_general/ui_menu_general_jingle_openchest_magical",,"TID_CHEST_KINGLEVEL","TID_CHEST_GOLD_KINGLEVEL",,,,,,,,,,,,,,,,,,,"TRUE","TRUE","TRUE",,,,,,,,,,5,5,,,,,,,,,,,,,,,,,,,,,,,,
"LevelUpChest_KL12",,"Arena8",,,,,87,5,,9,44,0,0,,,,3,3,"sc/ui_chest.sc","levelup_chest_static",,"get_levelup_chest","levelup_chest_open_collection_win","chest_landing_magic","openChest_star","soundbanks/ui_battle_general/ui_menu_general_tap_magic_chest","soundbanks/ui_menu_general/ui_menu_general_jingle_openchest_magical",,"TID_CHEST_KINGLEVEL","TID_CHEST_GOLD_KINGLEVEL",,,,,,,,,,,,,,,,,,,"TRUE","TRUE","TRUE",,,,,,,,,,5,5,,,,,,,,,,,,,,,,,,,,,,,,
"LevelUpChest_KL13",,"Arena9",,,,,87,5,,9,44,0,0,,,,3,3,"sc/ui_chest.sc","levelup_chest_static",,"get_levelup_chest","levelup_chest_open_collection_win","chest_landing_magic","openChest_star","soundbanks/ui_battle_general/ui_menu_general_tap_magic_chest","soundbanks/ui_menu_general/ui_menu_general_jingle_openchest_magical",,"TID_CHEST_KINGLEVEL","TID_CHEST_GOLD_KINGLEVEL",,,,,,,,,,,,,,,,,,,"TRUE","TRUE","TRUE",,,,,,,,,,5,5,,,,,,,,,,,,,,,,,,,,,,,,
"LevelUpChest_KL14",,"Arena9",,,,,87,5,,9,44,0,0,,,,15,15,"sc/ui_chest.sc","levelup_chest_static",,"get_levelup_chest","levelup_chest_open_collection_win","chest_landing_magic","openChest_star","soundbanks/ui_battle_general/ui_menu_general_tap_magic_chest","soundbanks/ui_menu_general/ui_menu_general_jingle_openchest_magical",,"TID_CHEST_KINGLEVEL","TID_CHEST_GOLD_KINGLEVEL",,,,,,,,,,,,,,,,,,,"TRUE","TRUE","TRUE",,,,,,,,,,10,10,,,,,,,,,1,100,100,,,,,,,,,,,,,"Support_Cards_No_Goblins"
"LevelUpChest_KL15",,"Arena_L",,,,,138,5,,12,56,0,0,,,,3,3,"sc/ui_chest.sc","levelup_chest_static",,"get_levelup_chest","levelup_chest_open_collection_win","chest_landing_magic","openChest_star","soundbanks/ui_battle_general/ui_menu_general_tap_magic_chest","soundbanks/ui_menu_general/ui_menu_general_jingle_openchest_magical",,"TID_CHEST_KINGLEVEL","TID_CHEST_GOLD_KINGLEVEL",,,,,,,,,,,,,,,,,,,"TRUE","TRUE","TRUE",,,,,,,,,,10,10,,,,,,,,,,,,,,,,,,,,,,,,
"LevelUpChest_KL16",,"Arena_L",,,,,139,5,,12,56,0,0,,,,3,3,"sc/ui_chest.sc","levelup_chest_static",,"get_levelup_chest","levelup_chest_open_collection_win","chest_landing_magic","openChest_star","soundbanks/ui_battle_general/ui_menu_general_tap_magic_chest","soundbanks/ui_menu_general/ui_menu_general_jingle_openchest_magical",,"TID_CHEST_KINGLEVEL","TID_CHEST_GOLD_KINGLEVEL",,,,,,,,,,,,,,,,,,,"TRUE","TRUE","TRUE",,,,,,,,,,10,10,,,,,,,,,,,,,,,,,,,,,,,,
"LevelUpChest_KL17",,"Arena_L",,,,,139,5,,12,56,0,0,,,,3,3,"sc/ui_chest.sc","levelup_chest_static",,"get_levelup_chest","levelup_chest_open_collection_win","chest_landing_magic","openChest_star","soundbanks/ui_battle_general/ui_menu_general_tap_magic_chest","soundbanks/ui_menu_general/ui_menu_general_jingle_openchest_magical",,"TID_CHEST_KINGLEVEL","TID_CHEST_GOLD_KINGLEVEL",,,,,,,,,,,,,,,,,,,"TRUE","TRUE","TRUE",,,,,,,,,,10,10,,,,,,,,,,,,,,,,,,,,,,,,
"LevelUpChest_KL18",,"Arena_Electric",,,,,139,5,,12,56,0,0,,,,20,20,"sc/ui_chest.sc","levelup_chest_static",,"get_levelup_chest","levelup_chest_open_collection_win","chest_landing_magic","openChest_star","soundbanks/ui_battle_general/ui_menu_general_tap_magic_chest","soundbanks/ui_menu_general/ui_menu_general_jingle_openchest_magical",,"TID_CHEST_KINGLEVEL","TID_CHEST_GOLD_KINGLEVEL",,,,,,,,,,,,,,,,,,,"TRUE","TRUE","TRUE",,,,,,,,,,10,10,,,,,,,,,1,200,200,,,,,,,,,,,,,"Support_Cards_No_Goblins"
"LevelUpChest_KL19",,"Arena_Electric",,,,,145,9,,11,49,583,0,,,,6,6,"sc/ui_chest.sc","levelup_chest_static",,"get_levelup_chest","levelup_chest_open_collection_win","chest_landing_magic","openChest_star","soundbanks/ui_battle_general/ui_menu_general_tap_magic_chest","soundbanks/ui_menu_general/ui_menu_general_jingle_openchest_magical",,"TID_CHEST_KINGLEVEL","TID_CHEST_GOLD_KINGLEVEL",,,,,,,,,,,,,,,,,,,"TRUE","TRUE","TRUE",,,,,,,,,,10,10,,,,,,,,,,,,,,,,,,,,,,,,
"LevelUpChest_KL20",,"Arena_Electric",,,,,146,9,,11,49,583,0,,,,6,6,"sc/ui_chest.sc","levelup_chest_static",,"get_levelup_chest","levelup_chest_open_collection_win","chest_landing_magic","openChest_star","soundbanks/ui_battle_general/ui_menu_general_tap_magic_chest","soundbanks/ui_menu_general/ui_menu_general_jingle_openchest_magical",,"TID_CHEST_KINGLEVEL","TID_CHEST_GOLD_KINGLEVEL",,,,,,,,,,,,,,,,,,,"TRUE","TRUE","TRUE",,,,,,,,,,10,10,,,,,,,,,,,,,,,,,,,,,,,,
"LevelUpChest_KL21",,"Arena_T",,,,,146,9,,11,49,583,0,,,,6,6,"sc/ui_chest.sc","levelup_chest_static",,"get_levelup_chest","levelup_chest_open_collection_win","chest_landing_magic","openChest_star","soundbanks/ui_battle_general/ui_menu_general_tap_magic_chest","soundbanks/ui_menu_general/ui_menu_general_jingle_openchest_magical",,"TID_CHEST_KINGLEVEL","TID_CHEST_GOLD_KINGLEVEL",,,,,,,,,,,,,,,,,,,"TRUE","TRUE","TRUE",,,,,,,,,,10,10,,,,,,,,,,,,,,,,,,,,,,,,
"LevelUpChest_KL22",,"Arena_T",,,,,146,9,,11,49,583,0,,,,34,34,"sc/ui_chest.sc","levelup_chest_static",,"get_levelup_chest","levelup_chest_open_collection_win","chest_landing_magic","openChest_star","soundbanks/ui_battle_general/ui_menu_general_tap_magic_chest","soundbanks/ui_menu_general/ui_menu_general_jingle_openchest_magical",,"TID_CHEST_KINGLEVEL","TID_CHEST_GOLD_KINGLEVEL",,,,,,,,,,,,,,,,,,,"TRUE","TRUE","TRUE",,,,,,,,,,10,10,,,,,,,,,1,400,400,,,,,,,,,,,,,"Support_Cards_No_Goblins"
"LevelUpChest_KL23",,"Arena_T",,,,,155,9,,11,41,621,0,,,,8,8,"sc/ui_chest.sc","levelup_chest_static",,"get_levelup_chest","levelup_chest_open_collection_win","chest_landing_magic","openChest_star","soundbanks/ui_battle_general/ui_menu_general_tap_magic_chest","soundbanks/ui_menu_general/ui_menu_general_jingle_openchest_magical",,"TID_CHEST_KINGLEVEL","TID_CHEST_GOLD_KINGLEVEL",,,,,,,,,,,,,,,,,,,"TRUE","TRUE","TRUE",,,,,,,,,,10,10,,,,,,,,,,,,,,,,,,,,,,,,
"LevelUpChest_KL24",,"Arena13",,,,,155,9,,11,41,621,0,,,,8,8,"sc/ui_chest.sc","levelup_chest_static",,"get_levelup_chest","levelup_chest_open_collection_win","chest_landing_magic","openChest_star","soundbanks/ui_battle_general/ui_menu_general_tap_magic_chest","soundbanks/ui_menu_general/ui_menu_general_jingle_openchest_magical",,"TID_CHEST_KINGLEVEL","TID_CHEST_GOLD_KINGLEVEL",,,,,,,,,,,,,,,,,,,"TRUE","TRUE","TRUE",,,,,,,,,,10,10,,,,,,,,,,,,,,,,,,,,,,,,
"LevelUpChest_KL25",,"Arena13",,,,,155,9,,11,41,621,0,,,,8,8,"sc/ui_chest.sc","levelup_chest_static",,"get_levelup_chest","levelup_chest_open_collection_win","chest_landing_magic","openChest_star","soundbanks/ui_battle_general/ui_menu_general_tap_magic_chest","soundbanks/ui_menu_general/ui_menu_general_jingle_openchest_magical",,"TID_CHEST_KINGLEVEL","TID_CHEST_GOLD_KINGLEVEL",,,,,,,,,,,,,,,,,,,"TRUE","TRUE","TRUE",,,,,,,,,,10,10,,,,,,,,,,,,,,,,,,,,,,,,
"LevelUpChest_KL26",,"Arena13",,,,,156,9,,11,41,621,0,,,,60,60,"sc/ui_chest.sc","levelup_chest_static",,"get_levelup_chest","levelup_chest_open_collection_win","chest_landing_magic","openChest_star","soundbanks/ui_battle_general/ui_menu_general_tap_magic_chest","soundbanks/ui_menu_general/ui_menu_general_jingle_openchest_magical",,"TID_CHEST_KINGLEVEL","TID_CHEST_GOLD_KINGLEVEL",,,,,,,,,,,,,,,,,,,"TRUE","TRUE","TRUE",,,,,,,,,,15,15,,,,,,,,,1,800,800,,,,,,,,,,,,,"Support_Cards_No_Goblins"
"LevelUpChest_KL27",,"Arena14",,,,,170,9,,11,34,341,0,,,,10,10,"sc/ui_chest.sc","levelup_chest_static",,"get_levelup_chest","levelup_chest_open_collection_win","chest_landing_magic","openChest_star","soundbanks/ui_battle_general/ui_menu_general_tap_magic_chest","soundbanks/ui_menu_general/ui_menu_general_jingle_openchest_magical",,"TID_CHEST_KINGLEVEL","TID_CHEST_GOLD_KINGLEVEL",,,,,,,,,,,,,,,,,,,"TRUE","TRUE","TRUE",,,,,,,,,,15,15,,,,,,,,,,,,,,,,,,,,,,,,
"LevelUpChest_KL28",,"Arena14",,,,,170,9,,11,34,341,0,,,,10,10,"sc/ui_chest.sc","levelup_chest_static",,"get_levelup_chest","levelup_chest_open_collection_win","chest_landing_magic","openChest_star","soundbanks/ui_battle_general/ui_menu_general_tap_magic_chest","soundbanks/ui_menu_general/ui_menu_general_jingle_openchest_magical",,"TID_CHEST_KINGLEVEL","TID_CHEST_GOLD_KINGLEVEL",,,,,,,,,,,,,,,,,,,"TRUE","TRUE","TRUE",,,,,,,,,,15,15,,,,,,,,,,,,,,,,,,,,,,,,
"LevelUpChest_KL29",,"Arena14",,,,,171,9,,11,34,341,0,,,,10,10,"sc/ui_chest.sc","levelup_chest_static",,"get_levelup_chest","levelup_chest_open_collection_win","chest_landing_magic","openChest_star","soundbanks/ui_battle_general/ui_menu_general_tap_magic_chest","soundbanks/ui_menu_general/ui_menu_general_jingle_openchest_magical",,"TID_CHEST_KINGLEVEL","TID_CHEST_GOLD_KINGLEVEL",,,,,,,,,,,,,,,,,,,"TRUE","TRUE","TRUE",,,,,,,,,,15,15,,,,,,,,,,,,,,,,,,,,,,,,
"LevelUpChest_KL30",,"Arena_L1",,,,,171,9,,11,34,341,0,,,,98,98,"sc/ui_chest.sc","levelup_chest_static",,"get_levelup_chest","levelup_chest_open_collection_win","chest_landing_magic","openChest_star","soundbanks/ui_battle_general/ui_menu_general_tap_magic_chest","soundbanks/ui_menu_general/ui_menu_general_jingle_openchest_magical",,"TID_CHEST_KINGLEVEL","TID_CHEST_GOLD_KINGLEVEL",,,,,,,,,,,,,,,,,,,"TRUE","TRUE","TRUE",,,,,,,,,,15,15,,,,,,,,,1,1000,1000,,,,,,,,,,,,,"Support_Cards_No_Goblins"
"LevelUpChest_KL31",,"Arena_L1",,,,,186,9,,10,30,374,0,,,,12,12,"sc/ui_chest.sc","levelup_chest_static",,"get_levelup_chest","levelup_chest_open_collection_win","chest_landing_magic","openChest_star","soundbanks/ui_battle_general/ui_menu_general_tap_magic_chest","soundbanks/ui_menu_general/ui_menu_general_jingle_openchest_magical",,"TID_CHEST_KINGLEVEL","TID_CHEST_GOLD_KINGLEVEL",,,,,,,,,,,,,,,,,,,"TRUE","TRUE","TRUE",,,,,,,,,,15,15,,,,,,,,,,,,,,,,,,,,,,,,
"LevelUpChest_KL32",,"Arena_L1",,,,,187,9,,10,30,374,0,,,,12,12,"sc/ui_chest.sc","levelup_chest_static",,"get_levelup_chest","levelup_chest_open_collection_win","chest_landing_magic","openChest_star","soundbanks/ui_battle_general/ui_menu_general_tap_magic_chest","soundbanks/ui_menu_general/ui_menu_general_jingle_openchest_magical",,"TID_CHEST_KINGLEVEL","TID_CHEST_GOLD_KINGLEVEL",,,,,,,,,,,,,,,,,,,"TRUE","TRUE","TRUE",,,,,,,,,,15,15,,,,,,,,,,,,,,,,,,,,,,,,
"LevelUpChest_KL33",,"Arena_L2",,,,,187,9,,10,30,374,0,,,,12,12,"sc/ui_chest.sc","levelup_chest_static",,"get_levelup_chest","levelup_chest_open_collection_win","chest_landing_magic","openChest_star","soundbanks/ui_battle_general/ui_menu_general_tap_magic_chest","soundbanks/ui_menu_general/ui_menu_general_jingle_openchest_magical",,"TID_CHEST_KINGLEVEL","TID_CHEST_GOLD_KINGLEVEL",,,,,,,,,,,,,,,,,,,"TRUE","TRUE","TRUE",,,,,,,,,,15,15,,,,,,,,,,,,,,,,,,,,,,,,
"LevelUpChest_KL34",,"Arena_L2",,,,,187,9,,10,30,374,0,,,,200,200,"sc/ui_chest.sc","levelup_chest_static",,"get_levelup_chest","levelup_chest_open_collection_win","chest_landing_magic","openChest_star","soundbanks/ui_battle_general/ui_menu_general_tap_magic_chest","soundbanks/ui_menu_general/ui_menu_general_jingle_openchest_magical",,"TID_CHEST_KINGLEVEL","TID_CHEST_GOLD_KINGLEVEL",,,,,,,,,,,,,,,,,,,"TRUE","TRUE","TRUE",,,,,,,,,,15,15,,,,,,,,,1,1500,1500,,,,,,,,,,,,,"Support_Cards_No_Goblins"
"LevelUpChest_KL35",,"Arena_L2",,,,,203,12,,10,27,406,0,,,,13,13,"sc/ui_chest.sc","levelup_chest_static",,"get_levelup_chest","levelup_chest_open_collection_win","chest_landing_magic","openChest_star","soundbanks/ui_battle_general/ui_menu_general_tap_magic_chest","soundbanks/ui_menu_general/ui_menu_general_jingle_openchest_magical",,"TID_CHEST_KINGLEVEL","TID_CHEST_GOLD_KINGLEVEL",,,,,,,,,,,,,,,,,,,"TRUE","TRUE","TRUE",,,,,,,,,,20,20,,,,,,,,,,,,,,,,,,,,,,,,
"LevelUpChest_KL36",,"Arena_L3",,,,,203,12,,10,27,406,0,,,,13,13,"sc/ui_chest.sc","levelup_chest_static",,"get_levelup_chest","levelup_chest_open_collection_win","chest_landing_magic","openChest_star","soundbanks/ui_battle_general/ui_menu_general_tap_magic_chest","soundbanks/ui_menu_general/ui_menu_general_jingle_openchest_magical",,"TID_CHEST_KINGLEVEL","TID_CHEST_GOLD_KINGLEVEL",,,,,,,,,,,,,,,,,,,"TRUE","TRUE","TRUE",,,,,,,,,,20,20,,,,,,,,,,,,,,,,,,,,,,,,
"LevelUpChest_KL37",,"Arena_L3",,,,,203,12,,10,27,406,0,,,,13,13,"sc/ui_chest.sc","levelup_chest_static",,"get_levelup_chest","levelup_chest_open_collection_win","chest_landing_magic","openChest_star","soundbanks/ui_battle_general/ui_menu_general_tap_magic_chest","soundbanks/ui_menu_general/ui_menu_general_jingle_openchest_magical",,"TID_CHEST_KINGLEVEL","TID_CHEST_GOLD_KINGLEVEL",,,,,,,,,,,,,,,,,,,"TRUE","TRUE","TRUE",,,,,,,,,,20,20,,,,,,,,,,,,,,,,,,,,,,,,
"LevelUpChest_KL38",,"Arena_L3",,,,,203,12,,10,27,406,0,,,,383,383,"sc/ui_chest.sc","levelup_chest_static",,"get_levelup_chest","levelup_chest_open_collection_win","chest_landing_magic","openChest_star","soundbanks/ui_battle_general/ui_menu_general_tap_magic_chest","soundbanks/ui_menu_general/ui_menu_general_jingle_openchest_magical",,"TID_CHEST_KINGLEVEL","TID_CHEST_GOLD_KINGLEVEL",,,,,,,,,,,,,,,,,,,"TRUE","TRUE","TRUE",,,,,,,,,,20,20,,,,,,,,,1,2500,2500,,,,,,,,,,,,,"Support_Cards_No_Goblins"
"LevelUpChest_KL39",,"Arena_L4",,,,,233,12,,10,23,466,0,,,,13,13,"sc/ui_chest.sc","levelup_chest_static",,"get_levelup_chest","levelup_chest_open_collection_win","chest_landing_magic","openChest_star","soundbanks/ui_battle_general/ui_menu_general_tap_magic_chest","soundbanks/ui_menu_general/ui_menu_general_jingle_openchest_magical",,"TID_CHEST_KINGLEVEL","TID_CHEST_GOLD_KINGLEVEL",,,,,,,,,,,,,,,,,,,"TRUE","TRUE","TRUE",,,,,,,,,,20,20,,,,,,,,,,,,,,,,,,,,,,,,
"LevelUpChest_KL40",,"Arena_L4",,,,,233,12,,10,23,466,0,,,,13,13,"sc/ui_chest.sc","levelup_chest_static",,"get_levelup_chest","levelup_chest_open_collection_win","chest_landing_magic","openChest_star","soundbanks/ui_battle_general/ui_menu_general_tap_magic_chest","soundbanks/ui_menu_general/ui_menu_general_jingle_openchest_magical",,"TID_CHEST_KINGLEVEL","TID_CHEST_GOLD_KINGLEVEL",,,,,,,,,,,,,,,,,,,"TRUE","TRUE","TRUE",,,,,,,,,,20,20,,,,,,,,,,,,,,,,,,,,,,,,
"LevelUpChest_KL41",,"Arena_L4",,,,,233,12,,10,23,466,0,,,,13,13,"sc/ui_chest.sc","levelup_chest_static",,"get_levelup_chest","levelup_chest_open_collection_win","chest_landing_magic","openChest_star","soundbanks/ui_battle_general/ui_menu_general_tap_magic_chest","soundbanks/ui_menu_general/ui_menu_general_jingle_openchest_magical",,"TID_CHEST_KINGLEVEL","TID_CHEST_GOLD_KINGLEVEL",,,,,,,,,,,,,,,,,,,"TRUE","TRUE","TRUE",,,,,,,,,,20,20,,,,,,,,,,,,,,,,,,,,,,,,
"LevelUpChest_KL42",,"Arena_L5",,,,,233,12,,10,23,466,0,,,,443,443,"sc/ui_chest.sc","levelup_chest_static",,"get_levelup_chest","levelup_chest_open_collection_win","chest_landing_magic","openChest_star","soundbanks/ui_battle_general/ui_menu_general_tap_magic_chest","soundbanks/ui_menu_general/ui_menu_general_jingle_openchest_magical",,"TID_CHEST_KINGLEVEL","TID_CHEST_GOLD_KINGLEVEL",,,,,,,,,,,,,,,,,,,"TRUE","TRUE","TRUE",,,,,,,,,"AddChampionIfUnlocked",25,25,,,,,,,,,1,3500,3500,,,,,,,,,,,,,"Support_Cards_No_Goblins"
"LevelUpChest_KL43",,"Arena_L5",,,,,233,12,,10,23,466,0,,,,13,13,"sc/ui_chest.sc","levelup_chest_static",,"get_levelup_chest","levelup_chest_open_collection_win","chest_landing_magic","openChest_star","soundbanks/ui_battle_general/ui_menu_general_tap_magic_chest","soundbanks/ui_menu_general/ui_menu_general_jingle_openchest_magical",,"TID_CHEST_KINGLEVEL","TID_CHEST_GOLD_KINGLEVEL",,,,,,,,,,,,,,,,,,,"TRUE","TRUE","TRUE",,,,,,,,,,25,25,,,,,,,,,,,,,,,,,,,,,,,,
"LevelUpChest_KL44",,"Arena_L5",,,,,233,12,,10,23,466,0,,,,13,13,"sc/ui_chest.sc","levelup_chest_static",,"get_levelup_chest","levelup_chest_open_collection_win","chest_landing_magic","openChest_star","soundbanks/ui_battle_general/ui_menu_general_tap_magic_chest","soundbanks/ui_menu_general/ui_menu_general_jingle_openchest_magical",,"TID_CHEST_KINGLEVEL","TID_CHEST_GOLD_KINGLEVEL",,,,,,,,,,,,,,,,,,,"TRUE","TRUE","TRUE",,,,,,,,,,25,25,,,,,,,,,,,,,,,,,,,,,,,,
"LevelUpChest_KL45",,"Arena_L6",,,,,233,12,,10,23,466,0,,,,13,13,"sc/ui_chest.sc","levelup_chest_static",,"get_levelup_chest","levelup_chest_open_collection_win","chest_landing_magic","openChest_star","soundbanks/ui_battle_general/ui_menu_general_tap_magic_chest","soundbanks/ui_menu_general/ui_menu_general_jingle_openchest_magical",,"TID_CHEST_KINGLEVEL","TID_CHEST_GOLD_KINGLEVEL",,,,,,,,,,,,,,,,,,,"TRUE","TRUE","TRUE",,,,,,,,,,25,25,,,,,,,,,,,,,,,,,,,,,,,,
"LevelUpChest_KL46",,"Arena_L6",,,,,233,12,,10,23,466,0,,,,13,13,"sc/ui_chest.sc","levelup_chest_static",,"get_levelup_chest","levelup_chest_open_collection_win","chest_landing_magic","openChest_star","soundbanks/ui_battle_general/ui_menu_general_tap_magic_chest","soundbanks/ui_menu_general/ui_menu_general_jingle_openchest_magical",,"TID_CHEST_KINGLEVEL","TID_CHEST_GOLD_KINGLEVEL",,,,,,,,,,,,,,,,,,,"TRUE","TRUE","TRUE",,,,,,,,,,25,25,,,,,,,,,,,,,,,,,,,,,,,,
"LevelUpChest_KL47",,"Arena_L6",,,,,233,12,,10,23,466,0,,,,13,13,"sc/ui_chest.sc","levelup_chest_static",,"get_levelup_chest","levelup_chest_open_collection_win","chest_landing_magic","openChest_star","soundbanks/ui_battle_general/ui_menu_general_tap_magic_chest","soundbanks/ui_menu_general/ui_menu_general_jingle_openchest_magical",,"TID_CHEST_KINGLEVEL","TID_CHEST_GOLD_KINGLEVEL",,,,,,,,,,,,,,,,,,,"TRUE","TRUE","TRUE",,,,,,,,,,25,25,,,,,,,,,,,,,,,,,,,,,,,,
"LevelUpChest_KL48",,"Arena_L6",,,,,233,12,,10,23,466,0,,,,13,13,"sc/ui_chest.sc","levelup_chest_static",,"get_levelup_chest","levelup_chest_open_collection_win","chest_landing_magic","openChest_star","soundbanks/ui_battle_general/ui_menu_general_tap_magic_chest","soundbanks/ui_menu_general/ui_menu_general_jingle_openchest_magical",,"TID_CHEST_KINGLEVEL","TID_CHEST_GOLD_KINGLEVEL",,,,,,,,,,,,,,,,,,,"TRUE","TRUE","TRUE",,,,,,,,,,25,25,,,,,,,,,,,,,,,,,,,,,,,,
"LevelUpChest_KL49",,"Arena_L6",,,,,233,12,,10,23,466,0,,,,13,13,"sc/ui_chest.sc","levelup_chest_static",,"get_levelup_chest","levelup_chest_open_collection_win","chest_landing_magic","openChest_star","soundbanks/ui_battle_general/ui_menu_general_tap_magic_chest","soundbanks/ui_menu_general/ui_menu_general_jingle_openchest_magical",,"TID_CHEST_KINGLEVEL","TID_CHEST_GOLD_KINGLEVEL",,,,,,,,,,,,,,,,,,,"TRUE","TRUE","TRUE",,,,,,,,,,25,25,,,,,,,,,,,,,,,,,,,,,,,,
"LevelUpChest_KL50",,"Arena_L6",,,,,233,12,,10,23,466,0,,,,13,13,"sc/ui_chest.sc","levelup_chest_static",,"get_levelup_chest","levelup_chest_open_collection_win","chest_landing_magic","openChest_star","soundbanks/ui_battle_general/ui_menu_general_tap_magic_chest","soundbanks/ui_menu_general/ui_menu_general_jingle_openchest_magical",,"TID_CHEST_KINGLEVEL","TID_CHEST_GOLD_KINGLEVEL",,,,,,,,,,,,,,,,,,,"TRUE","TRUE","TRUE",,,,,,,,,,25,25,,,,,,,,,,,,,,,,,,,,,,,,
"ChampionChest",,"TrainingCamp",,,,86400,0,0,,0,0,0,0,,0,0,,,"sc/ui_chest.sc","new_champion_chest_static","new_champion_chest_open_shop","get_new_champion_chest","new_champion_chest_open_collection_win","chest_landing_magic","openChest_star","soundbanks/ui_battle_general/ui_menu_general_tap_magic_chest","soundbanks/ui_menu_general/ui_menu_general_jingle_openchest_magical",,"TID_CHEST_CHAMPION","TID_CHEST_CHAMPION_NOTIFICATION",,,"sc/ui.sc","icon_chests_champion_small",,,,,,,,,,,,,,,"TRUE","TRUE",,,,"TRUE",0,0,0,0,,"AddChampionOrLowerRarity, OverrideBaseChestWildcards",,,,,,,,,,,,,,,,,,,,,,,,,,
"ChampionChest_Arena1","ChampionChest","Arena1",,,,,,,,,,,,,,,,,,,,,,,,,,,,,,,,,,,,,,,,,,,,,,,,,,,,,,,,,,,,,,,,,,,,,,,,,,,,,,,,,,,,
"ChampionChest_Arena2","ChampionChest","Arena2",,,,,,,,,,,,,,,,,,,,,,,,,,,,,,,,,,,,,,,,,,,,,,,,,,,,,,,,,,,,,,,,,,,,,,,,,,,,,,,,,,,,
"ChampionChest_Arena3","ChampionChest","Arena3",,,,,,,,,,,,,,,,,,,,,,,,,,,,,,,,,,,,,,,,,,,,,,,,,,,,,,,,,,,,,,,,,,,,,,,,,,,,,,,,,,,,
"ChampionChest_Arena4","ChampionChest","Arena4",,,,,,,,,,,,,,,,,,,,,,,,,,,,,,,,,,,,,,,,,,,,,,,,,,,,,,,,,,,,,,,,,,,,,,,,,,,,,,,,,,,,
"ChampionChest_Arena5","ChampionChest","Arena5",,,,,,,,,,,,,,,,,,,,,,,,,,,,,,,,,,,,,,,,,,,,,,,,,,,,,,,,,,,,,,,,,,,,,,,,,,,,,,,,,,,,
"ChampionChest_Arena6","ChampionChest","Arena6",,,,,,,,,,,,,,,,,,,,,,,,,,,,,,,,,,,,,,,,,,,,,,,,,,,,,,,,,,,,,,,,,,,,,,,,,,,,,,,,,,,,
"ChampionChest_Arena7","ChampionChest","Arena7",,,,,,,,,,,,,,,,,,,,,,,,,,,,,,,,,,,,,,,,,,,,,,,,,,,,,,,,,,,,,,,,,,,,,,,,,,,,,,,,,,,,
"ChampionChest_Arena8","ChampionChest","Arena8",,,,,,,,,,,,,,,,,,,,,,,,,,,,,,,,,,,,,,,,,,,,,,,,,,,,,,,,,,,,,,,,,,,,,,,,,,,,,,,,,,,,
"ChampionChest_Arena9","ChampionChest","Arena9",,,,,,,,,,,,,,,,,,,,,,,,,,,,,,,,,,,,,,,,,,,,,,,,,,,,,,,,,,,,,,,,,,,,,,,,,,,,,,,,,,,,
"ChampionChest_Arena_L","ChampionChest","Arena_L",,,,,,,,,,,,,,,,,,,,,,,,,,,,,,,,,,,,,,,,,,,,,,,,,,,,,,,,,,,,,,,,,,,,,,,,,,,,,,,,,,,,
"ChampionChest_Arena_Electric","ChampionChest","Arena_Electric",,,,,,,,,,,,,,,,,,,,,,,,,,,,,,,,,,,,,,,,,,,,,,,,,,,,,,,,,,,,,,,,,,,,,,,,,,,,,,,,,,,,
"ChampionChest_Arena_T","ChampionChest","Arena_T",,,,,,,,,,,,,,,,,,,,,,,,,,,,,,,,,,,,,,,,,,,,,,,,,,,,,,,,,,,,,,,,,,,,,,,,,,,,,,,,,,,,
"ChampionChest_Arena13","ChampionChest","Arena13",,,,,,,,,,,,,,,,,,,,,,,,,,,,,,,,,,,,,,,,,,,,,,,,,,,,,,,,,,,,,,,,,,,,,,,,,,,,,,,,,,,,
"ChampionChest_Arena14","ChampionChest","Arena14",,,,,,,,,,,,,,,,,,,,,,,,,,,,,,,,,,,,,,,,,,,,,,,,,,,,,,,,,,,,,,,,,,,,,,,,,,,,,,,,,,,,
"ChampionChest_Arena_L1","ChampionChest","Arena_L1",,,,,,,,,,,,,,,,,,,,,,,,,,,,,,,,,,,,,,,,,,,,,,,,,,,,,,,,,,,,,,,,,,,,,,,,,,,,,,,,,,,,
"TutorialChest_1_1",,"TrainingCamp",,,,1,3,3,,,,,,"Knight",,,6,6,"sc/ui_chest.sc","Chest_wood",,"get_wood_chest","chest_open_wooden","chest_landing_wood","openChest_wood","soundbanks/ui_menu_general/ui_menu_general_tap_wooden_chest","soundbanks/ui_menu_general/ui_menu_general_jingle_openchest_wood",,"TID_CHEST_WOOD","TID_CHEST_WOOD_NOTIFICATION",,,"sc/ui.sc","icon_chests_wooden_small",,,,,,,,,,,,,,,,,,,,,,,,,,,,,,,,,,,,,,,,,,,,,,,,,,,,
,,,,,,,,,,,,,,"Musketeer",,,,,,,,,,,,,,,,,,,,,,,,,,,,,,,,,,,,,,,,,,,,,,,,,,,,,,,,,,,,,,,,,,,,,,,,
,,,,,,,,,,,,,,"MiniPekka",,,,,,,,,,,,,,,,,,,,,,,,,,,,,,,,,,,,,,,,,,,,,,,,,,,,,,,,,,,,,,,,,,,,,,,,
"TutorialChest_1_2",,"TrainingCamp",,,,1,4,4,,,,,,"MiniPekka",,,6,6,"sc/ui_chest.sc","Chest_wood",,"get_wood_chest","chest_open_wooden","chest_landing_wood","openChest_wood","soundbanks/ui_menu_general/ui_menu_general_tap_wooden_chest","soundbanks/ui_menu_general/ui_menu_general_jingle_openchest_wood",,"TID_CHEST_WOOD","TID_CHEST_WOOD_NOTIFICATION",,,"sc/ui.sc","icon_chests_wooden_small",,,,,,,,,,,,,,,,,,,,,,,,,,,,,,,,,,,,,,,,,,,,,,,,,,,,
,,,,,,,,,,,,,,"Knight",,,,,,,,,,,,,,,,,,,,,,,,,,,,,,,,,,,,,,,,,,,,,,,,,,,,,,,,,,,,,,,,,,,,,,,,
,,,,,,,,,,,,,,"Arrows",,,,,,,,,,,,,,,,,,,,,,,,,,,,,,,,,,,,,,,,,,,,,,,,,,,,,,,,,,,,,,,,,,,,,,,,
,,,,,,,,,,,,,,"Archer",,,,,,,,,,,,,,,,,,,,,,,,,,,,,,,,,,,,,,,,,,,,,,,,,,,,,,,,,,,,,,,,,,,,,,,,
"TutorialChest_1_3",,"TrainingCamp",,,,10800,4,3,60,9,500,10000,15000,,,,7,8,"sc/ui_chest.sc","Chest_iron","chest_iron_open","get_metal_chest","chest_open_iron","chest_landing_iron","openChest_iron","soundbanks/ui_menu_general/ui_menu_general_tap_iron_chest","soundbanks/ui_menu_general/ui_menu_general_jingle_openchest_iron",,"TID_CHEST_SILVER","TID_CHEST_SILVER_NOTIFICATION",2,,"sc/ui.sc","icon_chests_silver_small",,,,,,,,,,,,,,,,,,,,,,,,,,,,,,,,,,,,,,,,,,,,,,,,,,,,
"TutorialChest_1_4",,"TrainingCamp",,,,43200,20,8,1,5,10,300,500,,,,16,16,"sc/ui_chest.sc","Chest_magical","chest_magical_open","get_magic_chest","chest_open_magical","chest_landing_magic","openChest_magical","soundbanks/ui_battle_general/ui_menu_general_tap_magic_chest","soundbanks/ui_menu_general/ui_menu_general_jingle_openchest_magical",,"TID_CHEST_MAGICAL","TID_CHEST_MAGICAL_NOTIFICATION",5,,"sc/ui.sc","icon_chests_magical_small",,,,,,,,,,,,,,,,,,,,,,,,,,,,,,,,,,,,,,,,,,,,,,,,,,,,
"ChampionChest_Arena_L2","ChampionChest","Arena_L2",,,,,,,,,,,,,,,,,,,,,,,,,,,,,,,,,,,,,,,,,,,,,,,,,,,,,,,,,,,,,,,,,,,,,,,,,,,,,,,,,,,,
"ChampionChest_Arena_L3","ChampionChest","Arena_L3",,,,,,,,,,,,,,,,,,,,,,,,,,,,,,,,,,,,,,,,,,,,,,,,,,,,,,,,,,,,,,,,,,,,,,,,,,,,,,,,,,,,
"ChampionChest_Arena_L4","ChampionChest","Arena_L4",,,,,,,,,,,,,,,,,,,,,,,,,,,,,,,,,,,,,,,,,,,,,,,,,,,,,,,,,,,,,,,,,,,,,,,,,,,,,,,,,,,,
"ChampionChest_Arena_L5","ChampionChest","Arena_L5",,,,,,,,,,,,,,,,,,,,,,,,,,,,,,,,,,,,,,,,,,,,,,,,,,,,,,,,,,,,,,,,,,,,,,,,,,,,,,,,,,,,
"ChampionChest_Arena_L6","ChampionChest","Arena_L6",,,,,,,,,,,,,,,,,,,,,,,,,,,,,,,,,,,,,,,,,,,,,,,,,,,,,,,,,,,,,,,,,,,,,,,,,,,,,,,,,,,,
"ClanCrownChest_Arena_L2","ClanCrownChest","Arena_L2",,,,,,,,,,,,,,,,,,,,,,,,,,,,,,,,,,,,,,,,,,,,,,,,,,,,,,,,,,,,,,,,,,,,,,,,,,,,,,,,,,,,
"ClanCrownChest_Arena_L3","ClanCrownChest","Arena_L3",,,,,,,,,,,,,,,,,,,,,,,,,,,,,,,,,,,,,,,,,,,,,,,,,,,,,,,,,,,,,,,,,,,,,,,,,,,,,,,,,,,,
"ClanCrownChest_Arena_L4","ClanCrownChest","Arena_L4",,,,,,,,,,,,,,,,,,,,,,,,,,,,,,,,,,,,,,,,,,,,,,,,,,,,,,,,,,,,,,,,,,,,,,,,,,,,,,,,,,,,
"ClanCrownChest_Arena_L5","ClanCrownChest","Arena_L5",,,,,,,,,,,,,,,,,,,,,,,,,,,,,,,,,,,,,,,,,,,,,,,,,,,,,,,,,,,,,,,,,,,,,,,,,,,,,,,,,,,,
"ClanCrownChest_Arena_L6","ClanCrownChest","Arena_L6",,,,,,,,,,,,,,,,,,,,,,,,,,,,,,,,,,,,,,,,,,,,,,,,,,,,,,,,,,,,,,,,,,,,,,,,,,,,,,,,,,,,
"Draft_Arena_L2",,"Arena_L2",,,,,170,5,,5,30,600,600,,,,21,24,"sc/ui_chest.sc","chest_draft_closed","chest_draft_open","get_magic_chest","chest_open_draft","chest_landing_magic","openChest_draft","soundbanks/ui_menu_general/ui_menu_general_jingle_tap_champions_chest","soundbanks/ui_menu_general/ui_menu_general_jingle_openchest_champion",,"TID_CHEST_DRAFT",,208,"TRUE","sc/ui.sc","icon_chests_draft_small",,,,,,,,,,,,,,,,,,,,,,,,,,,,,,,,,,,,,,,,,,,,,,,,,,,,
"Draft_Arena_L3",,"Arena_L3",,,,,170,5,,5,30,600,600,,,,21,24,"sc/ui_chest.sc","chest_draft_closed","chest_draft_open","get_magic_chest","chest_open_draft","chest_landing_magic","openChest_draft","soundbanks/ui_menu_general/ui_menu_general_jingle_tap_champions_chest","soundbanks/ui_menu_general/ui_menu_general_jingle_openchest_champion",,"TID_CHEST_DRAFT",,208,"TRUE","sc/ui.sc","icon_chests_draft_small",,,,,,,,,,,,,,,,,,,,,,,,,,,,,,,,,,,,,,,,,,,,,,,,,,,,
"Draft_Arena_L4",,"Arena_L4",,,,,170,5,,5,30,600,600,,,,21,24,"sc/ui_chest.sc","chest_draft_closed","chest_draft_open","get_magic_chest","chest_open_draft","chest_landing_magic","openChest_draft","soundbanks/ui_menu_general/ui_menu_general_jingle_tap_champions_chest","soundbanks/ui_menu_general/ui_menu_general_jingle_openchest_champion",,"TID_CHEST_DRAFT",,208,"TRUE","sc/ui.sc","icon_chests_draft_small",,,,,,,,,,,,,,,,,,,,,,,,,,,,,,,,,,,,,,,,,,,,,,,,,,,,
"Draft_Arena_L5",,"Arena_L5",,,,,170,5,,5,30,600,600,,,,21,24,"sc/ui_chest.sc","chest_draft_closed","chest_draft_open","get_magic_chest","chest_open_draft","chest_landing_magic","openChest_draft","soundbanks/ui_menu_general/ui_menu_general_jingle_tap_champions_chest","soundbanks/ui_menu_general/ui_menu_general_jingle_openchest_champion",,"TID_CHEST_DRAFT",,208,"TRUE","sc/ui.sc","icon_chests_draft_small",,,,,,,,,,,,,,,,,,,,,,,,,,,,,,,,,,,,,,,,,,,,,,,,,,,,
"Draft_Arena_L6",,"Arena_L6",,,,,170,5,,5,30,600,600,,,,21,24,"sc/ui_chest.sc","chest_draft_closed","chest_draft_open","get_magic_chest","chest_open_draft","chest_landing_magic","openChest_draft","soundbanks/ui_menu_general/ui_menu_general_jingle_tap_champions_chest","soundbanks/ui_menu_general/ui_menu_general_jingle_openchest_champion",,"TID_CHEST_DRAFT",,208,"TRUE","sc/ui.sc","icon_chests_draft_small",,,,,,,,,,,,,,,,,,,,,,,,,,,,,,,,,,,,,,,,,,,,,,,,,,,,
"Epic_Arena_L2","Epic","Arena_L2",,,,,20,5,,,,,,,,,,,,,,,,,,,,,,,,,,,,,,,,,,,,,,,,,,,,,,,,,,,,,,,,,,,,,,,,,,,,,,,,,,,,,,
"Epic_Arena_L3","Epic","Arena_L3",,,,,20,5,,,,,,,,,,,,,,,,,,,,,,,,,,,,,,,,,,,,,,,,,,,,,,,,,,,,,,,,,,,,,,,,,,,,,,,,,,,,,,
"Epic_Arena_L4","Epic","Arena_L4",,,,,20,5,,,,,,,,,,,,,,,,,,,,,,,,,,,,,,,,,,,,,,,,,,,,,,,,,,,,,,,,,,,,,,,,,,,,,,,,,,,,,,
"Epic_Arena_L5","Epic","Arena_L5",,,,,20,5,,,,,,,,,,,,,,,,,,,,,,,,,,,,,,,,,,,,,,,,,,,,,,,,,,,,,,,,,,,,,,,,,,,,,,,,,,,,,,
"Epic_Arena_L6","Epic","Arena_L6",,,,,20,5,,,,,,,,,,,,,,,,,,,,,,,,,,,,,,,,,,,,,,,,,,,,,,,,,,,,,,,,,,,,,,,,,,,,,,,,,,,,,,
"Free_Arena_L2","Free","Arena_L2",,,,,,,,,,,,,,,,,,,,,,,,,,,,,,,,,,,,,,,,,,,,,,,,,,,,,,,,,,,,,,,,,,,,,,,,,,,,,,,,,,,,
"Free_Arena_L3","Free","Arena_L3",,,,,,,,,,,,,,,,,,,,,,,,,,,,,,,,,,,,,,,,,,,,,,,,,,,,,,,,,,,,,,,,,,,,,,,,,,,,,,,,,,,,
"Free_Arena_L4","Free","Arena_L4",,,,,,,,,,,,,,,,,,,,,,,,,,,,,,,,,,,,,,,,,,,,,,,,,,,,,,,,,,,,,,,,,,,,,,,,,,,,,,,,,,,,
"Free_Arena_L5","Free","Arena_L5",,,,,,,,,,,,,,,,,,,,,,,,,,,,,,,,,,,,,,,,,,,,,,,,,,,,,,,,,,,,,,,,,,,,,,,,,,,,,,,,,,,,
"Free_Arena_L6","Free","Arena_L6",,,,,,,,,,,,,,,,,,,,,,,,,,,,,,,,,,,,,,,,,,,,,,,,,,,,,,,,,,,,,,,,,,,,,,,,,,,,,,,,,,,,
"Giant_Arena_L2","Giant","Arena_L2",,,,,,,,,,,,,,,,,,,,,,,,,,,,,,,,,,,,,,,,,,,,,,,,,,,,,,,,,,,,,,,,,,,,,,,,,,,,,,,,,,,,
"Giant_Arena_L3","Giant","Arena_L3",,,,,,,,,,,,,,,,,,,,,,,,,,,,,,,,,,,,,,,,,,,,,,,,,,,,,,,,,,,,,,,,,,,,,,,,,,,,,,,,,,,,
"Giant_Arena_L4","Giant","Arena_L4",,,,,,,,,,,,,,,,,,,,,,,,,,,,,,,,,,,,,,,,,,,,,,,,,,,,,,,,,,,,,,,,,,,,,,,,,,,,,,,,,,,,
"Giant_Arena_L5","Giant","Arena_L5",,,,,,,,,,,,,,,,,,,,,,,,,,,,,,,,,,,,,,,,,,,,,,,,,,,,,,,,,,,,,,,,,,,,,,,,,,,,,,,,,,,,
"Giant_Arena_L6","Giant","Arena_L6",,,,,,,,,,,,,,,,,,,,,,,,,,,,,,,,,,,,,,,,,,,,,,,,,,,,,,,,,,,,,,,,,,,,,,,,,,,,,,,,,,,,
"Gold_Arena_L2","Gold","Arena_L2",,,,,,,,,,,,,,,,,,,,,,,,,,,,,,,,,,,,,,,,,,,,,,,,,,,,,,,,,,,,,,,,,,,,,,,,,,,,,,,,,,,,
"Gold_Arena_L3","Gold","Arena_L3",,,,,,,,,,,,,,,,,,,,,,,,,,,,,,,,,,,,,,,,,,,,,,,,,,,,,,,,,,,,,,,,,,,,,,,,,,,,,,,,,,,,
"Gold_Arena_L4","Gold","Arena_L4",,,,,,,,,,,,,,,,,,,,,,,,,,,,,,,,,,,,,,,,,,,,,,,,,,,,,,,,,,,,,,,,,,,,,,,,,,,,,,,,,,,,
"Gold_Arena_L5","Gold","Arena_L5",,,,,,,,,,,,,,,,,,,,,,,,,,,,,,,,,,,,,,,,,,,,,,,,,,,,,,,,,,,,,,,,,,,,,,,,,,,,,,,,,,,,
"Gold_Arena_L6","Gold","Arena_L6",,,,,,,,,,,,,,,,,,,,,,,,,,,,,,,,,,,,,,,,,,,,,,,,,,,,,,,,,,,,,,,,,,,,,,,,,,,,,,,,,,,,
"GoldCage_Large_Arena_L2","GoldCage_Large","Arena_L2",,,,,,,,,,,,,23250,39000,,,,,,,,,,,,,,,,,,,,,,,,,,,,,,,,,,,,,,,,,,,,,,,,,,,,,,,,,,,,,,,,,,,,,,
"GoldCage_Large_Arena_L3","GoldCage_Large","Arena_L3",,,,,,,,,,,,,23500,39500,,,,,,,,,,,,,,,,,,,,,,,,,,,,,,,,,,,,,,,,,,,,,,,,,,,,,,,,,,,,,,,,,,,,,,
"GoldCage_Large_Arena_L4","GoldCage_Large","Arena_L4",,,,,,,,,,,,,23750,40000,,,,,,,,,,,,,,,,,,,,,,,,,,,,,,,,,,,,,,,,,,,,,,,,,,,,,,,,,,,,,,,,,,,,,,
"GoldCage_Large_Arena_L5","GoldCage_Large","Arena_L5",,,,,,,,,,,,,24000,40500,,,,,,,,,,,,,,,,,,,,,,,,,,,,,,,,,,,,,,,,,,,,,,,,,,,,,,,,,,,,,,,,,,,,,,
"GoldCage_Large_Arena_L6","GoldCage_Large","Arena_L6",,,,,,,,,,,,,24250,41000,,,,,,,,,,,,,,,,,,,,,,,,,,,,,,,,,,,,,,,,,,,,,,,,,,,,,,,,,,,,,,,,,,,,,,
"GoldCage_Medium_Arena_L2","GoldCage_Medium","Arena_L2",,,,,,,,,,,,,6300,15750,,,,,,,,,,,,,,,,,,,,,,,,,,,,,,,,,,,,,,,,,,,,,,,,,,,,,,,,,,,,,,,,,,,,,,
"GoldCage_Medium_Arena_L3","GoldCage_Medium","Arena_L3",,,,,,,,,,,,,6400,16000,,,,,,,,,,,,,,,,,,,,,,,,,,,,,,,,,,,,,,,,,,,,,,,,,,,,,,,,,,,,,,,,,,,,,,
"GoldCage_Medium_Arena_L4","GoldCage_Medium","Arena_L4",,,,,,,,,,,,,6500,16250,,,,,,,,,,,,,,,,,,,,,,,,,,,,,,,,,,,,,,,,,,,,,,,,,,,,,,,,,,,,,,,,,,,,,,
"GoldCage_Medium_Arena_L5","GoldCage_Medium","Arena_L5",,,,,,,,,,,,,6600,16500,,,,,,,,,,,,,,,,,,,,,,,,,,,,,,,,,,,,,,,,,,,,,,,,,,,,,,,,,,,,,,,,,,,,,,
"GoldCage_Medium_Arena_L6","GoldCage_Medium","Arena_L6",,,,,,,,,,,,,6700,16750,,,,,,,,,,,,,,,,,,,,,,,,,,,,,,,,,,,,,,,,,,,,,,,,,,,,,,,,,,,,,,,,,,,,,,
"GoldCage_Small_Arena_L2","GoldCage_Small","Arena_L2",,,,,,,,,,,,,3150,6300,,,,,,,,,,,,,,,,,,,,,,,,,,,,,,,,,,,,,,,,,,,,,,,,,,,,,,,,,,,,,,,,,,,,,,
"GoldCage_Small_Arena_L3","GoldCage_Small","Arena_L3",,,,,,,,,,,,,3200,6400,,,,,,,,,,,,,,,,,,,,,,,,,,,,,,,,,,,,,,,,,,,,,,,,,,,,,,,,,,,,,,,,,,,,,,
"GoldCage_Small_Arena_L4","GoldCage_Small","Arena_L4",,,,,,,,,,,,,3250,6500,,,,,,,,,,,,,,,,,,,,,,,,,,,,,,,,,,,,,,,,,,,,,,,,,,,,,,,,,,,,,,,,,,,,,,
"GoldCage_Small_Arena_L5","GoldCage_Small","Arena_L5",,,,,,,,,,,,,3300,6600,,,,,,,,,,,,,,,,,,,,,,,,,,,,,,,,,,,,,,,,,,,,,,,,,,,,,,,,,,,,,,,,,,,,,,
"GoldCage_Small_Arena_L6","GoldCage_Small","Arena_L6",,,,,,,,,,,,,3350,6700,,,,,,,,,,,,,,,,,,,,,,,,,,,,,,,,,,,,,,,,,,,,,,,,,,,,,,,,,,,,,,,,,,,,,,
"Magic_Arena_L2","Magic","Arena_L2",,,,,,,,,,,,,,,,,,,,,,,,,,,,,,,,,,,,,,,,,,,,,,,,,,,,,,,,,,,,,,,,,,,,,,,,,,,,,,,,,,,,
"Magic_Arena_L3","Magic","Arena_L3",,,,,,,,,,,,,,,,,,,,,,,,,,,,,,,,,,,,,,,,,,,,,,,,,,,,,,,,,,,,,,,,,,,,,,,,,,,,,,,,,,,,
"Magic_Arena_L4","Magic","Arena_L4",,,,,,,,,,,,,,,,,,,,,,,,,,,,,,,,,,,,,,,,,,,,,,,,,,,,,,,,,,,,,,,,,,,,,,,,,,,,,,,,,,,,
"Magic_Arena_L5","Magic","Arena_L5",,,,,,,,,,,,,,,,,,,,,,,,,,,,,,,,,,,,,,,,,,,,,,,,,,,,,,,,,,,,,,,,,,,,,,,,,,,,,,,,,,,,
"Magic_Arena_L6","Magic","Arena_L6",,,,,,,,,,,,,,,,,,,,,,,,,,,,,,,,,,,,,,,,,,,,,,,,,,,,,,,,,,,,,,,,,,,,,,,,,,,,,,,,,,,,
"Shop_Large_Legendary_Arena_L2",,"Arena_L2","LegendaryKings",,,,380,8,,5,15,400,0,,,,36,36,"sc/ui_chest.sc","chest_legendary_king_open","chest_legendary_king_open","get_magic_chest","chest_legendary_king_open","chest_landing_magic","openChest_legend_kings","soundbanks/ui_battle_general/ui_menu_general_tap_magic_chest","soundbanks/ui_menu_general/ui_menu_general_jingle_openchest_legend_kings",,"TID_CHEST_SHOP_LARGE_LEGENDARY",,5,"TRUE","sc/ui.sc","icon_chests_legendarykings_small",1,,,,,,,,,,,,"Kings",,"TRUE","TRUE","TRUE",,"TRUE","TRUE",70,19,6,1,,"AddChampionIfUnlocked",,,,,,,,,,,,,,,,,,,,,,,,,,
"Shop_Large_Legendary_Arena_L3",,"Arena_L3","LegendaryKings",,,,380,8,,5,15,400,0,,,,36,36,"sc/ui_chest.sc","chest_legendary_king_open","chest_legendary_king_open","get_magic_chest","chest_legendary_king_open","chest_landing_magic","openChest_legend_kings","soundbanks/ui_battle_general/ui_menu_general_tap_magic_chest","soundbanks/ui_menu_general/ui_menu_general_jingle_openchest_legend_kings",,"TID_CHEST_SHOP_LARGE_LEGENDARY",,5,"TRUE","sc/ui.sc","icon_chests_legendarykings_small",1,,,,,,,,,,,,"Kings",,"TRUE","TRUE","TRUE",,"TRUE","TRUE",70,19,6,1,,"AddChampionIfUnlocked",,,,,,,,,,,,,,,,,,,,,,,,,,
"Shop_Large_Legendary_Arena_L4",,"Arena_L4","LegendaryKings",,,,380,8,,5,15,400,0,,,,36,36,"sc/ui_chest.sc","chest_legendary_king_open","chest_legendary_king_open","get_magic_chest","chest_legendary_king_open","chest_landing_magic","openChest_legend_kings","soundbanks/ui_battle_general/ui_menu_general_tap_magic_chest","soundbanks/ui_menu_general/ui_menu_general_jingle_openchest_legend_kings",,"TID_CHEST_SHOP_LARGE_LEGENDARY",,5,"TRUE","sc/ui.sc","icon_chests_legendarykings_small",1,,,,,,,,,,,,"Kings",,"TRUE","TRUE","TRUE",,"TRUE","TRUE",70,19,6,1,,"AddChampionIfUnlocked",,,,,,,,,,,,,,,,,,,,,,,,,,
"Shop_Large_Legendary_Arena_L5",,"Arena_L5","LegendaryKings",,,,380,8,,5,15,400,0,,,,36,36,"sc/ui_chest.sc","chest_legendary_king_open","chest_legendary_king_open","get_magic_chest","chest_legendary_king_open","chest_landing_magic","openChest_legend_kings","soundbanks/ui_battle_general/ui_menu_general_tap_magic_chest","soundbanks/ui_menu_general/ui_menu_general_jingle_openchest_legend_kings",,"TID_CHEST_SHOP_LARGE_LEGENDARY",,5,"TRUE","sc/ui.sc","icon_chests_legendarykings_small",1,,,,,,,,,,,,"Kings",,"TRUE","TRUE","TRUE",,"TRUE","TRUE",70,19,6,1,,"AddChampionIfUnlocked",,,,,,,,,,,,,,,,,,,,,,,,,,
"Shop_Large_Legendary_Arena_L6",,"Arena_L6","LegendaryKings",,,,380,8,,5,15,400,0,,,,36,36,"sc/ui_chest.sc","chest_legendary_king_open","chest_legendary_king_open","get_magic_chest","chest_legendary_king_open","chest_landing_magic","openChest_legend_kings","soundbanks/ui_battle_general/ui_menu_general_tap_magic_chest","soundbanks/ui_menu_general/ui_menu_general_jingle_openchest_legend_kings",,"TID_CHEST_SHOP_LARGE_LEGENDARY",,5,"TRUE","sc/ui.sc","icon_chests_legendarykings_small",1,,,,,,,,,,,,"Kings",,"TRUE","TRUE","TRUE",,"TRUE","TRUE",70,19,6,1,,"AddChampionIfUnlocked",,,,,,,,,,,,,,,,,,,,,,,,,,
"Shop_Medium_1_Arena_L2",,"Arena_L2","Fortune",,,,274,5,,5,30,1500,1600,,,,21,21,"sc/ui_chest.sc","chest_fortune_open","chest_fortune_open","get_magic_chest","chest_fortune_open","chest_landing_magic","openChest_fortune_boost","soundbanks/ui_battle_general/ui_menu_general_tap_magic_chest","soundbanks/ui_menu_general/ui_menu_general_jingle_openchest_fortune_boost",,"TID_CHEST_SHOP_MEDIUM",,5,,"sc/ui.sc","icon_chests_fortune_small",10,10,,,,,,,,,,,"Fortune",,"TRUE","TRUE","TRUE",,"TRUE",,,,,,,,,,,,,,,,,,,,,,,,,,,,,,,,,
"Shop_Medium_1_Arena_L3",,"Arena_L3","Fortune",,,,274,5,,5,30,1500,1600,,,,21,21,"sc/ui_chest.sc","chest_fortune_open","chest_fortune_open","get_magic_chest","chest_fortune_open","chest_landing_magic","openChest_fortune_boost","soundbanks/ui_battle_general/ui_menu_general_tap_magic_chest","soundbanks/ui_menu_general/ui_menu_general_jingle_openchest_fortune_boost",,"TID_CHEST_SHOP_MEDIUM",,5,,"sc/ui.sc","icon_chests_fortune_small",10,10,,,,,,,,,,,"Fortune",,"TRUE","TRUE","TRUE",,"TRUE",,,,,,,,,,,,,,,,,,,,,,,,,,,,,,,,,
"Shop_Medium_1_Arena_L4",,"Arena_L4","Fortune",,,,274,5,,5,30,1500,1600,,,,21,21,"sc/ui_chest.sc","chest_fortune_open","chest_fortune_open","get_magic_chest","chest_fortune_open","chest_landing_magic","openChest_fortune_boost","soundbanks/ui_battle_general/ui_menu_general_tap_magic_chest","soundbanks/ui_menu_general/ui_menu_general_jingle_openchest_fortune_boost",,"TID_CHEST_SHOP_MEDIUM",,5,,"sc/ui.sc","icon_chests_fortune_small",10,10,,,,,,,,,,,"Fortune",,"TRUE","TRUE","TRUE",,"TRUE",,,,,,,,,,,,,,,,,,,,,,,,,,,,,,,,,
"Shop_Medium_1_Arena_L5",,"Arena_L5","Fortune",,,,274,5,,5,30,1500,1600,,,,21,21,"sc/ui_chest.sc","chest_fortune_open","chest_fortune_open","get_magic_chest","chest_fortune_open","chest_landing_magic","openChest_fortune_boost","soundbanks/ui_battle_general/ui_menu_general_tap_magic_chest","soundbanks/ui_menu_general/ui_menu_general_jingle_openchest_fortune_boost",,"TID_CHEST_SHOP_MEDIUM",,5,,"sc/ui.sc","icon_chests_fortune_small",10,10,,,,,,,,,,,"Fortune",,"TRUE","TRUE","TRUE",,"TRUE",,,,,,,,,,,,,,,,,,,,,,,,,,,,,,,,,
"Shop_Medium_1_Arena_L6",,"Arena_L6","Fortune",,,,274,5,,5,30,1500,1600,,,,21,21,"sc/ui_chest.sc","chest_fortune_open","chest_fortune_open","get_magic_chest","chest_fortune_open","chest_landing_magic","openChest_fortune_boost","soundbanks/ui_battle_general/ui_menu_general_tap_magic_chest","soundbanks/ui_menu_general/ui_menu_general_jingle_openchest_fortune_boost",,"TID_CHEST_SHOP_MEDIUM",,5,,"sc/ui.sc","icon_chests_fortune_small",10,10,,,,,,,,,,,"Fortune",,"TRUE","TRUE","TRUE",,"TRUE",,,,,,,,,,,,,,,,,,,,,,,,,,,,,,,,,
"Shop_Small_1_Arena_L2",,"Arena_L2","Lightning",,,,270,4,,6,50,1000,2000,,,,15,15,"sc/ui_chest.sc","chest_lightning_open","chest_lightning_open","get_magic_chest","chest_lightning_open","chest_landing_magic","openChest_lightning","soundbanks/ui_battle_general/ui_menu_general_tap_magic_chest","soundbanks/ui_menu_general/ui_menu_general_jingle_openchest_lightning",,"TID_CHEST_SHOP_SMALL",,5,,"sc/ui.sc","icon_chests_lightning_small",,,,,,,,,,,6,,"Lightning",,"TRUE","TRUE","TRUE","TRUE","TRUE","TRUE",,,,,,,,,,,,,,,,,,,,,,,,,,,,,,,,
"Shop_Small_1_Arena_L3",,"Arena_L3","Lightning",,,,275,4,,6,50,1000,2000,,,,15,15,"sc/ui_chest.sc","chest_lightning_open","chest_lightning_open","get_magic_chest","chest_lightning_open","chest_landing_magic","openChest_lightning","soundbanks/ui_battle_general/ui_menu_general_tap_magic_chest","soundbanks/ui_menu_general/ui_menu_general_jingle_openchest_lightning",,"TID_CHEST_SHOP_SMALL",,5,,"sc/ui.sc","icon_chests_lightning_small",,,,,,,,,,,6,,"Lightning",,"TRUE","TRUE","TRUE","TRUE","TRUE","TRUE",,,,,,,,,,,,,,,,,,,,,,,,,,,,,,,,
"Shop_Small_1_Arena_L4",,"Arena_L4","Lightning",,,,280,4,,6,50,1000,2000,,,,15,15,"sc/ui_chest.sc","chest_lightning_open","chest_lightning_open","get_magic_chest","chest_lightning_open","chest_landing_magic","openChest_lightning","soundbanks/ui_battle_general/ui_menu_general_tap_magic_chest","soundbanks/ui_menu_general/ui_menu_general_jingle_openchest_lightning",,"TID_CHEST_SHOP_SMALL",,5,,"sc/ui.sc","icon_chests_lightning_small",,,,,,,,,,,6,,"Lightning",,"TRUE","TRUE","TRUE","TRUE","TRUE","TRUE",,,,,,,,,,,,,,,,,,,,,,,,,,,,,,,,
"Shop_Small_1_Arena_L5",,"Arena_L5","Lightning",,,,285,4,,6,50,1000,2000,,,,15,15,"sc/ui_chest.sc","chest_lightning_open","chest_lightning_open","get_magic_chest","chest_lightning_open","chest_landing_magic","openChest_lightning","soundbanks/ui_battle_general/ui_menu_general_tap_magic_chest","soundbanks/ui_menu_general/ui_menu_general_jingle_openchest_lightning",,"TID_CHEST_SHOP_SMALL",,5,,"sc/ui.sc","icon_chests_lightning_small",,,,,,,,,,,6,,"Lightning",,"TRUE","TRUE","TRUE","TRUE","TRUE","TRUE",,,,,,,,,,,,,,,,,,,,,,,,,,,,,,,,
"Shop_Small_1_Arena_L6",,"Arena_L6","Lightning",,,,290,4,,6,50,1000,2000,,,,15,15,"sc/ui_chest.sc","chest_lightning_open","chest_lightning_open","get_magic_chest","chest_lightning_open","chest_landing_magic","openChest_lightning","soundbanks/ui_battle_general/ui_menu_general_tap_magic_chest","soundbanks/ui_menu_general/ui_menu_general_jingle_openchest_lightning",,"TID_CHEST_SHOP_SMALL",,5,,"sc/ui.sc","icon_chests_lightning_small",,,,,,,,,,,6,,"Lightning",,"TRUE","TRUE","TRUE","TRUE","TRUE","TRUE",,,,,,,,,,,,,,,,,,,,,,,,,,,,,,,,
"Silver_Arena_L2","Silver","Arena_L2",,,,,,,,,,,,,,,,,,,,,,,,,,,,,,,,,,,,,,,,,,,,,,,,,,,,,,,,,,,,,,,,,,,,,,,,,,,,,,,,,,,,
"Silver_Arena_L3","Silver","Arena_L3",,,,,,,,,,,,,,,,,,,,,,,,,,,,,,,,,,,,,,,,,,,,,,,,,,,,,,,,,,,,,,,,,,,,,,,,,,,,,,,,,,,,
"Silver_Arena_L4","Silver","Arena_L4",,,,,,,,,,,,,,,,,,,,,,,,,,,,,,,,,,,,,,,,,,,,,,,,,,,,,,,,,,,,,,,,,,,,,,,,,,,,,,,,,,,,
"Silver_Arena_L5","Silver","Arena_L5",,,,,,,,,,,,,,,,,,,,,,,,,,,,,,,,,,,,,,,,,,,,,,,,,,,,,,,,,,,,,,,,,,,,,,,,,,,,,,,,,,,,
"Silver_Arena_L6","Silver","Arena_L6",,,,,,,,,,,,,,,,,,,,,,,,,,,,,,,,,,,,,,,,,,,,,,,,,,,,,,,,,,,,,,,,,,,,,,,,,,,,,,,,,,,,
"Star_Arena_L2","Star","Arena_L2",,,,,,,,,,,,,,,,,,,,,,,,,,,,,,,,,,,,,,,,,,,,,,,,,,,,,,,,,,,,,,,,,,,,,,,,,,,,,,,,,,,,
"Star_Arena_L3","Star","Arena_L3",,,,,,,,,,,,,,,,,,,,,,,,,,,,,,,,,,,,,,,,,,,,,,,,,,,,,,,,,,,,,,,,,,,,,,,,,,,,,,,,,,,,
"Star_Arena_L4","Star","Arena_L4",,,,,,,,,,,,,,,,,,,,,,,,,,,,,,,,,,,,,,,,,,,,,,,,,,,,,,,,,,,,,,,,,,,,,,,,,,,,,,,,,,,,
"Star_Arena_L5","Star","Arena_L5",,,,,,,,,,,,,,,,,,,,,,,,,,,,,,,,,,,,,,,,,,,,,,,,,,,,,,,,,,,,,,,,,,,,,,,,,,,,,,,,,,,,
"Star_Arena_L6","Star","Arena_L6",,,,,,,,,,,,,,,,,,,,,,,,,,,,,,,,,,,,,,,,,,,,,,,,,,,,,,,,,,,,,,,,,,,,,,,,,,,,,,,,,,,,
"StarBoosted_Arena_L2","StarBoosted","Arena_L2",,,,,,,,,,,,,,,,,,,,,,,,,,,,,,,,,,,,,,,,,,,,,,,,,,,,,,,,,,,,,,,,,,,,,,,,,,,,,,,,,,,,
"StarBoosted_Arena_L3","StarBoosted","Arena_L3",,,,,,,,,,,,,,,,,,,,,,,,,,,,,,,,,,,,,,,,,,,,,,,,,,,,,,,,,,,,,,,,,,,,,,,,,,,,,,,,,,,,
"StarBoosted_Arena_L4","StarBoosted","Arena_L4",,,,,,,,,,,,,,,,,,,,,,,,,,,,,,,,,,,,,,,,,,,,,,,,,,,,,,,,,,,,,,,,,,,,,,,,,,,,,,,,,,,,
"StarBoosted_Arena_L5","StarBoosted","Arena_L5",,,,,,,,,,,,,,,,,,,,,,,,,,,,,,,,,,,,,,,,,,,,,,,,,,,,,,,,,,,,,,,,,,,,,,,,,,,,,,,,,,,,
"StarBoosted_Arena_L6","StarBoosted","Arena_L6",,,,,,,,,,,,,,,,,,,,,,,,,,,,,,,,,,,,,,,,,,,,,,,,,,,,,,,,,,,,,,,,,,,,,,,,,,,,,,,,,,,,
"Super_Arena_L2","Super","Arena_L2",,,,,,,,,,,,,,,,,,,,,,,,,,,,,,,,,,,,,,,,,,,,,,,,,,,,,,,,,,,,,,,,,,,,,,,,,,,,,,,,,,,,
"Super_Arena_L3","Super","Arena_L3",,,,,,,,,,,,,,,,,,,,,,,,,,,,,,,,,,,,,,,,,,,,,,,,,,,,,,,,,,,,,,,,,,,,,,,,,,,,,,,,,,,,
"Super_Arena_L4","Super","Arena_L4",,,,,,,,,,,,,,,,,,,,,,,,,,,,,,,,,,,,,,,,,,,,,,,,,,,,,,,,,,,,,,,,,,,,,,,,,,,,,,,,,,,,
"Super_Arena_L5","Super","Arena_L5",,,,,,,,,,,,,,,,,,,,,,,,,,,,,,,,,,,,,,,,,,,,,,,,,,,,,,,,,,,,,,,,,,,,,,,,,,,,,,,,,,,,
"Super_Arena_L6","Super","Arena_L6",,,,,,,,,,,,,,,,,,,,,,,,,,,,,,,,,,,,,,,,,,,,,,,,,,,,,,,,,,,,,,,,,,,,,,,,,,,,,,,,,,,,
"SuperLightning_Arena_L2","SuperLightning","Arena_L2",,,,,,,,,,,,,,,,,,,,,,,,,,,,,,,,,,,,,,,,,,,6,,,,,,,,,,,,,,,,,,,,,,,,,,,,,,,,,,,,,,,,,
"SuperLightning_Arena_L3","SuperLightning","Arena_L3",,,,,,,,,,,,,,,,,,,,,,,,,,,,,,,,,,,,,,,,,,,6,,,,,,,,,,,,,,,,,,,,,,,,,,,,,,,,,,,,,,,,,
"SuperLightning_Arena_L4","SuperLightning","Arena_L4",,,,,,,,,,,,,,,,,,,,,,,,,,,,,,,,,,,,,,,,,,,6,,,,,,,,,,,,,,,,,,,,,,,,,,,,,,,,,,,,,,,,,
"SuperLightning_Arena_L5","SuperLightning","Arena_L5",,,,,,,,,,,,,,,,,,,,,,,,,,,,,,,,,,,,,,,,,,,6,,,,,,,,,,,,,,,,,,,,,,,,,,,,,,,,,,,,,,,,,
"SuperLightning_Arena_L6","SuperLightning","Arena_L6",,,,,,,,,,,,,,,,,,,,,,,,,,,,,,,,,,,,,,,,,,,6,,,,,,,,,,,,,,,,,,,,,,,,,,,,,,,,,,,,,,,,,
"Survival_Bronze_Arena_L2","Survival_Bronze","Arena_L2",,,"TRUE",,,,,,,,,,,,,,,,,,,,,,,,,,,,,,,,,,,,,,,,,,,,,,,,,,,,,,,,,,,,,,,,,,,,,,,,,,,,,,,,,
"Survival_Bronze_Arena_L3","Survival_Bronze","Arena_L3",,,"TRUE",,,,,,,,,,,,,,,,,,,,,,,,,,,,,,,,,,,,,,,,,,,,,,,,,,,,,,,,,,,,,,,,,,,,,,,,,,,,,,,,,
"Survival_Bronze_Arena_L4","Survival_Bronze","Arena_L4",,,"TRUE",,,,,,,,,,,,,,,,,,,,,,,,,,,,,,,,,,,,,,,,,,,,,,,,,,,,,,,,,,,,,,,,,,,,,,,,,,,,,,,,,
"Survival_Bronze_Arena_L5","Survival_Bronze","Arena_L5",,,"TRUE",,,,,,,,,,,,,,,,,,,,,,,,,,,,,,,,,,,,,,,,,,,,,,,,,,,,,,,,,,,,,,,,,,,,,,,,,,,,,,,,,
"Survival_Bronze_Arena_L6","Survival_Bronze","Arena_L6",,,"TRUE",,,,,,,,,,,,,,,,,,,,,,,,,,,,,,,,,,,,,,,,,,,,,,,,,,,,,,,,,,,,,,,,,,,,,,,,,,,,,,,,,
"Survival_Gold_Arena_L2","Survival_Gold","Arena_L2",,,"TRUE",,,,,,,,,,,,,,,,,,,,,,,,,,,,,,,,,,,,,,,,,,,,,,,,,,,,,,,,,,,,,,,,,,,,,,,,,,,,,,,,,
"Survival_Gold_Arena_L3","Survival_Gold","Arena_L3",,,"TRUE",,,,,,,,,,,,,,,,,,,,,,,,,,,,,,,,,,,,,,,,,,,,,,,,,,,,,,,,,,,,,,,,,,,,,,,,,,,,,,,,,
"Survival_Gold_Arena_L4","Survival_Gold","Arena_L4",,,"TRUE",,,,,,,,,,,,,,,,,,,,,,,,,,,,,,,,,,,,,,,,,,,,,,,,,,,,,,,,,,,,,,,,,,,,,,,,,,,,,,,,,
"Survival_Gold_Arena_L5","Survival_Gold","Arena_L5",,,"TRUE",,,,,,,,,,,,,,,,,,,,,,,,,,,,,,,,,,,,,,,,,,,,,,,,,,,,,,,,,,,,,,,,,,,,,,,,,,,,,,,,,
"Survival_Gold_Arena_L6","Survival_Gold","Arena_L6",,,"TRUE",,,,,,,,,,,,,,,,,,,,,,,,,,,,,,,,,,,,,,,,,,,,,,,,,,,,,,,,,,,,,,,,,,,,,,,,,,,,,,,,,
"Tournament1st_Arena_L2","Tournament1st","Arena_L2",,"TRUE",,,,,,,,,,,,,,,,,,,,,,,,,,,,,,,,,,,,,,,,,,,,,,,,,,,,,,,,,,,,,,,,,,,,,,,,,,,,,,,,,,
"Tournament1st_Arena_L2_2","Tournament1st_2","Arena_L2",,"TRUE",,,,,,,,,,,,,,,,,,,,,,,,,,,,,,,,,,,,,,,,,,,,,,,,,,,,,,,,,,,,,,,,,,,,,,,,,,,,,,,,,,
"Tournament1st_Arena_L3","Tournament1st","Arena_L3",,"TRUE",,,,,,,,,,,,,,,,,,,,,,,,,,,,,,,,,,,,,,,,,,,,,,,,,,,,,,,,,,,,,,,,,,,,,,,,,,,,,,,,,,
"Tournament1st_Arena_L3_2","Tournament1st_2","Arena_L3",,"TRUE",,,,,,,,,,,,,,,,,,,,,,,,,,,,,,,,,,,,,,,,,,,,,,,,,,,,,,,,,,,,,,,,,,,,,,,,,,,,,,,,,,
"Tournament1st_Arena_L4","Tournament1st","Arena_L4",,"TRUE",,,,,,,,,,,,,,,,,,,,,,,,,,,,,,,,,,,,,,,,,,,,,,,,,,,,,,,,,,,,,,,,,,,,,,,,,,,,,,,,,,
"Tournament1st_Arena_L4_2","Tournament1st_2","Arena_L4",,"TRUE",,,,,,,,,,,,,,,,,,,,,,,,,,,,,,,,,,,,,,,,,,,,,,,,,,,,,,,,,,,,,,,,,,,,,,,,,,,,,,,,,,
"Tournament1st_Arena_L5","Tournament1st","Arena_L5",,"TRUE",,,,,,,,,,,,,,,,,,,,,,,,,,,,,,,,,,,,,,,,,,,,,,,,,,,,,,,,,,,,,,,,,,,,,,,,,,,,,,,,,,
"Tournament1st_Arena_L5_2","Tournament1st_2","Arena_L5",,"TRUE",,,,,,,,,,,,,,,,,,,,,,,,,,,,,,,,,,,,,,,,,,,,,,,,,,,,,,,,,,,,,,,,,,,,,,,,,,,,,,,,,,
"Tournament1st_Arena_L6","Tournament1st","Arena_L6",,"TRUE",,,,,,,,,,,,,,,,,,,,,,,,,,,,,,,,,,,,,,,,,,,,,,,,,,,,,,,,,,,,,,,,,,,,,,,,,,,,,,,,,,
"Tournament1st_Arena_L6_2","Tournament1st_2","Arena_L6",,"TRUE",,,,,,,,,,,,,,,,,,,,,,,,,,,,,,,,,,,,,,,,,,,,,,,,,,,,,,,,,,,,,,,,,,,,,,,,,,,,,,,,,,
"Tournament2nd_Arena_L2","Tournament2nd","Arena_L2",,"TRUE",,,,,,,,,,,,,,,,,,,,,,,,,,,,,,,,,,,,,,,,,,,,,,,,,,,,,,,,,,,,,,,,,,,,,,,,,,,,,,,,,,
"Tournament2nd_Arena_L2_2","Tournament2nd_2","Arena_L2",,"TRUE",,,,,,,,,,,,,,,,,,,,,,,,,,,,,,,,,,,,,,,,,,,,,,,,,,,,,,,,,,,,,,,,,,,,,,,,,,,,,,,,,,
"Tournament2nd_Arena_L3","Tournament2nd","Arena_L3",,"TRUE",,,,,,,,,,,,,,,,,,,,,,,,,,,,,,,,,,,,,,,,,,,,,,,,,,,,,,,,,,,,,,,,,,,,,,,,,,,,,,,,,,
"Tournament2nd_Arena_L3_2","Tournament2nd_2","Arena_L3",,"TRUE",,,,,,,,,,,,,,,,,,,,,,,,,,,,,,,,,,,,,,,,,,,,,,,,,,,,,,,,,,,,,,,,,,,,,,,,,,,,,,,,,,
"Tournament2nd_Arena_L4","Tournament2nd","Arena_L4",,"TRUE",,,,,,,,,,,,,,,,,,,,,,,,,,,,,,,,,,,,,,,,,,,,,,,,,,,,,,,,,,,,,,,,,,,,,,,,,,,,,,,,,,
"Tournament2nd_Arena_L4_2","Tournament2nd_2","Arena_L4",,"TRUE",,,,,,,,,,,,,,,,,,,,,,,,,,,,,,,,,,,,,,,,,,,,,,,,,,,,,,,,,,,,,,,,,,,,,,,,,,,,,,,,,,
"Tournament2nd_Arena_L5","Tournament2nd","Arena_L5",,"TRUE",,,,,,,,,,,,,,,,,,,,,,,,,,,,,,,,,,,,,,,,,,,,,,,,,,,,,,,,,,,,,,,,,,,,,,,,,,,,,,,,,,
"Tournament2nd_Arena_L5_2","Tournament2nd_2","Arena_L5",,"TRUE",,,,,,,,,,,,,,,,,,,,,,,,,,,,,,,,,,,,,,,,,,,,,,,,,,,,,,,,,,,,,,,,,,,,,,,,,,,,,,,,,,
"Tournament2nd_Arena_L6","Tournament2nd","Arena_L6",,"TRUE",,,,,,,,,,,,,,,,,,,,,,,,,,,,,,,,,,,,,,,,,,,,,,,,,,,,,,,,,,,,,,,,,,,,,,,,,,,,,,,,,,
"Tournament2nd_Arena_L6_2","Tournament2nd_2","Arena_L6",,"TRUE",,,,,,,,,,,,,,,,,,,,,,,,,,,,,,,,,,,,,,,,,,,,,,,,,,,,,,,,,,,,,,,,,,,,,,,,,,,,,,,,,,
"Tournament3rd_Arena_L2","Tournament3rd","Arena_L2",,"TRUE",,,,,,,,,,,,,,,,,,,,,,,,,,,,,,,,,,,,,,,,,,,,,,,,,,,,,,,,,,,,,,,,,,,,,,,,,,,,,,,,,,
"Tournament3rd_Arena_L2_2","Tournament3rd_2","Arena_L2",,"TRUE",,,,,,,,,,,,,,,,,,,,,,,,,,,,,,,,,,,,,,,,,,,,,,,,,,,,,,,,,,,,,,,,,,,,,,,,,,,,,,,,,,
"Tournament3rd_Arena_L3","Tournament3rd","Arena_L3",,"TRUE",,,,,,,,,,,,,,,,,,,,,,,,,,,,,,,,,,,,,,,,,,,,,,,,,,,,,,,,,,,,,,,,,,,,,,,,,,,,,,,,,,
"Tournament3rd_Arena_L3_2","Tournament3rd_2","Arena_L3",,"TRUE",,,,,,,,,,,,,,,,,,,,,,,,,,,,,,,,,,,,,,,,,,,,,,,,,,,,,,,,,,,,,,,,,,,,,,,,,,,,,,,,,,
"Tournament3rd_Arena_L4","Tournament3rd","Arena_L4",,"TRUE",,,,,,,,,,,,,,,,,,,,,,,,,,,,,,,,,,,,,,,,,,,,,,,,,,,,,,,,,,,,,,,,,,,,,,,,,,,,,,,,,,
"Tournament3rd_Arena_L4_2","Tournament3rd_2","Arena_L4",,"TRUE",,,,,,,,,,,,,,,,,,,,,,,,,,,,,,,,,,,,,,,,,,,,,,,,,,,,,,,,,,,,,,,,,,,,,,,,,,,,,,,,,,
"Tournament3rd_Arena_L5","Tournament3rd","Arena_L5",,"TRUE",,,,,,,,,,,,,,,,,,,,,,,,,,,,,,,,,,,,,,,,,,,,,,,,,,,,,,,,,,,,,,,,,,,,,,,,,,,,,,,,,,
"Tournament3rd_Arena_L5_2","Tournament3rd_2","Arena_L5",,"TRUE",,,,,,,,,,,,,,,,,,,,,,,,,,,,,,,,,,,,,,,,,,,,,,,,,,,,,,,,,,,,,,,,,,,,,,,,,,,,,,,,,,
"Tournament3rd_Arena_L6","Tournament3rd","Arena_L6",,"TRUE",,,,,,,,,,,,,,,,,,,,,,,,,,,,,,,,,,,,,,,,,,,,,,,,,,,,,,,,,,,,,,,,,,,,,,,,,,,,,,,,,,
"Tournament3rd_Arena_L6_2","Tournament3rd_2","Arena_L6",,"TRUE",,,,,,,,,,,,,,,,,,,,,,,,,,,,,,,,,,,,,,,,,,,,,,,,,,,,,,,,,,,,,,,,,,,,,,,,,,,,,,,,,,
"TournamentOther_Arena_L2","TournamentOther","Arena_L2",,"TRUE",,,,,,,,,,,,,,,,,,,,,,,,,,,,,,,,,,,,,,,,,,,,,,,,,,,,,,,,,,,,,,,,,,,,,,,,,,,,,,,,,,
"TournamentOther_Arena_L2_2","TournamentOther_2","Arena_L2",,"TRUE",,,,,,,,,,,,,,,,,,,,,,,,,,,,,,,,,,,,,,,,,,,,,,,,,,,,,,,,,,,,,,,,,,,,,,,,,,,,,,,,,,
"TournamentOther_Arena_L3","TournamentOther","Arena_L3",,"TRUE",,,,,,,,,,,,,,,,,,,,,,,,,,,,,,,,,,,,,,,,,,,,,,,,,,,,,,,,,,,,,,,,,,,,,,,,,,,,,,,,,,
"TournamentOther_Arena_L3_2","TournamentOther_2","Arena_L3",,"TRUE",,,,,,,,,,,,,,,,,,,,,,,,,,,,,,,,,,,,,,,,,,,,,,,,,,,,,,,,,,,,,,,,,,,,,,,,,,,,,,,,,,
"TournamentOther_Arena_L4","TournamentOther","Arena_L4",,"TRUE",,,,,,,,,,,,,,,,,,,,,,,,,,,,,,,,,,,,,,,,,,,,,,,,,,,,,,,,,,,,,,,,,,,,,,,,,,,,,,,,,,
"TournamentOther_Arena_L4_2","TournamentOther_2","Arena_L4",,"TRUE",,,,,,,,,,,,,,,,,,,,,,,,,,,,,,,,,,,,,,,,,,,,,,,,,,,,,,,,,,,,,,,,,,,,,,,,,,,,,,,,,,
"TournamentOther_Arena_L5","TournamentOther","Arena_L5",,"TRUE",,,,,,,,,,,,,,,,,,,,,,,,,,,,,,,,,,,,,,,,,,,,,,,,,,,,,,,,,,,,,,,,,,,,,,,,,,,,,,,,,,
"TournamentOther_Arena_L5_2","TournamentOther_2","Arena_L5",,"TRUE",,,,,,,,,,,,,,,,,,,,,,,,,,,,,,,,,,,,,,,,,,,,,,,,,,,,,,,,,,,,,,,,,,,,,,,,,,,,,,,,,,
"TournamentOther_Arena_L6","TournamentOther","Arena_L6",,"TRUE",,,,,,,,,,,,,,,,,,,,,,,,,,,,,,,,,,,,,,,,,,,,,,,,,,,,,,,,,,,,,,,,,,,,,,,,,,,,,,,,,,
"TournamentOther_Arena_L6_2","TournamentOther_2","Arena_L6",,"TRUE",,,,,,,,,,,,,,,,,,,,,,,,,,,,,,,,,,,,,,,,,,,,,,,,,,,,,,,,,,,,,,,,,,,,,,,,,,,,,,,,,,
"WildChampion_Arena_L2","WildChampion","Arena_L2",,,,,,,,,,,,,28455,28455,,,,,,,,,,,,,,,,,,,,,,,,,,,,,,,,,,,,,,,200,55,15,1,,,,,,,,,,,,,,,,,,,,,,,,,,,,
"WildChampion_Arena_L3","WildChampion","Arena_L3",,,,,,,,,,,,,28455,28455,,,,,,,,,,,,,,,,,,,,,,,,,,,,,,,,,,,,,,,200,55,15,1,,,,,,,,,,,,,,,,,,,,,,,,,,,,
"WildChampion_Arena_L4","WildChampion","Arena_L4",,,,,,,,,,,,,28455,28455,,,,,,,,,,,,,,,,,,,,,,,,,,,,,,,,,,,,,,,200,55,15,1,,,,,,,,,,,,,,,,,,,,,,,,,,,,
"WildChampion_Arena_L5","WildChampion","Arena_L5",,,,,,,,,,,,,28455,28455,,,,,,,,,,,,,,,,,,,,,,,,,,,,,,,,,,,,,,,200,55,15,1,,,,,,,,,,,,,,,,,,,,,,,,,,,,
"WildChampion_Arena_L6","WildChampion","Arena_L6",,,,,,,,,,,,,28455,28455,,,,,,,,,,,,,,,,,,,,,,,,,,,,,,,,,,,,,,,200,55,15,1,,,,,,,,,,,,,,,,,,,,,,,,,,,,
"Shop_Medium_0_Arena5",,"Arena5","FortuneLock",,,,194,5,,5,30,1500,1600,,,,21,21,"sc/ui_chest.sc","chest_fortune_open","chest_fortune_open","get_magic_chest","chest_fortune_open","chest_landing_magic","openChest_fortune_boost","soundbanks/ui_battle_general/ui_menu_general_tap_magic_chest","soundbanks/ui_menu_general/ui_menu_general_jingle_openchest_fortune_boost",,"TID_CHEST_SHOP_MEDIUM",,5,,"sc/ui.sc","icon_chests_fortune_small",50,50,,,,,,,,,,,"Fortune",,"TRUE","TRUE","TRUE",,"TRUE",,,,,,,,,,,,,,,,,,,,,,,,,,,,,,,,,
"Legendary_Arena_Electric",,"Arena_Electric",,,,86400,1,1,1,0,0,1,0,,,,0,0,"sc/ui_chest.sc","chest_legendary_closed","chest_legendary_open","get_legendary_chest","chest_open_legendary","chest_landing_legendary","openChest_mega","soundbanks/ui_menu_general/ui_menu_general_tap_mega_chest","soundbanks/ui_menu_general/ui_menu_general_jingle_openchest_bigmagical",,"TID_CHEST_LEGENDARY","TID_CHEST_LEGENDARY_NOTIFICATION",,,"sc/ui.sc","icon_chests_legendary_small",,,,,,,,,,,,,,,"TRUE",,,,,,,,,,,,,,,,,,,,,,,,,,,,,,,,,,,,,
"Legendary_Arena_T",,"Arena_T",,,,86400,1,1,1,0,0,1,0,,,,0,0,"sc/ui_chest.sc","chest_legendary_closed","chest_legendary_open","get_legendary_chest","chest_open_legendary","chest_landing_legendary","openChest_mega","soundbanks/ui_menu_general/ui_menu_general_tap_mega_chest","soundbanks/ui_menu_general/ui_menu_general_jingle_openchest_bigmagical",,"TID_CHEST_LEGENDARY","TID_CHEST_LEGENDARY_NOTIFICATION",,,"sc/ui.sc","icon_chests_legendary_small",,,,,,,,,,,,,,,"TRUE",,,,,,,,,,,,,,,,,,,,,,,,,,,,,,,,,,,,,
"Legendary_Arena13",,"Arena13",,,,86400,1,1,1,0,0,1,0,,,,0,0,"sc/ui_chest.sc","chest_legendary_closed","chest_legendary_open","get_legendary_chest","chest_open_legendary","chest_landing_legendary","openChest_mega","soundbanks/ui_menu_general/ui_menu_general_tap_mega_chest","soundbanks/ui_menu_general/ui_menu_general_jingle_openchest_bigmagical",,"TID_CHEST_LEGENDARY","TID_CHEST_LEGENDARY_NOTIFICATION",,,"sc/ui.sc","icon_chests_legendary_small",,,,,,,,,,,,,,,"TRUE",,,,,,,,,,,,,,,,,,,,,,,,,,,,,,,,,,,,,
"Legendary_Arena14",,"Arena14",,,,86400,1,1,1,0,0,1,0,,,,0,0,"sc/ui_chest.sc","chest_legendary_closed","chest_legendary_open","get_legendary_chest","chest_open_legendary","chest_landing_legendary","openChest_mega","soundbanks/ui_menu_general/ui_menu_general_tap_mega_chest","soundbanks/ui_menu_general/ui_menu_general_jingle_openchest_bigmagical",,"TID_CHEST_LEGENDARY","TID_CHEST_LEGENDARY_NOTIFICATION",,,"sc/ui.sc","icon_chests_legendary_small",,,,,,,,,,,,,,,"TRUE",,,,,,,,,,,,,,,,,,,,,,,,,,,,,,,,,,,,,
"ChampionChest_Arena_L7","ChampionChest","Arena_L7",,,,,,,,,,,,,,,,,,,,,,,,,,,,,,,,,,,,,,,,,,,,,,,,,,,,,,,,,,,,,,,,,,,,,,,,,,,,,,,,,,,,
"ChampionChest_Arena_L8","ChampionChest","Arena_L8",,,,,,,,,,,,,,,,,,,,,,,,,,,,,,,,,,,,,,,,,,,,,,,,,,,,,,,,,,,,,,,,,,,,,,,,,,,,,,,,,,,,
"ChampionChest_Arena_L9","ChampionChest","Arena_L9",,,,,,,,,,,,,,,,,,,,,,,,,,,,,,,,,,,,,,,,,,,,,,,,,,,,,,,,,,,,,,,,,,,,,,,,,,,,,,,,,,,,
"ClanCrownChest_Arena_L7","ClanCrownChest","Arena_L7",,,,,,,,,,,,,,,,,,,,,,,,,,,,,,,,,,,,,,,,,,,,,,,,,,,,,,,,,,,,,,,,,,,,,,,,,,,,,,,,,,,,
"ClanCrownChest_Arena_L8","ClanCrownChest","Arena_L8",,,,,,,,,,,,,,,,,,,,,,,,,,,,,,,,,,,,,,,,,,,,,,,,,,,,,,,,,,,,,,,,,,,,,,,,,,,,,,,,,,,,
"ClanCrownChest_Arena_L9","ClanCrownChest","Arena_L9",,,,,,,,,,,,,,,,,,,,,,,,,,,,,,,,,,,,,,,,,,,,,,,,,,,,,,,,,,,,,,,,,,,,,,,,,,,,,,,,,,,,
"Draft_Arena_L7",,"Arena_L7",,,,,,,,,,,,,,,,,,,,,,,,,,,,,,,,,,,,,,,,,,,,,,,,,,,,,,,,,,,,,,,,,,,,,,,,,,,,,,,,,,,,
"Draft_Arena_L8",,"Arena_L8",,,,,,,,,,,,,,,,,,,,,,,,,,,,,,,,,,,,,,,,,,,,,,,,,,,,,,,,,,,,,,,,,,,,,,,,,,,,,,,,,,,,
"Draft_Arena_L9",,"Arena_L9",,,,,,,,,,,,,,,,,,,,,,,,,,,,,,,,,,,,,,,,,,,,,,,,,,,,,,,,,,,,,,,,,,,,,,,,,,,,,,,,,,,,
"Epic_Arena_L7","Epic","Arena_L7",,,,,20,5,,,,,,,,,,,,,,,,,,,,,,,,,,,,,,,,,,,,,,,,,,,,,,,,,,,,,,,,,,,,,,,,,,,,,,,,,,,,,,
"Epic_Arena_L8","Epic","Arena_L8",,,,,20,5,,,,,,,,,,,,,,,,,,,,,,,,,,,,,,,,,,,,,,,,,,,,,,,,,,,,,,,,,,,,,,,,,,,,,,,,,,,,,,
"Epic_Arena_L9","Epic","Arena_L9",,,,,20,5,,,,,,,,,,,,,,,,,,,,,,,,,,,,,,,,,,,,,,,,,,,,,,,,,,,,,,,,,,,,,,,,,,,,,,,,,,,,,,
"Free_Arena_L7","Free","Arena_L7",,,,,,,,,,,,,,,,,,,,,,,,,,,,,,,,,,,,,,,,,,,,,,,,,,,,,,,,,,,,,,,,,,,,,,,,,,,,,,,,,,,,
"Free_Arena_L8","Free","Arena_L8",,,,,,,,,,,,,,,,,,,,,,,,,,,,,,,,,,,,,,,,,,,,,,,,,,,,,,,,,,,,,,,,,,,,,,,,,,,,,,,,,,,,
"Free_Arena_L9","Free","Arena_L9",,,,,,,,,,,,,,,,,,,,,,,,,,,,,,,,,,,,,,,,,,,,,,,,,,,,,,,,,,,,,,,,,,,,,,,,,,,,,,,,,,,,
"Giant_Arena_L7","Giant","Arena_L7",,,,,,,,,,,,,,,,,,,,,,,,,,,,,,,,,,,,,,,,,,,,,,,,,,,,,,,,,,,,,,,,,,,,,,,,,,,,,,,,,,,,
"Giant_Arena_L8","Giant","Arena_L8",,,,,,,,,,,,,,,,,,,,,,,,,,,,,,,,,,,,,,,,,,,,,,,,,,,,,,,,,,,,,,,,,,,,,,,,,,,,,,,,,,,,
"Giant_Arena_L9","Giant","Arena_L9",,,,,,,,,,,,,,,,,,,,,,,,,,,,,,,,,,,,,,,,,,,,,,,,,,,,,,,,,,,,,,,,,,,,,,,,,,,,,,,,,,,,
"Gold_Arena_L7","Gold","Arena_L7",,,,,,,,,,,,,,,,,,,,,,,,,,,,,,,,,,,,,,,,,,,,,,,,,,,,,,,,,,,,,,,,,,,,,,,,,,,,,,,,,,,,
"Gold_Arena_L8","Gold","Arena_L8",,,,,,,,,,,,,,,,,,,,,,,,,,,,,,,,,,,,,,,,,,,,,,,,,,,,,,,,,,,,,,,,,,,,,,,,,,,,,,,,,,,,
"Gold_Arena_L9","Gold","Arena_L9",,,,,,,,,,,,,,,,,,,,,,,,,,,,,,,,,,,,,,,,,,,,,,,,,,,,,,,,,,,,,,,,,,,,,,,,,,,,,,,,,,,,
"GoldCage_Large_Arena_L7","GoldCage_Large","Arena_L7",,,,,,,,,,,,,24500,41500,,,,,,,,,,,,,,,,,,,,,,,,,,,,,,,,,,,,,,,,,,,,,,,,,,,,,,,,,,,,,,,,,,,,,,
"GoldCage_Large_Arena_L8","GoldCage_Large","Arena_L8",,,,,,,,,,,,,24750,42000,,,,,,,,,,,,,,,,,,,,,,,,,,,,,,,,,,,,,,,,,,,,,,,,,,,,,,,,,,,,,,,,,,,,,,
"GoldCage_Large_Arena_L9","GoldCage_Large","Arena_L9",,,,,,,,,,,,,25000,42500,,,,,,,,,,,,,,,,,,,,,,,,,,,,,,,,,,,,,,,,,,,,,,,,,,,,,,,,,,,,,,,,,,,,,,
"GoldCage_Medium_Arena_L7","GoldCage_Medium","Arena_L7",,,,,,,,,,,,,6800,17000,,,,,,,,,,,,,,,,,,,,,,,,,,,,,,,,,,,,,,,,,,,,,,,,,,,,,,,,,,,,,,,,,,,,,,
"GoldCage_Medium_Arena_L8","GoldCage_Medium","Arena_L8",,,,,,,,,,,,,6900,17250,,,,,,,,,,,,,,,,,,,,,,,,,,,,,,,,,,,,,,,,,,,,,,,,,,,,,,,,,,,,,,,,,,,,,,
"GoldCage_Medium_Arena_L9","GoldCage_Medium","Arena_L9",,,,,,,,,,,,,7000,17500,,,,,,,,,,,,,,,,,,,,,,,,,,,,,,,,,,,,,,,,,,,,,,,,,,,,,,,,,,,,,,,,,,,,,,
"GoldCage_Small_Arena_L7","GoldCage_Small","Arena_L7",,,,,,,,,,,,,3400,6800,,,,,,,,,,,,,,,,,,,,,,,,,,,,,,,,,,,,,,,,,,,,,,,,,,,,,,,,,,,,,,,,,,,,,,
"GoldCage_Small_Arena_L8","GoldCage_Small","Arena_L8",,,,,,,,,,,,,3450,6900,,,,,,,,,,,,,,,,,,,,,,,,,,,,,,,,,,,,,,,,,,,,,,,,,,,,,,,,,,,,,,,,,,,,,,
"GoldCage_Small_Arena_L9","GoldCage_Small","Arena_L9",,,,,,,,,,,,,3500,7000,,,,,,,,,,,,,,,,,,,,,,,,,,,,,,,,,,,,,,,,,,,,,,,,,,,,,,,,,,,,,,,,,,,,,,
"Magic_Arena_L7","Magic","Arena_L7",,,,,,,,,,,,,,,,,,,,,,,,,,,,,,,,,,,,,,,,,,,,,,,,,,,,,,,,,,,,,,,,,,,,,,,,,,,,,,,,,,,,
"Magic_Arena_L8","Magic","Arena_L8",,,,,,,,,,,,,,,,,,,,,,,,,,,,,,,,,,,,,,,,,,,,,,,,,,,,,,,,,,,,,,,,,,,,,,,,,,,,,,,,,,,,
"Magic_Arena_L9","Magic","Arena_L9",,,,,,,,,,,,,,,,,,,,,,,,,,,,,,,,,,,,,,,,,,,,,,,,,,,,,,,,,,,,,,,,,,,,,,,,,,,,,,,,,,,,
"Shop_Large_Legendary_Arena_L7",,"Arena_L7","LegendaryKings",,,,380,8,,5,15,400,0,,,,36,36,"sc/ui_chest.sc","chest_legendary_king_open","chest_legendary_king_open","get_magic_chest","chest_legendary_king_open","chest_landing_magic","openChest_legend_kings","soundbanks/ui_battle_general/ui_menu_general_tap_magic_chest","soundbanks/ui_menu_general/ui_menu_general_jingle_openchest_legend_kings",,"TID_CHEST_SHOP_LARGE_LEGENDARY",,5,"TRUE","sc/ui.sc","icon_chests_legendarykings_small",1,,,,,,,,,,,,"Kings",,"TRUE","TRUE","TRUE",,"TRUE","TRUE",70,19,6,1,,"AddChampionIfUnlocked",,,,,,,,,,,,,,,,,,,,,,,,,,
"Shop_Large_Legendary_Arena_L8",,"Arena_L8","LegendaryKings",,,,380,8,,5,15,400,0,,,,36,36,"sc/ui_chest.sc","chest_legendary_king_open","chest_legendary_king_open","get_magic_chest","chest_legendary_king_open","chest_landing_magic","openChest_legend_kings","soundbanks/ui_battle_general/ui_menu_general_tap_magic_chest","soundbanks/ui_menu_general/ui_menu_general_jingle_openchest_legend_kings",,"TID_CHEST_SHOP_LARGE_LEGENDARY",,5,"TRUE","sc/ui.sc","icon_chests_legendarykings_small",1,,,,,,,,,,,,"Kings",,"TRUE","TRUE","TRUE",,"TRUE","TRUE",70,19,6,1,,"AddChampionIfUnlocked",,,,,,,,,,,,,,,,,,,,,,,,,,
"Shop_Large_Legendary_Arena_L9",,"Arena_L9","LegendaryKings",,,,380,8,,5,15,400,0,,,,36,36,"sc/ui_chest.sc","chest_legendary_king_open","chest_legendary_king_open","get_magic_chest","chest_legendary_king_open","chest_landing_magic","openChest_legend_kings","soundbanks/ui_battle_general/ui_menu_general_tap_magic_chest","soundbanks/ui_menu_general/ui_menu_general_jingle_openchest_legend_kings",,"TID_CHEST_SHOP_LARGE_LEGENDARY",,5,"TRUE","sc/ui.sc","icon_chests_legendarykings_small",1,,,,,,,,,,,,"Kings",,"TRUE","TRUE","TRUE",,"TRUE","TRUE",70,19,6,1,,"AddChampionIfUnlocked",,,,,,,,,,,,,,,,,,,,,,,,,,
"Shop_Medium_1_Arena_L7",,"Arena_L7","Fortune",,,,274,5,,5,30,1500,1600,,,,21,21,"sc/ui_chest.sc","chest_fortune_open","chest_fortune_open","get_magic_chest","chest_fortune_open","chest_landing_magic","openChest_fortune_boost","soundbanks/ui_battle_general/ui_menu_general_tap_magic_chest","soundbanks/ui_menu_general/ui_menu_general_jingle_openchest_fortune_boost",,"TID_CHEST_SHOP_MEDIUM",,5,,"sc/ui.sc","icon_chests_fortune_small",10,10,,,,,,,,,,,"Fortune",,"TRUE","TRUE","TRUE",,"TRUE",,,,,,,,,,,,,,,,,,,,,,,,,,,,,,,,,
"Shop_Medium_1_Arena_L8",,"Arena_L8","Fortune",,,,274,5,,5,30,1500,1600,,,,21,21,"sc/ui_chest.sc","chest_fortune_open","chest_fortune_open","get_magic_chest","chest_fortune_open","chest_landing_magic","openChest_fortune_boost","soundbanks/ui_battle_general/ui_menu_general_tap_magic_chest","soundbanks/ui_menu_general/ui_menu_general_jingle_openchest_fortune_boost",,"TID_CHEST_SHOP_MEDIUM",,5,,"sc/ui.sc","icon_chests_fortune_small",10,10,,,,,,,,,,,"Fortune",,"TRUE","TRUE","TRUE",,"TRUE",,,,,,,,,,,,,,,,,,,,,,,,,,,,,,,,,
"Shop_Medium_1_Arena_L9",,"Arena_L9","Fortune",,,,274,5,,5,30,1500,1600,,,,21,21,"sc/ui_chest.sc","chest_fortune_open","chest_fortune_open","get_magic_chest","chest_fortune_open","chest_landing_magic","openChest_fortune_boost","soundbanks/ui_battle_general/ui_menu_general_tap_magic_chest","soundbanks/ui_menu_general/ui_menu_general_jingle_openchest_fortune_boost",,"TID_CHEST_SHOP_MEDIUM",,5,,"sc/ui.sc","icon_chests_fortune_small",10,10,,,,,,,,,,,"Fortune",,"TRUE","TRUE","TRUE",,"TRUE",,,,,,,,,,,,,,,,,,,,,,,,,,,,,,,,,
"Shop_Small_1_Arena_L7",,"Arena_L7","Lightning",,,,295,4,,6,50,1000,2000,,,,15,15,"sc/ui_chest.sc","chest_lightning_open","chest_lightning_open","get_magic_chest","chest_lightning_open","chest_landing_magic","openChest_lightning","soundbanks/ui_battle_general/ui_menu_general_tap_magic_chest","soundbanks/ui_menu_general/ui_menu_general_jingle_openchest_lightning",,"TID_CHEST_SHOP_SMALL",,5,,"sc/ui.sc","icon_chests_lightning_small",,,,,,,,,,,6,,"Lightning",,"TRUE","TRUE","TRUE","TRUE","TRUE","TRUE",,,,,,,,,,,,,,,,,,,,,,,,,,,,,,,,
"Shop_Small_1_Arena_L8",,"Arena_L8","Lightning",,,,300,4,,6,50,1000,2000,,,,15,15,"sc/ui_chest.sc","chest_lightning_open","chest_lightning_open","get_magic_chest","chest_lightning_open","chest_landing_magic","openChest_lightning","soundbanks/ui_battle_general/ui_menu_general_tap_magic_chest","soundbanks/ui_menu_general/ui_menu_general_jingle_openchest_lightning",,"TID_CHEST_SHOP_SMALL",,5,,"sc/ui.sc","icon_chests_lightning_small",,,,,,,,,,,6,,"Lightning",,"TRUE","TRUE","TRUE","TRUE","TRUE","TRUE",,,,,,,,,,,,,,,,,,,,,,,,,,,,,,,,
"Shop_Small_1_Arena_L9",,"Arena_L9","Lightning",,,,305,4,,6,50,1000,2000,,,,15,15,"sc/ui_chest.sc","chest_lightning_open","chest_lightning_open","get_magic_chest","chest_lightning_open","chest_landing_magic","openChest_lightning","soundbanks/ui_battle_general/ui_menu_general_tap_magic_chest","soundbanks/ui_menu_general/ui_menu_general_jingle_openchest_lightning",,"TID_CHEST_SHOP_SMALL",,5,,"sc/ui.sc","icon_chests_lightning_small",,,,,,,,,,,6,,"Lightning",,"TRUE","TRUE","TRUE","TRUE","TRUE","TRUE",,,,,,,,,,,,,,,,,,,,,,,,,,,,,,,,
"Silver_Arena_L7","Silver","Arena_L7",,,,,,,,,,,,,,,,,,,,,,,,,,,,,,,,,,,,,,,,,,,,,,,,,,,,,,,,,,,,,,,,,,,,,,,,,,,,,,,,,,,,
"Silver_Arena_L8","Silver","Arena_L8",,,,,,,,,,,,,,,,,,,,,,,,,,,,,,,,,,,,,,,,,,,,,,,,,,,,,,,,,,,,,,,,,,,,,,,,,,,,,,,,,,,,
"Silver_Arena_L9","Silver","Arena_L9",,,,,,,,,,,,,,,,,,,,,,,,,,,,,,,,,,,,,,,,,,,,,,,,,,,,,,,,,,,,,,,,,,,,,,,,,,,,,,,,,,,,
"Star_Arena_L7","Star","Arena_L7",,,,,,,,,,,,,,,,,,,,,,,,,,,,,,,,,,,,,,,,,,,,,,,,,,,,,,,,,,,,,,,,,,,,,,,,,,,,,,,,,,,,
"Star_Arena_L8","Star","Arena_L8",,,,,,,,,,,,,,,,,,,,,,,,,,,,,,,,,,,,,,,,,,,,,,,,,,,,,,,,,,,,,,,,,,,,,,,,,,,,,,,,,,,,
"Star_Arena_L9","Star","Arena_L9",,,,,,,,,,,,,,,,,,,,,,,,,,,,,,,,,,,,,,,,,,,,,,,,,,,,,,,,,,,,,,,,,,,,,,,,,,,,,,,,,,,,
"StarBoosted_Arena_L7","StarBoosted","Arena_L7",,,,,,,,,,,,,,,,,,,,,,,,,,,,,,,,,,,,,,,,,,,,,,,,,,,,,,,,,,,,,,,,,,,,,,,,,,,,,,,,,,,,
"StarBoosted_Arena_L8","StarBoosted","Arena_L8",,,,,,,,,,,,,,,,,,,,,,,,,,,,,,,,,,,,,,,,,,,,,,,,,,,,,,,,,,,,,,,,,,,,,,,,,,,,,,,,,,,,
"StarBoosted_Arena_L9","StarBoosted","Arena_L9",,,,,,,,,,,,,,,,,,,,,,,,,,,,,,,,,,,,,,,,,,,,,,,,,,,,,,,,,,,,,,,,,,,,,,,,,,,,,,,,,,,,
"Super_Arena_L7","Super","Arena_L7",,,,,,,,,,,,,,,,,,,,,,,,,,,,,,,,,,,,,,,,,,,,,,,,,,,,,,,,,,,,,,,,,,,,,,,,,,,,,,,,,,,,
"Super_Arena_L8","Super","Arena_L8",,,,,,,,,,,,,,,,,,,,,,,,,,,,,,,,,,,,,,,,,,,,,,,,,,,,,,,,,,,,,,,,,,,,,,,,,,,,,,,,,,,,
"Super_Arena_L9","Super","Arena_L9",,,,,,,,,,,,,,,,,,,,,,,,,,,,,,,,,,,,,,,,,,,,,,,,,,,,,,,,,,,,,,,,,,,,,,,,,,,,,,,,,,,,
"SuperLightning_Arena_L7","SuperLightning","Arena_L7",,,,,,,,,,,,,,,,,,,,,,,,,,,,,,,,,,,,,,,,,,,6,,,,,,,,,,,,,,,,,,,,,,,,,,,,,,,,,,,,,,,,,
"SuperLightning_Arena_L8","SuperLightning","Arena_L8",,,,,,,,,,,,,,,,,,,,,,,,,,,,,,,,,,,,,,,,,,,6,,,,,,,,,,,,,,,,,,,,,,,,,,,,,,,,,,,,,,,,,
"SuperLightning_Arena_L9","SuperLightning","Arena_L9",,,,,,,,,,,,,,,,,,,,,,,,,,,,,,,,,,,,,,,,,,,6,,,,,,,,,,,,,,,,,,,,,,,,,,,,,,,,,,,,,,,,,
"Survival_Bronze_Arena_L7","Survival_Bronze","Arena_L7",,,,,,,,,,,,,,,,,,,,,,,,,,,,,,,,,,,,,,,,,,,,,,,,,,,,,,,,,,,,,,,,,,,,,,,,,,,,,,,,,,,,
"Survival_Bronze_Arena_L8","Survival_Bronze","Arena_L8",,,,,,,,,,,,,,,,,,,,,,,,,,,,,,,,,,,,,,,,,,,,,,,,,,,,,,,,,,,,,,,,,,,,,,,,,,,,,,,,,,,,
"Survival_Bronze_Arena_L9","Survival_Bronze","Arena_L9",,,,,,,,,,,,,,,,,,,,,,,,,,,,,,,,,,,,,,,,,,,,,,,,,,,,,,,,,,,,,,,,,,,,,,,,,,,,,,,,,,,,
"Survival_Gold_Arena_L7","Survival_Gold","Arena_L7",,,,,,,,,,,,,,,,,,,,,,,,,,,,,,,,,,,,,,,,,,,,,,,,,,,,,,,,,,,,,,,,,,,,,,,,,,,,,,,,,,,,
"Survival_Gold_Arena_L8","Survival_Gold","Arena_L8",,,,,,,,,,,,,,,,,,,,,,,,,,,,,,,,,,,,,,,,,,,,,,,,,,,,,,,,,,,,,,,,,,,,,,,,,,,,,,,,,,,,
"Survival_Gold_Arena_L9","Survival_Gold","Arena_L9",,,,,,,,,,,,,,,,,,,,,,,,,,,,,,,,,,,,,,,,,,,,,,,,,,,,,,,,,,,,,,,,,,,,,,,,,,,,,,,,,,,,
"Tournament1st_Arena_L7","Tournament1st","Arena_L7",,,,,,,,,,,,,,,,,,,,,,,,,,,,,,,,,,,,,,,,,,,,,,,,,,,,,,,,,,,,,,,,,,,,,,,,,,,,,,,,,,,,
"Tournament1st_Arena_L7_2","Tournament1st_2","Arena_L7",,,,,,,,,,,,,,,,,,,,,,,,,,,,,,,,,,,,,,,,,,,,,,,,,,,,,,,,,,,,,,,,,,,,,,,,,,,,,,,,,,,,
"Tournament1st_Arena_L8","Tournament1st","Arena_L8",,,,,,,,,,,,,,,,,,,,,,,,,,,,,,,,,,,,,,,,,,,,,,,,,,,,,,,,,,,,,,,,,,,,,,,,,,,,,,,,,,,,
"Tournament1st_Arena_L8_2","Tournament1st_2","Arena_L8",,,,,,,,,,,,,,,,,,,,,,,,,,,,,,,,,,,,,,,,,,,,,,,,,,,,,,,,,,,,,,,,,,,,,,,,,,,,,,,,,,,,
"Tournament1st_Arena_L9","Tournament1st","Arena_L9",,,,,,,,,,,,,,,,,,,,,,,,,,,,,,,,,,,,,,,,,,,,,,,,,,,,,,,,,,,,,,,,,,,,,,,,,,,,,,,,,,,,
"Tournament1st_Arena_L9_2","Tournament1st_2","Arena_L9",,,,,,,,,,,,,,,,,,,,,,,,,,,,,,,,,,,,,,,,,,,,,,,,,,,,,,,,,,,,,,,,,,,,,,,,,,,,,,,,,,,,
"Tournament2nd_Arena_L7","Tournament2nd","Arena_L7",,,,,,,,,,,,,,,,,,,,,,,,,,,,,,,,,,,,,,,,,,,,,,,,,,,,,,,,,,,,,,,,,,,,,,,,,,,,,,,,,,,,
"Tournament2nd_Arena_L7_2","Tournament2nd_2","Arena_L7",,,,,,,,,,,,,,,,,,,,,,,,,,,,,,,,,,,,,,,,,,,,,,,,,,,,,,,,,,,,,,,,,,,,,,,,,,,,,,,,,,,,
"Tournament2nd_Arena_L8","Tournament2nd","Arena_L8",,,,,,,,,,,,,,,,,,,,,,,,,,,,,,,,,,,,,,,,,,,,,,,,,,,,,,,,,,,,,,,,,,,,,,,,,,,,,,,,,,,,
"Tournament2nd_Arena_L8_2","Tournament2nd_2","Arena_L8",,,,,,,,,,,,,,,,,,,,,,,,,,,,,,,,,,,,,,,,,,,,,,,,,,,,,,,,,,,,,,,,,,,,,,,,,,,,,,,,,,,,
"Tournament2nd_Arena_L9","Tournament2nd","Arena_L9",,,,,,,,,,,,,,,,,,,,,,,,,,,,,,,,,,,,,,,,,,,,,,,,,,,,,,,,,,,,,,,,,,,,,,,,,,,,,,,,,,,,
"Tournament2nd_Arena_L9_2","Tournament2nd_2","Arena_L9",,,,,,,,,,,,,,,,,,,,,,,,,,,,,,,,,,,,,,,,,,,,,,,,,,,,,,,,,,,,,,,,,,,,,,,,,,,,,,,,,,,,
"Tournament3rd_Arena_L7","Tournament3rd","Arena_L7",,,,,,,,,,,,,,,,,,,,,,,,,,,,,,,,,,,,,,,,,,,,,,,,,,,,,,,,,,,,,,,,,,,,,,,,,,,,,,,,,,,,
"Tournament3rd_Arena_L7_2","Tournament3rd_2","Arena_L7",,,,,,,,,,,,,,,,,,,,,,,,,,,,,,,,,,,,,,,,,,,,,,,,,,,,,,,,,,,,,,,,,,,,,,,,,,,,,,,,,,,,
"Tournament3rd_Arena_L8","Tournament3rd","Arena_L8",,,,,,,,,,,,,,,,,,,,,,,,,,,,,,,,,,,,,,,,,,,,,,,,,,,,,,,,,,,,,,,,,,,,,,,,,,,,,,,,,,,,
"Tournament3rd_Arena_L8_2","Tournament3rd_2","Arena_L8",,,,,,,,,,,,,,,,,,,,,,,,,,,,,,,,,,,,,,,,,,,,,,,,,,,,,,,,,,,,,,,,,,,,,,,,,,,,,,,,,,,,
"Tournament3rd_Arena_L9","Tournament3rd","Arena_L9",,,,,,,,,,,,,,,,,,,,,,,,,,,,,,,,,,,,,,,,,,,,,,,,,,,,,,,,,,,,,,,,,,,,,,,,,,,,,,,,,,,,
"Tournament3rd_Arena_L9_2","Tournament3rd_2","Arena_L9",,,,,,,,,,,,,,,,,,,,,,,,,,,,,,,,,,,,,,,,,,,,,,,,,,,,,,,,,,,,,,,,,,,,,,,,,,,,,,,,,,,,
"TournamentOther_Arena_L7","TournamentOther","Arena_L7",,,,,,,,,,,,,,,,,,,,,,,,,,,,,,,,,,,,,,,,,,,,,,,,,,,,,,,,,,,,,,,,,,,,,,,,,,,,,,,,,,,,
"TournamentOther_Arena_L7_2","TournamentOther_2","Arena_L7",,,,,,,,,,,,,,,,,,,,,,,,,,,,,,,,,,,,,,,,,,,,,,,,,,,,,,,,,,,,,,,,,,,,,,,,,,,,,,,,,,,,
"TournamentOther_Arena_L8","TournamentOther","Arena_L8",,,,,,,,,,,,,,,,,,,,,,,,,,,,,,,,,,,,,,,,,,,,,,,,,,,,,,,,,,,,,,,,,,,,,,,,,,,,,,,,,,,,
"TournamentOther_Arena_L8_2","TournamentOther_2","Arena_L8",,,,,,,,,,,,,,,,,,,,,,,,,,,,,,,,,,,,,,,,,,,,,,,,,,,,,,,,,,,,,,,,,,,,,,,,,,,,,,,,,,,,
"TournamentOther_Arena_L9","TournamentOther","Arena_L9",,,,,,,,,,,,,,,,,,,,,,,,,,,,,,,,,,,,,,,,,,,,,,,,,,,,,,,,,,,,,,,,,,,,,,,,,,,,,,,,,,,,
"TournamentOther_Arena_L9_2","TournamentOther_2","Arena_L9",,,,,,,,,,,,,,,,,,,,,,,,,,,,,,,,,,,,,,,,,,,,,,,,,,,,,,,,,,,,,,,,,,,,,,,,,,,,,,,,,,,,
"WildChampion_Arena_L7","WildChampion","Arena_L7",,,,,,,,,,,,,28455,28455,,,,,,,,,,,,,,,,,,,,,,,,,,,,,,,,,,,,,,,200,55,15,1,,,,,,,,,,,,,,,,,,,,,,,,,,,,
"WildChampion_Arena_L8","WildChampion","Arena_L8",,,,,,,,,,,,,28455,28455,,,,,,,,,,,,,,,,,,,,,,,,,,,,,,,,,,,,,,,200,55,15,1,,,,,,,,,,,,,,,,,,,,,,,,,,,,
"WildChampion_Arena_L9","WildChampion","Arena_L9",,,,,,,,,,,,,28455,28455,,,,,,,,,,,,,,,,,,,,,,,,,,,,,,,,,,,,,,,200,55,15,1,,,,,,,,,,,,,,,,,,,,,,,,,,,,
"Shard_Test",,"Arena_L1",,,,86400,0,0,,0,0,0,0,,,,,,"sc/ui_chest.sc","levelup_evo_chest_static","champion_chest_open_shop","get_champion_chest","levelup_evo_chest_open_collection_win","chest_landing_magic","openChest_star","soundbanks/ui_battle_general/ui_menu_general_tap_magic_chest","soundbanks/ui_menu_general/ui_menu_general_jingle_openchest_magical",,"TID_CHEST_LEGENDARY","TID_CHEST_LEGENDARY_NOTIFICATION",,,"sc/ui.sc","icon_chests_royal_wild_small",,,,,,,,,,,,,,,"TRUE",,,,,"TRUE",0,0,0,0,,,,,1000000000,1,1,,,,"sc/ui_chest.sc","champion_card_chest_reveal_bg",,,,,,,,,,,,,,,,
"LevelUpChest_KL51",,"Arena_L7",,,,,0,0,,0,0,0,0,,,,,,"sc/ui_chest.sc","levelup_evo_chest_static","champion_chest_open_shop","get_champion_chest","levelup_evo_chest_open_collection_win","chest_landing_magic","openChest_star","soundbanks/ui_battle_general/ui_menu_general_tap_magic_chest","soundbanks/ui_menu_general/ui_menu_general_jingle_openchest_magical",,"TID_CHEST_LEGENDARY","TID_CHEST_LEGENDARY_NOTIFICATION",,,"sc/ui.sc","icon_chests_royal_wild_small",,,,,,,,,,,,,,,"TRUE",,,,,"TRUE",0,0,0,0,,,,,1000000000,1,1,,,,"sc/ui_chest.sc","champion_card_chest_reveal_bg",,,,,,,,,,,,,,,,
"LevelUpChest_KL52",,"Arena_L7",,,,,233,12,,10,23,466,0,,,,39,39,"sc/ui_chest.sc","levelup_chest_static",,"get_levelup_chest","levelup_chest_open_collection_win","chest_landing_magic","openChest_star","soundbanks/ui_battle_general/ui_menu_general_tap_magic_chest","soundbanks/ui_menu_general/ui_menu_general_jingle_openchest_magical",,"TID_CHEST_KINGLEVEL","TID_CHEST_GOLD_KINGLEVEL",,,,,,,,,,,,,,,,,,,"TRUE","TRUE","TRUE",,,,,,,,,,25,25,,,,,,,,,,,,,,,,,,,,,,,,
"LevelUpChest_KL53",,"Arena_L7",,,,,0,0,,0,0,0,0,,,,,,"sc/ui_chest.sc","levelup_evo_chest_static","champion_chest_open_shop","get_champion_chest","levelup_evo_chest_open_collection_win","chest_landing_magic","openChest_star","soundbanks/ui_battle_general/ui_menu_general_tap_magic_chest","soundbanks/ui_menu_general/ui_menu_general_jingle_openchest_magical",,"TID_CHEST_LEGENDARY","TID_CHEST_LEGENDARY_NOTIFICATION",,,"sc/ui.sc","icon_chests_royal_wild_small",,,,,,,,,,,,,,,"TRUE",,,,,"TRUE",0,0,0,0,,,,,1000000000,1,1,,,,"sc/ui_chest.sc","champion_card_chest_reveal_bg",,,,,,,,,,,,,,,,
"LevelUpChest_KL54",,"Arena_L7",,,,,233,12,,10,23,466,0,,,,443,443,"sc/ui_chest.sc","levelup_chest_static",,"get_levelup_chest","levelup_chest_open_collection_win","chest_landing_magic","openChest_star","soundbanks/ui_battle_general/ui_menu_general_tap_magic_chest","soundbanks/ui_menu_general/ui_menu_general_jingle_openchest_magical",,"TID_CHEST_KINGLEVEL","TID_CHEST_GOLD_KINGLEVEL",,,,,,,,,,,,,,,,,,,"TRUE","TRUE","TRUE",,,,,,,,,,25,25,,,,,,,,,1,5500,5500,,,,,,,,,,,,,"Support_Cards_No_Goblins"
"LevelUpChest_KL55",,"Arena_L7",,,,,0,0,,0,0,0,0,,,,,,"sc/ui_chest.sc","levelup_evo_chest_static","champion_chest_open_shop","get_champion_chest","levelup_evo_chest_open_collection_win","chest_landing_magic","openChest_star","soundbanks/ui_battle_general/ui_menu_general_tap_magic_chest","soundbanks/ui_menu_general/ui_menu_general_jingle_openchest_magical",,"TID_CHEST_LEGENDARY","TID_CHEST_LEGENDARY_NOTIFICATION",,,"sc/ui.sc","icon_chests_royal_wild_small",,,,,,,,,,,,,,,"TRUE",,,,,"TRUE",0,0,0,0,,,,,1000000000,1,1,,,,"sc/ui_chest.sc","champion_card_chest_reveal_bg",,,,,,,,,,,,,,,,
"LevelUpChest_KL56",,"Arena_L8",,,,,233,12,,10,23,466,0,,,,39,39,"sc/ui_chest.sc","levelup_chest_static",,"get_levelup_chest","levelup_chest_open_collection_win","chest_landing_magic","openChest_star","soundbanks/ui_battle_general/ui_menu_general_tap_magic_chest","soundbanks/ui_menu_general/ui_menu_general_jingle_openchest_magical",,"TID_CHEST_KINGLEVEL","TID_CHEST_GOLD_KINGLEVEL",,,,,,,,,,,,,,,,,,,"TRUE","TRUE","TRUE",,,,,,,,,,25,25,,,,,,,,,,,,,,,,,,,,,,,,
"LevelUpChest_KL57",,"Arena_L8",,,,,0,0,,0,0,0,0,,,,,,"sc/ui_chest.sc","levelup_evo_chest_static","champion_chest_open_shop","get_champion_chest","levelup_evo_chest_open_collection_win","chest_landing_magic","openChest_star","soundbanks/ui_battle_general/ui_menu_general_tap_magic_chest","soundbanks/ui_menu_general/ui_menu_general_jingle_openchest_magical",,"TID_CHEST_LEGENDARY","TID_CHEST_LEGENDARY_NOTIFICATION",,,"sc/ui.sc","icon_chests_royal_wild_small",,,,,,,,,,,,,,,"TRUE",,,,,"TRUE",0,0,0,0,,,,,1000000000,1,1,,,,"sc/ui_chest.sc","champion_card_chest_reveal_bg",,,,,,,,,,,,,,,,
"LevelUpChest_KL58",,"Arena_L8",,,,,233,12,,10,23,466,0,,,,39,39,"sc/ui_chest.sc","levelup_chest_static",,"get_levelup_chest","levelup_chest_open_collection_win","chest_landing_magic","openChest_star","soundbanks/ui_battle_general/ui_menu_general_tap_magic_chest","soundbanks/ui_menu_general/ui_menu_general_jingle_openchest_magical",,"TID_CHEST_KINGLEVEL","TID_CHEST_GOLD_KINGLEVEL",,,,,,,,,,,,,,,,,,,"TRUE","TRUE","TRUE",,,,,,,,,,25,25,,,,,,,,,,,,,,,,,,,,,,,,
"LevelUpChest_KL59",,"Arena_L8",,,,,0,0,,0,0,0,0,,,,,,"sc/ui_chest.sc","levelup_evo_chest_static","champion_chest_open_shop","get_champion_chest","levelup_evo_chest_open_collection_win","chest_landing_magic","openChest_star","soundbanks/ui_battle_general/ui_menu_general_tap_magic_chest","soundbanks/ui_menu_general/ui_menu_general_jingle_openchest_magical",,"TID_CHEST_LEGENDARY","TID_CHEST_LEGENDARY_NOTIFICATION",,,"sc/ui.sc","icon_chests_royal_wild_small",,,,,,,,,,,,,,,"TRUE",,,,,"TRUE",0,0,0,0,,,,,1000000000,1,1,,,,"sc/ui_chest.sc","champion_card_chest_reveal_bg",,,,,,,,,,,,,,,,
"LevelUpChest_KL60",,"Arena_L8",,,,,233,12,,10,23,466,0,,,,39,39,"sc/ui_chest.sc","levelup_chest_static",,"get_levelup_chest","levelup_chest_open_collection_win","chest_landing_magic","openChest_star","soundbanks/ui_battle_general/ui_menu_general_tap_magic_chest","soundbanks/ui_menu_general/ui_menu_general_jingle_openchest_magical",,"TID_CHEST_KINGLEVEL","TID_CHEST_GOLD_KINGLEVEL",,,,,,,,,,,,,,,,,,,"TRUE","TRUE","TRUE",,,,,,,,,,25,25,,,,,,,,,,,,,,,,,,,,,,,,
"LevelUpChest_KL61",,"Arena_L9",,,,,0,0,,0,0,0,0,,,,,,"sc/ui_chest.sc","levelup_evo_chest_static","champion_chest_open_shop","get_champion_chest","levelup_evo_chest_open_collection_win","chest_landing_magic","openChest_star","soundbanks/ui_battle_general/ui_menu_general_tap_magic_chest","soundbanks/ui_menu_general/ui_menu_general_jingle_openchest_magical",,"TID_CHEST_LEGENDARY","TID_CHEST_LEGENDARY_NOTIFICATION",,,"sc/ui.sc","icon_chests_royal_wild_small",,,,,,,,,,,,,,,"TRUE",,,,,"TRUE",0,0,0,0,,,,,1000000000,1,1,,,,"sc/ui_chest.sc","champion_card_chest_reveal_bg",,,,,,,,,,,,,,,,
"LevelUpChest_KL62",,"Arena_L9",,,,,233,12,,10,23,466,0,,,,39,39,"sc/ui_chest.sc","levelup_chest_static",,"get_levelup_chest","levelup_chest_open_collection_win","chest_landing_magic","openChest_star","soundbanks/ui_battle_general/ui_menu_general_tap_magic_chest","soundbanks/ui_menu_general/ui_menu_general_jingle_openchest_magical",,"TID_CHEST_KINGLEVEL","TID_CHEST_GOLD_KINGLEVEL",,,,,,,,,,,,,,,,,,,"TRUE","TRUE","TRUE",,,,,,,,,,25,25,,,,,,,,,,,,,,,,,,,,,,,,
"LevelUpChest_KL63",,"Arena_L9",,,,,0,0,,0,0,0,0,,,,,,"sc/ui_chest.sc","levelup_evo_chest_static","champion_chest_open_shop","get_champion_chest","levelup_evo_chest_open_collection_win","chest_landing_magic","openChest_star","soundbanks/ui_battle_general/ui_menu_general_tap_magic_chest","soundbanks/ui_menu_general/ui_menu_general_jingle_openchest_magical",,"TID_CHEST_LEGENDARY","TID_CHEST_LEGENDARY_NOTIFICATION",,,"sc/ui.sc","icon_chests_royal_wild_small",,,,,,,,,,,,,,,"TRUE",,,,,"TRUE",0,0,0,0,,,,,1000000000,1,1,,,,"sc/ui_chest.sc","champion_card_chest_reveal_bg",,,,,,,,,,,,,,,,
"LevelUpChest_KL64",,"Arena_L9",,,,,233,12,,10,23,466,0,,,,39,39,"sc/ui_chest.sc","levelup_chest_static",,"get_levelup_chest","levelup_chest_open_collection_win","chest_landing_magic","openChest_star","soundbanks/ui_battle_general/ui_menu_general_tap_magic_chest","soundbanks/ui_menu_general/ui_menu_general_jingle_openchest_magical",,"TID_CHEST_KINGLEVEL","TID_CHEST_GOLD_KINGLEVEL",,,,,,,,,,,,,,,,,,,"TRUE","TRUE","TRUE",,,,,,,,,,25,25,,,,,,,,,,,,,,,,,,,,,,,,
"LevelUpChest_KL65",,"Arena_L9",,,,,0,0,,0,0,0,0,,,,,,"sc/ui_chest.sc","levelup_evo_chest_static","champion_chest_open_shop","get_champion_chest","levelup_evo_chest_open_collection_win","chest_landing_magic","openChest_star","soundbanks/ui_battle_general/ui_menu_general_tap_magic_chest","soundbanks/ui_menu_general/ui_menu_general_jingle_openchest_magical",,"TID_CHEST_LEGENDARY","TID_CHEST_LEGENDARY_NOTIFICATION",,,"sc/ui.sc","icon_chests_royal_wild_small",,,,,,,,,,,,,,,"TRUE",,,,,"TRUE",0,0,0,0,,,,,1000000000,1,1,,,,"sc/ui_chest.sc","champion_card_chest_reveal_bg",,,,,,,,,,,,,,,,
"LevelUpChest_KL66",,"Arena_L9",,,,,233,12,,10,23,466,0,,,,39,39,"sc/ui_chest.sc","levelup_chest_static",,"get_levelup_chest","levelup_chest_open_collection_win","chest_landing_magic","openChest_star","soundbanks/ui_battle_general/ui_menu_general_tap_magic_chest","soundbanks/ui_menu_general/ui_menu_general_jingle_openchest_magical",,"TID_CHEST_KINGLEVEL","TID_CHEST_GOLD_KINGLEVEL",,,,,,,,,,,,,,,,,,,"TRUE","TRUE","TRUE",,,,,,,,,,25,25,,,,,,,,,,,,,,,,,,,,,,,,
"LevelUpChest_KL67",,"Arena_L9",,,,,0,0,,0,0,0,0,,,,,,"sc/ui_chest.sc","levelup_evo_chest_static","champion_chest_open_shop","get_champion_chest","levelup_evo_chest_open_collection_win","chest_landing_magic","openChest_star","soundbanks/ui_battle_general/ui_menu_general_tap_magic_chest","soundbanks/ui_menu_general/ui_menu_general_jingle_openchest_magical",,"TID_CHEST_LEGENDARY","TID_CHEST_LEGENDARY_NOTIFICATION",,,"sc/ui.sc","icon_chests_royal_wild_small",,,,,,,,,,,,,,,"TRUE",,,,,"TRUE",0,0,0,0,,,,,1000000000,1,1,,,,"sc/ui_chest.sc","champion_card_chest_reveal_bg",,,,,,,,,,,,,,,,
"LevelUpChest_KL68",,"Arena_L9",,,,,233,12,,10,23,466,0,,,,39,39,"sc/ui_chest.sc","levelup_chest_static",,"get_levelup_chest","levelup_chest_open_collection_win","chest_landing_magic","openChest_star","soundbanks/ui_battle_general/ui_menu_general_tap_magic_chest","soundbanks/ui_menu_general/ui_menu_general_jingle_openchest_magical",,"TID_CHEST_KINGLEVEL","TID_CHEST_GOLD_KINGLEVEL",,,,,,,,,,,,,,,,,,,"TRUE","TRUE","TRUE",,,,,,,,,,25,25,,,,,,,,,,,,,,,,,,,,,,,,
"LevelUpChest_KL69",,"Arena_L9",,,,,0,0,,0,0,0,0,,,,,,"sc/ui_chest.sc","levelup_evo_chest_static","champion_chest_open_shop","get_champion_chest","levelup_evo_chest_open_collection_win","chest_landing_magic","openChest_star","soundbanks/ui_battle_general/ui_menu_general_tap_magic_chest","soundbanks/ui_menu_general/ui_menu_general_jingle_openchest_magical",,"TID_CHEST_LEGENDARY","TID_CHEST_LEGENDARY_NOTIFICATION",,,"sc/ui.sc","icon_chests_royal_wild_small",,,,,,,,,,,,,,,"TRUE",,,,,"TRUE",0,0,0,0,,,,,1000000000,1,1,,,,"sc/ui_chest.sc","champion_card_chest_reveal_bg",,,,,,,,,,,,,,,,
"LevelUpChest_KL70",,"Arena_L9",,,,,233,12,,10,23,466,0,,,,39,39,"sc/ui_chest.sc","levelup_chest_static",,"get_levelup_chest","levelup_chest_open_collection_win","chest_landing_magic","openChest_star","soundbanks/ui_battle_general/ui_menu_general_tap_magic_chest","soundbanks/ui_menu_general/ui_menu_general_jingle_openchest_magical",,"TID_CHEST_KINGLEVEL","TID_CHEST_GOLD_KINGLEVEL",,,,,,,,,,,,,,,,,,,"TRUE","TRUE","TRUE",,,,,,,,,,25,25,,,,,,,,,,,,,,,,,,,,,,,,
"SupportCardTestLegendary",,"Arena_L1",,,,,,,,,,,0,,,,39,39,"sc/ui_chest.sc","troop_chest_static",,"get_levelup_chest","levelup_chest_open_collection_win","chest_landing_magic","openChest_star","soundbanks/ui_battle_general/ui_menu_general_tap_magic_chest","soundbanks/ui_menu_general/ui_menu_general_jingle_openchest_magical",,"TID_CHEST_KINGLEVEL","TID_CHEST_GOLD_KINGLEVEL",,,,,,,,,,,,,,,,,,,"TRUE","TRUE","TRUE",,,,,,,,,,25,25,,,,,,,,,1,1,20,0,1,1,1,1,10,1,1,1,0,1,1,"Support_Cards_No_Goblins"
"TowerTroopCycleChest",,"TrainingCamp",,,,0,,,,,,,,,,,1,1,"sc/ui_chest.sc","troop_chest_static","troop_chest_open_shop","get_new_troop_chest","troop_chest_open_collection_win","chest_landing_magic","openChest_star","soundbanks/ui_battle_general/ui_menu_general_tap_magic_chest","soundbanks/ui_menu_general/ui_menu_general_jingle_openchest_magical",,"TID_TOWER_TROOP_CYCLE_CHEST",,,,"sc/ui.sc","icon_chests_tower_troop_small",,,,,,,,,,,,,,,"TRUE","TRUE","TRUE",,,,,,,,,,,,,,,,,,,,8,3,5,,,,,,,,,,,,,"Support_Cards_No_Goblins"
"TowerTroopCycleChest_Arena1","TowerTroopCycleChest","Arena1",,,,,,,,,,,,,,,,,,,,,,,,,,,,,,,,,,,,,,,,,,,,,,,,,,,,,,,,,,,,,,,,,,,,,8,3,5,,,,,,,,,,,,,"Support_Cards_No_Goblins"
"TowerTroopCycleChest_Arena2","TowerTroopCycleChest","Arena2",,,,,,,,,,,,,,,,,,,,,,,,,,,,,,,,,,,,,,,,,,,,,,,,,,,,,,,,,,,,,,,,,,,,,8,3,6,,,,,,,,,,,,,"Support_Cards_No_Goblins"
"TowerTroopCycleChest_Arena3","TowerTroopCycleChest","Arena3",,,,,,,,,,,,,,,,,,,,,,,,,,,,,,,,,,,,,,,,,,,,,,,,,,,,,,,,,,,,,,,,,,,,,8,4,7,,,,,,,,,,,,,"Support_Cards_No_Goblins"
"TowerTroopCycleChest_Arena4","TowerTroopCycleChest","Arena4",,,,,,,,,,,,,,,,,,,,,,,,,,,,,,,,,,,,,,,,,,,,,,,,,,,,,,,,,,,,,,,,,,,,,8,5,9,,,,,,,,,,,,,"Support_Cards_No_Goblins"
"TowerTroopCycleChest_Arena5","TowerTroopCycleChest","Arena5",,,,,,,,,,,,,,,,,,,,,,,,,,,,,,,,,,,,,,,,,,,,,,,,,,,,,,,,,,,,,,,,,,,,,8,6,10,,,,,,,,,,,,,"Support_Cards_No_Goblins"
"TowerTroopCycleChest_Arena6","TowerTroopCycleChest","Arena6",,,,,,,,,,,,,,,,,,,,,,,,,,,,,,,,,,,,,,,,,,,,,,,,,,,,,,,,,,,,,,,,,,,,,8,7,12,,,,,,,,,,,,,"Support_Cards_No_Goblins"
"TowerTroopCycleChest_Arena7","TowerTroopCycleChest","Arena7",,,,,,,,,,,,,,,,,,,,,,,,,,,,,,,,,,,,,,,,,,,,,,,,,,,,,,,,,,,,,,,,,,,,,8,8,13,,,,,,,,,,,,,"Support_Cards_No_Goblins"
"TowerTroopCycleChest_Arena8","TowerTroopCycleChest","Arena8",,,,,,,,,,,,,,,,,,,,,,,,,,,,,,,,,,,,,,,,,,,,,,,,,,,,,,,,,,,,,,,,,,,,,8,9,15,,,,7,9,15,,,,,,,"Support_Cards_No_Goblins"
"TowerTroopCycleChest_Arena9","TowerTroopCycleChest","Arena9",,,,,,,,,,,,,,,,,,,,,,,,,,,,,,,,,,,,,,,,,,,,,,,,,,,,,,,,,,,,,,,,,,,,,8,10,16,,,,7,10,16,,,,,,,"Support_Cards_No_Goblins"
"TowerTroopCycleChest_Arena_L","TowerTroopCycleChest","Arena_L",,,,,,,,,,,,,,,,,,,,,,,,,,,,,,,,,,,,,,,,,,,,,,,,,,,,,,,,,,,,,,,,,,,,,8,10,17,,,,7,10,17,,,,,,,"Support_Cards_No_Goblins"
"TowerTroopCycleChest_Arena_Electric","TowerTroopCycleChest","Arena_Electric",,,,,,,,,,,,,,,,,,,,,,,,,,,,,,,,,,,,,,,,,,,,,,,,,,,,,,,,,,,,,,,,,,,,,8,11,19,,,,7,11,19,5,1,1,,,,"Support_Cards_No_Goblins"
"TowerTroopCycleChest_Arena_T","TowerTroopCycleChest","Arena_T",,,,,,,,,,,,,,,,,,,,,,,,,,,,,,,,,,,,,,,,,,,,,,,,,,,,,,,,,,,,,,,,,,,,,8,12,20,,,,7,12,20,5,1,1,,,,"Support_Cards_No_Goblins"
"TowerTroopCycleChest_Arena13","TowerTroopCycleChest","Arena13",,,,,,,,,,,,,,,,,,,,,,,,,,,,,,,,,,,,,,,,,,,,,,,,,,,,,,,,,,,,,,,,,,,,,8,13,22,,,,7,13,22,5,1,1,,,,"Support_Cards_No_Goblins"
"TowerTroopCycleChest_Arena14","TowerTroopCycleChest","Arena14",,,,,,,,,,,,,,,,,,,,,,,,,,,,,,,,,,,,,,,,,,,,,,,,,,,,,,,,,,,,,,,,,,,,,8,14,23,,,,7,14,23,5,1,1,,,,"Support_Cards_No_Goblins"
"TowerTroopCycleChest_Arena_L1","TowerTroopCycleChest","Arena_L1",,,,,,,,,,,,,,,,,,,,,,,,,,,,,,,,,,,,,,,,,,,,,,,,,,,,,,,,,,,,,,,,,,,,,8,15,25,,,,7,15,25,5,1,2,,,,"Support_Cards_No_Goblins"
"TowerTroopCycleChest_Arena_L2","TowerTroopCycleChest","Arena_L2",,,,,,,,,,,,,,,,,,,,,,,,,,,,,,,,,,,,,,,,,,,,,,,,,,,,,,,,,,,,,,,,,,,,,8,15,25,,,,7,15,25,5,1,2,,,,"Support_Cards_No_Goblins"
"TowerTroopCycleChest_Arena_L3","TowerTroopCycleChest","Arena_L3",,,,,,,,,,,,,,,,,,,,,,,,,,,,,,,,,,,,,,,,,,,,,,,,,,,,,,,,,,,,,,,,,,,,,8,15,25,,,,7,15,25,5,1,2,,,,"Support_Cards_No_Goblins"
"TowerTroopCycleChest_Arena_L4","TowerTroopCycleChest","Arena_L4",,,,,,,,,,,,,,,,,,,,,,,,,,,,,,,,,,,,,,,,,,,,,,,,,,,,,,,,,,,,,,,,,,,,,8,15,25,,,,7,15,25,5,1,2,,,,"Support_Cards_No_Goblins"
"TowerTroopCycleChest_Arena_L5","TowerTroopCycleChest","Arena_L5",,,,,,,,,,,,,,,,,,,,,,,,,,,,,,,,,,,,,,,,,,,,,,,,,,,,,,,,,,,,,,,,,,,,,8,15,25,,,,7,15,25,5,1,2,,,,"Support_Cards_No_Goblins"
"TowerTroopCycleChest_Arena_L6","TowerTroopCycleChest","Arena_L6",,,,,,,,,,,,,,,,,,,,,,,,,,,,,,,,,,,,,,,,,,,,,,,,,,,,,,,,,,,,,,,,,,,,,8,15,25,,,,7,15,25,5,1,2,,,,"Support_Cards_No_Goblins"
"TowerTroopCycleChest_Arena_L7","TowerTroopCycleChest","Arena_L7",,,,,,,,,,,,,,,,,,,,,,,,,,,,,,,,,,,,,,,,,,,,,,,,,,,,,,,,,,,,,,,,,,,,,8,15,25,,,,7,15,25,5,1,2,,,,"Support_Cards_No_Goblins"
"TowerTroopCycleChest_Arena_L8","TowerTroopCycleChest","Arena_L8",,,,,,,,,,,,,,,,,,,,,,,,,,,,,,,,,,,,,,,,,,,,,,,,,,,,,,,,,,,,,,,,,,,,,8,15,25,,,,7,15,25,5,1,2,,,,"Support_Cards_No_Goblins"
"TowerTroopCycleChest_Arena_L9","TowerTroopCycleChest","Arena_L9",,,,,,,,,,,,,,,,,,,,,,,,,,,,,,,,,,,,,,,,,,,,,,,,,,,,,,,,,,,,,,,,,,,,,8,15,25,,,,7,15,25,5,1,2,,,,"Support_Cards_No_Goblins"
"Legendary_Arena_L1",,"Arena_L1",,,,86400,1,1,1,0,0,1,0,,,,0,0,"sc/ui_chest.sc","chest_legendary_closed","chest_legendary_open","get_legendary_chest","chest_open_legendary","chest_landing_legendary","openChest_mega","soundbanks/ui_menu_general/ui_menu_general_tap_mega_chest","soundbanks/ui_menu_general/ui_menu_general_jingle_openchest_bigmagical",,"TID_CHEST_LEGENDARY","TID_CHEST_LEGENDARY_NOTIFICATION",,,"sc/ui.sc","icon_chests_legendary_small",,,,,,,,,,,,,,,"TRUE",,,,,,,,,,,,,,,,,,,,,,,,,,,,,,,,,,,,,
"Goblin_Hay",,"TrainingCamp",,,,10800,5,2,,7,110,440,,,,,16,18,"sc/ui_chest.sc","hay_goblin_chest_static","hay_goblin_chest_open_shop","get_hay_goblin_chest","hay_goblin_chest_open_collection_win","chest_landing_legendary","openChest_mega","soundbanks/ui_menu_general/ui_menu_general_tap_mega_chest","soundbanks/ui_menu_general/ui_menu_general_jingle_openchest_bigmagical",,"TID_CHEST_GOBLIN_HAY","TID_CHEST_GOBLIN_HAY_NOTIFICATION",,,"sc/ui.sc","icon_chests_hay_goblin_small",,,,,,,,,,,,,,,,,,,,,,,,,,,,,,,,,,,,,,,,,,,,,,,,,,,,"Goblins"
"Goblin_Horns",,"TrainingCamp",,,,28800,10,4,,5,63,293,,,,,24,28,"sc/ui_chest.sc","horns_goblin_chest_static","horns_goblin_chest_open_shop","get_horns_goblin_chest","horns_goblin_chest_open_collection_win","chest_landing_legendary","openChest_mega","soundbanks/ui_menu_general/ui_menu_general_tap_mega_chest","soundbanks/ui_menu_general/ui_menu_general_jingle_openchest_bigmagical",,"TID_CHEST_GOBLIN_HORNS","TID_CHEST_GOBLIN_HORNS_NOTIFICATION",,,"sc/ui.sc","icon_chests_horns_goblin_small",,,,,,,,,,,,,,,,,,,,,,,,,,,,,,,,,,,,,,,,,,,,,,,,,,,,"Goblins"
"Goblin_Gem",,"TrainingCamp",,,,43200,27,6,,4,14,396,,,,,29,29,"sc/ui_chest.sc","gem_goblin_chest_static","gem_goblin_chest_open_shop","get_gem_goblin_chest","gem_goblin_chest_open_collection_win","chest_landing_legendary","openChest_mega","soundbanks/ui_menu_general/ui_menu_general_tap_mega_chest","soundbanks/ui_menu_general/ui_menu_general_jingle_openchest_bigmagical",,"TID_CHEST_GOBLIN_GEM","TID_CHEST_GOBLIN_GEM_NOTIFICATION",,,"sc/ui.sc","icon_chests_gem_goblin_small",,,,,,,,,,,,,,,,,,,,,,,,,,,,,,,,,,,,,,,,,,,,,,,,,,,,"Goblins"
"Goblin_Hay_Arena_T","Goblin_Hay","Arena_T",,,,,,,,,,,,,,,,,,,,,,,,,,,,,,,,,,,,,,,,,,,,,,,,,,,,,,,,,,,,,,,,,,,,,,,,,,,,,,,,,,,,"Goblins"
"Goblin_Hay_Arena13","Goblin_Hay","Arena13",,,,,,,,,,,,,,,,,,,,,,,,,,,,,,,,,,,,,,,,,,,,,,,,,,,,,,,,,,,,,,,,,,,,,,,,,,,,,,,,,,,,"Goblins"
"Goblin_Hay_Arena14","Goblin_Hay","Arena14",,,,,,,,,,,,,,,,,,,,,,,,,,,,,,,,,,,,,,,,,,,,,,,,,,,,,,,,,,,,,,,,,,,,,,,,,,,,,,,,,,,,"Goblins"
"Goblin_Hay_Arena_L1","Goblin_Hay","Arena_L1",,,,,,,,,,,,,,,,,,,,,,,,,,,,,,,,,,,,,,,,,,,,,,,,,,,,,,,,,,,,,,,,,,,,,,,,,,,,,,,,,,,,"Goblins"
"Goblin_Hay_Arena_L2","Goblin_Hay","Arena_L2",,,,,,,,,,,,,,,,,,,,,,,,,,,,,,,,,,,,,,,,,,,,,,,,,,,,,,,,,,,,,,,,,,,,,,,,,,,,,,,,,,,,"Goblins"
"Goblin_Hay_Arena_L3","Goblin_Hay","Arena_L3",,,,,,,,,,,,,,,,,,,,,,,,,,,,,,,,,,,,,,,,,,,,,,,,,,,,,,,,,,,,,,,,,,,,,,,,,,,,,,,,,,,,"Goblins"
"Goblin_Hay_Arena_L4","Goblin_Hay","Arena_L4",,,,,,,,,,,,,,,,,,,,,,,,,,,,,,,,,,,,,,,,,,,,,,,,,,,,,,,,,,,,,,,,,,,,,,,,,,,,,,,,,,,,"Goblins"
"Goblin_Hay_Arena_L5","Goblin_Hay","Arena_L5",,,,,,,,,,,,,,,,,,,,,,,,,,,,,,,,,,,,,,,,,,,,,,,,,,,,,,,,,,,,,,,,,,,,,,,,,,,,,,,,,,,,"Goblins"
"Goblin_Hay_Arena_L6","Goblin_Hay","Arena_L6",,,,,,,,,,,,,,,,,,,,,,,,,,,,,,,,,,,,,,,,,,,,,,,,,,,,,,,,,,,,,,,,,,,,,,,,,,,,,,,,,,,,"Goblins"
"Goblin_Hay_Arena_L7","Goblin_Hay","Arena_L7",,,,,,,,,,,,,,,,,,,,,,,,,,,,,,,,,,,,,,,,,,,,,,,,,,,,,,,,,,,,,,,,,,,,,,,,,,,,,,,,,,,,"Goblins"
"Goblin_Hay_Arena_L8","Goblin_Hay","Arena_L8",,,,,,,,,,,,,,,,,,,,,,,,,,,,,,,,,,,,,,,,,,,,,,,,,,,,,,,,,,,,,,,,,,,,,,,,,,,,,,,,,,,,"Goblins"
"Goblin_Hay_Arena_L9","Goblin_Hay","Arena_L9",,,,,,,,,,,,,,,,,,,,,,,,,,,,,,,,,,,,,,,,,,,,,,,,,,,,,,,,,,,,,,,,,,,,,,,,,,,,,,,,,,,,"Goblins"
"Goblin_Horns_Arena_T","Goblin_Horns","Arena_T",,,,,,,,,,,,,,,,,,,,,,,,,,,,,,,,,,,,,,,,,,,,,,,,,,,,,,,,,,,,,,,,,,,,,,,,,,,,,,,,,,,,"Goblins"
"Goblin_Horns_Arena13","Goblin_Horns","Arena13",,,,,,,,,,,,,,,,,,,,,,,,,,,,,,,,,,,,,,,,,,,,,,,,,,,,,,,,,,,,,,,,,,,,,,,,,,,,,,,,,,,,"Goblins"
"Goblin_Horns_Arena14","Goblin_Horns","Arena14",,,,,,,,,,,,,,,,,,,,,,,,,,,,,,,,,,,,,,,,,,,,,,,,,,,,,,,,,,,,,,,,,,,,,,,,,,,,,,,,,,,,"Goblins"
"Goblin_Horns_Arena_L1","Goblin_Horns","Arena_L1",,,,,,,,,,,,,,,,,,,,,,,,,,,,,,,,,,,,,,,,,,,,,,,,,,,,,,,,,,,,,,,,,,,,,,,,,,,,,,,,,,,,"Goblins"
"Goblin_Horns_Arena_L2","Goblin_Horns","Arena_L2",,,,,,,,,,,,,,,,,,,,,,,,,,,,,,,,,,,,,,,,,,,,,,,,,,,,,,,,,,,,,,,,,,,,,,,,,,,,,,,,,,,,"Goblins"
"Goblin_Horns_Arena_L3","Goblin_Horns","Arena_L3",,,,,,,,,,,,,,,,,,,,,,,,,,,,,,,,,,,,,,,,,,,,,,,,,,,,,,,,,,,,,,,,,,,,,,,,,,,,,,,,,,,,"Goblins"
"Goblin_Horns_Arena_L4","Goblin_Horns","Arena_L4",,,,,,,,,,,,,,,,,,,,,,,,,,,,,,,,,,,,,,,,,,,,,,,,,,,,,,,,,,,,,,,,,,,,,,,,,,,,,,,,,,,,"Goblins"
"Goblin_Horns_Arena_L5","Goblin_Horns","Arena_L5",,,,,,,,,,,,,,,,,,,,,,,,,,,,,,,,,,,,,,,,,,,,,,,,,,,,,,,,,,,,,,,,,,,,,,,,,,,,,,,,,,,,"Goblins"
"Goblin_Horns_Arena_L6","Goblin_Horns","Arena_L6",,,,,,,,,,,,,,,,,,,,,,,,,,,,,,,,,,,,,,,,,,,,,,,,,,,,,,,,,,,,,,,,,,,,,,,,,,,,,,,,,,,,"Goblins"
"Goblin_Horns_Arena_L7","Goblin_Horns","Arena_L7",,,,,,,,,,,,,,,,,,,,,,,,,,,,,,,,,,,,,,,,,,,,,,,,,,,,,,,,,,,,,,,,,,,,,,,,,,,,,,,,,,,,"Goblins"
"Goblin_Horns_Arena_L8","Goblin_Horns","Arena_L8",,,,,,,,,,,,,,,,,,,,,,,,,,,,,,,,,,,,,,,,,,,,,,,,,,,,,,,,,,,,,,,,,,,,,,,,,,,,,,,,,,,,"Goblins"
"Goblin_Horns_Arena_L9","Goblin_Horns","Arena_L9",,,,,,,,,,,,,,,,,,,,,,,,,,,,,,,,,,,,,,,,,,,,,,,,,,,,,,,,,,,,,,,,,,,,,,,,,,,,,,,,,,,,"Goblins"
"Goblin_Gem_Arena_T","Goblin_Gem","Arena_T",,,,,,,,,,,,,,,,,,,,,,,,,,,,,,,,,,,,,,,,,,,,,,,,,,,,,,,,,,,,,,,,,,,,,,,,,,,,,,,,,,,,"Goblins"
"Goblin_Gem_Arena13","Goblin_Gem","Arena13",,,,,,,,,,,,,,,,,,,,,,,,,,,,,,,,,,,,,,,,,,,,,,,,,,,,,,,,,,,,,,,,,,,,,,,,,,,,,,,,,,,,"Goblins"
"Goblin_Gem_Arena14","Goblin_Gem","Arena14",,,,,,,,,,,,,,,,,,,,,,,,,,,,,,,,,,,,,,,,,,,,,,,,,,,,,,,,,,,,,,,,,,,,,,,,,,,,,,,,,,,,"Goblins"
"Goblin_Gem_Arena_L1","Goblin_Gem","Arena_L1",,,,,,,,,,,,,,,,,,,,,,,,,,,,,,,,,,,,,,,,,,,,,,,,,,,,,,,,,,,,,,,,,,,,,,,,,,,,,,,,,,,,"Goblins"
"Goblin_Gem_Arena_L2","Goblin_Gem","Arena_L2",,,,,,,,,,,,,,,,,,,,,,,,,,,,,,,,,,,,,,,,,,,,,,,,,,,,,,,,,,,,,,,,,,,,,,,,,,,,,,,,,,,,"Goblins"
"Goblin_Gem_Arena_L3","Goblin_Gem","Arena_L3",,,,,,,,,,,,,,,,,,,,,,,,,,,,,,,,,,,,,,,,,,,,,,,,,,,,,,,,,,,,,,,,,,,,,,,,,,,,,,,,,,,,"Goblins"
"Goblin_Gem_Arena_L4","Goblin_Gem","Arena_L4",,,,,,,,,,,,,,,,,,,,,,,,,,,,,,,,,,,,,,,,,,,,,,,,,,,,,,,,,,,,,,,,,,,,,,,,,,,,,,,,,,,,"Goblins"
"Goblin_Gem_Arena_L5","Goblin_Gem","Arena_L5",,,,,,,,,,,,,,,,,,,,,,,,,,,,,,,,,,,,,,,,,,,,,,,,,,,,,,,,,,,,,,,,,,,,,,,,,,,,,,,,,,,,"Goblins"
"Goblin_Gem_Arena_L6","Goblin_Gem","Arena_L6",,,,,,,,,,,,,,,,,,,,,,,,,,,,,,,,,,,,,,,,,,,,,,,,,,,,,,,,,,,,,,,,,,,,,,,,,,,,,,,,,,,,"Goblins"
"Goblin_Gem_Arena_L7","Goblin_Gem","Arena_L7",,,,,,,,,,,,,,,,,,,,,,,,,,,,,,,,,,,,,,,,,,,,,,,,,,,,,,,,,,,,,,,,,,,,,,,,,,,,,,,,,,,,"Goblins"
"Goblin_Gem_Arena_L8","Goblin_Gem","Arena_L8",,,,,,,,,,,,,,,,,,,,,,,,,,,,,,,,,,,,,,,,,,,,,,,,,,,,,,,,,,,,,,,,,,,,,,,,,,,,,,,,,,,,"Goblins"
"Goblin_Gem_Arena_L9","Goblin_Gem","Arena_L9",,,,,,,,,,,,,,,,,,,,,,,,,,,,,,,,,,,,,,,,,,,,,,,,,,,,,,,,,,,,,,,,,,,,,,,,,,,,,,,,,,,,"Goblins"
"Goblin_Hay_Arena1","Goblin_Hay","Arena1",,,,,,,,,,,,,,,,,,,,,,,,,,,,,,,,,,,,,,,,,,,,,,,,,,,,,,,,,,,,,,,,,,,,,,,,,,,,,,,,,,,,
"Goblin_Hay_Arena2","Goblin_Hay","Arena2",,,,,,,,,,,,,,,,,,,,,,,,,,,,,,,,,,,,,,,,,,,,,,,,,,,,,,,,,,,,,,,,,,,,,,,,,,,,,,,,,,,,
"Goblin_Hay_Arena3","Goblin_Hay","Arena3",,,,,,,,,,,,,,,,,,,,,,,,,,,,,,,,,,,,,,,,,,,,,,,,,,,,,,,,,,,,,,,,,,,,,,,,,,,,,,,,,,,,
"Goblin_Hay_Arena4","Goblin_Hay","Arena4",,,,,,,,,,,,,,,,,,,,,,,,,,,,,,,,,,,,,,,,,,,,,,,,,,,,,,,,,,,,,,,,,,,,,,,,,,,,,,,,,,,,
"Goblin_Hay_Arena5","Goblin_Hay","Arena5",,,,,,,,,,,,,,,,,,,,,,,,,,,,,,,,,,,,,,,,,,,,,,,,,,,,,,,,,,,,,,,,,,,,,,,,,,,,,,,,,,,,
"Goblin_Hay_Arena6","Goblin_Hay","Arena6",,,,,,,,,,,,,,,,,,,,,,,,,,,,,,,,,,,,,,,,,,,,,,,,,,,,,,,,,,,,,,,,,,,,,,,,,,,,,,,,,,,,
"Goblin_Hay_Arena7","Goblin_Hay","Arena7",,,,,,,,,,,,,,,,,,,,,,,,,,,,,,,,,,,,,,,,,,,,,,,,,,,,,,,,,,,,,,,,,,,,,,,,,,,,,,,,,,,,
"Goblin_Hay_Arena8","Goblin_Hay","Arena8",,,,,,,,,,,,,,,,,,,,,,,,,,,,,,,,,,,,,,,,,,,,,,,,,,,,,,,,,,,,,,,,,,,,,,,,,,,,,,,,,,,,
"Goblin_Hay_Arena9","Goblin_Hay","Arena9",,,,,,,,,,,,,,,,,,,,,,,,,,,,,,,,,,,,,,,,,,,,,,,,,,,,,,,,,,,,,,,,,,,,,,,,,,,,,,,,,,,,
"Goblin_Hay_Arena_L","Goblin_Hay","Arena_L",,,,,,,,,,,,,,,,,,,,,,,,,,,,,,,,,,,,,,,,,,,,,,,,,,,,,,,,,,,,,,,,,,,,,,,,,,,,,,,,,,,,
"Goblin_Hay_Arena_Electric","Goblin_Hay","Arena_Electric",,,,,,,,,,,,,,,,,,,,,,,,,,,,,,,,,,,,,,,,,,,,,,,,,,,,,,,,,,,,,,,,,,,,,,,,,,,,,,,,,,,,
"Goblin_Horns_Arena1","Goblin_Horns","Arena1",,,,,,,,,,,,,,,,,,,,,,,,,,,,,,,,,,,,,,,,,,,,,,,,,,,,,,,,,,,,,,,,,,,,,,,,,,,,,,,,,,,,
"Goblin_Horns_Arena2","Goblin_Horns","Arena2",,,,,,,,,,,,,,,,,,,,,,,,,,,,,,,,,,,,,,,,,,,,,,,,,,,,,,,,,,,,,,,,,,,,,,,,,,,,,,,,,,,,
"Goblin_Horns_Arena3","Goblin_Horns","Arena3",,,,,,,,,,,,,,,,,,,,,,,,,,,,,,,,,,,,,,,,,,,,,,,,,,,,,,,,,,,,,,,,,,,,,,,,,,,,,,,,,,,,
"Goblin_Horns_Arena4","Goblin_Horns","Arena4",,,,,,,,,,,,,,,,,,,,,,,,,,,,,,,,,,,,,,,,,,,,,,,,,,,,,,,,,,,,,,,,,,,,,,,,,,,,,,,,,,,,
"Goblin_Horns_Arena5","Goblin_Horns","Arena5",,,,,,,,,,,,,,,,,,,,,,,,,,,,,,,,,,,,,,,,,,,,,,,,,,,,,,,,,,,,,,,,,,,,,,,,,,,,,,,,,,,,
"Goblin_Horns_Arena6","Goblin_Horns","Arena6",,,,,,,,,,,,,,,,,,,,,,,,,,,,,,,,,,,,,,,,,,,,,,,,,,,,,,,,,,,,,,,,,,,,,,,,,,,,,,,,,,,,
"Goblin_Horns_Arena7","Goblin_Horns","Arena7",,,,,,,,,,,,,,,,,,,,,,,,,,,,,,,,,,,,,,,,,,,,,,,,,,,,,,,,,,,,,,,,,,,,,,,,,,,,,,,,,,,,
"Goblin_Horns_Arena8","Goblin_Horns","Arena8",,,,,,,,,,,,,,,,,,,,,,,,,,,,,,,,,,,,,,,,,,,,,,,,,,,,,,,,,,,,,,,,,,,,,,,,,,,,,,,,,,,,
"Goblin_Horns_Arena9","Goblin_Horns","Arena9",,,,,,,,,,,,,,,,,,,,,,,,,,,,,,,,,,,,,,,,,,,,,,,,,,,,,,,,,,,,,,,,,,,,,,,,,,,,,,,,,,,,
"Goblin_Horns_Arena_L","Goblin_Horns","Arena_L",,,,,,,,,,,,,,,,,,,,,,,,,,,,,,,,,,,,,,,,,,,,,,,,,,,,,,,,,,,,,,,,,,,,,,,,,,,,,,,,,,,,
"Goblin_Horns_Arena_Electric","Goblin_Horns","Arena_Electric",,,,,,,,,,,,,,,,,,,,,,,,,,,,,,,,,,,,,,,,,,,,,,,,,,,,,,,,,,,,,,,,,,,,,,,,,,,,,,,,,,,,
"Goblin_Gem_Arena1","Goblin_Gem","Arena1",,,,,,,,,,,,,,,,,,,,,,,,,,,,,,,,,,,,,,,,,,,,,,,,,,,,,,,,,,,,,,,,,,,,,,,,,,,,,,,,,,,,
"Goblin_Gem_Arena2","Goblin_Gem","Arena2",,,,,,,,,,,,,,,,,,,,,,,,,,,,,,,,,,,,,,,,,,,,,,,,,,,,,,,,,,,,,,,,,,,,,,,,,,,,,,,,,,,,
"Goblin_Gem_Arena3","Goblin_Gem","Arena3",,,,,,,,,,,,,,,,,,,,,,,,,,,,,,,,,,,,,,,,,,,,,,,,,,,,,,,,,,,,,,,,,,,,,,,,,,,,,,,,,,,,
"Goblin_Gem_Arena4","Goblin_Gem","Arena4",,,,,,,,,,,,,,,,,,,,,,,,,,,,,,,,,,,,,,,,,,,,,,,,,,,,,,,,,,,,,,,,,,,,,,,,,,,,,,,,,,,,
"Goblin_Gem_Arena5","Goblin_Gem","Arena5",,,,,,,,,,,,,,,,,,,,,,,,,,,,,,,,,,,,,,,,,,,,,,,,,,,,,,,,,,,,,,,,,,,,,,,,,,,,,,,,,,,,
"Goblin_Gem_Arena6","Goblin_Gem","Arena6",,,,,,,,,,,,,,,,,,,,,,,,,,,,,,,,,,,,,,,,,,,,,,,,,,,,,,,,,,,,,,,,,,,,,,,,,,,,,,,,,,,,
"Goblin_Gem_Arena7","Goblin_Gem","Arena7",,,,,,,,,,,,,,,,,,,,,,,,,,,,,,,,,,,,,,,,,,,,,,,,,,,,,,,,,,,,,,,,,,,,,,,,,,,,,,,,,,,,
"Goblin_Gem_Arena8","Goblin_Gem","Arena8",,,,,,,,,,,,,,,,,,,,,,,,,,,,,,,,,,,,,,,,,,,,,,,,,,,,,,,,,,,,,,,,,,,,,,,,,,,,,,,,,,,,
"Goblin_Gem_Arena9","Goblin_Gem","Arena9",,,,,,,,,,,,,,,,,,,,,,,,,,,,,,,,,,,,,,,,,,,,,,,,,,,,,,,,,,,,,,,,,,,,,,,,,,,,,,,,,,,,
"Goblin_Gem_Arena_L","Goblin_Gem","Arena_L",,,,,,,,,,,,,,,,,,,,,,,,,,,,,,,,,,,,,,,,,,,,,,,,,,,,,,,,,,,,,,,,,,,,,,,,,,,,,,,,,,,,
"Goblin_Gem_Arena_Electric","Goblin_Gem","Arena_Electric",,,,,,,,,,,,,,,,,,,,,,,,,,,,,,,,,,,,,,,,,,,,,,,,,,,,,,,,,,,,,,,,,,,,,,,,,,,,,,,,,,,,
"FreeNoUnlock",,"TrainingCamp",,,,,3,3,,7,375,7500,12000,,,,7,8,"sc/ui_chest.sc","Chest_wood",,"get_wood_chest","chest_open_wooden","chest_landing_wood","openChest_wood","soundbanks/ui_menu_general/ui_menu_general_tap_wooden_chest","soundbanks/ui_menu_general/ui_menu_general_jingle_openchest_wood",,"TID_CHEST_WOOD","TID_CHEST_WOOD_NOTIFICATION",1,,"sc/ui.sc","icon_chests_wooden_small",,,,,,,,,,,,,,,,,,,,,,,,,,,,,,,,,,,,,,,,,,,,,,,,,,,,
"SilverNoUnlock",,"TrainingCamp",,,,,4,3,,9,500,10000,15000,,,,21,24,"sc/ui_chest.sc","Chest_iron","chest_iron_open","get_metal_chest","chest_open_iron","chest_landing_iron","openChest_iron","soundbanks/ui_menu_general/ui_menu_general_tap_iron_chest","soundbanks/ui_menu_general/ui_menu_general_jingle_openchest_iron",,"TID_CHEST_SILVER","TID_CHEST_SILVER_NOTIFICATION",2,,"sc/ui.sc","icon_chests_silver_small",,,,,,,,,,,,,,,,,,,,,,,,,,,,,,,,,,,,,,,,,,,,,,,,,,,,
"FreeNoUnlock_Arena1","FreeNoUnlock","Arena1",,,,,,,,,,,,,,,,,,,,,,,,,,,,,,,,,,,,,,,,,,,,,,,,,,,,,,,,,,,,,,,,,,,,,,,,,,,,,,,,,,,,
"FreeNoUnlock_Arena2","FreeNoUnlock","Arena2",,,,,,,,,,,,,,,,,,,,,,,,,,,,,,,,,,,,,,,,,,,,,,,,,,,,,,,,,,,,,,,,,,,,,,,,,,,,,,,,,,,,
"FreeNoUnlock_Arena3","FreeNoUnlock","Arena3",,,,,,,,,,,,,,,,,,,,,,,,,,,,,,,,,,,,,,,,,,,,,,,,,,,,,,,,,,,,,,,,,,,,,,,,,,,,,,,,,,,,
"FreeNoUnlock_Arena4","FreeNoUnlock","Arena4",,,,,,,,,,,,,,,,,,,,,,,,,,,,,,,,,,,,,,,,,,,,,,,,,,,,,,,,,,,,,,,,,,,,,,,,,,,,,,,,,,,,
"FreeNoUnlock_Arena5","FreeNoUnlock","Arena5",,,,,,,,,,,,,,,,,,,,,,,,,,,,,,,,,,,,,,,,,,,,,,,,,,,,,,,,,,,,,,,,,,,,,,,,,,,,,,,,,,,,
"FreeNoUnlock_Arena6","FreeNoUnlock","Arena6",,,,,,,,,,,,,,,,,,,,,,,,,,,,,,,,,,,,,,,,,,,,,,,,,,,,,,,,,,,,,,,,,,,,,,,,,,,,,,,,,,,,
"FreeNoUnlock_Arena7","FreeNoUnlock","Arena7",,,,,,,,,,,,,,,,,,,,,,,,,,,,,,,,,,,,,,,,,,,,,,,,,,,,,,,,,,,,,,,,,,,,,,,,,,,,,,,,,,,,
"FreeNoUnlock_Arena8","FreeNoUnlock","Arena8",,,,,,,,,,,,,,,,,,,,,,,,,,,,,,,,,,,,,,,,,,,,,,,,,,,,,,,,,,,,,,,,,,,,,,,,,,,,,,,,,,,,
"FreeNoUnlock_Arena9","FreeNoUnlock","Arena9",,,,,,,,,,,,,,,,,,,,,,,,,,,,,,,,,,,,,,,,,,,,,,,,,,,,,,,,,,,,,,,,,,,,,,,,,,,,,,,,,,,,
"FreeNoUnlock_Arena_L","FreeNoUnlock","Arena_L",,,,,,,,,,,,,,,,,,,,,,,,,,,,,,,,,,,,,,,,,,,,,,,,,,,,,,,,,,,,,,,,,,,,,,,,,,,,,,,,,,,,
"FreeNoUnlock_Arena_Electric","FreeNoUnlock","Arena_Electric",,,,,,,,,,,,,,,,,,,,,,,,,,,,,,,,,,,,,,,,,,,,,,,,,,,,,,,,,,,,,,,,,,,,,,,,,,,,,,,,,,,,
"FreeNoUnlock_Arena_T","FreeNoUnlock","Arena_T",,,,,,,,,,,,,,,,,,,,,,,,,,,,,,,,,,,,,,,,,,,,,,,,,,,,,,,,,,,,,,,,,,,,,,,,,,,,,,,,,,,,
"FreeNoUnlock_Arena13","FreeNoUnlock","Arena13",,,,,,,,,,,,,,,,,,,,,,,,,,,,,,,,,,,,,,,,,,,,,,,,,,,,,,,,,,,,,,,,,,,,,,,,,,,,,,,,,,,,
"FreeNoUnlock_Arena14","FreeNoUnlock","Arena14",,,,,,,,,,,,,,,,,,,,,,,,,,,,,,,,,,,,,,,,,,,,,,,,,,,,,,,,,,,,,,,,,,,,,,,,,,,,,,,,,,,,
"FreeNoUnlock_Arena_L1","FreeNoUnlock","Arena_L1",,,,,,,,,,,,,,,,,,,,,,,,,,,,,,,,,,,,,,,,,,,,,,,,,,,,,,,,,,,,,,,,,,,,,,,,,,,,,,,,,,,,
"FreeNoUnlock_Arena_L2","FreeNoUnlock","Arena_L2",,,,,,,,,,,,,,,,,,,,,,,,,,,,,,,,,,,,,,,,,,,,,,,,,,,,,,,,,,,,,,,,,,,,,,,,,,,,,,,,,,,,
"FreeNoUnlock_Arena_L3","FreeNoUnlock","Arena_L3",,,,,,,,,,,,,,,,,,,,,,,,,,,,,,,,,,,,,,,,,,,,,,,,,,,,,,,,,,,,,,,,,,,,,,,,,,,,,,,,,,,,
"FreeNoUnlock_Arena_L4","FreeNoUnlock","Arena_L4",,,,,,,,,,,,,,,,,,,,,,,,,,,,,,,,,,,,,,,,,,,,,,,,,,,,,,,,,,,,,,,,,,,,,,,,,,,,,,,,,,,,
"FreeNoUnlock_Arena_L5","FreeNoUnlock","Arena_L5",,,,,,,,,,,,,,,,,,,,,,,,,,,,,,,,,,,,,,,,,,,,,,,,,,,,,,,,,,,,,,,,,,,,,,,,,,,,,,,,,,,,
"FreeNoUnlock_Arena_L6","FreeNoUnlock","Arena_L6",,,,,,,,,,,,,,,,,,,,,,,,,,,,,,,,,,,,,,,,,,,,,,,,,,,,,,,,,,,,,,,,,,,,,,,,,,,,,,,,,,,,
"FreeNoUnlock_Arena_L7","FreeNoUnlock","Arena_L7",,,,,,,,,,,,,,,,,,,,,,,,,,,,,,,,,,,,,,,,,,,,,,,,,,,,,,,,,,,,,,,,,,,,,,,,,,,,,,,,,,,,
"FreeNoUnlock_Arena_L8","FreeNoUnlock","Arena_L8",,,,,,,,,,,,,,,,,,,,,,,,,,,,,,,,,,,,,,,,,,,,,,,,,,,,,,,,,,,,,,,,,,,,,,,,,,,,,,,,,,,,
"FreeNoUnlock_Arena_L9","FreeNoUnlock","Arena_L9",,,,,,,,,,,,,,,,,,,,,,,,,,,,,,,,,,,,,,,,,,,,,,,,,,,,,,,,,,,,,,,,,,,,,,,,,,,,,,,,,,,,
"SilverNoUnlock_Arena1","SilverNoUnlock","Arena1",,,,,,,,,,,,,,,,,,,,,,,,,,,,,,,,,,,,,,,,,,,,,,,,,,,,,,,,,,,,,,,,,,,,,,,,,,,,,,,,,,,,
"SilverNoUnlock_Arena2","SilverNoUnlock","Arena2",,,,,,,,,,,,,,,,,,,,,,,,,,,,,,,,,,,,,,,,,,,,,,,,,,,,,,,,,,,,,,,,,,,,,,,,,,,,,,,,,,,,
"SilverNoUnlock_Arena3","SilverNoUnlock","Arena3",,,,,,,,,,,,,,,,,,,,,,,,,,,,,,,,,,,,,,,,,,,,,,,,,,,,,,,,,,,,,,,,,,,,,,,,,,,,,,,,,,,,
"SilverNoUnlock_Arena4","SilverNoUnlock","Arena4",,,,,,,,,,,,,,,,,,,,,,,,,,,,,,,,,,,,,,,,,,,,,,,,,,,,,,,,,,,,,,,,,,,,,,,,,,,,,,,,,,,,
"SilverNoUnlock_Arena5","SilverNoUnlock","Arena5",,,,,,,,,,,,,,,,,,,,,,,,,,,,,,,,,,,,,,,,,,,,,,,,,,,,,,,,,,,,,,,,,,,,,,,,,,,,,,,,,,,,
"SilverNoUnlock_Arena6","SilverNoUnlock","Arena6",,,,,,,,,,,,,,,,,,,,,,,,,,,,,,,,,,,,,,,,,,,,,,,,,,,,,,,,,,,,,,,,,,,,,,,,,,,,,,,,,,,,
"SilverNoUnlock_Arena7","SilverNoUnlock","Arena7",,,,,,,,,,,,,,,,,,,,,,,,,,,,,,,,,,,,,,,,,,,,,,,,,,,,,,,,,,,,,,,,,,,,,,,,,,,,,,,,,,,,
"SilverNoUnlock_Arena8","SilverNoUnlock","Arena8",,,,,,,,,,,,,,,,,,,,,,,,,,,,,,,,,,,,,,,,,,,,,,,,,,,,,,,,,,,,,,,,,,,,,,,,,,,,,,,,,,,,
"SilverNoUnlock_Arena9","SilverNoUnlock","Arena9",,,,,,,,,,,,,,,,,,,,,,,,,,,,,,,,,,,,,,,,,,,,,,,,,,,,,,,,,,,,,,,,,,,,,,,,,,,,,,,,,,,,
"SilverNoUnlock_Arena_L","SilverNoUnlock","Arena_L",,,,,,,,,,,,,,,,,,,,,,,,,,,,,,,,,,,,,,,,,,,,,,,,,,,,,,,,,,,,,,,,,,,,,,,,,,,,,,,,,,,,
"SilverNoUnlock_Arena_Electric","SilverNoUnlock","Arena_Electric",,,,,,,,,,,,,,,,,,,,,,,,,,,,,,,,,,,,,,,,,,,,,,,,,,,,,,,,,,,,,,,,,,,,,,,,,,,,,,,,,,,,
"SilverNoUnlock_Arena_T","SilverNoUnlock","Arena_T",,,,,,,,,,,,,,,,,,,,,,,,,,,,,,,,,,,,,,,,,,,,,,,,,,,,,,,,,,,,,,,,,,,,,,,,,,,,,,,,,,,,
"SilverNoUnlock_Arena13","SilverNoUnlock","Arena13",,,,,,,,,,,,,,,,,,,,,,,,,,,,,,,,,,,,,,,,,,,,,,,,,,,,,,,,,,,,,,,,,,,,,,,,,,,,,,,,,,,,
"SilverNoUnlock_Arena14","SilverNoUnlock","Arena14",,,,,,,,,,,,,,,,,,,,,,,,,,,,,,,,,,,,,,,,,,,,,,,,,,,,,,,,,,,,,,,,,,,,,,,,,,,,,,,,,,,,
"SilverNoUnlock_Arena_L1","SilverNoUnlock","Arena_L1",,,,,,,,,,,,,,,,,,,,,,,,,,,,,,,,,,,,,,,,,,,,,,,,,,,,,,,,,,,,,,,,,,,,,,,,,,,,,,,,,,,,
"SilverNoUnlock_Arena_L2","SilverNoUnlock","Arena_L2",,,,,,,,,,,,,,,,,,,,,,,,,,,,,,,,,,,,,,,,,,,,,,,,,,,,,,,,,,,,,,,,,,,,,,,,,,,,,,,,,,,,
"SilverNoUnlock_Arena_L3","SilverNoUnlock","Arena_L3",,,,,,,,,,,,,,,,,,,,,,,,,,,,,,,,,,,,,,,,,,,,,,,,,,,,,,,,,,,,,,,,,,,,,,,,,,,,,,,,,,,,
"SilverNoUnlock_Arena_L4","SilverNoUnlock","Arena_L4",,,,,,,,,,,,,,,,,,,,,,,,,,,,,,,,,,,,,,,,,,,,,,,,,,,,,,,,,,,,,,,,,,,,,,,,,,,,,,,,,,,,
"SilverNoUnlock_Arena_L5","SilverNoUnlock","Arena_L5",,,,,,,,,,,,,,,,,,,,,,,,,,,,,,,,,,,,,,,,,,,,,,,,,,,,,,,,,,,,,,,,,,,,,,,,,,,,,,,,,,,,
"SilverNoUnlock_Arena_L6","SilverNoUnlock","Arena_L6",,,,,,,,,,,,,,,,,,,,,,,,,,,,,,,,,,,,,,,,,,,,,,,,,,,,,,,,,,,,,,,,,,,,,,,,,,,,,,,,,,,,
"SilverNoUnlock_Arena_L7","SilverNoUnlock","Arena_L7",,,,,,,,,,,,,,,,,,,,,,,,,,,,,,,,,,,,,,,,,,,,,,,,,,,,,,,,,,,,,,,,,,,,,,,,,,,,,,,,,,,,
"SilverNoUnlock_Arena_L8","SilverNoUnlock","Arena_L8",,,,,,,,,,,,,,,,,,,,,,,,,,,,,,,,,,,,,,,,,,,,,,,,,,,,,,,,,,,,,,,,,,,,,,,,,,,,,,,,,,,,
"SilverNoUnlock_Arena_L9","SilverNoUnlock","Arena_L9",,,,,,,,,,,,,,,,,,,,,,,,,,,,,,,,,,,,,,,,,,,,,,,,,,,,,,,,,,,,,,,,,,,,,,,,,,,,,,,,,,,,
"SeasonReward_L10",,"Arena_L10",,,,,551,9,,2,10,200,200,,,,19,21,"sc/ui_chest.sc","chest_draft_closed","chest_draft_open","get_magic_chest","chest_open_draft","chest_landing_magic","openChest_draft","soundbanks/ui_menu_general/ui_menu_general_jingle_tap_champions_chest","soundbanks/ui_menu_general/ui_menu_general_jingle_openchest_champion",,"TID_CHEST_SEASON_9",,109,"TRUE","sc/ui.sc","icon_chests_draft_small",,,,,,,,,,,,,,,,,,,,,,,,,,,,,,,,,,,,,,,,,,,,,,,,,,,,
"SeasonReward_L11",,"Arena_L11",,,,,551,9,,2,10,200,200,,,,19,21,"sc/ui_chest.sc","chest_draft_closed","chest_draft_open","get_magic_chest","chest_open_draft","chest_landing_magic","openChest_draft","soundbanks/ui_menu_general/ui_menu_general_jingle_tap_champions_chest","soundbanks/ui_menu_general/ui_menu_general_jingle_openchest_champion",,"TID_CHEST_SEASON_9",,109,"TRUE","sc/ui.sc","icon_chests_draft_small",,,,,,,,,,,,,,,,,,,,,,,,,,,,,,,,,,,,,,,,,,,,,,,,,,,,
"ChampionChest_Arena_L10","ChampionChest","Arena_L10",,,,,,,,,,,,,,,,,,,,,,,,,,,,,,,,,,,,,,,,,,,,,,,,,,,,,,,,,,,,,,,,,,,,,,,,,,,,,,,,,,,,
"ChampionChest_Arena_L11","ChampionChest","Arena_L11",,,,,,,,,,,,,,,,,,,,,,,,,,,,,,,,,,,,,,,,,,,,,,,,,,,,,,,,,,,,,,,,,,,,,,,,,,,,,,,,,,,,
"ClanCrownChest_Arena_L10","ClanCrownChest","Arena_L10",,,,,,,,,,,,,,,,,,,,,,,,,,,,,,,,,,,,,,,,,,,,,,,,,,,,,,,,,,,,,,,,,,,,,,,,,,,,,,,,,,,,
"ClanCrownChest_Arena_L11","ClanCrownChest","Arena_L11",,,,,,,,,,,,,,,,,,,,,,,,,,,,,,,,,,,,,,,,,,,,,,,,,,,,,,,,,,,,,,,,,,,,,,,,,,,,,,,,,,,,
"Draft_Arena_L10",,"Arena_L10",,,,,,,,,,,,,,,,,,,,,,,,,,,,,,,,,,,,,,,,,,,,,,,,,,,,,,,,,,,,,,,,,,,,,,,,,,,,,,,,,,,,
"Draft_Arena_L11",,"Arena_L11",,,,,,,,,,,,,,,,,,,,,,,,,,,,,,,,,,,,,,,,,,,,,,,,,,,,,,,,,,,,,,,,,,,,,,,,,,,,,,,,,,,,
"Epic_Arena_L10","Epic","Arena_L10",,,,,20,5,,,,,,,,,,,,,,,,,,,,,,,,,,,,,,,,,,,,,,,,,,,,,,,,,,,,,,,,,,,,,,,,,,,,,,,,,,,,,,
"Epic_Arena_L11","Epic","Arena_L11",,,,,20,5,,,,,,,,,,,,,,,,,,,,,,,,,,,,,,,,,,,,,,,,,,,,,,,,,,,,,,,,,,,,,,,,,,,,,,,,,,,,,,
"Free_Arena_L10","Free","Arena_L10",,,,,,,,,,,,,,,,,,,,,,,,,,,,,,,,,,,,,,,,,,,,,,,,,,,,,,,,,,,,,,,,,,,,,,,,,,,,,,,,,,,,
"Free_Arena_L11","Free","Arena_L11",,,,,,,,,,,,,,,,,,,,,,,,,,,,,,,,,,,,,,,,,,,,,,,,,,,,,,,,,,,,,,,,,,,,,,,,,,,,,,,,,,,,
"Giant_Arena_L10","Giant","Arena_L10",,,,,,,,,,,,,,,,,,,,,,,,,,,,,,,,,,,,,,,,,,,,,,,,,,,,,,,,,,,,,,,,,,,,,,,,,,,,,,,,,,,,
"Giant_Arena_L11","Giant","Arena_L11",,,,,,,,,,,,,,,,,,,,,,,,,,,,,,,,,,,,,,,,,,,,,,,,,,,,,,,,,,,,,,,,,,,,,,,,,,,,,,,,,,,,
"Gold_Arena_L10","Gold","Arena_L10",,,,,,,,,,,,,,,,,,,,,,,,,,,,,,,,,,,,,,,,,,,,,,,,,,,,,,,,,,,,,,,,,,,,,,,,,,,,,,,,,,,,
"Gold_Arena_L11","Gold","Arena_L11",,,,,,,,,,,,,,,,,,,,,,,,,,,,,,,,,,,,,,,,,,,,,,,,,,,,,,,,,,,,,,,,,,,,,,,,,,,,,,,,,,,,
"GoldCage_Large_Arena_L10","GoldCage_Large","Arena_L10",,,,,,,,,,,,,25250,43000,,,,,,,,,,,,,,,,,,,,,,,,,,,,,,,,,,,,,,,,,,,,,,,,,,,,,,,,,,,,,,,,,,,,,,
"GoldCage_Large_Arena_L11","GoldCage_Large","Arena_L11",,,,,,,,,,,,,25500,43500,,,,,,,,,,,,,,,,,,,,,,,,,,,,,,,,,,,,,,,,,,,,,,,,,,,,,,,,,,,,,,,,,,,,,,
"GoldCage_Medium_Arena_L10","GoldCage_Medium","Arena_L10",,,,,,,,,,,,,7100,17750,,,,,,,,,,,,,,,,,,,,,,,,,,,,,,,,,,,,,,,,,,,,,,,,,,,,,,,,,,,,,,,,,,,,,,
"GoldCage_Medium_Arena_L11","GoldCage_Medium","Arena_L11",,,,,,,,,,,,,7200,18000,,,,,,,,,,,,,,,,,,,,,,,,,,,,,,,,,,,,,,,,,,,,,,,,,,,,,,,,,,,,,,,,,,,,,,
"GoldCage_Small_Arena_L10","GoldCage_Small","Arena_L10",,,,,,,,,,,,,3550,7100,,,,,,,,,,,,,,,,,,,,,,,,,,,,,,,,,,,,,,,,,,,,,,,,,,,,,,,,,,,,,,,,,,,,,,
"GoldCage_Small_Arena_L11","GoldCage_Small","Arena_L11",,,,,,,,,,,,,3600,7200,,,,,,,,,,,,,,,,,,,,,,,,,,,,,,,,,,,,,,,,,,,,,,,,,,,,,,,,,,,,,,,,,,,,,,
"Magic_Arena_L10","Magic","Arena_L10",,,,,,,,,,,,,,,,,,,,,,,,,,,,,,,,,,,,,,,,,,,,,,,,,,,,,,,,,,,,,,,,,,,,,,,,,,,,,,,,,,,,
"Magic_Arena_L11","Magic","Arena_L11",,,,,,,,,,,,,,,,,,,,,,,,,,,,,,,,,,,,,,,,,,,,,,,,,,,,,,,,,,,,,,,,,,,,,,,,,,,,,,,,,,,,
"Shop_Large_Legendary_Arena_L10",,"Arena_L10","LegendaryKings",,,,380,8,,5,15,400,0,,,,36,36,"sc/ui_chest.sc","chest_legendary_king_open","chest_legendary_king_open","get_magic_chest","chest_legendary_king_open","chest_landing_magic","openChest_legend_kings","soundbanks/ui_battle_general/ui_menu_general_tap_magic_chest","soundbanks/ui_menu_general/ui_menu_general_jingle_openchest_legend_kings",,"TID_CHEST_SHOP_LARGE_LEGENDARY",,5,"TRUE","sc/ui.sc","icon_chests_legendarykings_small",1,,,,,,,,,,,,"Kings",,"TRUE","TRUE","TRUE",,"TRUE","TRUE",70,19,6,1,,"AddChampionIfUnlocked",,,,,,,,,,,,,,,,,,,,,,,,,,
"Shop_Large_Legendary_Arena_L11",,"Arena_L11","LegendaryKings",,,,380,8,,5,15,400,0,,,,36,36,"sc/ui_chest.sc","chest_legendary_king_open","chest_legendary_king_open","get_magic_chest","chest_legendary_king_open","chest_landing_magic","openChest_legend_kings","soundbanks/ui_battle_general/ui_menu_general_tap_magic_chest","soundbanks/ui_menu_general/ui_menu_general_jingle_openchest_legend_kings",,"TID_CHEST_SHOP_LARGE_LEGENDARY",,5,"TRUE","sc/ui.sc","icon_chests_legendarykings_small",1,,,,,,,,,,,,"Kings",,"TRUE","TRUE","TRUE",,"TRUE","TRUE",70,19,6,1,,"AddChampionIfUnlocked",,,,,,,,,,,,,,,,,,,,,,,,,,
"Shop_Medium_1_Arena_L10",,"Arena_L10","Fortune",,,,274,5,,5,30,1500,1600,,,,21,21,"sc/ui_chest.sc","chest_fortune_open","chest_fortune_open","get_magic_chest","chest_fortune_open","chest_landing_magic","openChest_fortune_boost","soundbanks/ui_battle_general/ui_menu_general_tap_magic_chest","soundbanks/ui_menu_general/ui_menu_general_jingle_openchest_fortune_boost",,"TID_CHEST_SHOP_MEDIUM",,5,,"sc/ui.sc","icon_chests_fortune_small",10,10,,,,,,,,,,,"Fortune",,"TRUE","TRUE","TRUE",,"TRUE",,,,,,,,,,,,,,,,,,,,,,,,,,,,,,,,,
"Shop_Medium_1_Arena_L11",,"Arena_L11","Fortune",,,,274,5,,5,30,1500,1600,,,,21,21,"sc/ui_chest.sc","chest_fortune_open","chest_fortune_open","get_magic_chest","chest_fortune_open","chest_landing_magic","openChest_fortune_boost","soundbanks/ui_battle_general/ui_menu_general_tap_magic_chest","soundbanks/ui_menu_general/ui_menu_general_jingle_openchest_fortune_boost",,"TID_CHEST_SHOP_MEDIUM",,5,,"sc/ui.sc","icon_chests_fortune_small",10,10,,,,,,,,,,,"Fortune",,"TRUE","TRUE","TRUE",,"TRUE",,,,,,,,,,,,,,,,,,,,,,,,,,,,,,,,,
"Shop_Small_1_Arena_L10",,"Arena_L10","Lightning",,,,310,4,,6,50,1000,2000,,,,15,15,"sc/ui_chest.sc","chest_lightning_open","chest_lightning_open","get_magic_chest","chest_lightning_open","chest_landing_magic","openChest_lightning","soundbanks/ui_battle_general/ui_menu_general_tap_magic_chest","soundbanks/ui_menu_general/ui_menu_general_jingle_openchest_lightning",,"TID_CHEST_SHOP_SMALL",,5,,"sc/ui.sc","icon_chests_lightning_small",,,,,,,,,,,6,,"Lightning",,"TRUE","TRUE","TRUE","TRUE","TRUE","TRUE",,,,,,,,,,,,,,,,,,,,,,,,,,,,,,,,
"Shop_Small_1_Arena_L11",,"Arena_L11","Lightning",,,,315,4,,6,50,1000,2000,,,,15,15,"sc/ui_chest.sc","chest_lightning_open","chest_lightning_open","get_magic_chest","chest_lightning_open","chest_landing_magic","openChest_lightning","soundbanks/ui_battle_general/ui_menu_general_tap_magic_chest","soundbanks/ui_menu_general/ui_menu_general_jingle_openchest_lightning",,"TID_CHEST_SHOP_SMALL",,5,,"sc/ui.sc","icon_chests_lightning_small",,,,,,,,,,,6,,"Lightning",,"TRUE","TRUE","TRUE","TRUE","TRUE","TRUE",,,,,,,,,,,,,,,,,,,,,,,,,,,,,,,,
"Silver_Arena_L10","Silver","Arena_L10",,,,,,,,,,,,,,,,,,,,,,,,,,,,,,,,,,,,,,,,,,,,,,,,,,,,,,,,,,,,,,,,,,,,,,,,,,,,,,,,,,,,
"Silver_Arena_L11","Silver","Arena_L11",,,,,,,,,,,,,,,,,,,,,,,,,,,,,,,,,,,,,,,,,,,,,,,,,,,,,,,,,,,,,,,,,,,,,,,,,,,,,,,,,,,,
"Star_Arena_L10","Star","Arena_L10",,,,,,,,,,,,,,,,,,,,,,,,,,,,,,,,,,,,,,,,,,,,,,,,,,,,,,,,,,,,,,,,,,,,,,,,,,,,,,,,,,,,
"Star_Arena_L11","Star","Arena_L11",,,,,,,,,,,,,,,,,,,,,,,,,,,,,,,,,,,,,,,,,,,,,,,,,,,,,,,,,,,,,,,,,,,,,,,,,,,,,,,,,,,,
"StarBoosted_Arena_L10","StarBoosted","Arena_L10",,,,,,,,,,,,,,,,,,,,,,,,,,,,,,,,,,,,,,,,,,,,,,,,,,,,,,,,,,,,,,,,,,,,,,,,,,,,,,,,,,,,
"StarBoosted_Arena_L11","StarBoosted","Arena_L11",,,,,,,,,,,,,,,,,,,,,,,,,,,,,,,,,,,,,,,,,,,,,,,,,,,,,,,,,,,,,,,,,,,,,,,,,,,,,,,,,,,,
"Super_Arena_L10","Super","Arena_L10",,,,,,,,,,,,,,,,,,,,,,,,,,,,,,,,,,,,,,,,,,,,,,,,,,,,,,,,,,,,,,,,,,,,,,,,,,,,,,,,,,,,
"Super_Arena_L11","Super","Arena_L11",,,,,,,,,,,,,,,,,,,,,,,,,,,,,,,,,,,,,,,,,,,,,,,,,,,,,,,,,,,,,,,,,,,,,,,,,,,,,,,,,,,,
"SuperLightning_Arena_L10","SuperLightning","Arena_L10",,,,,,,,,,,,,,,,,,,,,,,,,,,,,,,,,,,,,,,,,,,6,,,,,,,,,,,,,,,,,,,,,,,,,,,,,,,,,,,,,,,,,
"SuperLightning_Arena_L11","SuperLightning","Arena_L11",,,,,,,,,,,,,,,,,,,,,,,,,,,,,,,,,,,,,,,,,,,6,,,,,,,,,,,,,,,,,,,,,,,,,,,,,,,,,,,,,,,,,
"Survival_Bronze_Arena_L10","Survival_Bronze","Arena_L10",,,,,,,,,,,,,,,,,,,,,,,,,,,,,,,,,,,,,,,,,,,,,,,,,,,,,,,,,,,,,,,,,,,,,,,,,,,,,,,,,,,,
"Survival_Bronze_Arena_L11","Survival_Bronze","Arena_L11",,,,,,,,,,,,,,,,,,,,,,,,,,,,,,,,,,,,,,,,,,,,,,,,,,,,,,,,,,,,,,,,,,,,,,,,,,,,,,,,,,,,
"Survival_Gold_Arena_L10","Survival_Gold","Arena_L10",,,,,,,,,,,,,,,,,,,,,,,,,,,,,,,,,,,,,,,,,,,,,,,,,,,,,,,,,,,,,,,,,,,,,,,,,,,,,,,,,,,,
"Survival_Gold_Arena_L11","Survival_Gold","Arena_L11",,,,,,,,,,,,,,,,,,,,,,,,,,,,,,,,,,,,,,,,,,,,,,,,,,,,,,,,,,,,,,,,,,,,,,,,,,,,,,,,,,,,
"Tournament1st_Arena_L10","Tournament1st","Arena_L10",,,,,,,,,,,,,,,,,,,,,,,,,,,,,,,,,,,,,,,,,,,,,,,,,,,,,,,,,,,,,,,,,,,,,,,,,,,,,,,,,,,,
"Tournament1st_Arena_L11","Tournament1st","Arena_L11",,,,,,,,,,,,,,,,,,,,,,,,,,,,,,,,,,,,,,,,,,,,,,,,,,,,,,,,,,,,,,,,,,,,,,,,,,,,,,,,,,,,
"Tournament1st_Arena_L10_2","Tournament1st_2","Arena_L10",,,,,,,,,,,,,,,,,,,,,,,,,,,,,,,,,,,,,,,,,,,,,,,,,,,,,,,,,,,,,,,,,,,,,,,,,,,,,,,,,,,,
"Tournament1st_Arena_L11_2","Tournament1st_2","Arena_L11",,,,,,,,,,,,,,,,,,,,,,,,,,,,,,,,,,,,,,,,,,,,,,,,,,,,,,,,,,,,,,,,,,,,,,,,,,,,,,,,,,,,
"Tournament2nd_Arena_L10","Tournament2nd","Arena_L10",,,,,,,,,,,,,,,,,,,,,,,,,,,,,,,,,,,,,,,,,,,,,,,,,,,,,,,,,,,,,,,,,,,,,,,,,,,,,,,,,,,,
"Tournament2nd_Arena_L11","Tournament2nd","Arena_L11",,,,,,,,,,,,,,,,,,,,,,,,,,,,,,,,,,,,,,,,,,,,,,,,,,,,,,,,,,,,,,,,,,,,,,,,,,,,,,,,,,,,
"Tournament2nd_Arena_L10_2","Tournament2nd_2","Arena_L10",,,,,,,,,,,,,,,,,,,,,,,,,,,,,,,,,,,,,,,,,,,,,,,,,,,,,,,,,,,,,,,,,,,,,,,,,,,,,,,,,,,,
"Tournament2nd_Arena_L11_2","Tournament2nd_2","Arena_L11",,,,,,,,,,,,,,,,,,,,,,,,,,,,,,,,,,,,,,,,,,,,,,,,,,,,,,,,,,,,,,,,,,,,,,,,,,,,,,,,,,,,
"Tournament3rd_Arena_L10","Tournament3rd","Arena_L10",,,,,,,,,,,,,,,,,,,,,,,,,,,,,,,,,,,,,,,,,,,,,,,,,,,,,,,,,,,,,,,,,,,,,,,,,,,,,,,,,,,,
"Tournament3rd_Arena_L11","Tournament3rd","Arena_L11",,,,,,,,,,,,,,,,,,,,,,,,,,,,,,,,,,,,,,,,,,,,,,,,,,,,,,,,,,,,,,,,,,,,,,,,,,,,,,,,,,,,
"Tournament3rd_Arena_L10_2","Tournament3rd_2","Arena_L10",,,,,,,,,,,,,,,,,,,,,,,,,,,,,,,,,,,,,,,,,,,,,,,,,,,,,,,,,,,,,,,,,,,,,,,,,,,,,,,,,,,,
"Tournament3rd_Arena_L11_2","Tournament3rd_2","Arena_L11",,,,,,,,,,,,,,,,,,,,,,,,,,,,,,,,,,,,,,,,,,,,,,,,,,,,,,,,,,,,,,,,,,,,,,,,,,,,,,,,,,,,
"TournamentOther_Arena_L10","TournamentOther","Arena_L10",,,,,,,,,,,,,,,,,,,,,,,,,,,,,,,,,,,,,,,,,,,,,,,,,,,,,,,,,,,,,,,,,,,,,,,,,,,,,,,,,,,,
"TournamentOther_Arena_L11","TournamentOther","Arena_L11",,,,,,,,,,,,,,,,,,,,,,,,,,,,,,,,,,,,,,,,,,,,,,,,,,,,,,,,,,,,,,,,,,,,,,,,,,,,,,,,,,,,
"TournamentOther_Arena_L10_2","TournamentOther_2","Arena_L10",,,,,,,,,,,,,,,,,,,,,,,,,,,,,,,,,,,,,,,,,,,,,,,,,,,,,,,,,,,,,,,,,,,,,,,,,,,,,,,,,,,,
"TournamentOther_Arena_L11_2","TournamentOther_2","Arena_L11",,,,,,,,,,,,,,,,,,,,,,,,,,,,,,,,,,,,,,,,,,,,,,,,,,,,,,,,,,,,,,,,,,,,,,,,,,,,,,,,,,,,
"WildChampion_Arena_L10","WildChampion","Arena_L10",,,,,,,,,,,,,28455,28455,,,,,,,,,,,,,,,,,,,,,,,,,,,,,,,,,,,,,,,200,55,15,1,,,,,,,,,,,,,,,,,,,,,,,,,,,,
"WildChampion_Arena_L11","WildChampion","Arena_L11",,,,,,,,,,,,,28455,28455,,,,,,,,,,,,,,,,,,,,,,,,,,,,,,,,,,,,,,,200,55,15,1,,,,,,,,,,,,,,,,,,,,,,,,,,,,
"TowerTroopCycleChest_Arena_L10","TowerTroopCycleChest","Arena_L10",,,,,,,,,,,,,,,,,,,,,,,,,,,,,,,,,,,,,,,,,,,,,,,,,,,,,,,,,,,,,,,,,,,,,8,15,25,,,,7,15,25,5,1,2,,,,"Support_Cards_No_Goblins"
"TowerTroopCycleChest_Arena_L11","TowerTroopCycleChest","Arena_L11",,,,,,,,,,,,,,,,,,,,,,,,,,,,,,,,,,,,,,,,,,,,,,,,,,,,,,,,,,,,,,,,,,,,,8,15,25,,,,7,15,25,5,1,2,,,,"Support_Cards_No_Goblins"
"Goblin_Hay_Arena_L10","Goblin_Hay","Arena_L10",,,,,,,,,,,,,,,,,,,,,,,,,,,,,,,,,,,,,,,,,,,,,,,,,,,,,,,,,,,,,,,,,,,,,,,,,,,,,,,,,,,,"Goblins"
"Goblin_Hay_Arena_L11","Goblin_Hay","Arena_L11",,,,,,,,,,,,,,,,,,,,,,,,,,,,,,,,,,,,,,,,,,,,,,,,,,,,,,,,,,,,,,,,,,,,,,,,,,,,,,,,,,,,"Goblins"
"Goblin_Horns_Arena_L10","Goblin_Horns","Arena_L10",,,,,,,,,,,,,,,,,,,,,,,,,,,,,,,,,,,,,,,,,,,,,,,,,,,,,,,,,,,,,,,,,,,,,,,,,,,,,,,,,,,,"Goblins"
"Goblin_Horns_Arena_L11","Goblin_Horns","Arena_L11",,,,,,,,,,,,,,,,,,,,,,,,,,,,,,,,,,,,,,,,,,,,,,,,,,,,,,,,,,,,,,,,,,,,,,,,,,,,,,,,,,,,"Goblins"
"Goblin_Gem_Arena_L10","Goblin_Gem","Arena_L10",,,,,,,,,,,,,,,,,,,,,,,,,,,,,,,,,,,,,,,,,,,,,,,,,,,,,,,,,,,,,,,,,,,,,,,,,,,,,,,,,,,,"Goblins"
"Goblin_Gem_Arena_L11","Goblin_Gem","Arena_L11",,,,,,,,,,,,,,,,,,,,,,,,,,,,,,,,,,,,,,,,,,,,,,,,,,,,,,,,,,,,,,,,,,,,,,,,,,,,,,,,,,,,"Goblins"
"FreeNoUnlock_Arena_L10","FreeNoUnlock","Arena_L10",,,,,,,,,,,,,,,,,,,,,,,,,,,,,,,,,,,,,,,,,,,,,,,,,,,,,,,,,,,,,,,,,,,,,,,,,,,,,,,,,,,,
"FreeNoUnlock_Arena_L11","FreeNoUnlock","Arena_L11",,,,,,,,,,,,,,,,,,,,,,,,,,,,,,,,,,,,,,,,,,,,,,,,,,,,,,,,,,,,,,,,,,,,,,,,,,,,,,,,,,,,
"SilverNoUnlock_Arena_L10","SilverNoUnlock","Arena_L10",,,,,,,,,,,,,,,,,,,,,,,,,,,,,,,,,,,,,,,,,,,,,,,,,,,,,,,,,,,,,,,,,,,,,,,,,,,,,,,,,,,,
"SilverNoUnlock_Arena_L11","SilverNoUnlock","Arena_L11",,,,,,,,,,,,,,,,,,,,,,,,,,,,,,,,,,,,,,,,,,,,,,,,,,,,,,,,,,,,,,,,,,,,,,,,,,,,,,,,,,,,
"SeasonReward_L12",,"Arena_L12",,,,,551,9,,2,10,200,200,,,,19,21,"sc/ui_chest.sc","chest_draft_closed","chest_draft_open","get_magic_chest","chest_open_draft","chest_landing_magic","openChest_draft","soundbanks/ui_menu_general/ui_menu_general_jingle_tap_champions_chest","soundbanks/ui_menu_general/ui_menu_general_jingle_openchest_champion",,"TID_CHEST_SEASON_9",,109,"TRUE","sc/ui.sc","icon_chests_draft_small",,,,,,,,,,,,,,,,,,,,,,,,,,,,,,,,,,,,,,,,,,,,,,,,,,,,
"SeasonReward_L13",,"Arena_L13",,,,,551,9,,2,10,200,200,,,,19,21,"sc/ui_chest.sc","chest_draft_closed","chest_draft_open","get_magic_chest","chest_open_draft","chest_landing_magic","openChest_draft","soundbanks/ui_menu_general/ui_menu_general_jingle_tap_champions_chest","soundbanks/ui_menu_general/ui_menu_general_jingle_openchest_champion",,"TID_CHEST_SEASON_9",,109,"TRUE","sc/ui.sc","icon_chests_draft_small",,,,,,,,,,,,,,,,,,,,,,,,,,,,,,,,,,,,,,,,,,,,,,,,,,,,
"SeasonReward_L14",,"Arena_L14",,,,,551,9,,2,10,200,200,,,,19,21,"sc/ui_chest.sc","chest_draft_closed","chest_draft_open","get_magic_chest","chest_open_draft","chest_landing_magic","openChest_draft","soundbanks/ui_menu_general/ui_menu_general_jingle_tap_champions_chest","soundbanks/ui_menu_general/ui_menu_general_jingle_openchest_champion",,"TID_CHEST_SEASON_9",,109,"TRUE","sc/ui.sc","icon_chests_draft_small",,,,,,,,,,,,,,,,,,,,,,,,,,,,,,,,,,,,,,,,,,,,,,,,,,,,
"ChampionChest_Arena_L12","ChampionChest","Arena_L12",,,,,,,,,,,,,,,,,,,,,,,,,,,,,,,,,,,,,,,,,,,,,,,,,,,,,,,,,,,,,,,,,,,,,,,,,,,,,,,,,,,,
"ChampionChest_Arena_L13","ChampionChest","Arena_L13",,,,,,,,,,,,,,,,,,,,,,,,,,,,,,,,,,,,,,,,,,,,,,,,,,,,,,,,,,,,,,,,,,,,,,,,,,,,,,,,,,,,
"ChampionChest_Arena_L14","ChampionChest","Arena_L14",,,,,,,,,,,,,,,,,,,,,,,,,,,,,,,,,,,,,,,,,,,,,,,,,,,,,,,,,,,,,,,,,,,,,,,,,,,,,,,,,,,,
"ClanCrownChest_Arena_L12","ClanCrownChest","Arena_L12",,,,,,,,,,,,,,,,,,,,,,,,,,,,,,,,,,,,,,,,,,,,,,,,,,,,,,,,,,,,,,,,,,,,,,,,,,,,,,,,,,,,
"ClanCrownChest_Arena_L13","ClanCrownChest","Arena_L13",,,,,,,,,,,,,,,,,,,,,,,,,,,,,,,,,,,,,,,,,,,,,,,,,,,,,,,,,,,,,,,,,,,,,,,,,,,,,,,,,,,,
"ClanCrownChest_Arena_L14","ClanCrownChest","Arena_L14",,,,,,,,,,,,,,,,,,,,,,,,,,,,,,,,,,,,,,,,,,,,,,,,,,,,,,,,,,,,,,,,,,,,,,,,,,,,,,,,,,,,
"Draft_Arena_L12",,"Arena_L12",,,,,,,,,,,,,,,,,,,,,,,,,,,,,,,,,,,,,,,,,,,,,,,,,,,,,,,,,,,,,,,,,,,,,,,,,,,,,,,,,,,,
"Draft_Arena_L13",,"Arena_L13",,,,,,,,,,,,,,,,,,,,,,,,,,,,,,,,,,,,,,,,,,,,,,,,,,,,,,,,,,,,,,,,,,,,,,,,,,,,,,,,,,,,
"Draft_Arena_L14",,"Arena_L14",,,,,,,,,,,,,,,,,,,,,,,,,,,,,,,,,,,,,,,,,,,,,,,,,,,,,,,,,,,,,,,,,,,,,,,,,,,,,,,,,,,,
"Epic_Arena_L12","Epic","Arena_L12",,,,,20,5,,,,,,,,,,,,,,,,,,,,,,,,,,,,,,,,,,,,,,,,,,,,,,,,,,,,,,,,,,,,,,,,,,,,,,,,,,,,,,
"Epic_Arena_L13","Epic","Arena_L13",,,,,20,5,,,,,,,,,,,,,,,,,,,,,,,,,,,,,,,,,,,,,,,,,,,,,,,,,,,,,,,,,,,,,,,,,,,,,,,,,,,,,,
"Epic_Arena_L14","Epic","Arena_L14",,,,,20,5,,,,,,,,,,,,,,,,,,,,,,,,,,,,,,,,,,,,,,,,,,,,,,,,,,,,,,,,,,,,,,,,,,,,,,,,,,,,,,
"Free_Arena_L12","Free","Arena_L12",,,,,,,,,,,,,,,,,,,,,,,,,,,,,,,,,,,,,,,,,,,,,,,,,,,,,,,,,,,,,,,,,,,,,,,,,,,,,,,,,,,,
"Free_Arena_L13","Free","Arena_L13",,,,,,,,,,,,,,,,,,,,,,,,,,,,,,,,,,,,,,,,,,,,,,,,,,,,,,,,,,,,,,,,,,,,,,,,,,,,,,,,,,,,
"Free_Arena_L14","Free","Arena_L14",,,,,,,,,,,,,,,,,,,,,,,,,,,,,,,,,,,,,,,,,,,,,,,,,,,,,,,,,,,,,,,,,,,,,,,,,,,,,,,,,,,,
"Giant_Arena_L12","Giant","Arena_L12",,,,,,,,,,,,,,,,,,,,,,,,,,,,,,,,,,,,,,,,,,,,,,,,,,,,,,,,,,,,,,,,,,,,,,,,,,,,,,,,,,,,
"Giant_Arena_L13","Giant","Arena_L13",,,,,,,,,,,,,,,,,,,,,,,,,,,,,,,,,,,,,,,,,,,,,,,,,,,,,,,,,,,,,,,,,,,,,,,,,,,,,,,,,,,,
"Giant_Arena_L14","Giant","Arena_L14",,,,,,,,,,,,,,,,,,,,,,,,,,,,,,,,,,,,,,,,,,,,,,,,,,,,,,,,,,,,,,,,,,,,,,,,,,,,,,,,,,,,
"Gold_Arena_L12","Gold","Arena_L12",,,,,,,,,,,,,,,,,,,,,,,,,,,,,,,,,,,,,,,,,,,,,,,,,,,,,,,,,,,,,,,,,,,,,,,,,,,,,,,,,,,,
"Gold_Arena_L13","Gold","Arena_L13",,,,,,,,,,,,,,,,,,,,,,,,,,,,,,,,,,,,,,,,,,,,,,,,,,,,,,,,,,,,,,,,,,,,,,,,,,,,,,,,,,,,
"Gold_Arena_L14","Gold","Arena_L14",,,,,,,,,,,,,,,,,,,,,,,,,,,,,,,,,,,,,,,,,,,,,,,,,,,,,,,,,,,,,,,,,,,,,,,,,,,,,,,,,,,,
"GoldCage_Large_Arena_L12","GoldCage_Large","Arena_L12",,,,,,,,,,,,,25750,44000,,,,,,,,,,,,,,,,,,,,,,,,,,,,,,,,,,,,,,,,,,,,,,,,,,,,,,,,,,,,,,,,,,,,,,
"GoldCage_Large_Arena_L13","GoldCage_Large","Arena_L13",,,,,,,,,,,,,26000,44500,,,,,,,,,,,,,,,,,,,,,,,,,,,,,,,,,,,,,,,,,,,,,,,,,,,,,,,,,,,,,,,,,,,,,,
"GoldCage_Large_Arena_L14","GoldCage_Large","Arena_L14",,,,,,,,,,,,,26250,45000,,,,,,,,,,,,,,,,,,,,,,,,,,,,,,,,,,,,,,,,,,,,,,,,,,,,,,,,,,,,,,,,,,,,,,
"GoldCage_Medium_Arena_L12","GoldCage_Medium","Arena_L12",,,,,,,,,,,,,7300,18250,,,,,,,,,,,,,,,,,,,,,,,,,,,,,,,,,,,,,,,,,,,,,,,,,,,,,,,,,,,,,,,,,,,,,,
"GoldCage_Medium_Arena_L13","GoldCage_Medium","Arena_L13",,,,,,,,,,,,,7400,18500,,,,,,,,,,,,,,,,,,,,,,,,,,,,,,,,,,,,,,,,,,,,,,,,,,,,,,,,,,,,,,,,,,,,,,
"GoldCage_Medium_Arena_L14","GoldCage_Medium","Arena_L14",,,,,,,,,,,,,7500,18750,,,,,,,,,,,,,,,,,,,,,,,,,,,,,,,,,,,,,,,,,,,,,,,,,,,,,,,,,,,,,,,,,,,,,,
"GoldCage_Small_Arena_L12","GoldCage_Small","Arena_L12",,,,,,,,,,,,,3650,7300,,,,,,,,,,,,,,,,,,,,,,,,,,,,,,,,,,,,,,,,,,,,,,,,,,,,,,,,,,,,,,,,,,,,,,
"GoldCage_Small_Arena_L13","GoldCage_Small","Arena_L13",,,,,,,,,,,,,3700,7400,,,,,,,,,,,,,,,,,,,,,,,,,,,,,,,,,,,,,,,,,,,,,,,,,,,,,,,,,,,,,,,,,,,,,,
"GoldCage_Small_Arena_L14","GoldCage_Small","Arena_L14",,,,,,,,,,,,,3750,7500,,,,,,,,,,,,,,,,,,,,,,,,,,,,,,,,,,,,,,,,,,,,,,,,,,,,,,,,,,,,,,,,,,,,,,
"Magic_Arena_L12","Magic","Arena_L12",,,,,,,,,,,,,,,,,,,,,,,,,,,,,,,,,,,,,,,,,,,,,,,,,,,,,,,,,,,,,,,,,,,,,,,,,,,,,,,,,,,,
"Magic_Arena_L13","Magic","Arena_L13",,,,,,,,,,,,,,,,,,,,,,,,,,,,,,,,,,,,,,,,,,,,,,,,,,,,,,,,,,,,,,,,,,,,,,,,,,,,,,,,,,,,
"Magic_Arena_L14","Magic","Arena_L14",,,,,,,,,,,,,,,,,,,,,,,,,,,,,,,,,,,,,,,,,,,,,,,,,,,,,,,,,,,,,,,,,,,,,,,,,,,,,,,,,,,,
"Shop_Large_Legendary_Arena_L12",,"Arena_L12","LegendaryKings",,,,380,8,,5,15,400,0,,,,36,36,"sc/ui_chest.sc","chest_legendary_king_open","chest_legendary_king_open","get_magic_chest","chest_legendary_king_open","chest_landing_magic","openChest_legend_kings","soundbanks/ui_battle_general/ui_menu_general_tap_magic_chest","soundbanks/ui_menu_general/ui_menu_general_jingle_openchest_legend_kings",,"TID_CHEST_SHOP_LARGE_LEGENDARY",,5,"TRUE","sc/ui.sc","icon_chests_legendarykings_small",1,,,,,,,,,,,,"Kings",,"TRUE","TRUE","TRUE",,"TRUE","TRUE",70,19,6,1,,"AddChampionIfUnlocked",,,,,,,,,,,,,,,,,,,,,,,,,,
"Shop_Large_Legendary_Arena_L13",,"Arena_L13","LegendaryKings",,,,380,8,,5,15,400,0,,,,36,36,"sc/ui_chest.sc","chest_legendary_king_open","chest_legendary_king_open","get_magic_chest","chest_legendary_king_open","chest_landing_magic","openChest_legend_kings","soundbanks/ui_battle_general/ui_menu_general_tap_magic_chest","soundbanks/ui_menu_general/ui_menu_general_jingle_openchest_legend_kings",,"TID_CHEST_SHOP_LARGE_LEGENDARY",,5,"TRUE","sc/ui.sc","icon_chests_legendarykings_small",1,,,,,,,,,,,,"Kings",,"TRUE","TRUE","TRUE",,"TRUE","TRUE",70,19,6,1,,"AddChampionIfUnlocked",,,,,,,,,,,,,,,,,,,,,,,,,,
"Shop_Large_Legendary_Arena_L14",,"Arena_L14","LegendaryKings",,,,380,8,,5,15,400,0,,,,36,36,"sc/ui_chest.sc","chest_legendary_king_open","chest_legendary_king_open","get_magic_chest","chest_legendary_king_open","chest_landing_magic","openChest_legend_kings","soundbanks/ui_battle_general/ui_menu_general_tap_magic_chest","soundbanks/ui_menu_general/ui_menu_general_jingle_openchest_legend_kings",,"TID_CHEST_SHOP_LARGE_LEGENDARY",,5,"TRUE","sc/ui.sc","icon_chests_legendarykings_small",1,,,,,,,,,,,,"Kings",,"TRUE","TRUE","TRUE",,"TRUE","TRUE",70,19,6,1,,"AddChampionIfUnlocked",,,,,,,,,,,,,,,,,,,,,,,,,,
"Shop_Medium_1_Arena_L12",,"Arena_L12","Fortune",,,,274,5,,5,30,1500,1600,,,,21,21,"sc/ui_chest.sc","chest_fortune_open","chest_fortune_open","get_magic_chest","chest_fortune_open","chest_landing_magic","openChest_fortune_boost","soundbanks/ui_battle_general/ui_menu_general_tap_magic_chest","soundbanks/ui_menu_general/ui_menu_general_jingle_openchest_fortune_boost",,"TID_CHEST_SHOP_MEDIUM",,5,,"sc/ui.sc","icon_chests_fortune_small",10,10,,,,,,,,,,,"Fortune",,"TRUE","TRUE","TRUE",,"TRUE",,,,,,,,,,,,,,,,,,,,,,,,,,,,,,,,,
"Shop_Medium_1_Arena_L13",,"Arena_L13","Fortune",,,,274,5,,5,30,1500,1600,,,,21,21,"sc/ui_chest.sc","chest_fortune_open","chest_fortune_open","get_magic_chest","chest_fortune_open","chest_landing_magic","openChest_fortune_boost","soundbanks/ui_battle_general/ui_menu_general_tap_magic_chest","soundbanks/ui_menu_general/ui_menu_general_jingle_openchest_fortune_boost",,"TID_CHEST_SHOP_MEDIUM",,5,,"sc/ui.sc","icon_chests_fortune_small",10,10,,,,,,,,,,,"Fortune",,"TRUE","TRUE","TRUE",,"TRUE",,,,,,,,,,,,,,,,,,,,,,,,,,,,,,,,,
"Shop_Medium_1_Arena_L14",,"Arena_L14","Fortune",,,,274,5,,5,30,1500,1600,,,,21,21,"sc/ui_chest.sc","chest_fortune_open","chest_fortune_open","get_magic_chest","chest_fortune_open","chest_landing_magic","openChest_fortune_boost","soundbanks/ui_battle_general/ui_menu_general_tap_magic_chest","soundbanks/ui_menu_general/ui_menu_general_jingle_openchest_fortune_boost",,"TID_CHEST_SHOP_MEDIUM",,5,,"sc/ui.sc","icon_chests_fortune_small",10,10,,,,,,,,,,,"Fortune",,"TRUE","TRUE","TRUE",,"TRUE",,,,,,,,,,,,,,,,,,,,,,,,,,,,,,,,,
"Shop_Small_1_Arena_L12",,"Arena_L12","Lightning",,,,320,4,,6,50,1000,2000,,,,15,15,"sc/ui_chest.sc","chest_lightning_open","chest_lightning_open","get_magic_chest","chest_lightning_open","chest_landing_magic","openChest_lightning","soundbanks/ui_battle_general/ui_menu_general_tap_magic_chest","soundbanks/ui_menu_general/ui_menu_general_jingle_openchest_lightning",,"TID_CHEST_SHOP_SMALL",,5,,"sc/ui.sc","icon_chests_lightning_small",,,,,,,,,,,6,,"Lightning",,"TRUE","TRUE","TRUE","TRUE","TRUE","TRUE",,,,,,,,,,,,,,,,,,,,,,,,,,,,,,,,
"Shop_Small_1_Arena_L13",,"Arena_L13","Lightning",,,,325,4,,6,50,1000,2000,,,,15,15,"sc/ui_chest.sc","chest_lightning_open","chest_lightning_open","get_magic_chest","chest_lightning_open","chest_landing_magic","openChest_lightning","soundbanks/ui_battle_general/ui_menu_general_tap_magic_chest","soundbanks/ui_menu_general/ui_menu_general_jingle_openchest_lightning",,"TID_CHEST_SHOP_SMALL",,5,,"sc/ui.sc","icon_chests_lightning_small",,,,,,,,,,,6,,"Lightning",,"TRUE","TRUE","TRUE","TRUE","TRUE","TRUE",,,,,,,,,,,,,,,,,,,,,,,,,,,,,,,,
"Shop_Small_1_Arena_L14",,"Arena_L14","Lightning",,,,330,4,,6,50,1000,2000,,,,15,15,"sc/ui_chest.sc","chest_lightning_open","chest_lightning_open","get_magic_chest","chest_lightning_open","chest_landing_magic","openChest_lightning","soundbanks/ui_battle_general/ui_menu_general_tap_magic_chest","soundbanks/ui_menu_general/ui_menu_general_jingle_openchest_lightning",,"TID_CHEST_SHOP_SMALL",,5,,"sc/ui.sc","icon_chests_lightning_small",,,,,,,,,,,6,,"Lightning",,"TRUE","TRUE","TRUE","TRUE","TRUE","TRUE",,,,,,,,,,,,,,,,,,,,,,,,,,,,,,,,
"Silver_Arena_L12","Silver","Arena_L12",,,,,,,,,,,,,,,,,,,,,,,,,,,,,,,,,,,,,,,,,,,,,,,,,,,,,,,,,,,,,,,,,,,,,,,,,,,,,,,,,,,,
"Silver_Arena_L13","Silver","Arena_L13",,,,,,,,,,,,,,,,,,,,,,,,,,,,,,,,,,,,,,,,,,,,,,,,,,,,,,,,,,,,,,,,,,,,,,,,,,,,,,,,,,,,
"Silver_Arena_L14","Silver","Arena_L14",,,,,,,,,,,,,,,,,,,,,,,,,,,,,,,,,,,,,,,,,,,,,,,,,,,,,,,,,,,,,,,,,,,,,,,,,,,,,,,,,,,,
"Star_Arena_L12","Star","Arena_L12",,,,,,,,,,,,,,,,,,,,,,,,,,,,,,,,,,,,,,,,,,,,,,,,,,,,,,,,,,,,,,,,,,,,,,,,,,,,,,,,,,,,
"Star_Arena_L13","Star","Arena_L13",,,,,,,,,,,,,,,,,,,,,,,,,,,,,,,,,,,,,,,,,,,,,,,,,,,,,,,,,,,,,,,,,,,,,,,,,,,,,,,,,,,,
"Star_Arena_L14","Star","Arena_L14",,,,,,,,,,,,,,,,,,,,,,,,,,,,,,,,,,,,,,,,,,,,,,,,,,,,,,,,,,,,,,,,,,,,,,,,,,,,,,,,,,,,
"StarBoosted_Arena_L12","StarBoosted","Arena_L12",,,,,,,,,,,,,,,,,,,,,,,,,,,,,,,,,,,,,,,,,,,,,,,,,,,,,,,,,,,,,,,,,,,,,,,,,,,,,,,,,,,,
"StarBoosted_Arena_L13","StarBoosted","Arena_L13",,,,,,,,,,,,,,,,,,,,,,,,,,,,,,,,,,,,,,,,,,,,,,,,,,,,,,,,,,,,,,,,,,,,,,,,,,,,,,,,,,,,
"StarBoosted_Arena_L14","StarBoosted","Arena_L14",,,,,,,,,,,,,,,,,,,,,,,,,,,,,,,,,,,,,,,,,,,,,,,,,,,,,,,,,,,,,,,,,,,,,,,,,,,,,,,,,,,,
"Super_Arena_L12","Super","Arena_L12",,,,,,,,,,,,,,,,,,,,,,,,,,,,,,,,,,,,,,,,,,,,,,,,,,,,,,,,,,,,,,,,,,,,,,,,,,,,,,,,,,,,
"Super_Arena_L13","Super","Arena_L13",,,,,,,,,,,,,,,,,,,,,,,,,,,,,,,,,,,,,,,,,,,,,,,,,,,,,,,,,,,,,,,,,,,,,,,,,,,,,,,,,,,,
"Super_Arena_L14","Super","Arena_L14",,,,,,,,,,,,,,,,,,,,,,,,,,,,,,,,,,,,,,,,,,,,,,,,,,,,,,,,,,,,,,,,,,,,,,,,,,,,,,,,,,,,
"SuperLightning_Arena_L12","SuperLightning","Arena_L12",,,,,,,,,,,,,,,,,,,,,,,,,,,,,,,,,,,,,,,,,,,6,,,,,,,,,,,,,,,,,,,,,,,,,,,,,,,,,,,,,,,,,
"SuperLightning_Arena_L13","SuperLightning","Arena_L13",,,,,,,,,,,,,,,,,,,,,,,,,,,,,,,,,,,,,,,,,,,6,,,,,,,,,,,,,,,,,,,,,,,,,,,,,,,,,,,,,,,,,
"SuperLightning_Arena_L14","SuperLightning","Arena_L14",,,,,,,,,,,,,,,,,,,,,,,,,,,,,,,,,,,,,,,,,,,6,,,,,,,,,,,,,,,,,,,,,,,,,,,,,,,,,,,,,,,,,
"Survival_Bronze_Arena_L12","Survival_Bronze","Arena_L12",,,,,,,,,,,,,,,,,,,,,,,,,,,,,,,,,,,,,,,,,,,,,,,,,,,,,,,,,,,,,,,,,,,,,,,,,,,,,,,,,,,,
"Survival_Bronze_Arena_L13","Survival_Bronze","Arena_L13",,,,,,,,,,,,,,,,,,,,,,,,,,,,,,,,,,,,,,,,,,,,,,,,,,,,,,,,,,,,,,,,,,,,,,,,,,,,,,,,,,,,
"Survival_Bronze_Arena_L14","Survival_Bronze","Arena_L14",,,,,,,,,,,,,,,,,,,,,,,,,,,,,,,,,,,,,,,,,,,,,,,,,,,,,,,,,,,,,,,,,,,,,,,,,,,,,,,,,,,,
"Survival_Gold_Arena_L12","Survival_Gold","Arena_L12",,,,,,,,,,,,,,,,,,,,,,,,,,,,,,,,,,,,,,,,,,,,,,,,,,,,,,,,,,,,,,,,,,,,,,,,,,,,,,,,,,,,
"Survival_Gold_Arena_L13","Survival_Gold","Arena_L13",,,,,,,,,,,,,,,,,,,,,,,,,,,,,,,,,,,,,,,,,,,,,,,,,,,,,,,,,,,,,,,,,,,,,,,,,,,,,,,,,,,,
"Survival_Gold_Arena_L14","Survival_Gold","Arena_L14",,,,,,,,,,,,,,,,,,,,,,,,,,,,,,,,,,,,,,,,,,,,,,,,,,,,,,,,,,,,,,,,,,,,,,,,,,,,,,,,,,,,
"Tournament1st_Arena_L12","Tournament1st","Arena_L12",,,,,,,,,,,,,,,,,,,,,,,,,,,,,,,,,,,,,,,,,,,,,,,,,,,,,,,,,,,,,,,,,,,,,,,,,,,,,,,,,,,,
"Tournament1st_Arena_L13","Tournament1st","Arena_L13",,,,,,,,,,,,,,,,,,,,,,,,,,,,,,,,,,,,,,,,,,,,,,,,,,,,,,,,,,,,,,,,,,,,,,,,,,,,,,,,,,,,
"Tournament1st_Arena_L14","Tournament1st","Arena_L14",,,,,,,,,,,,,,,,,,,,,,,,,,,,,,,,,,,,,,,,,,,,,,,,,,,,,,,,,,,,,,,,,,,,,,,,,,,,,,,,,,,,
"Tournament1st_Arena_L12_2","Tournament1st_2","Arena_L12",,,,,,,,,,,,,,,,,,,,,,,,,,,,,,,,,,,,,,,,,,,,,,,,,,,,,,,,,,,,,,,,,,,,,,,,,,,,,,,,,,,,
"Tournament1st_Arena_L13_2","Tournament1st_2","Arena_L13",,,,,,,,,,,,,,,,,,,,,,,,,,,,,,,,,,,,,,,,,,,,,,,,,,,,,,,,,,,,,,,,,,,,,,,,,,,,,,,,,,,,
"Tournament1st_Arena_L14_2","Tournament1st_2","Arena_L14",,,,,,,,,,,,,,,,,,,,,,,,,,,,,,,,,,,,,,,,,,,,,,,,,,,,,,,,,,,,,,,,,,,,,,,,,,,,,,,,,,,,
"Tournament2nd_Arena_L12","Tournament2nd","Arena_L12",,,,,,,,,,,,,,,,,,,,,,,,,,,,,,,,,,,,,,,,,,,,,,,,,,,,,,,,,,,,,,,,,,,,,,,,,,,,,,,,,,,,
"Tournament2nd_Arena_L13","Tournament2nd","Arena_L13",,,,,,,,,,,,,,,,,,,,,,,,,,,,,,,,,,,,,,,,,,,,,,,,,,,,,,,,,,,,,,,,,,,,,,,,,,,,,,,,,,,,
"Tournament2nd_Arena_L14","Tournament2nd","Arena_L14",,,,,,,,,,,,,,,,,,,,,,,,,,,,,,,,,,,,,,,,,,,,,,,,,,,,,,,,,,,,,,,,,,,,,,,,,,,,,,,,,,,,
"Tournament2nd_Arena_L12_2","Tournament2nd_2","Arena_L12",,,,,,,,,,,,,,,,,,,,,,,,,,,,,,,,,,,,,,,,,,,,,,,,,,,,,,,,,,,,,,,,,,,,,,,,,,,,,,,,,,,,
"Tournament2nd_Arena_L13_2","Tournament2nd_2","Arena_L13",,,,,,,,,,,,,,,,,,,,,,,,,,,,,,,,,,,,,,,,,,,,,,,,,,,,,,,,,,,,,,,,,,,,,,,,,,,,,,,,,,,,
"Tournament2nd_Arena_L14_2","Tournament2nd_2","Arena_L14",,,,,,,,,,,,,,,,,,,,,,,,,,,,,,,,,,,,,,,,,,,,,,,,,,,,,,,,,,,,,,,,,,,,,,,,,,,,,,,,,,,,
"Tournament3rd_Arena_L12","Tournament3rd","Arena_L12",,,,,,,,,,,,,,,,,,,,,,,,,,,,,,,,,,,,,,,,,,,,,,,,,,,,,,,,,,,,,,,,,,,,,,,,,,,,,,,,,,,,
"Tournament3rd_Arena_L13","Tournament3rd","Arena_L13",,,,,,,,,,,,,,,,,,,,,,,,,,,,,,,,,,,,,,,,,,,,,,,,,,,,,,,,,,,,,,,,,,,,,,,,,,,,,,,,,,,,
"Tournament3rd_Arena_L14","Tournament3rd","Arena_L14",,,,,,,,,,,,,,,,,,,,,,,,,,,,,,,,,,,,,,,,,,,,,,,,,,,,,,,,,,,,,,,,,,,,,,,,,,,,,,,,,,,,
"Tournament3rd_Arena_L12_2","Tournament3rd_2","Arena_L12",,,,,,,,,,,,,,,,,,,,,,,,,,,,,,,,,,,,,,,,,,,,,,,,,,,,,,,,,,,,,,,,,,,,,,,,,,,,,,,,,,,,
"Tournament3rd_Arena_L13_2","Tournament3rd_2","Arena_L13",,,,,,,,,,,,,,,,,,,,,,,,,,,,,,,,,,,,,,,,,,,,,,,,,,,,,,,,,,,,,,,,,,,,,,,,,,,,,,,,,,,,
"Tournament3rd_Arena_L14_2","Tournament3rd_2","Arena_L14",,,,,,,,,,,,,,,,,,,,,,,,,,,,,,,,,,,,,,,,,,,,,,,,,,,,,,,,,,,,,,,,,,,,,,,,,,,,,,,,,,,,
"TournamentOther_Arena_L12","TournamentOther","Arena_L12",,,,,,,,,,,,,,,,,,,,,,,,,,,,,,,,,,,,,,,,,,,,,,,,,,,,,,,,,,,,,,,,,,,,,,,,,,,,,,,,,,,,
"TournamentOther_Arena_L13","TournamentOther","Arena_L13",,,,,,,,,,,,,,,,,,,,,,,,,,,,,,,,,,,,,,,,,,,,,,,,,,,,,,,,,,,,,,,,,,,,,,,,,,,,,,,,,,,,
"TournamentOther_Arena_L14","TournamentOther","Arena_L14",,,,,,,,,,,,,,,,,,,,,,,,,,,,,,,,,,,,,,,,,,,,,,,,,,,,,,,,,,,,,,,,,,,,,,,,,,,,,,,,,,,,
"TournamentOther_Arena_L12_2","TournamentOther_2","Arena_L12",,,,,,,,,,,,,,,,,,,,,,,,,,,,,,,,,,,,,,,,,,,,,,,,,,,,,,,,,,,,,,,,,,,,,,,,,,,,,,,,,,,,
"TournamentOther_Arena_L13_2","TournamentOther_2","Arena_L13",,,,,,,,,,,,,,,,,,,,,,,,,,,,,,,,,,,,,,,,,,,,,,,,,,,,,,,,,,,,,,,,,,,,,,,,,,,,,,,,,,,,
"TournamentOther_Arena_L14_2","TournamentOther_2","Arena_L14",,,,,,,,,,,,,,,,,,,,,,,,,,,,,,,,,,,,,,,,,,,,,,,,,,,,,,,,,,,,,,,,,,,,,,,,,,,,,,,,,,,,
"WildChampion_Arena_L12","WildChampion","Arena_L12",,,,,,,,,,,,,28455,28455,,,,,,,,,,,,,,,,,,,,,,,,,,,,,,,,,,,,,,,200,55,15,1,,,,,,,,,,,,,,,,,,,,,,,,,,,,
"WildChampion_Arena_L13","WildChampion","Arena_L13",,,,,,,,,,,,,28455,28455,,,,,,,,,,,,,,,,,,,,,,,,,,,,,,,,,,,,,,,200,55,15,1,,,,,,,,,,,,,,,,,,,,,,,,,,,,
"WildChampion_Arena_L14","WildChampion","Arena_L14",,,,,,,,,,,,,28455,28455,,,,,,,,,,,,,,,,,,,,,,,,,,,,,,,,,,,,,,,200,55,15,1,,,,,,,,,,,,,,,,,,,,,,,,,,,,
"TowerTroopCycleChest_Arena_L12","TowerTroopCycleChest","Arena_L12",,,,,,,,,,,,,,,,,,,,,,,,,,,,,,,,,,,,,,,,,,,,,,,,,,,,,,,,,,,,,,,,,,,,,8,15,25,,,,7,15,25,5,1,2,,,,"Support_Cards_No_Goblins"
"TowerTroopCycleChest_Arena_L13","TowerTroopCycleChest","Arena_L13",,,,,,,,,,,,,,,,,,,,,,,,,,,,,,,,,,,,,,,,,,,,,,,,,,,,,,,,,,,,,,,,,,,,,8,15,25,,,,7,15,25,5,1,2,,,,"Support_Cards_No_Goblins"
"TowerTroopCycleChest_Arena_L14","TowerTroopCycleChest","Arena_L14",,,,,,,,,,,,,,,,,,,,,,,,,,,,,,,,,,,,,,,,,,,,,,,,,,,,,,,,,,,,,,,,,,,,,8,15,25,,,,7,15,25,5,1,2,,,,"Support_Cards_No_Goblins"
"Goblin_Hay_Arena_L12","Goblin_Hay","Arena_L12",,,,,,,,,,,,,,,,,,,,,,,,,,,,,,,,,,,,,,,,,,,,,,,,,,,,,,,,,,,,,,,,,,,,,,,,,,,,,,,,,,,,"Goblins"
"Goblin_Hay_Arena_L13","Goblin_Hay","Arena_L13",,,,,,,,,,,,,,,,,,,,,,,,,,,,,,,,,,,,,,,,,,,,,,,,,,,,,,,,,,,,,,,,,,,,,,,,,,,,,,,,,,,,"Goblins"
"Goblin_Hay_Arena_L14","Goblin_Hay","Arena_L14",,,,,,,,,,,,,,,,,,,,,,,,,,,,,,,,,,,,,,,,,,,,,,,,,,,,,,,,,,,,,,,,,,,,,,,,,,,,,,,,,,,,"Goblins"
"Goblin_Horns_Arena_L12","Goblin_Horns","Arena_L12",,,,,,,,,,,,,,,,,,,,,,,,,,,,,,,,,,,,,,,,,,,,,,,,,,,,,,,,,,,,,,,,,,,,,,,,,,,,,,,,,,,,"Goblins"
"Goblin_Horns_Arena_L13","Goblin_Horns","Arena_L13",,,,,,,,,,,,,,,,,,,,,,,,,,,,,,,,,,,,,,,,,,,,,,,,,,,,,,,,,,,,,,,,,,,,,,,,,,,,,,,,,,,,"Goblins"
"Goblin_Horns_Arena_L14","Goblin_Horns","Arena_L14",,,,,,,,,,,,,,,,,,,,,,,,,,,,,,,,,,,,,,,,,,,,,,,,,,,,,,,,,,,,,,,,,,,,,,,,,,,,,,,,,,,,"Goblins"
"Goblin_Gem_Arena_L12","Goblin_Gem","Arena_L12",,,,,,,,,,,,,,,,,,,,,,,,,,,,,,,,,,,,,,,,,,,,,,,,,,,,,,,,,,,,,,,,,,,,,,,,,,,,,,,,,,,,"Goblins"
"Goblin_Gem_Arena_L13","Goblin_Gem","Arena_L13",,,,,,,,,,,,,,,,,,,,,,,,,,,,,,,,,,,,,,,,,,,,,,,,,,,,,,,,,,,,,,,,,,,,,,,,,,,,,,,,,,,,"Goblins"
"Goblin_Gem_Arena_L14","Goblin_Gem","Arena_L14",,,,,,,,,,,,,,,,,,,,,,,,,,,,,,,,,,,,,,,,,,,,,,,,,,,,,,,,,,,,,,,,,,,,,,,,,,,,,,,,,,,,"Goblins"
"FreeNoUnlock_Arena_L12","FreeNoUnlock","Arena_L12",,,,,,,,,,,,,,,,,,,,,,,,,,,,,,,,,,,,,,,,,,,,,,,,,,,,,,,,,,,,,,,,,,,,,,,,,,,,,,,,,,,,
"FreeNoUnlock_Arena_L13","FreeNoUnlock","Arena_L13",,,,,,,,,,,,,,,,,,,,,,,,,,,,,,,,,,,,,,,,,,,,,,,,,,,,,,,,,,,,,,,,,,,,,,,,,,,,,,,,,,,,
"FreeNoUnlock_Arena_L14","FreeNoUnlock","Arena_L14",,,,,,,,,,,,,,,,,,,,,,,,,,,,,,,,,,,,,,,,,,,,,,,,,,,,,,,,,,,,,,,,,,,,,,,,,,,,,,,,,,,,
"SilverNoUnlock_Arena_L12","SilverNoUnlock","Arena_L12",,,,,,,,,,,,,,,,,,,,,,,,,,,,,,,,,,,,,,,,,,,,,,,,,,,,,,,,,,,,,,,,,,,,,,,,,,,,,,,,,,,,
"SilverNoUnlock_Arena_L13","SilverNoUnlock","Arena_L13",,,,,,,,,,,,,,,,,,,,,,,,,,,,,,,,,,,,,,,,,,,,,,,,,,,,,,,,,,,,,,,,,,,,,,,,,,,,,,,,,,,,
"SilverNoUnlock_Arena_L14","SilverNoUnlock","Arena_L14",,,,,,,,,,,,,,,,,,,,,,,,,,,,,,,,,,,,,,,,,,,,,,,,,,,,,,,,,,,,,,,,,,,,,,,,,,,,,,,,,,,,
"LevelUpChest_KL71",,"Arena_L10",,,,,233,12,,10,23,466,0,,,,39,39,"sc/ui_chest.sc","levelup_chest_static",,"get_levelup_chest","levelup_chest_open_collection_win","chest_landing_magic","openChest_star","soundbanks/ui_battle_general/ui_menu_general_tap_magic_chest","soundbanks/ui_menu_general/ui_menu_general_jingle_openchest_magical",,"TID_CHEST_KINGLEVEL","TID_CHEST_GOLD_KINGLEVEL",,,,,,,,,,,,,,,,,,,"TRUE","TRUE","TRUE",,,,,,,,,,25,25,,,,,,,,,,,,,,,,,,,,,,,,
"LevelUpChest_KL72",,"Arena_L10",,,,,233,12,,10,23,466,0,,,,39,39,"sc/ui_chest.sc","levelup_chest_static",,"get_levelup_chest","levelup_chest_open_collection_win","chest_landing_magic","openChest_star","soundbanks/ui_battle_general/ui_menu_general_tap_magic_chest","soundbanks/ui_menu_general/ui_menu_general_jingle_openchest_magical",,"TID_CHEST_KINGLEVEL","TID_CHEST_GOLD_KINGLEVEL",,,,,,,,,,,,,,,,,,,"TRUE","TRUE","TRUE",,,,,,,,,,25,25,,,,,,,,,,,,,,,,,,,,,,,,
"LevelUpChest_KL73",,"Arena_L10",,,,,233,12,,10,23,466,0,,,,39,39,"sc/ui_chest.sc","levelup_chest_static",,"get_levelup_chest","levelup_chest_open_collection_win","chest_landing_magic","openChest_star","soundbanks/ui_battle_general/ui_menu_general_tap_magic_chest","soundbanks/ui_menu_general/ui_menu_general_jingle_openchest_magical",,"TID_CHEST_KINGLEVEL","TID_CHEST_GOLD_KINGLEVEL",,,,,,,,,,,,,,,,,,,"TRUE","TRUE","TRUE",,,,,,,,,,25,25,,,,,,,,,,,,,,,,,,,,,,,,
"LevelUpChest_KL74",,"Arena_L10",,,,,233,12,,10,23,466,0,,,,39,39,"sc/ui_chest.sc","levelup_chest_static",,"get_levelup_chest","levelup_chest_open_collection_win","chest_landing_magic","openChest_star","soundbanks/ui_battle_general/ui_menu_general_tap_magic_chest","soundbanks/ui_menu_general/ui_menu_general_jingle_openchest_magical",,"TID_CHEST_KINGLEVEL","TID_CHEST_GOLD_KINGLEVEL",,,,,,,,,,,,,,,,,,,"TRUE","TRUE","TRUE",,,,,,,,,,25,25,,,,,,,,,,,,,,,,,,,,,,,,
"LevelUpChest_KL75",,"Arena_L10",,,,,233,12,,10,23,466,0,,,,533,533,"sc/ui_chest.sc","levelup_chest_static",,"get_levelup_chest","levelup_chest_open_collection_win","chest_landing_magic","openChest_star","soundbanks/ui_battle_general/ui_menu_general_tap_magic_chest","soundbanks/ui_menu_general/ui_menu_general_jingle_openchest_magical",,"TID_CHEST_KINGLEVEL","TID_CHEST_GOLD_KINGLEVEL",,,,,,,,,,,,,,,,,,,"TRUE","TRUE","TRUE",,,,,,,,,,25,25,,,,,,,,,1,7500,7500,,,,,,,,,,,,,"Support_Cards_No_Goblins"
"LevelUpChest_KL76",,"Arena_L11",,,,,233,12,,10,23,466,0,,,,39,39,"sc/ui_chest.sc","levelup_chest_static",,"get_levelup_chest","levelup_chest_open_collection_win","chest_landing_magic","openChest_star","soundbanks/ui_battle_general/ui_menu_general_tap_magic_chest","soundbanks/ui_menu_general/ui_menu_general_jingle_openchest_magical",,"TID_CHEST_KINGLEVEL","TID_CHEST_GOLD_KINGLEVEL",,,,,,,,,,,,,,,,,,,"TRUE","TRUE","TRUE",,,,,,,,,,25,25,,,,,,,,,,,,,,,,,,,,,,,,
"LevelUpChest_KL77",,"Arena_L11",,,,,233,12,,10,23,466,0,,,,39,39,"sc/ui_chest.sc","levelup_chest_static",,"get_levelup_chest","levelup_chest_open_collection_win","chest_landing_magic","openChest_star","soundbanks/ui_battle_general/ui_menu_general_tap_magic_chest","soundbanks/ui_menu_general/ui_menu_general_jingle_openchest_magical",,"TID_CHEST_KINGLEVEL","TID_CHEST_GOLD_KINGLEVEL",,,,,,,,,,,,,,,,,,,"TRUE","TRUE","TRUE",,,,,,,,,,25,25,,,,,,,,,,,,,,,,,,,,,,,,
"LevelUpChest_KL78",,"Arena_L11",,,,,233,12,,10,23,466,0,,,,39,39,"sc/ui_chest.sc","levelup_chest_static",,"get_levelup_chest","levelup_chest_open_collection_win","chest_landing_magic","openChest_star","soundbanks/ui_battle_general/ui_menu_general_tap_magic_chest","soundbanks/ui_menu_general/ui_menu_general_jingle_openchest_magical",,"TID_CHEST_KINGLEVEL","TID_CHEST_GOLD_KINGLEVEL",,,,,,,,,,,,,,,,,,,"TRUE","TRUE","TRUE",,,,,,,,,,25,25,,,,,,,,,,,,,,,,,,,,,,,,
"LevelUpChest_KL79",,"Arena_L11",,,,,233,12,,10,23,466,0,,,,39,39,"sc/ui_chest.sc","levelup_chest_static",,"get_levelup_chest","levelup_chest_open_collection_win","chest_landing_magic","openChest_star","soundbanks/ui_battle_general/ui_menu_general_tap_magic_chest","soundbanks/ui_menu_general/ui_menu_general_jingle_openchest_magical",,"TID_CHEST_KINGLEVEL","TID_CHEST_GOLD_KINGLEVEL",,,,,,,,,,,,,,,,,,,"TRUE","TRUE","TRUE",,,,,,,,,,25,25,,,,,,,,,,,,,,,,,,,,,,,,
"LevelUpChest_KL80",,"Arena_L11",,,,,233,12,,10,23,466,0,,,,39,39,"sc/ui_chest.sc","levelup_chest_static",,"get_levelup_chest","levelup_chest_open_collection_win","chest_landing_magic","openChest_star","soundbanks/ui_battle_general/ui_menu_general_tap_magic_chest","soundbanks/ui_menu_general/ui_menu_general_jingle_openchest_magical",,"TID_CHEST_KINGLEVEL","TID_CHEST_GOLD_KINGLEVEL",,,,,,,,,,,,,,,,,,,"TRUE","TRUE","TRUE",,,,,,,,,,25,25,,,,,,,,,,,,,,,,,,,,,,,,
"LevelUpChest_KL81",,"Arena_L12",,,,,233,12,,10,23,466,0,,,,39,39,"sc/ui_chest.sc","levelup_chest_static",,"get_levelup_chest","levelup_chest_open_collection_win","chest_landing_magic","openChest_star","soundbanks/ui_battle_general/ui_menu_general_tap_magic_chest","soundbanks/ui_menu_general/ui_menu_general_jingle_openchest_magical",,"TID_CHEST_KINGLEVEL","TID_CHEST_GOLD_KINGLEVEL",,,,,,,,,,,,,,,,,,,"TRUE","TRUE","TRUE",,,,,,,,,,25,25,,,,,,,,,,,,,,,,,,,,,,,,
"LevelUpChest_KL82",,"Arena_L12",,,,,233,12,,10,23,466,0,,,,39,39,"sc/ui_chest.sc","levelup_chest_static",,"get_levelup_chest","levelup_chest_open_collection_win","chest_landing_magic","openChest_star","soundbanks/ui_battle_general/ui_menu_general_tap_magic_chest","soundbanks/ui_menu_general/ui_menu_general_jingle_openchest_magical",,"TID_CHEST_KINGLEVEL","TID_CHEST_GOLD_KINGLEVEL",,,,,,,,,,,,,,,,,,,"TRUE","TRUE","TRUE",,,,,,,,,,25,25,,,,,,,,,,,,,,,,,,,,,,,,
"LevelUpChest_KL83",,"Arena_L12",,,,,233,12,,10,23,466,0,,,,39,39,"sc/ui_chest.sc","levelup_chest_static",,"get_levelup_chest","levelup_chest_open_collection_win","chest_landing_magic","openChest_star","soundbanks/ui_battle_general/ui_menu_general_tap_magic_chest","soundbanks/ui_menu_general/ui_menu_general_jingle_openchest_magical",,"TID_CHEST_KINGLEVEL","TID_CHEST_GOLD_KINGLEVEL",,,,,,,,,,,,,,,,,,,"TRUE","TRUE","TRUE",,,,,,,,,,25,25,,,,,,,,,,,,,,,,,,,,,,,,
"LevelUpChest_KL84",,"Arena_L12",,,,,233,12,,10,23,466,0,,,,39,39,"sc/ui_chest.sc","levelup_chest_static",,"get_levelup_chest","levelup_chest_open_collection_win","chest_landing_magic","openChest_star","soundbanks/ui_battle_general/ui_menu_general_tap_magic_chest","soundbanks/ui_menu_general/ui_menu_general_jingle_openchest_magical",,"TID_CHEST_KINGLEVEL","TID_CHEST_GOLD_KINGLEVEL",,,,,,,,,,,,,,,,,,,"TRUE","TRUE","TRUE",,,,,,,,,,25,25,,,,,,,,,,,,,,,,,,,,,,,,
"LevelUpChest_KL85",,"Arena_L12",,,,,233,12,,10,23,466,0,,,,39,39,"sc/ui_chest.sc","levelup_chest_static",,"get_levelup_chest","levelup_chest_open_collection_win","chest_landing_magic","openChest_star","soundbanks/ui_battle_general/ui_menu_general_tap_magic_chest","soundbanks/ui_menu_general/ui_menu_general_jingle_openchest_magical",,"TID_CHEST_KINGLEVEL","TID_CHEST_GOLD_KINGLEVEL",,,,,,,,,,,,,,,,,,,"TRUE","TRUE","TRUE",,,,,,,,,,25,25,,,,,,,,,,,,,,,,,,,,,,,,
"LevelUpChest_KL86",,"Arena_L13",,,,,233,12,,10,23,466,0,,,,39,39,"sc/ui_chest.sc","levelup_chest_static",,"get_levelup_chest","levelup_chest_open_collection_win","chest_landing_magic","openChest_star","soundbanks/ui_battle_general/ui_menu_general_tap_magic_chest","soundbanks/ui_menu_general/ui_menu_general_jingle_openchest_magical",,"TID_CHEST_KINGLEVEL","TID_CHEST_GOLD_KINGLEVEL",,,,,,,,,,,,,,,,,,,"TRUE","TRUE","TRUE",,,,,,,,,,25,25,,,,,,,,,,,,,,,,,,,,,,,,
"LevelUpChest_KL87",,"Arena_L13",,,,,233,12,,10,23,466,0,,,,39,39,"sc/ui_chest.sc","levelup_chest_static",,"get_levelup_chest","levelup_chest_open_collection_win","chest_landing_magic","openChest_star","soundbanks/ui_battle_general/ui_menu_general_tap_magic_chest","soundbanks/ui_menu_general/ui_menu_general_jingle_openchest_magical",,"TID_CHEST_KINGLEVEL","TID_CHEST_GOLD_KINGLEVEL",,,,,,,,,,,,,,,,,,,"TRUE","TRUE","TRUE",,,,,,,,,,25,25,,,,,,,,,,,,,,,,,,,,,,,,
"LevelUpChest_KL88",,"Arena_L13",,,,,233,12,,10,23,466,0,,,,39,39,"sc/ui_chest.sc","levelup_chest_static",,"get_levelup_chest","levelup_chest_open_collection_win","chest_landing_magic","openChest_star","soundbanks/ui_battle_general/ui_menu_general_tap_magic_chest","soundbanks/ui_menu_general/ui_menu_general_jingle_openchest_magical",,"TID_CHEST_KINGLEVEL","TID_CHEST_GOLD_KINGLEVEL",,,,,,,,,,,,,,,,,,,"TRUE","TRUE","TRUE",,,,,,,,,,25,25,,,,,,,,,,,,,,,,,,,,,,,,
"LevelUpChest_KL89",,"Arena_L13",,,,,233,12,,10,23,466,0,,,,39,39,"sc/ui_chest.sc","levelup_chest_static",,"get_levelup_chest","levelup_chest_open_collection_win","chest_landing_magic","openChest_star","soundbanks/ui_battle_general/ui_menu_general_tap_magic_chest","soundbanks/ui_menu_general/ui_menu_general_jingle_openchest_magical",,"TID_CHEST_KINGLEVEL","TID_CHEST_GOLD_KINGLEVEL",,,,,,,,,,,,,,,,,,,"TRUE","TRUE","TRUE",,,,,,,,,,25,25,,,,,,,,,,,,,,,,,,,,,,,,
"LevelUpChest_KL90",,"Arena_L13",,,,,233,12,,10,23,466,0,,,,39,39,"sc/ui_chest.sc","levelup_chest_static",,"get_levelup_chest","levelup_chest_open_collection_win","chest_landing_magic","openChest_star","soundbanks/ui_battle_general/ui_menu_general_tap_magic_chest","soundbanks/ui_menu_general/ui_menu_general_jingle_openchest_magical",,"TID_CHEST_KINGLEVEL","TID_CHEST_GOLD_KINGLEVEL",,,,,,,,,,,,,,,,,,,"TRUE","TRUE","TRUE",,,,,,,,,,25,25,,,,,,,,,,,,,,,,,,,,,,,,
"SeasonReward_L15",,"Arena_L15",,,,,551,9,,2,10,200,200,,,,19,21,"sc/ui_chest.sc","chest_draft_closed","chest_draft_open","get_magic_chest","chest_open_draft","chest_landing_magic","openChest_draft","soundbanks/ui_menu_general/ui_menu_general_jingle_tap_champions_chest","soundbanks/ui_menu_general/ui_menu_general_jingle_openchest_champion",,"TID_CHEST_SEASON_9",,109,"TRUE","sc/ui.sc","icon_chests_draft_small",,,,,,,,,,,,,,,,,,,,,,,,,,,,,,,,,,,,,,,,,,,,,,,,,,,,
"SeasonReward_L16",,"Arena_L16",,,,,551,9,,2,10,200,200,,,,19,21,"sc/ui_chest.sc","chest_draft_closed","chest_draft_open","get_magic_chest","chest_open_draft","chest_landing_magic","openChest_draft","soundbanks/ui_menu_general/ui_menu_general_jingle_tap_champions_chest","soundbanks/ui_menu_general/ui_menu_general_jingle_openchest_champion",,"TID_CHEST_SEASON_9",,109,"TRUE","sc/ui.sc","icon_chests_draft_small",,,,,,,,,,,,,,,,,,,,,,,,,,,,,,,,,,,,,,,,,,,,,,,,,,,,
"SeasonReward_L17",,"Arena_L17",,,,,551,9,,2,10,200,200,,,,19,21,"sc/ui_chest.sc","chest_draft_closed","chest_draft_open","get_magic_chest","chest_open_draft","chest_landing_magic","openChest_draft","soundbanks/ui_menu_general/ui_menu_general_jingle_tap_champions_chest","soundbanks/ui_menu_general/ui_menu_general_jingle_openchest_champion",,"TID_CHEST_SEASON_9",,109,"TRUE","sc/ui.sc","icon_chests_draft_small",,,,,,,,,,,,,,,,,,,,,,,,,,,,,,,,,,,,,,,,,,,,,,,,,,,,
"SeasonReward_L18",,"Arena_L18",,,,,551,9,,2,10,200,200,,,,19,21,"sc/ui_chest.sc","chest_draft_closed","chest_draft_open","get_magic_chest","chest_open_draft","chest_landing_magic","openChest_draft","soundbanks/ui_menu_general/ui_menu_general_jingle_tap_champions_chest","soundbanks/ui_menu_general/ui_menu_general_jingle_openchest_champion",,"TID_CHEST_SEASON_9",,109,"TRUE","sc/ui.sc","icon_chests_draft_small",,,,,,,,,,,,,,,,,,,,,,,,,,,,,,,,,,,,,,,,,,,,,,,,,,,,
"ChampionChest_Arena_L15","ChampionChest","Arena_L15",,,,,,,,,,,,,,,,,,,,,,,,,,,,,,,,,,,,,,,,,,,,,,,,,,,,,,,,,,,,,,,,,,,,,,,,,,,,,,,,,,,,
"ChampionChest_Arena_L16","ChampionChest","Arena_L16",,,,,,,,,,,,,,,,,,,,,,,,,,,,,,,,,,,,,,,,,,,,,,,,,,,,,,,,,,,,,,,,,,,,,,,,,,,,,,,,,,,,
"ChampionChest_Arena_L17","ChampionChest","Arena_L17",,,,,,,,,,,,,,,,,,,,,,,,,,,,,,,,,,,,,,,,,,,,,,,,,,,,,,,,,,,,,,,,,,,,,,,,,,,,,,,,,,,,
"ChampionChest_Arena_L18","ChampionChest","Arena_L18",,,,,,,,,,,,,,,,,,,,,,,,,,,,,,,,,,,,,,,,,,,,,,,,,,,,,,,,,,,,,,,,,,,,,,,,,,,,,,,,,,,,
"ClanCrownChest_Arena_L15","ClanCrownChest","Arena_L15",,,,,,,,,,,,,,,,,,,,,,,,,,,,,,,,,,,,,,,,,,,,,,,,,,,,,,,,,,,,,,,,,,,,,,,,,,,,,,,,,,,,
"ClanCrownChest_Arena_L16","ClanCrownChest","Arena_L16",,,,,,,,,,,,,,,,,,,,,,,,,,,,,,,,,,,,,,,,,,,,,,,,,,,,,,,,,,,,,,,,,,,,,,,,,,,,,,,,,,,,
"ClanCrownChest_Arena_L17","ClanCrownChest","Arena_L17",,,,,,,,,,,,,,,,,,,,,,,,,,,,,,,,,,,,,,,,,,,,,,,,,,,,,,,,,,,,,,,,,,,,,,,,,,,,,,,,,,,,
"ClanCrownChest_Arena_L18","ClanCrownChest","Arena_L18",,,,,,,,,,,,,,,,,,,,,,,,,,,,,,,,,,,,,,,,,,,,,,,,,,,,,,,,,,,,,,,,,,,,,,,,,,,,,,,,,,,,
"Draft_Arena_L15",,"Arena_L15",,,,,,,,,,,,,,,,,,,,,,,,,,,,,,,,,,,,,,,,,,,,,,,,,,,,,,,,,,,,,,,,,,,,,,,,,,,,,,,,,,,,
"Draft_Arena_L16",,"Arena_L16",,,,,,,,,,,,,,,,,,,,,,,,,,,,,,,,,,,,,,,,,,,,,,,,,,,,,,,,,,,,,,,,,,,,,,,,,,,,,,,,,,,,
"Draft_Arena_L17",,"Arena_L17",,,,,,,,,,,,,,,,,,,,,,,,,,,,,,,,,,,,,,,,,,,,,,,,,,,,,,,,,,,,,,,,,,,,,,,,,,,,,,,,,,,,
"Draft_Arena_L18",,"Arena_L18",,,,,,,,,,,,,,,,,,,,,,,,,,,,,,,,,,,,,,,,,,,,,,,,,,,,,,,,,,,,,,,,,,,,,,,,,,,,,,,,,,,,
"Epic_Arena_L15","Epic","Arena_L15",,,,,20,5,,,,,,,,,,,,,,,,,,,,,,,,,,,,,,,,,,,,,,,,,,,,,,,,,,,,,,,,,,,,,,,,,,,,,,,,,,,,,,
"Epic_Arena_L16","Epic","Arena_L16",,,,,20,5,,,,,,,,,,,,,,,,,,,,,,,,,,,,,,,,,,,,,,,,,,,,,,,,,,,,,,,,,,,,,,,,,,,,,,,,,,,,,,
"Epic_Arena_L17","Epic","Arena_L17",,,,,20,5,,,,,,,,,,,,,,,,,,,,,,,,,,,,,,,,,,,,,,,,,,,,,,,,,,,,,,,,,,,,,,,,,,,,,,,,,,,,,,
"Epic_Arena_L18","Epic","Arena_L18",,,,,20,5,,,,,,,,,,,,,,,,,,,,,,,,,,,,,,,,,,,,,,,,,,,,,,,,,,,,,,,,,,,,,,,,,,,,,,,,,,,,,,
"Free_Arena_L15","Free","Arena_L15",,,,,,,,,,,,,,,,,,,,,,,,,,,,,,,,,,,,,,,,,,,,,,,,,,,,,,,,,,,,,,,,,,,,,,,,,,,,,,,,,,,,
"Free_Arena_L16","Free","Arena_L16",,,,,,,,,,,,,,,,,,,,,,,,,,,,,,,,,,,,,,,,,,,,,,,,,,,,,,,,,,,,,,,,,,,,,,,,,,,,,,,,,,,,
"Free_Arena_L17","Free","Arena_L17",,,,,,,,,,,,,,,,,,,,,,,,,,,,,,,,,,,,,,,,,,,,,,,,,,,,,,,,,,,,,,,,,,,,,,,,,,,,,,,,,,,,
"Free_Arena_L18","Free","Arena_L18",,,,,,,,,,,,,,,,,,,,,,,,,,,,,,,,,,,,,,,,,,,,,,,,,,,,,,,,,,,,,,,,,,,,,,,,,,,,,,,,,,,,
"Giant_Arena_L15","Giant","Arena_L15",,,,,,,,,,,,,,,,,,,,,,,,,,,,,,,,,,,,,,,,,,,,,,,,,,,,,,,,,,,,,,,,,,,,,,,,,,,,,,,,,,,,
"Giant_Arena_L16","Giant","Arena_L16",,,,,,,,,,,,,,,,,,,,,,,,,,,,,,,,,,,,,,,,,,,,,,,,,,,,,,,,,,,,,,,,,,,,,,,,,,,,,,,,,,,,
"Giant_Arena_L17","Giant","Arena_L17",,,,,,,,,,,,,,,,,,,,,,,,,,,,,,,,,,,,,,,,,,,,,,,,,,,,,,,,,,,,,,,,,,,,,,,,,,,,,,,,,,,,
"Giant_Arena_L18","Giant","Arena_L18",,,,,,,,,,,,,,,,,,,,,,,,,,,,,,,,,,,,,,,,,,,,,,,,,,,,,,,,,,,,,,,,,,,,,,,,,,,,,,,,,,,,
"Gold_Arena_L15","Gold","Arena_L15",,,,,,,,,,,,,,,,,,,,,,,,,,,,,,,,,,,,,,,,,,,,,,,,,,,,,,,,,,,,,,,,,,,,,,,,,,,,,,,,,,,,
"Gold_Arena_L16","Gold","Arena_L16",,,,,,,,,,,,,,,,,,,,,,,,,,,,,,,,,,,,,,,,,,,,,,,,,,,,,,,,,,,,,,,,,,,,,,,,,,,,,,,,,,,,
"Gold_Arena_L17","Gold","Arena_L17",,,,,,,,,,,,,,,,,,,,,,,,,,,,,,,,,,,,,,,,,,,,,,,,,,,,,,,,,,,,,,,,,,,,,,,,,,,,,,,,,,,,
"Gold_Arena_L18","Gold","Arena_L18",,,,,,,,,,,,,,,,,,,,,,,,,,,,,,,,,,,,,,,,,,,,,,,,,,,,,,,,,,,,,,,,,,,,,,,,,,,,,,,,,,,,
"GoldCage_Large_Arena_L15","GoldCage_Large","Arena_L15",,,,,,,,,,,,,26500,45500,,,,,,,,,,,,,,,,,,,,,,,,,,,,,,,,,,,,,,,,,,,,,,,,,,,,,,,,,,,,,,,,,,,,,,
"GoldCage_Large_Arena_L16","GoldCage_Large","Arena_L16",,,,,,,,,,,,,26750,46000,,,,,,,,,,,,,,,,,,,,,,,,,,,,,,,,,,,,,,,,,,,,,,,,,,,,,,,,,,,,,,,,,,,,,,
"GoldCage_Large_Arena_L17","GoldCage_Large","Arena_L17",,,,,,,,,,,,,27000,46500,,,,,,,,,,,,,,,,,,,,,,,,,,,,,,,,,,,,,,,,,,,,,,,,,,,,,,,,,,,,,,,,,,,,,,
"GoldCage_Large_Arena_L18","GoldCage_Large","Arena_L18",,,,,,,,,,,,,27250,47000,,,,,,,,,,,,,,,,,,,,,,,,,,,,,,,,,,,,,,,,,,,,,,,,,,,,,,,,,,,,,,,,,,,,,,
"GoldCage_Medium_Arena_L15","GoldCage_Medium","Arena_L15",,,,,,,,,,,,,7600,19000,,,,,,,,,,,,,,,,,,,,,,,,,,,,,,,,,,,,,,,,,,,,,,,,,,,,,,,,,,,,,,,,,,,,,,
"GoldCage_Medium_Arena_L16","GoldCage_Medium","Arena_L16",,,,,,,,,,,,,7700,19250,,,,,,,,,,,,,,,,,,,,,,,,,,,,,,,,,,,,,,,,,,,,,,,,,,,,,,,,,,,,,,,,,,,,,,
"GoldCage_Medium_Arena_L17","GoldCage_Medium","Arena_L17",,,,,,,,,,,,,7800,19500,,,,,,,,,,,,,,,,,,,,,,,,,,,,,,,,,,,,,,,,,,,,,,,,,,,,,,,,,,,,,,,,,,,,,,
"GoldCage_Medium_Arena_L18","GoldCage_Medium","Arena_L18",,,,,,,,,,,,,7900,19750,,,,,,,,,,,,,,,,,,,,,,,,,,,,,,,,,,,,,,,,,,,,,,,,,,,,,,,,,,,,,,,,,,,,,,
"GoldCage_Small_Arena_L15","GoldCage_Small","Arena_L15",,,,,,,,,,,,,3800,7600,,,,,,,,,,,,,,,,,,,,,,,,,,,,,,,,,,,,,,,,,,,,,,,,,,,,,,,,,,,,,,,,,,,,,,
"GoldCage_Small_Arena_L16","GoldCage_Small","Arena_L16",,,,,,,,,,,,,3850,7700,,,,,,,,,,,,,,,,,,,,,,,,,,,,,,,,,,,,,,,,,,,,,,,,,,,,,,,,,,,,,,,,,,,,,,
"GoldCage_Small_Arena_L17","GoldCage_Small","Arena_L17",,,,,,,,,,,,,3900,7800,,,,,,,,,,,,,,,,,,,,,,,,,,,,,,,,,,,,,,,,,,,,,,,,,,,,,,,,,,,,,,,,,,,,,,
"GoldCage_Small_Arena_L18","GoldCage_Small","Arena_L18",,,,,,,,,,,,,3950,7900,,,,,,,,,,,,,,,,,,,,,,,,,,,,,,,,,,,,,,,,,,,,,,,,,,,,,,,,,,,,,,,,,,,,,,
"Magic_Arena_L15","Magic","Arena_L15",,,,,,,,,,,,,,,,,,,,,,,,,,,,,,,,,,,,,,,,,,,,,,,,,,,,,,,,,,,,,,,,,,,,,,,,,,,,,,,,,,,,
"Magic_Arena_L16","Magic","Arena_L16",,,,,,,,,,,,,,,,,,,,,,,,,,,,,,,,,,,,,,,,,,,,,,,,,,,,,,,,,,,,,,,,,,,,,,,,,,,,,,,,,,,,
"Magic_Arena_L17","Magic","Arena_L17",,,,,,,,,,,,,,,,,,,,,,,,,,,,,,,,,,,,,,,,,,,,,,,,,,,,,,,,,,,,,,,,,,,,,,,,,,,,,,,,,,,,
"Magic_Arena_L18","Magic","Arena_L18",,,,,,,,,,,,,,,,,,,,,,,,,,,,,,,,,,,,,,,,,,,,,,,,,,,,,,,,,,,,,,,,,,,,,,,,,,,,,,,,,,,,
"Shop_Large_Legendary_Arena_L15",,"Arena_L15","LegendaryKings",,,,380,8,,5,15,400,0,,,,36,36,"sc/ui_chest.sc","chest_legendary_king_open","chest_legendary_king_open","get_magic_chest","chest_legendary_king_open","chest_landing_magic","openChest_legend_kings","soundbanks/ui_battle_general/ui_menu_general_tap_magic_chest","soundbanks/ui_menu_general/ui_menu_general_jingle_openchest_legend_kings",,"TID_CHEST_SHOP_LARGE_LEGENDARY",,5,"TRUE","sc/ui.sc","icon_chests_legendarykings_small",1,,,,,,,,,,,,"Kings",,"TRUE","TRUE","TRUE",,"TRUE","TRUE",70,19,6,1,,"AddChampionIfUnlocked",,,,,,,,,,,,,,,,,,,,,,,,,,
"Shop_Large_Legendary_Arena_L16",,"Arena_L16","LegendaryKings",,,,380,8,,5,15,400,0,,,,36,36,"sc/ui_chest.sc","chest_legendary_king_open","chest_legendary_king_open","get_magic_chest","chest_legendary_king_open","chest_landing_magic","openChest_legend_kings","soundbanks/ui_battle_general/ui_menu_general_tap_magic_chest","soundbanks/ui_menu_general/ui_menu_general_jingle_openchest_legend_kings",,"TID_CHEST_SHOP_LARGE_LEGENDARY",,5,"TRUE","sc/ui.sc","icon_chests_legendarykings_small",1,,,,,,,,,,,,"Kings",,"TRUE","TRUE","TRUE",,"TRUE","TRUE",70,19,6,1,,"AddChampionIfUnlocked",,,,,,,,,,,,,,,,,,,,,,,,,,
"Shop_Large_Legendary_Arena_L17",,"Arena_L17","LegendaryKings",,,,380,8,,5,15,400,0,,,,36,36,"sc/ui_chest.sc","chest_legendary_king_open","chest_legendary_king_open","get_magic_chest","chest_legendary_king_open","chest_landing_magic","openChest_legend_kings","soundbanks/ui_battle_general/ui_menu_general_tap_magic_chest","soundbanks/ui_menu_general/ui_menu_general_jingle_openchest_legend_kings",,"TID_CHEST_SHOP_LARGE_LEGENDARY",,5,"TRUE","sc/ui.sc","icon_chests_legendarykings_small",1,,,,,,,,,,,,"Kings",,"TRUE","TRUE","TRUE",,"TRUE","TRUE",70,19,6,1,,"AddChampionIfUnlocked",,,,,,,,,,,,,,,,,,,,,,,,,,
"Shop_Large_Legendary_Arena_L18",,"Arena_L18","LegendaryKings",,,,380,8,,5,15,400,0,,,,36,36,"sc/ui_chest.sc","chest_legendary_king_open","chest_legendary_king_open","get_magic_chest","chest_legendary_king_open","chest_landing_magic","openChest_legend_kings","soundbanks/ui_battle_general/ui_menu_general_tap_magic_chest","soundbanks/ui_menu_general/ui_menu_general_jingle_openchest_legend_kings",,"TID_CHEST_SHOP_LARGE_LEGENDARY",,5,"TRUE","sc/ui.sc","icon_chests_legendarykings_small",1,,,,,,,,,,,,"Kings",,"TRUE","TRUE","TRUE",,"TRUE","TRUE",70,19,6,1,,"AddChampionIfUnlocked",,,,,,,,,,,,,,,,,,,,,,,,,,
"Shop_Medium_1_Arena_L15",,"Arena_L15","Fortune",,,,274,5,,5,30,1500,1600,,,,21,21,"sc/ui_chest.sc","chest_fortune_open","chest_fortune_open","get_magic_chest","chest_fortune_open","chest_landing_magic","openChest_fortune_boost","soundbanks/ui_battle_general/ui_menu_general_tap_magic_chest","soundbanks/ui_menu_general/ui_menu_general_jingle_openchest_fortune_boost",,"TID_CHEST_SHOP_MEDIUM",,5,,"sc/ui.sc","icon_chests_fortune_small",10,10,,,,,,,,,,,"Fortune",,"TRUE","TRUE","TRUE",,"TRUE",,,,,,,,,,,,,,,,,,,,,,,,,,,,,,,,,
"Shop_Medium_1_Arena_L16",,"Arena_L16","Fortune",,,,274,5,,5,30,1500,1600,,,,21,21,"sc/ui_chest.sc","chest_fortune_open","chest_fortune_open","get_magic_chest","chest_fortune_open","chest_landing_magic","openChest_fortune_boost","soundbanks/ui_battle_general/ui_menu_general_tap_magic_chest","soundbanks/ui_menu_general/ui_menu_general_jingle_openchest_fortune_boost",,"TID_CHEST_SHOP_MEDIUM",,5,,"sc/ui.sc","icon_chests_fortune_small",10,10,,,,,,,,,,,"Fortune",,"TRUE","TRUE","TRUE",,"TRUE",,,,,,,,,,,,,,,,,,,,,,,,,,,,,,,,,
"Shop_Medium_1_Arena_L17",,"Arena_L17","Fortune",,,,274,5,,5,30,1500,1600,,,,21,21,"sc/ui_chest.sc","chest_fortune_open","chest_fortune_open","get_magic_chest","chest_fortune_open","chest_landing_magic","openChest_fortune_boost","soundbanks/ui_battle_general/ui_menu_general_tap_magic_chest","soundbanks/ui_menu_general/ui_menu_general_jingle_openchest_fortune_boost",,"TID_CHEST_SHOP_MEDIUM",,5,,"sc/ui.sc","icon_chests_fortune_small",10,10,,,,,,,,,,,"Fortune",,"TRUE","TRUE","TRUE",,"TRUE",,,,,,,,,,,,,,,,,,,,,,,,,,,,,,,,,
"Shop_Medium_1_Arena_L18",,"Arena_L18","Fortune",,,,274,5,,5,30,1500,1600,,,,21,21,"sc/ui_chest.sc","chest_fortune_open","chest_fortune_open","get_magic_chest","chest_fortune_open","chest_landing_magic","openChest_fortune_boost","soundbanks/ui_battle_general/ui_menu_general_tap_magic_chest","soundbanks/ui_menu_general/ui_menu_general_jingle_openchest_fortune_boost",,"TID_CHEST_SHOP_MEDIUM",,5,,"sc/ui.sc","icon_chests_fortune_small",10,10,,,,,,,,,,,"Fortune",,"TRUE","TRUE","TRUE",,"TRUE",,,,,,,,,,,,,,,,,,,,,,,,,,,,,,,,,
"Shop_Small_1_Arena_L15",,"Arena_L15","Lightning",,,,335,4,,6,50,1000,2000,,,,15,15,"sc/ui_chest.sc","chest_lightning_open","chest_lightning_open","get_magic_chest","chest_lightning_open","chest_landing_magic","openChest_lightning","soundbanks/ui_battle_general/ui_menu_general_tap_magic_chest","soundbanks/ui_menu_general/ui_menu_general_jingle_openchest_lightning",,"TID_CHEST_SHOP_SMALL",,5,,"sc/ui.sc","icon_chests_lightning_small",,,,,,,,,,,6,,"Lightning",,"TRUE","TRUE","TRUE","TRUE","TRUE","TRUE",,,,,,,,,,,,,,,,,,,,,,,,,,,,,,,,
"Shop_Small_1_Arena_L16",,"Arena_L16","Lightning",,,,340,4,,6,50,1000,2000,,,,15,15,"sc/ui_chest.sc","chest_lightning_open","chest_lightning_open","get_magic_chest","chest_lightning_open","chest_landing_magic","openChest_lightning","soundbanks/ui_battle_general/ui_menu_general_tap_magic_chest","soundbanks/ui_menu_general/ui_menu_general_jingle_openchest_lightning",,"TID_CHEST_SHOP_SMALL",,5,,"sc/ui.sc","icon_chests_lightning_small",,,,,,,,,,,6,,"Lightning",,"TRUE","TRUE","TRUE","TRUE","TRUE","TRUE",,,,,,,,,,,,,,,,,,,,,,,,,,,,,,,,
"Shop_Small_1_Arena_L17",,"Arena_L17","Lightning",,,,345,4,,6,50,1000,2000,,,,15,15,"sc/ui_chest.sc","chest_lightning_open","chest_lightning_open","get_magic_chest","chest_lightning_open","chest_landing_magic","openChest_lightning","soundbanks/ui_battle_general/ui_menu_general_tap_magic_chest","soundbanks/ui_menu_general/ui_menu_general_jingle_openchest_lightning",,"TID_CHEST_SHOP_SMALL",,5,,"sc/ui.sc","icon_chests_lightning_small",,,,,,,,,,,6,,"Lightning",,"TRUE","TRUE","TRUE","TRUE","TRUE","TRUE",,,,,,,,,,,,,,,,,,,,,,,,,,,,,,,,
"Shop_Small_1_Arena_L18",,"Arena_L18","Lightning",,,,350,4,,6,50,1000,2000,,,,15,15,"sc/ui_chest.sc","chest_lightning_open","chest_lightning_open","get_magic_chest","chest_lightning_open","chest_landing_magic","openChest_lightning","soundbanks/ui_battle_general/ui_menu_general_tap_magic_chest","soundbanks/ui_menu_general/ui_menu_general_jingle_openchest_lightning",,"TID_CHEST_SHOP_SMALL",,5,,"sc/ui.sc","icon_chests_lightning_small",,,,,,,,,,,6,,"Lightning",,"TRUE","TRUE","TRUE","TRUE","TRUE","TRUE",,,,,,,,,,,,,,,,,,,,,,,,,,,,,,,,
"Silver_Arena_L15","Silver","Arena_L15",,,,,,,,,,,,,,,,,,,,,,,,,,,,,,,,,,,,,,,,,,,,,,,,,,,,,,,,,,,,,,,,,,,,,,,,,,,,,,,,,,,,
"Silver_Arena_L16","Silver","Arena_L16",,,,,,,,,,,,,,,,,,,,,,,,,,,,,,,,,,,,,,,,,,,,,,,,,,,,,,,,,,,,,,,,,,,,,,,,,,,,,,,,,,,,
"Silver_Arena_L17","Silver","Arena_L17",,,,,,,,,,,,,,,,,,,,,,,,,,,,,,,,,,,,,,,,,,,,,,,,,,,,,,,,,,,,,,,,,,,,,,,,,,,,,,,,,,,,
"Silver_Arena_L18","Silver","Arena_L18",,,,,,,,,,,,,,,,,,,,,,,,,,,,,,,,,,,,,,,,,,,,,,,,,,,,,,,,,,,,,,,,,,,,,,,,,,,,,,,,,,,,
"Star_Arena_L15","Star","Arena_L15",,,,,,,,,,,,,,,,,,,,,,,,,,,,,,,,,,,,,,,,,,,,,,,,,,,,,,,,,,,,,,,,,,,,,,,,,,,,,,,,,,,,
"Star_Arena_L16","Star","Arena_L16",,,,,,,,,,,,,,,,,,,,,,,,,,,,,,,,,,,,,,,,,,,,,,,,,,,,,,,,,,,,,,,,,,,,,,,,,,,,,,,,,,,,
"Star_Arena_L17","Star","Arena_L17",,,,,,,,,,,,,,,,,,,,,,,,,,,,,,,,,,,,,,,,,,,,,,,,,,,,,,,,,,,,,,,,,,,,,,,,,,,,,,,,,,,,
"Star_Arena_L18","Star","Arena_L18",,,,,,,,,,,,,,,,,,,,,,,,,,,,,,,,,,,,,,,,,,,,,,,,,,,,,,,,,,,,,,,,,,,,,,,,,,,,,,,,,,,,
"StarBoosted_Arena_L15","StarBoosted","Arena_L15",,,,,,,,,,,,,,,,,,,,,,,,,,,,,,,,,,,,,,,,,,,,,,,,,,,,,,,,,,,,,,,,,,,,,,,,,,,,,,,,,,,,
"StarBoosted_Arena_L16","StarBoosted","Arena_L16",,,,,,,,,,,,,,,,,,,,,,,,,,,,,,,,,,,,,,,,,,,,,,,,,,,,,,,,,,,,,,,,,,,,,,,,,,,,,,,,,,,,
"StarBoosted_Arena_L17","StarBoosted","Arena_L17",,,,,,,,,,,,,,,,,,,,,,,,,,,,,,,,,,,,,,,,,,,,,,,,,,,,,,,,,,,,,,,,,,,,,,,,,,,,,,,,,,,,
"StarBoosted_Arena_L18","StarBoosted","Arena_L18",,,,,,,,,,,,,,,,,,,,,,,,,,,,,,,,,,,,,,,,,,,,,,,,,,,,,,,,,,,,,,,,,,,,,,,,,,,,,,,,,,,,
"Super_Arena_L15","Super","Arena_L15",,,,,,,,,,,,,,,,,,,,,,,,,,,,,,,,,,,,,,,,,,,,,,,,,,,,,,,,,,,,,,,,,,,,,,,,,,,,,,,,,,,,
"Super_Arena_L16","Super","Arena_L16",,,,,,,,,,,,,,,,,,,,,,,,,,,,,,,,,,,,,,,,,,,,,,,,,,,,,,,,,,,,,,,,,,,,,,,,,,,,,,,,,,,,
"Super_Arena_L17","Super","Arena_L17",,,,,,,,,,,,,,,,,,,,,,,,,,,,,,,,,,,,,,,,,,,,,,,,,,,,,,,,,,,,,,,,,,,,,,,,,,,,,,,,,,,,
"Super_Arena_L18","Super","Arena_L18",,,,,,,,,,,,,,,,,,,,,,,,,,,,,,,,,,,,,,,,,,,,,,,,,,,,,,,,,,,,,,,,,,,,,,,,,,,,,,,,,,,,
"SuperLightning_Arena_L15","SuperLightning","Arena_L15",,,,,,,,,,,,,,,,,,,,,,,,,,,,,,,,,,,,,,,,,,,6,,,,,,,,,,,,,,,,,,,,,,,,,,,,,,,,,,,,,,,,,
"SuperLightning_Arena_L16","SuperLightning","Arena_L16",,,,,,,,,,,,,,,,,,,,,,,,,,,,,,,,,,,,,,,,,,,6,,,,,,,,,,,,,,,,,,,,,,,,,,,,,,,,,,,,,,,,,
"SuperLightning_Arena_L17","SuperLightning","Arena_L17",,,,,,,,,,,,,,,,,,,,,,,,,,,,,,,,,,,,,,,,,,,6,,,,,,,,,,,,,,,,,,,,,,,,,,,,,,,,,,,,,,,,,
"SuperLightning_Arena_L18","SuperLightning","Arena_L18",,,,,,,,,,,,,,,,,,,,,,,,,,,,,,,,,,,,,,,,,,,6,,,,,,,,,,,,,,,,,,,,,,,,,,,,,,,,,,,,,,,,,
"Survival_Bronze_Arena_L15","Survival_Bronze","Arena_L15",,,,,,,,,,,,,,,,,,,,,,,,,,,,,,,,,,,,,,,,,,,,,,,,,,,,,,,,,,,,,,,,,,,,,,,,,,,,,,,,,,,,
"Survival_Bronze_Arena_L16","Survival_Bronze","Arena_L16",,,,,,,,,,,,,,,,,,,,,,,,,,,,,,,,,,,,,,,,,,,,,,,,,,,,,,,,,,,,,,,,,,,,,,,,,,,,,,,,,,,,
"Survival_Bronze_Arena_L17","Survival_Bronze","Arena_L17",,,,,,,,,,,,,,,,,,,,,,,,,,,,,,,,,,,,,,,,,,,,,,,,,,,,,,,,,,,,,,,,,,,,,,,,,,,,,,,,,,,,
"Survival_Bronze_Arena_L18","Survival_Bronze","Arena_L18",,,,,,,,,,,,,,,,,,,,,,,,,,,,,,,,,,,,,,,,,,,,,,,,,,,,,,,,,,,,,,,,,,,,,,,,,,,,,,,,,,,,
"Survival_Gold_Arena_L15","Survival_Gold","Arena_L15",,,,,,,,,,,,,,,,,,,,,,,,,,,,,,,,,,,,,,,,,,,,,,,,,,,,,,,,,,,,,,,,,,,,,,,,,,,,,,,,,,,,
"Survival_Gold_Arena_L16","Survival_Gold","Arena_L16",,,,,,,,,,,,,,,,,,,,,,,,,,,,,,,,,,,,,,,,,,,,,,,,,,,,,,,,,,,,,,,,,,,,,,,,,,,,,,,,,,,,
"Survival_Gold_Arena_L17","Survival_Gold","Arena_L17",,,,,,,,,,,,,,,,,,,,,,,,,,,,,,,,,,,,,,,,,,,,,,,,,,,,,,,,,,,,,,,,,,,,,,,,,,,,,,,,,,,,
"Survival_Gold_Arena_L18","Survival_Gold","Arena_L18",,,,,,,,,,,,,,,,,,,,,,,,,,,,,,,,,,,,,,,,,,,,,,,,,,,,,,,,,,,,,,,,,,,,,,,,,,,,,,,,,,,,
"Tournament1st_Arena_L15","Tournament1st","Arena_L15",,,,,,,,,,,,,,,,,,,,,,,,,,,,,,,,,,,,,,,,,,,,,,,,,,,,,,,,,,,,,,,,,,,,,,,,,,,,,,,,,,,,
"Tournament1st_Arena_L16","Tournament1st","Arena_L16",,,,,,,,,,,,,,,,,,,,,,,,,,,,,,,,,,,,,,,,,,,,,,,,,,,,,,,,,,,,,,,,,,,,,,,,,,,,,,,,,,,,
"Tournament1st_Arena_L17","Tournament1st","Arena_L17",,,,,,,,,,,,,,,,,,,,,,,,,,,,,,,,,,,,,,,,,,,,,,,,,,,,,,,,,,,,,,,,,,,,,,,,,,,,,,,,,,,,
"Tournament1st_Arena_L18","Tournament1st","Arena_L18",,,,,,,,,,,,,,,,,,,,,,,,,,,,,,,,,,,,,,,,,,,,,,,,,,,,,,,,,,,,,,,,,,,,,,,,,,,,,,,,,,,,
"Tournament1st_Arena_L15_2","Tournament1st_2","Arena_L15",,,,,,,,,,,,,,,,,,,,,,,,,,,,,,,,,,,,,,,,,,,,,,,,,,,,,,,,,,,,,,,,,,,,,,,,,,,,,,,,,,,,
"Tournament1st_Arena_L16_2","Tournament1st_2","Arena_L16",,,,,,,,,,,,,,,,,,,,,,,,,,,,,,,,,,,,,,,,,,,,,,,,,,,,,,,,,,,,,,,,,,,,,,,,,,,,,,,,,,,,
"Tournament1st_Arena_L17_2","Tournament1st_2","Arena_L17",,,,,,,,,,,,,,,,,,,,,,,,,,,,,,,,,,,,,,,,,,,,,,,,,,,,,,,,,,,,,,,,,,,,,,,,,,,,,,,,,,,,
"Tournament1st_Arena_L18_2","Tournament1st_2","Arena_L18",,,,,,,,,,,,,,,,,,,,,,,,,,,,,,,,,,,,,,,,,,,,,,,,,,,,,,,,,,,,,,,,,,,,,,,,,,,,,,,,,,,,
"Tournament2nd_Arena_L15","Tournament2nd","Arena_L15",,,,,,,,,,,,,,,,,,,,,,,,,,,,,,,,,,,,,,,,,,,,,,,,,,,,,,,,,,,,,,,,,,,,,,,,,,,,,,,,,,,,
"Tournament2nd_Arena_L16","Tournament2nd","Arena_L16",,,,,,,,,,,,,,,,,,,,,,,,,,,,,,,,,,,,,,,,,,,,,,,,,,,,,,,,,,,,,,,,,,,,,,,,,,,,,,,,,,,,
"Tournament2nd_Arena_L17","Tournament2nd","Arena_L17",,,,,,,,,,,,,,,,,,,,,,,,,,,,,,,,,,,,,,,,,,,,,,,,,,,,,,,,,,,,,,,,,,,,,,,,,,,,,,,,,,,,
"Tournament2nd_Arena_L18","Tournament2nd","Arena_L18",,,,,,,,,,,,,,,,,,,,,,,,,,,,,,,,,,,,,,,,,,,,,,,,,,,,,,,,,,,,,,,,,,,,,,,,,,,,,,,,,,,,
"Tournament2nd_Arena_L15_2","Tournament2nd_2","Arena_L15",,,,,,,,,,,,,,,,,,,,,,,,,,,,,,,,,,,,,,,,,,,,,,,,,,,,,,,,,,,,,,,,,,,,,,,,,,,,,,,,,,,,
"Tournament2nd_Arena_L16_2","Tournament2nd_2","Arena_L16",,,,,,,,,,,,,,,,,,,,,,,,,,,,,,,,,,,,,,,,,,,,,,,,,,,,,,,,,,,,,,,,,,,,,,,,,,,,,,,,,,,,
"Tournament2nd_Arena_L17_2","Tournament2nd_2","Arena_L17",,,,,,,,,,,,,,,,,,,,,,,,,,,,,,,,,,,,,,,,,,,,,,,,,,,,,,,,,,,,,,,,,,,,,,,,,,,,,,,,,,,,
"Tournament2nd_Arena_L18_2","Tournament2nd_2","Arena_L18",,,,,,,,,,,,,,,,,,,,,,,,,,,,,,,,,,,,,,,,,,,,,,,,,,,,,,,,,,,,,,,,,,,,,,,,,,,,,,,,,,,,
"Tournament3rd_Arena_L15","Tournament3rd","Arena_L15",,,,,,,,,,,,,,,,,,,,,,,,,,,,,,,,,,,,,,,,,,,,,,,,,,,,,,,,,,,,,,,,,,,,,,,,,,,,,,,,,,,,
"Tournament3rd_Arena_L16","Tournament3rd","Arena_L16",,,,,,,,,,,,,,,,,,,,,,,,,,,,,,,,,,,,,,,,,,,,,,,,,,,,,,,,,,,,,,,,,,,,,,,,,,,,,,,,,,,,
"Tournament3rd_Arena_L17","Tournament3rd","Arena_L17",,,,,,,,,,,,,,,,,,,,,,,,,,,,,,,,,,,,,,,,,,,,,,,,,,,,,,,,,,,,,,,,,,,,,,,,,,,,,,,,,,,,
"Tournament3rd_Arena_L18","Tournament3rd","Arena_L18",,,,,,,,,,,,,,,,,,,,,,,,,,,,,,,,,,,,,,,,,,,,,,,,,,,,,,,,,,,,,,,,,,,,,,,,,,,,,,,,,,,,
"Tournament3rd_Arena_L15_2","Tournament3rd_2","Arena_L15",,,,,,,,,,,,,,,,,,,,,,,,,,,,,,,,,,,,,,,,,,,,,,,,,,,,,,,,,,,,,,,,,,,,,,,,,,,,,,,,,,,,
"Tournament3rd_Arena_L16_2","Tournament3rd_2","Arena_L16",,,,,,,,,,,,,,,,,,,,,,,,,,,,,,,,,,,,,,,,,,,,,,,,,,,,,,,,,,,,,,,,,,,,,,,,,,,,,,,,,,,,
"Tournament3rd_Arena_L17_2","Tournament3rd_2","Arena_L17",,,,,,,,,,,,,,,,,,,,,,,,,,,,,,,,,,,,,,,,,,,,,,,,,,,,,,,,,,,,,,,,,,,,,,,,,,,,,,,,,,,,
"Tournament3rd_Arena_L18_2","Tournament3rd_2","Arena_L18",,,,,,,,,,,,,,,,,,,,,,,,,,,,,,,,,,,,,,,,,,,,,,,,,,,,,,,,,,,,,,,,,,,,,,,,,,,,,,,,,,,,
"TournamentOther_Arena_L15","TournamentOther","Arena_L15",,,,,,,,,,,,,,,,,,,,,,,,,,,,,,,,,,,,,,,,,,,,,,,,,,,,,,,,,,,,,,,,,,,,,,,,,,,,,,,,,,,,
"TournamentOther_Arena_L16","TournamentOther","Arena_L16",,,,,,,,,,,,,,,,,,,,,,,,,,,,,,,,,,,,,,,,,,,,,,,,,,,,,,,,,,,,,,,,,,,,,,,,,,,,,,,,,,,,
"TournamentOther_Arena_L17","TournamentOther","Arena_L17",,,,,,,,,,,,,,,,,,,,,,,,,,,,,,,,,,,,,,,,,,,,,,,,,,,,,,,,,,,,,,,,,,,,,,,,,,,,,,,,,,,,
"TournamentOther_Arena_L18","TournamentOther","Arena_L18",,,,,,,,,,,,,,,,,,,,,,,,,,,,,,,,,,,,,,,,,,,,,,,,,,,,,,,,,,,,,,,,,,,,,,,,,,,,,,,,,,,,
"TournamentOther_Arena_L15_2","TournamentOther_2","Arena_L15",,,,,,,,,,,,,,,,,,,,,,,,,,,,,,,,,,,,,,,,,,,,,,,,,,,,,,,,,,,,,,,,,,,,,,,,,,,,,,,,,,,,
"TournamentOther_Arena_L16_2","TournamentOther_2","Arena_L16",,,,,,,,,,,,,,,,,,,,,,,,,,,,,,,,,,,,,,,,,,,,,,,,,,,,,,,,,,,,,,,,,,,,,,,,,,,,,,,,,,,,
"TournamentOther_Arena_L17_2","TournamentOther_2","Arena_L17",,,,,,,,,,,,,,,,,,,,,,,,,,,,,,,,,,,,,,,,,,,,,,,,,,,,,,,,,,,,,,,,,,,,,,,,,,,,,,,,,,,,
"TournamentOther_Arena_L18_2","TournamentOther_2","Arena_L18",,,,,,,,,,,,,,,,,,,,,,,,,,,,,,,,,,,,,,,,,,,,,,,,,,,,,,,,,,,,,,,,,,,,,,,,,,,,,,,,,,,,
"WildChampion_Arena_L15","WildChampion","Arena_L15",,,,,,,,,,,,,28455,28455,,,,,,,,,,,,,,,,,,,,,,,,,,,,,,,,,,,,,,,200,55,15,1,,,,,,,,,,,,,,,,,,,,,,,,,,,,
"WildChampion_Arena_L16","WildChampion","Arena_L16",,,,,,,,,,,,,28455,28455,,,,,,,,,,,,,,,,,,,,,,,,,,,,,,,,,,,,,,,200,55,15,1,,,,,,,,,,,,,,,,,,,,,,,,,,,,
"WildChampion_Arena_L17","WildChampion","Arena_L17",,,,,,,,,,,,,28455,28455,,,,,,,,,,,,,,,,,,,,,,,,,,,,,,,,,,,,,,,200,55,15,1,,,,,,,,,,,,,,,,,,,,,,,,,,,,
"WildChampion_Arena_L18","WildChampion","Arena_L18",,,,,,,,,,,,,28455,28455,,,,,,,,,,,,,,,,,,,,,,,,,,,,,,,,,,,,,,,200,55,15,1,,,,,,,,,,,,,,,,,,,,,,,,,,,,
"TowerTroopCycleChest_Arena_L15","TowerTroopCycleChest","Arena_L15",,,,,,,,,,,,,,,,,,,,,,,,,,,,,,,,,,,,,,,,,,,,,,,,,,,,,,,,,,,,,,,,,,,,,8,15,25,,,,7,15,25,5,1,2,,,,"Support_Cards_No_Goblins"
"TowerTroopCycleChest_Arena_L16","TowerTroopCycleChest","Arena_L16",,,,,,,,,,,,,,,,,,,,,,,,,,,,,,,,,,,,,,,,,,,,,,,,,,,,,,,,,,,,,,,,,,,,,8,15,25,,,,7,15,25,5,1,2,,,,"Support_Cards_No_Goblins"
"TowerTroopCycleChest_Arena_L17","TowerTroopCycleChest","Arena_L17",,,,,,,,,,,,,,,,,,,,,,,,,,,,,,,,,,,,,,,,,,,,,,,,,,,,,,,,,,,,,,,,,,,,,8,15,25,,,,7,15,25,5,1,2,,,,"Support_Cards_No_Goblins"
"TowerTroopCycleChest_Arena_L18","TowerTroopCycleChest","Arena_L18",,,,,,,,,,,,,,,,,,,,,,,,,,,,,,,,,,,,,,,,,,,,,,,,,,,,,,,,,,,,,,,,,,,,,8,15,25,,,,7,15,25,5,1,2,,,,"Support_Cards_No_Goblins"
"Goblin_Hay_Arena_L15","Goblin_Hay","Arena_L15",,,,,,,,,,,,,,,,,,,,,,,,,,,,,,,,,,,,,,,,,,,,,,,,,,,,,,,,,,,,,,,,,,,,,,,,,,,,,,,,,,,,"Goblins"
"Goblin_Hay_Arena_L16","Goblin_Hay","Arena_L16",,,,,,,,,,,,,,,,,,,,,,,,,,,,,,,,,,,,,,,,,,,,,,,,,,,,,,,,,,,,,,,,,,,,,,,,,,,,,,,,,,,,"Goblins"
"Goblin_Hay_Arena_L17","Goblin_Hay","Arena_L17",,,,,,,,,,,,,,,,,,,,,,,,,,,,,,,,,,,,,,,,,,,,,,,,,,,,,,,,,,,,,,,,,,,,,,,,,,,,,,,,,,,,"Goblins"
"Goblin_Hay_Arena_L18","Goblin_Hay","Arena_L18",,,,,,,,,,,,,,,,,,,,,,,,,,,,,,,,,,,,,,,,,,,,,,,,,,,,,,,,,,,,,,,,,,,,,,,,,,,,,,,,,,,,"Goblins"
"Goblin_Horns_Arena_L15","Goblin_Horns","Arena_L15",,,,,,,,,,,,,,,,,,,,,,,,,,,,,,,,,,,,,,,,,,,,,,,,,,,,,,,,,,,,,,,,,,,,,,,,,,,,,,,,,,,,"Goblins"
"Goblin_Horns_Arena_L16","Goblin_Horns","Arena_L16",,,,,,,,,,,,,,,,,,,,,,,,,,,,,,,,,,,,,,,,,,,,,,,,,,,,,,,,,,,,,,,,,,,,,,,,,,,,,,,,,,,,"Goblins"
"Goblin_Horns_Arena_L17","Goblin_Horns","Arena_L17",,,,,,,,,,,,,,,,,,,,,,,,,,,,,,,,,,,,,,,,,,,,,,,,,,,,,,,,,,,,,,,,,,,,,,,,,,,,,,,,,,,,"Goblins"
"Goblin_Horns_Arena_L18","Goblin_Horns","Arena_L18",,,,,,,,,,,,,,,,,,,,,,,,,,,,,,,,,,,,,,,,,,,,,,,,,,,,,,,,,,,,,,,,,,,,,,,,,,,,,,,,,,,,"Goblins"
"Goblin_Gem_Arena_L15","Goblin_Gem","Arena_L15",,,,,,,,,,,,,,,,,,,,,,,,,,,,,,,,,,,,,,,,,,,,,,,,,,,,,,,,,,,,,,,,,,,,,,,,,,,,,,,,,,,,"Goblins"
"Goblin_Gem_Arena_L16","Goblin_Gem","Arena_L16",,,,,,,,,,,,,,,,,,,,,,,,,,,,,,,,,,,,,,,,,,,,,,,,,,,,,,,,,,,,,,,,,,,,,,,,,,,,,,,,,,,,"Goblins"
"Goblin_Gem_Arena_L17","Goblin_Gem","Arena_L17",,,,,,,,,,,,,,,,,,,,,,,,,,,,,,,,,,,,,,,,,,,,,,,,,,,,,,,,,,,,,,,,,,,,,,,,,,,,,,,,,,,,"Goblins"
"Goblin_Gem_Arena_L18","Goblin_Gem","Arena_L18",,,,,,,,,,,,,,,,,,,,,,,,,,,,,,,,,,,,,,,,,,,,,,,,,,,,,,,,,,,,,,,,,,,,,,,,,,,,,,,,,,,,"Goblins"
"FreeNoUnlock_Arena_L15","FreeNoUnlock","Arena_L15",,,,,,,,,,,,,,,,,,,,,,,,,,,,,,,,,,,,,,,,,,,,,,,,,,,,,,,,,,,,,,,,,,,,,,,,,,,,,,,,,,,,
"FreeNoUnlock_Arena_L16","FreeNoUnlock","Arena_L16",,,,,,,,,,,,,,,,,,,,,,,,,,,,,,,,,,,,,,,,,,,,,,,,,,,,,,,,,,,,,,,,,,,,,,,,,,,,,,,,,,,,
"FreeNoUnlock_Arena_L17","FreeNoUnlock","Arena_L17",,,,,,,,,,,,,,,,,,,,,,,,,,,,,,,,,,,,,,,,,,,,,,,,,,,,,,,,,,,,,,,,,,,,,,,,,,,,,,,,,,,,
"FreeNoUnlock_Arena_L18","FreeNoUnlock","Arena_L18",,,,,,,,,,,,,,,,,,,,,,,,,,,,,,,,,,,,,,,,,,,,,,,,,,,,,,,,,,,,,,,,,,,,,,,,,,,,,,,,,,,,
"SilverNoUnlock_Arena_L15","SilverNoUnlock","Arena_L15",,,,,,,,,,,,,,,,,,,,,,,,,,,,,,,,,,,,,,,,,,,,,,,,,,,,,,,,,,,,,,,,,,,,,,,,,,,,,,,,,,,,
"SilverNoUnlock_Arena_L16","SilverNoUnlock","Arena_L16",,,,,,,,,,,,,,,,,,,,,,,,,,,,,,,,,,,,,,,,,,,,,,,,,,,,,,,,,,,,,,,,,,,,,,,,,,,,,,,,,,,,
"SilverNoUnlock_Arena_L17","SilverNoUnlock","Arena_L17",,,,,,,,,,,,,,,,,,,,,,,,,,,,,,,,,,,,,,,,,,,,,,,,,,,,,,,,,,,,,,,,,,,,,,,,,,,,,,,,,,,,
"SilverNoUnlock_Arena_L18","SilverNoUnlock","Arena_L18",,,,,,,,,,,,,,,,,,,,,,,,,,,,,,,,,,,,,,,,,,,,,,,,,,,,,,,,,,,,,,,,,,,,,,,,,,,,,,,,,,,,